d,squarefree,r_d,s_d,cf_period_length,cf_period_parity,is_finite,S_is_cyc_squarefree_product,infinite_core_palindromic,infinite_core_degree
2,True,3,2,1,odd,True,True,,
3,True,2,1,2,even,True,True,,
5,True,9,4,1,odd,True,True,,
6,True,5,2,2,even,True,True,,
7,True,8,3,4,even,True,True,,
8,False,3,1,2,even,True,True,,
10,True,19,6,1,odd,True,True,,
11,True,10,3,2,even,True,True,,
12,False,7,2,2,even,True,True,,
13,True,649,180,5,odd,True,False,,
14,True,15,4,4,even,True,True,,
15,True,4,1,2,even,True,True,,
17,True,33,8,1,odd,True,True,,
18,False,17,4,2,even,True,True,,
19,True,170,39,6,even,False,False,True,6.0
20,False,9,2,2,even,True,True,,
21,True,55,12,6,even,True,True,,
22,True,197,42,6,even,False,False,True,6.0
23,True,24,5,4,even,True,True,,
24,False,5,1,2,even,True,True,,
26,True,51,10,1,odd,True,True,,
27,False,26,5,2,even,True,True,,
28,False,127,24,4,even,False,False,True,2.0
29,True,9801,1820,5,odd,False,False,True,6.0
30,True,11,2,2,even,True,True,,
31,True,1520,273,8,even,False,False,True,12.0
32,False,17,3,4,even,True,True,,
33,True,23,4,4,even,True,True,,
34,True,35,6,4,even,True,True,,
35,True,6,1,2,even,True,True,,
37,True,73,12,1,odd,True,True,,
38,True,37,6,2,even,True,True,,
39,True,25,4,2,even,True,True,,
40,False,19,3,2,even,True,True,,
41,True,2049,320,3,odd,True,False,,
42,True,13,2,2,even,True,True,,
43,True,3482,531,10,even,False,False,True,14.0
44,False,199,30,8,even,True,True,,
45,False,161,24,6,even,False,False,True,2.0
46,True,24335,3588,12,even,False,False,True,16.0
47,True,48,7,4,even,True,True,,
48,False,7,1,2,even,True,True,,
50,False,99,14,1,odd,True,True,,
51,True,50,7,2,even,True,True,,
52,False,649,90,6,even,False,False,True,2.0
53,True,66249,9100,5,odd,False,False,True,4.0
54,False,485,66,6,even,False,False,True,8.0
55,True,89,12,4,even,True,True,,
56,False,15,2,2,even,True,True,,
57,True,151,20,6,even,True,True,,
58,True,19603,2574,7,odd,False,False,True,6.0
59,True,530,69,6,even,False,False,True,10.0
60,False,31,4,4,even,True,True,,
61,True,1766319049,226153980,11,odd,False,False,True,18.0
62,True,63,8,4,even,True,True,,
63,False,8,1,2,even,True,True,,
65,True,129,16,1,odd,True,True,,
66,True,65,8,2,even,True,True,,
67,True,48842,5967,10,even,False,False,True,22.0
68,False,33,4,2,even,True,True,,
69,True,7775,936,8,even,False,False,True,12.0
70,True,251,30,6,even,True,True,,
71,True,3480,413,8,even,False,False,True,16.0
72,False,17,2,2,even,True,True,,
73,True,2281249,267000,7,odd,False,False,True,10.0
74,True,3699,430,5,odd,True,False,,
75,False,26,3,4,even,True,True,,
76,False,57799,6630,12,even,False,False,True,14.0
77,True,351,40,6,even,False,False,True,2.0
78,True,53,6,4,even,True,True,,
79,True,80,9,4,even,True,True,,
80,False,9,1,2,even,True,True,,
82,True,163,18,1,odd,True,True,,
83,True,82,9,2,even,True,True,,
84,False,55,6,2,even,True,True,,
85,True,285769,30996,5,odd,False,False,True,10.0
86,True,10405,1122,10,even,False,False,True,16.0
87,True,28,3,2,even,True,True,,
88,False,197,21,6,even,False,False,True,4.0
89,True,500001,53000,5,odd,False,False,True,10.0
90,False,19,2,2,even,True,True,,
91,True,1574,165,8,even,False,False,True,8.0
92,False,1151,120,8,even,False,False,True,2.0
93,True,12151,1260,10,even,False,False,True,10.0
94,True,2143295,221064,16,even,False,False,True,30.0
95,True,39,4,4,even,True,True,,
96,False,49,5,4,even,True,True,,
97,True,62809633,6377352,11,odd,False,False,True,18.0
98,False,99,10,4,even,True,True,,
99,False,10,1,2,even,True,True,,
101,True,201,20,1,odd,True,True,,
102,True,101,10,2,even,True,True,,
103,True,227528,22419,12,even,False,False,True,28.0
104,False,51,5,2,even,True,True,,
105,True,41,4,2,even,True,True,,
106,True,32080051,3115890,9,odd,False,False,True,14.0
107,True,962,93,6,even,False,False,True,12.0
108,False,1351,130,8,even,False,False,True,6.0
109,True,158070671986249,15140424455100,15,odd,False,False,True,34.0
110,True,21,2,2,even,True,True,,
111,True,295,28,6,even,True,True,,
112,False,127,12,6,even,True,True,,
113,True,1204353,113296,9,odd,False,False,True,10.0
114,True,1025,96,6,even,False,False,True,10.0
115,True,1126,105,10,even,False,False,True,4.0
116,False,9801,910,10,even,False,False,True,12.0
117,False,649,60,6,even,True,True,,
118,True,306917,28254,10,even,False,False,True,28.0
119,True,120,11,4,even,True,True,,
120,False,11,1,2,even,True,True,,
122,True,243,22,1,odd,True,True,,
123,True,122,11,2,even,True,True,,
124,False,4620799,414960,16,even,False,False,True,20.0
125,False,930249,83204,5,odd,False,False,True,12.0
126,False,449,40,4,even,False,False,True,2.0
127,True,4730624,419775,12,even,False,False,True,34.0
128,False,577,51,4,even,False,False,True,8.0
129,True,16855,1484,10,even,False,False,True,16.0
130,True,6499,570,3,odd,True,False,,
131,True,10610,927,6,even,False,False,True,20.0
132,False,23,2,2,even,True,True,,
133,True,2588599,224460,16,even,False,False,True,26.0
134,True,145925,12606,14,even,False,False,True,24.0
135,False,244,21,8,even,False,False,True,4.0
136,False,35,3,4,even,True,True,,
137,True,6083073,519712,9,odd,False,False,True,12.0
138,True,47,4,4,even,True,True,,
139,True,77563250,6578829,18,even,False,False,True,46.0
140,False,71,6,4,even,True,True,,
141,True,95,8,4,even,True,True,,
142,True,143,12,4,even,True,True,,
143,True,12,1,2,even,True,True,,
145,True,289,24,1,odd,True,True,,
146,True,145,12,2,even,True,True,,
147,False,97,8,2,even,True,True,,
148,False,73,6,2,even,True,True,,
149,True,25801741449,2113761020,9,odd,False,False,True,22.0
150,False,49,4,2,even,True,True,,
151,True,1728148040,140634693,20,even,False,False,True,54.0
152,False,37,3,2,even,True,True,,
153,False,2177,176,8,even,False,False,True,8.0
154,True,21295,1716,10,even,False,False,True,10.0
155,True,249,20,4,even,True,True,,
156,False,25,2,2,even,True,True,,
157,True,46698728731849,3726964292220,17,odd,False,False,True,34.0
158,True,7743,616,8,even,False,False,True,18.0
159,True,1324,105,10,even,False,False,True,4.0
160,False,721,57,8,even,False,False,True,8.0
161,True,11775,928,10,even,False,False,True,14.0
162,False,19601,1540,10,even,False,False,True,16.0
163,True,64080026,5019135,18,even,False,False,True,42.0
164,False,2049,160,6,even,False,False,True,8.0
165,True,1079,84,6,even,True,True,,
166,True,1700902565,132015642,22,even,False,False,True,54.0
167,True,168,13,4,even,True,True,,
168,False,13,1,2,even,True,True,,
170,True,339,26,1,odd,True,True,,
171,False,170,13,2,even,True,True,,
172,False,24248647,1848942,16,even,False,False,True,38.0
173,True,2499849,190060,5,odd,False,False,True,10.0
174,True,1451,110,4,even,False,False,True,8.0
175,False,2024,153,6,even,False,False,True,10.0
176,False,199,15,4,even,True,True,,
177,True,62423,4692,8,even,False,False,True,18.0
178,True,1601,120,6,even,False,False,True,8.0
179,True,4190210,313191,14,even,False,False,True,36.0
180,False,161,12,4,even,True,True,,
181,True,2469645423824185801,183567298683461940,21,odd,False,False,True,54.0
182,True,27,2,2,even,True,True,,
183,True,487,36,6,even,True,True,,
184,False,24335,1794,12,even,False,False,True,14.0
185,True,9249,680,5,odd,True,False,,
186,True,7501,550,10,even,False,False,True,10.0
187,True,1682,123,6,even,False,False,True,16.0
188,False,4607,336,8,even,False,False,True,4.0
189,False,55,4,4,even,True,True,,
190,True,52021,3774,14,even,False,False,True,16.0
191,True,8994000,650783,16,even,False,False,True,40.0
192,False,97,7,4,even,True,True,,
193,True,6224323426849,448036604040,13,odd,False,False,True,32.0
194,True,195,14,4,even,True,True,,
195,True,14,1,2,even,True,True,,
197,True,393,28,1,odd,True,True,,
198,False,197,14,2,even,True,True,,
199,True,16266196520,1153080099,20,even,False,False,True,64.0
200,False,99,7,2,even,True,True,,
201,True,515095,36332,14,even,False,False,True,26.0
202,True,19731763,1388322,7,odd,False,False,True,14.0
203,True,57,4,2,even,True,True,,
204,False,4999,350,8,even,False,False,True,4.0
205,True,39689,2772,8,even,False,False,True,12.0
206,True,59535,4148,8,even,False,False,True,26.0
207,False,1151,80,8,even,False,False,True,2.0
208,False,649,45,6,even,False,False,True,2.0
209,True,46551,3220,8,even,False,False,True,14.0
210,True,29,2,2,even,True,True,,
211,True,278354373650,19162705353,26,even,False,False,True,72.0
212,False,66249,4550,14,even,False,False,True,16.0
213,True,194399,13320,12,even,False,False,True,20.0
214,True,695359189925,47533775646,26,even,False,False,True,72.0
215,True,44,3,4,even,True,True,,
216,False,485,33,6,even,False,False,True,6.0
217,True,3844063,260952,16,even,False,False,True,32.0
218,True,126003,8534,5,odd,False,False,True,8.0
219,True,74,5,4,even,True,True,,
220,False,89,6,4,even,True,True,,
221,True,1665,112,6,even,False,False,True,2.0
222,True,149,10,4,even,True,True,,
223,True,224,15,4,even,True,True,,
224,False,15,1,2,even,True,True,,
226,True,451,30,1,odd,True,True,,
227,True,226,15,2,even,True,True,,
228,False,151,10,2,even,True,True,,
229,True,5848201,386460,5,odd,False,False,True,16.0
230,True,91,6,2,even,True,True,,
231,True,76,5,2,even,True,True,,
232,False,19603,1287,6,even,False,False,True,18.0
233,True,1072400673,70255304,11,odd,False,False,True,18.0
234,False,5201,340,8,even,False,False,True,6.0
235,True,46,3,2,even,True,True,,
236,False,561799,36570,12,even,False,False,True,20.0
237,True,228151,14820,10,even,False,False,True,20.0
238,True,11663,756,8,even,False,False,True,18.0
239,True,6195120,400729,12,even,False,False,True,42.0
240,False,31,2,2,even,True,True,,
241,True,10085143557001249,649641205044600,17,odd,False,False,True,44.0
242,False,19601,1260,10,even,False,False,True,14.0
243,False,70226,4505,10,even,False,False,True,24.0
244,False,1766319049,113076990,26,even,False,False,True,48.0
245,False,51841,3312,10,even,False,False,True,16.0
246,True,88805,5662,10,even,False,False,True,30.0
247,True,85292,5427,12,even,False,False,True,26.0
248,False,63,4,4,even,True,True,,
249,True,8553815,542076,16,even,False,False,True,32.0
250,False,39480499,2496966,7,odd,False,False,True,16.0
251,True,3674890,231957,14,even,False,False,True,38.0
252,False,127,8,4,even,True,True,,
253,True,3222617399,202604220,22,even,False,False,True,50.0
254,True,255,16,4,even,True,True,,
255,True,16,1,2,even,True,True,,
257,True,513,32,1,odd,True,True,,
258,True,257,16,2,even,True,True,,
259,True,847225,52644,10,even,False,False,True,30.0
260,False,129,8,2,even,True,True,,
261,False,192119201,11891880,16,even,False,False,True,36.0
262,True,104980517,6485718,14,even,False,False,True,52.0
263,True,139128,8579,12,even,False,False,True,30.0
264,False,65,4,2,even,True,True,,
265,True,73738369,4529712,9,odd,False,False,True,14.0
266,True,685,42,4,even,False,False,True,6.0
267,True,2402,147,6,even,False,False,True,18.0
268,False,4771081927,291440214,20,even,False,False,True,56.0
269,True,13449,820,3,odd,True,False,,
270,False,5291,322,6,even,False,False,True,14.0
271,True,115974983600,7044978537,24,even,False,False,True,74.0
272,False,33,2,2,even,True,True,,
273,True,727,44,6,even,True,True,,
274,True,3959299,239190,7,odd,False,False,True,8.0
275,False,199,12,6,even,True,True,,
276,False,7775,468,12,even,False,False,True,8.0
277,True,159150073798980475849,9562401173878027020,21,odd,False,False,True,60.0
278,True,2501,150,6,even,False,False,True,14.0
279,False,1520,91,8,even,False,False,True,10.0
280,False,251,15,6,even,True,True,,
281,True,2262200630049,134951575480,13,odd,False,False,True,28.0
282,True,2351,140,8,even,True,True,,
283,True,138274082,8219541,18,even,False,False,True,56.0
284,False,24220799,1437240,16,even,False,False,True,26.0
285,True,2431,144,6,even,False,False,True,2.0
286,True,561835,33222,10,even,False,False,True,32.0
287,True,288,17,4,even,True,True,,
288,False,17,1,2,even,True,True,,
290,True,579,34,1,odd,True,True,,
291,True,290,17,2,even,True,True,,
292,False,2281249,133500,10,even,False,False,True,32.0
293,True,12320649,719780,5,odd,False,False,True,14.0
294,False,4801,280,6,even,True,True,,
295,True,2024999,117900,12,even,False,False,True,22.0
296,False,3699,215,6,even,False,False,True,12.0
297,False,48599,2820,10,even,False,False,True,10.0
298,True,335473872499,19433479650,11,odd,False,False,True,24.0
299,True,415,24,4,even,False,False,True,2.0
300,False,1351,78,4,even,False,False,True,10.0
301,True,5883392537695,339113108232,26,even,False,False,True,78.0
302,True,4276623,246092,16,even,False,False,True,36.0
303,True,2524,145,6,even,False,False,True,8.0
304,False,57799,3315,12,even,False,False,True,12.0
305,True,489,28,4,even,True,True,,
306,False,35,2,2,even,True,True,,
307,True,88529282,5052633,14,even,False,False,True,58.0
308,False,351,20,6,even,True,True,,
309,True,64202725495,3652365444,26,even,False,False,True,60.0
310,True,848719,48204,16,even,False,False,True,22.0
311,True,16883880,957397,16,even,False,False,True,40.0
312,False,53,3,4,even,True,True,,
313,True,32188120829134849,1819380158564160,17,odd,False,False,True,46.0
314,True,392499,22150,7,odd,False,False,True,4.0
315,False,71,4,4,even,True,True,,
316,False,12799,720,8,even,False,False,True,4.0
317,True,248678907849,13967198980,11,odd,False,False,True,28.0
318,True,107,6,4,even,True,True,,
319,True,12901780,722361,14,even,False,False,True,38.0
320,False,161,9,4,even,True,True,,
321,True,215,12,4,even,True,True,,
322,True,323,18,4,even,True,True,,
323,True,18,1,2,even,True,True,,
325,False,649,36,1,odd,True,True,,
326,True,325,18,2,even,True,True,,
327,True,217,12,2,even,True,True,,
328,False,163,9,2,even,True,True,,
329,True,2376415,131016,12,even,False,False,True,26.0
330,True,109,6,2,even,True,True,,
331,True,2785589801443970,153109862634573,34,even,False,False,True,104.0
332,False,13447,738,8,even,False,False,True,10.0
333,False,73,4,2,even,True,True,,
334,True,63804373719695,3491219999244,28,even,False,False,True,90.0
335,True,604,33,4,even,False,False,True,6.0
336,False,55,3,2,even,True,True,,
337,True,2063810353129713793,112422913565764752,19,odd,False,False,True,56.0
338,False,114243,6214,5,odd,False,False,True,6.0
339,True,97970,5321,10,even,False,False,True,30.0
340,False,285769,15498,14,even,False,False,True,22.0
341,True,10626551,575460,14,even,False,False,True,32.0
342,False,37,2,2,even,True,True,,
343,False,130576328,7050459,16,even,False,False,True,60.0
344,False,10405,561,10,even,False,False,True,14.0
345,True,6761,364,10,even,False,False,True,12.0
346,True,17299,930,5,odd,True,False,,
347,True,641602,34443,14,even,False,False,True,34.0
348,False,1567,84,8,even,False,False,True,8.0
349,True,169648201,9081060,7,odd,False,False,True,20.0
350,False,449,24,6,even,False,False,True,2.0
351,False,62425,3332,12,even,False,False,True,16.0
352,False,77617,4137,8,even,False,False,True,24.0
353,True,10157115393,540608704,15,odd,False,False,True,20.0
354,True,258065,13716,10,even,False,False,True,28.0
355,True,954809,50676,12,even,False,False,True,26.0
356,False,500001,26500,14,even,False,False,True,24.0
357,True,3401,180,6,even,True,True,,
358,True,176579805797,9332532726,26,even,False,False,True,76.0
359,True,360,19,4,even,True,True,,
360,False,19,1,2,even,True,True,,
362,True,723,38,1,odd,True,True,,
363,False,362,19,2,even,True,True,,
364,False,4954951,259710,12,even,False,False,True,36.0
365,True,23915529,1251796,5,odd,False,False,True,20.0
366,True,907925,47458,12,even,False,False,True,34.0
367,True,19019995568,992835687,20,even,False,False,True,74.0
368,False,1151,60,4,even,True,True,,
369,False,8396801,437120,12,even,False,False,True,30.0
370,True,213859,11118,3,odd,False,False,True,8.0
371,True,1695,88,6,even,False,False,True,8.0
372,False,12151,630,6,even,False,False,True,14.0
373,True,52387849,2712540,5,odd,False,False,True,12.0
374,True,3365,174,6,even,False,False,True,20.0
375,False,15124,781,10,even,False,False,True,16.0
376,False,2143295,110532,16,even,False,False,True,22.0
377,True,233,12,4,even,True,True,,
378,False,8749,450,8,even,False,False,True,8.0
379,True,12941197220540690,664744650125541,30,even,False,False,True,114.0
380,False,39,2,2,even,True,True,,
381,True,1015,52,6,even,True,True,,
382,True,164998439999,8442054600,24,even,False,False,True,74.0
383,True,18768,959,8,even,False,False,True,28.0
384,False,4801,245,8,even,False,False,True,12.0
385,True,95831,4884,16,even,False,False,True,14.0
386,True,111555,5678,12,even,False,False,True,32.0
387,False,3482,177,6,even,False,False,True,22.0
388,False,62809633,3188676,14,even,False,False,True,48.0
389,True,3287049,166660,9,odd,False,False,True,6.0
390,True,79,4,4,even,True,True,,
391,True,7338680,371133,16,even,False,False,True,40.0
392,False,99,5,4,even,True,True,,
393,True,46437143,2342444,20,even,False,False,True,40.0
394,True,312086396361222451,15722685507826110,21,odd,False,False,True,46.0
395,True,159,8,4,even,True,True,,
396,False,199,10,4,even,True,True,,
397,True,838721786045180184649,42094239791738433660,21,odd,False,False,True,68.0
398,True,399,20,4,even,True,True,,
399,True,20,1,2,even,True,True,,
401,True,801,40,1,odd,True,True,,
402,True,401,20,2,even,True,True,,
403,True,669878,33369,10,even,False,False,True,36.0
404,False,201,10,2,even,True,True,,
405,False,161,8,2,even,True,True,,
406,True,59468095,2951352,14,even,False,False,True,40.0
407,True,2663,132,6,even,False,False,True,6.0
408,False,101,5,2,even,True,True,,
409,True,25052977273092427986049,1238789998647218582160,21,odd,False,False,True,70.0
410,True,81,4,2,even,True,True,,
411,True,49730,2453,10,even,False,False,True,30.0
412,False,103537981567,5100950232,20,even,False,False,True,68.0
413,True,113399,5580,8,even,False,False,True,16.0
414,False,24335,1196,8,even,False,False,True,18.0
415,True,18412804,903849,16,even,False,False,True,34.0
416,False,5201,255,8,even,False,False,True,10.0
417,True,85322647,4178268,18,even,False,False,True,38.0
418,True,33857,1656,6,even,False,False,True,24.0
419,True,270174970,13198911,18,even,False,False,True,54.0
420,False,41,2,2,even,True,True,,
421,True,3879474045914926879468217167061449,189073995951839020880499780706260,37,odd,False,False,True,110.0
422,True,7022501,341850,14,even,False,False,True,38.0
423,False,4607,224,8,even,False,False,True,10.0
424,False,32080051,1557945,18,even,False,False,True,34.0
425,False,143649,6968,7,odd,False,False,True,6.0
426,True,88751,4300,12,even,False,False,True,14.0
427,True,62,3,4,even,True,True,,
428,False,1850887,89466,12,even,False,False,True,30.0
429,True,1524095,73584,12,even,False,False,True,30.0
430,True,2862251,138030,14,even,False,False,True,28.0
431,True,151560720,7300423,16,even,False,False,True,58.0
432,False,1351,65,8,even,False,False,True,6.0
433,True,104564907854286695713,5025068784834899736,21,odd,False,False,True,64.0
434,True,125,6,4,even,True,True,,
435,True,146,7,4,even,True,True,,
436,False,158070671986249,7570212227550,30,even,False,False,True,90.0
437,True,4599,220,6,even,True,True,,
438,True,293,14,4,even,True,True,,
439,True,440,21,4,even,True,True,,
440,False,21,1,2,even,True,True,,
442,True,883,42,1,odd,True,True,,
443,True,442,21,2,even,True,True,,
444,False,295,14,2,even,True,True,,
445,True,43468489,2060604,5,odd,False,False,True,22.0
446,True,110166015,5216512,16,even,False,False,True,52.0
447,True,148,7,2,even,True,True,,
448,False,127,6,2,even,True,True,,
449,True,71798771299708449,3388393513402120,17,odd,False,False,True,44.0
450,False,19601,924,8,even,False,False,True,12.0
451,True,46471490,2188257,10,even,False,False,True,54.0
452,False,1204353,56648,10,even,False,False,True,30.0
453,True,1653751,77700,10,even,False,False,True,26.0
454,True,16916040084175685,793909098494766,34,even,False,False,True,116.0
455,True,64,3,2,even,True,True,,
456,False,1025,48,6,even,False,False,True,2.0
457,True,6983244756398928218113,326662411570389853632,25,odd,False,False,True,70.0
458,True,22899,1070,3,odd,True,False,,
459,False,499850,23331,10,even,False,False,True,36.0
460,False,2535751,118230,12,even,False,False,True,26.0
461,True,1182351890184201,55067617520620,15,odd,False,False,True,48.0
462,True,43,2,2,even,True,True,,
463,True,247512720456368,11502891625161,32,even,False,False,True,104.0
464,False,9801,455,10,even,False,False,True,6.0
465,True,15871,736,10,even,False,False,True,12.0
466,True,938319425,43466808,22,even,False,False,True,52.0
467,True,1625626,75225,14,even,False,False,True,34.0
468,False,649,30,8,even,True,True,,
469,True,137215,6336,10,even,False,False,True,16.0
470,True,1691,78,6,even,False,False,True,10.0
471,True,7838695,361188,14,even,False,False,True,34.0
472,False,306917,14127,14,even,False,False,True,22.0
473,True,87,4,4,even,True,True,,
474,True,193549,8890,14,even,False,False,True,18.0
475,False,57799,2652,10,even,False,False,True,18.0
476,False,28799,1320,8,even,False,False,True,2.0
477,False,8777860001,401910600,20,even,False,False,True,50.0
478,True,1617319577991743,73974475657896,36,even,False,False,True,106.0
479,True,2989440,136591,12,even,False,False,True,48.0
480,False,241,11,4,even,True,True,,
481,True,1859131879201,84769117080,13,odd,False,False,True,42.0
482,True,483,22,4,even,True,True,,
483,True,22,1,2,even,True,True,,
485,True,969,44,1,odd,True,True,,
486,False,485,22,2,even,True,True,,
487,True,51906073840568,2352088722477,28,even,False,False,True,102.0
488,False,243,11,2,even,True,True,,
489,True,7592629975,343350596,22,even,False,False,True,58.0
490,False,1039681,46968,10,even,False,False,True,24.0
491,True,93628044170,4225374483,22,even,False,False,True,74.0
492,False,29767,1342,8,even,False,False,True,12.0
493,True,935662752649,42140131020,9,odd,False,False,True,32.0
494,True,73035,3286,10,even,False,False,True,18.0
495,False,89,4,2,even,True,True,,
496,False,4620799,207480,16,even,False,False,True,20.0
497,True,1201887,53912,10,even,False,False,True,26.0
498,True,179777,8056,6,even,False,False,True,36.0
499,True,4490,201,6,even,False,False,True,24.0
500,False,930249,41602,14,even,False,False,True,28.0
501,True,11242731902975,502288218432,28,even,False,False,True,84.0
502,True,3832352837,171046278,14,even,False,False,True,78.0
503,True,24648,1099,8,even,False,False,True,30.0
504,False,449,20,4,even,True,True,,
505,True,809,36,4,even,True,True,,
506,True,45,2,2,even,True,True,,
507,False,1351,60,6,even,True,True,,
508,False,44757606858751,1985797689600,32,even,False,False,True,84.0
509,True,313201220822405001,13882400040814700,19,odd,False,False,True,56.0
510,True,271,12,6,even,True,True,,
511,True,4188548960,185290497,20,even,False,False,True,78.0
512,False,665857,29427,12,even,False,False,True,30.0
513,False,13771351,608020,16,even,False,False,True,24.0
514,True,4625,204,6,even,False,False,True,22.0
515,True,17406,767,10,even,False,False,True,16.0
516,False,16855,742,10,even,False,False,True,22.0
517,True,590968985399,25990786260,22,even,False,False,True,74.0
518,True,2367,104,6,even,False,False,True,10.0
519,True,14851876,651925,18,even,False,False,True,30.0
520,False,6499,285,6,even,False,False,True,14.0
521,True,32961431500035201,1444066532654320,19,odd,False,False,True,46.0
522,False,19603,858,10,even,False,False,True,14.0
523,True,81810300626,3577314675,22,even,False,False,True,82.0
524,False,225144199,9835470,20,even,False,False,True,42.0
525,False,6049,264,6,even,False,False,True,2.0
526,True,84056091546952933775,3665019757324295532,40,even,False,False,True,142.0
527,True,528,23,4,even,True,True,,
528,False,23,1,2,even,True,True,,
530,True,1059,46,1,odd,True,True,,
531,False,530,23,2,even,True,True,,
532,False,2588599,112230,10,even,False,False,True,38.0
533,True,74859849,3242540,5,odd,False,False,True,20.0
534,True,3678725,159194,10,even,False,False,True,50.0
535,True,1618804,69987,12,even,False,False,True,30.0
536,False,145925,6303,10,even,False,False,True,22.0
537,True,192349463,8300492,20,even,False,False,True,44.0
538,True,9536081203,411129654,7,odd,False,False,True,26.0
539,False,3970,171,8,even,False,False,True,10.0
540,False,119071,5124,8,even,False,False,True,22.0
541,True,3707453360023867028800645599667005001,159395869721270110077187138775196900,39,odd,False,False,True,130.0
542,True,4293183,184408,16,even,False,False,True,40.0
543,True,669337,28724,10,even,False,False,True,30.0
544,False,2449,105,4,even,False,False,True,10.0
545,True,1961,84,6,even,False,False,True,8.0
546,True,701,30,6,even,True,True,,
547,True,160177601264642,6848699678673,26,even,False,False,True,110.0
548,False,6083073,259856,14,even,False,False,True,34.0
549,False,1766319049,75384660,18,even,False,False,True,50.0
550,False,30580901,1303974,16,even,False,False,True,34.0
551,True,8380,357,6,even,False,False,True,18.0
552,False,47,2,2,even,True,True,,
553,True,624635837407,26562217704,26,even,False,False,True,74.0
554,True,60756099699,2581279330,11,odd,False,False,True,22.0
555,True,1814,77,8,even,False,False,True,10.0
556,False,12032115501124999,510275358434250,36,even,False,False,True,106.0
557,True,27849,1180,5,odd,True,False,,
558,False,7937,336,12,even,False,False,True,6.0
559,True,506568295,21425556,20,even,False,False,True,54.0
560,False,71,3,4,even,True,True,,
561,True,522785,22072,14,even,False,False,True,22.0
562,True,220938497,9319728,18,even,False,False,True,50.0
563,True,68122,2871,10,even,False,False,True,32.0
564,False,95,4,4,even,True,True,,
565,True,435259412378569,18311501103948,13,odd,False,False,True,46.0
566,True,95609285,4018758,18,even,False,False,True,54.0
567,False,2024,85,6,even,False,False,True,8.0
568,False,143,6,4,even,True,True,,
569,True,16760473211643448449,702635588524014320,19,odd,False,False,True,54.0
570,True,191,8,4,even,True,True,,
571,True,181124355061630786130,7579818350628982587,42,even,False,False,True,152.0
572,False,287,12,4,even,True,True,,
573,True,383,16,4,even,True,True,,
574,True,575,24,4,even,True,True,,
575,False,24,1,2,even,True,True,,
577,True,1153,48,1,odd,True,True,,
578,False,577,24,2,even,True,True,,
579,True,385,16,2,even,True,True,,
580,False,289,12,2,even,True,True,,
581,True,152071153975,6308974548,24,even,False,False,True,68.0
582,True,193,8,2,even,True,True,,
583,True,8429543,349116,10,even,False,False,True,34.0
584,False,145,6,2,even,True,True,,
585,False,33281,1376,8,even,False,False,True,16.0
586,True,33867877212256207699,1399069112058008310,23,odd,False,False,True,48.0
587,True,1907162,78717,14,even,False,False,True,40.0
588,False,97,4,2,even,True,True,,
589,True,41423166067036218751,1706811823063746000,40,even,False,False,True,132.0
590,True,5781,238,6,even,False,False,True,12.0
591,True,165676,6815,10,even,False,False,True,20.0
592,False,73,3,2,even,True,True,,
593,True,721517598849,29629176560,13,odd,False,False,True,22.0
594,False,1098305,45064,10,even,False,False,True,40.0
595,True,18514,759,10,even,False,False,True,14.0
596,False,25801741449,1056880510,22,even,False,False,True,54.0
597,True,463287093751,18961078500,22,even,False,False,True,70.0
598,True,1574351,64380,10,even,False,False,True,34.0
599,True,24686379794520,1008658133851,28,even,False,False,True,94.0
600,False,49,2,2,even,True,True,,
601,True,38902815462492318420311478049,1586878942101888360258625080,31,odd,False,False,True,96.0
602,True,687,28,6,even,True,True,,
603,False,48842,1989,10,even,False,False,True,32.0
604,False,5972991296311683199,243037569063951720,44,even,False,False,True,124.0
605,False,930249,37820,12,even,False,False,True,32.0
606,True,42187499,1713750,20,even,False,False,True,36.0
607,True,164076033968,6659640783,24,even,False,False,True,92.0
608,False,2737,111,8,even,False,False,True,14.0
609,True,605695,24544,12,even,False,False,True,30.0
610,True,10323982819,418005846,9,odd,False,False,True,22.0
611,True,236926,9585,14,even,False,False,True,16.0
612,False,2177,88,8,even,False,False,True,8.0
613,True,464018873584078278910994299849,18741545784831997880308784340,33,odd,False,False,True,104.0
614,True,348291186245,14055888354,26,even,False,False,True,78.0
615,True,124,5,4,even,True,True,,
616,False,21295,858,10,even,False,False,True,14.0
617,True,3363593612801313,135413180018248,15,odd,False,False,True,42.0
618,True,10093,406,6,even,False,False,True,14.0
619,True,517213510553282930,20788566180548739,38,even,False,False,True,138.0
620,False,249,10,4,even,True,True,,
621,False,7775,312,6,even,False,False,True,2.0
622,True,13804370063,553504812,20,even,False,False,True,82.0
623,True,624,25,4,even,True,True,,
624,False,25,1,2,even,True,True,,
626,True,1251,50,1,odd,True,True,,
627,True,626,25,2,even,True,True,,
628,False,46698728731849,1863482146110,26,even,False,False,True,88.0
629,True,123245001,4914100,5,odd,False,False,True,26.0
630,False,251,10,2,even,True,True,,
631,True,48961575312998650035560,1949129537575151036427,48,even,False,False,True,170.0
632,False,7743,308,4,even,False,False,True,10.0
633,True,440772247,17519124,18,even,False,False,True,46.0
634,True,8711856945587257031251,345992039259400361250,23,odd,False,False,True,64.0
635,True,126,5,2,even,True,True,,
636,False,3505951,139020,12,even,False,False,True,24.0
637,False,1419278889601,56233877040,22,even,False,False,True,84.0
638,True,42283,1674,8,even,False,False,True,18.0
639,False,24220799,958160,16,even,False,False,True,28.0
640,False,1039681,41097,12,even,False,False,True,30.0
641,True,2609429220845977814049,103066257550962737720,21,odd,False,False,True,62.0
642,True,5777,228,6,even,False,False,True,24.0
643,True,1988960193026,78436933185,22,even,False,False,True,98.0
644,False,11775,464,10,even,False,False,True,12.0
645,True,1024001,40320,10,even,False,False,True,32.0
646,True,305,12,4,even,True,True,,
647,True,120187368,4725053,16,even,False,False,True,54.0
648,False,19601,770,6,even,False,False,True,14.0
649,True,1123593226162199,44104892095380,30,even,False,False,True,98.0
650,False,51,2,2,even,True,True,,
651,True,1735,68,6,even,True,True,,
652,False,8212499464321351,321626301297510,36,even,False,False,True,106.0
653,True,10499986568677299849,410896226494013260,19,odd,False,False,True,58.0
654,True,8915765,348634,16,even,False,False,True,46.0
655,True,737709209,28824684,16,even,False,False,True,46.0
656,False,2049,80,10,even,False,False,True,2.0
657,False,2281249,89000,18,even,False,False,True,22.0
658,True,1693,66,8,even,False,False,True,8.0
659,True,5930,231,6,even,False,False,True,28.0
660,False,1079,42,6,even,False,False,True,6.0
661,True,16421658242965910275055840472270471049,638728478116949861246791167518480580,39,odd,False,False,True,134.0
662,True,1718102501,66775950,22,even,False,False,True,56.0
663,True,103,4,4,even,True,True,,
664,False,1700902565,66007821,22,even,False,False,True,44.0
665,True,13719,532,10,even,False,False,True,12.0
666,False,27365201,1060380,16,even,False,False,True,32.0
667,True,107119097,4147668,14,even,False,False,True,38.0
668,False,56447,2184,8,even,False,False,True,2.0
669,True,14226117859054135,550013492618436,38,even,False,False,True,108.0
670,True,5791211,223734,14,even,False,False,True,38.0
671,True,58620,2263,10,even,False,False,True,26.0
672,False,337,13,4,even,True,True,,
673,True,4765506835465395993032041249,183696788896587421699032600,31,odd,False,False,True,92.0
674,True,675,26,4,even,True,True,,
675,False,26,1,2,even,True,True,,
677,True,1353,52,1,odd,True,True,,
678,True,677,26,2,even,True,True,,
679,True,17792625320,682818291,16,even,False,False,True,92.0
680,False,339,13,2,even,True,True,,
681,True,10743166003415,411679015748,24,even,False,False,True,86.0
682,True,1197901,45870,10,even,False,False,True,26.0
683,True,170067682,6507459,14,even,False,False,True,58.0
684,False,57799,2210,8,even,False,False,True,10.0
685,True,95592800063517769,3652413145693884,15,odd,False,False,True,54.0
686,False,10850138895,414260228,16,even,False,False,True,74.0
687,True,165337,6308,10,even,False,False,True,28.0
688,False,24248647,924471,12,even,False,False,True,38.0
689,True,105,4,2,even,True,True,,
690,True,1471,56,6,even,False,False,True,6.0
691,True,31138100617500578690,1184549173291009383,38,even,False,False,True,154.0
692,False,2499849,95030,14,even,False,False,True,28.0
693,False,246401,9360,8,even,False,False,True,14.0
694,True,38782105445014642382885,1472148590903997672114,46,even,False,False,True,174.0
695,True,33639,1276,8,even,False,False,True,18.0
696,False,1451,55,8,even,False,False,True,4.0
697,True,34849,1320,3,odd,True,False,,
698,True,51999603,1968214,9,odd,False,False,True,12.0
699,True,2271050,85899,14,even,False,False,True,42.0
700,False,8193151,309672,16,even,False,False,True,32.0
701,True,277631049,10485980,5,odd,False,False,True,20.0
702,False,53,2,2,even,True,True,,
703,True,1159172,43719,10,even,False,False,True,46.0
704,False,79201,2985,8,even,False,False,True,24.0
705,True,237161,8932,10,even,False,False,True,24.0
706,True,34595,1302,8,even,False,False,True,32.0
707,True,2526,95,8,even,False,False,True,6.0
708,False,62423,2346,12,even,False,False,True,16.0
709,True,665782673992201,25003993164540,15,odd,False,False,True,38.0
710,True,1279,48,8,even,False,False,True,2.0
711,False,80,3,4,even,True,True,,
712,False,1601,60,6,even,True,True,,
713,True,5286367,197976,14,even,False,False,True,26.0
714,True,4115,154,10,even,False,False,True,10.0
715,True,75646,2829,10,even,False,False,True,20.0
716,False,35115719688199,1312336060110,28,even,False,False,True,82.0
717,True,6998399,261360,12,even,False,False,True,38.0
718,True,8933399183036079503,333391496474140716,40,even,False,False,True,144.0
719,True,403480310400,15047276489,28,even,False,False,True,84.0
720,False,161,6,4,even,True,True,,
721,True,18632176943292415,693898530122112,40,even,False,False,True,112.0
722,False,22619537,841812,14,even,False,False,True,50.0
723,True,242,9,4,even,True,True,,
724,False,2469645423824185801,91783649341730970,42,even,False,False,True,124.0
725,False,9801,364,6,even,True,True,,
726,False,485,18,4,even,True,True,,
727,True,728,27,4,even,True,True,,
728,False,27,1,2,even,True,True,,
730,True,1459,54,1,odd,True,True,,
731,True,730,27,2,even,True,True,,
732,False,487,18,2,even,True,True,,
733,True,195307849,7213860,5,odd,False,False,True,24.0
734,True,10394175,383656,12,even,False,False,True,56.0
735,False,244,9,2,even,True,True,,
736,False,24335,897,8,even,False,False,True,18.0
737,True,252975383,9318468,14,even,False,False,True,42.0
738,False,163,6,2,even,True,True,,
739,True,98015661073616742153890,3605564376516452758671,46,even,False,False,True,180.0
740,False,9249,340,6,even,False,False,True,14.0
741,True,7352695,270108,10,even,False,False,True,44.0
742,True,263091151,9658380,14,even,False,False,True,42.0
743,True,714024,26195,8,even,False,False,True,44.0
744,False,7501,275,10,even,False,False,True,8.0
745,True,12769001,467820,14,even,False,False,True,26.0
746,True,61268974069299,2243216519470,13,odd,False,False,True,32.0
747,False,82,3,2,even,True,True,,
748,False,5658247,206886,12,even,False,False,True,36.0
749,True,1084616384895,39631020176,26,even,False,False,True,80.0
750,False,2550251,93122,16,even,False,False,True,28.0
751,True,7293318466794882424418960,266136970677206024456793,52,even,False,False,True,192.0
752,False,4607,168,8,even,False,False,True,6.0
753,True,308526027863,11243313484,24,even,False,False,True,72.0
754,True,836977699,30480930,9,odd,False,False,True,14.0
755,True,1209,44,4,even,True,True,,
756,False,55,2,2,even,True,True,,
757,True,3750107388553,136299971388,11,odd,False,False,True,50.0
758,True,413959717,15035694,18,even,False,False,True,60.0
759,True,551,20,6,even,True,True,,
760,False,52021,1887,10,even,False,False,True,18.0
761,True,1280001,46400,7,odd,False,False,True,8.0
762,True,6349,230,10,even,False,False,True,10.0
763,True,719724601,26055780,22,even,False,False,True,56.0
764,False,161784071999999,5853142302000,32,even,False,False,True,80.0
765,False,285769,10332,10,even,False,False,True,20.0
766,True,145933611945744638015,5272795728865625208,44,even,False,False,True,156.0
767,True,31212,1127,12,even,False,False,True,16.0
768,False,18817,679,8,even,False,False,True,16.0
769,True,535781868388881310859702308423201,19320788325040337217824455505160,37,odd,False,False,True,118.0
770,True,111,4,4,even,True,True,,
771,True,2989136930,107651137,22,even,False,False,True,64.0
772,False,6224323426849,224018302020,30,even,False,False,True,88.0
773,True,3607394696649,129748968980,11,odd,False,False,True,38.0
774,False,10405,374,10,even,False,False,True,14.0
775,False,4620799,165984,12,even,False,False,True,34.0
776,False,195,7,4,even,True,True,,
777,True,223,8,4,even,True,True,,
778,True,5964562960504723,213839942395674,13,odd,False,False,True,50.0
779,True,11785490,422259,10,even,False,False,True,60.0
780,False,391,14,4,even,True,True,,
781,True,67606199,2419140,18,even,False,False,True,48.0
782,True,783,28,4,even,True,True,,
783,False,28,1,2,even,True,True,,
785,True,1569,56,1,odd,True,True,,
786,True,785,28,2,even,True,True,,
787,True,34625394242,1234262007,18,even,False,False,True,98.0
788,False,393,14,2,even,True,True,,
789,True,16116667272575,573768548496,24,even,False,False,True,96.0
790,True,6616066879,235389096,20,even,False,False,True,50.0
791,True,225,8,2,even,True,True,,
792,False,197,7,2,even,True,True,,
793,True,4393,156,4,even,False,False,True,8.0
794,True,1828310451,64884310,11,odd,False,False,True,18.0
795,True,6626,235,4,even,False,False,True,14.0
796,False,529178298454520220799,18756227493635055480,44,even,False,False,True,144.0
797,True,1221759532448649,43276943002540,11,odd,False,False,True,46.0
798,True,113,4,2,even,True,True,,
799,True,424,15,4,even,True,True,,
800,False,19601,693,8,even,False,False,True,14.0
801,False,500002000001,17666702000,20,even,False,False,True,68.0
802,True,295496099,10434330,12,even,False,False,True,60.0
803,True,7226,255,6,even,False,False,True,26.0
804,False,515095,18166,10,even,False,False,True,34.0
805,True,1514868641,53392104,18,even,False,False,True,58.0
806,True,6166395,217202,14,even,False,False,True,30.0
807,True,51841948,1824923,14,even,False,False,True,40.0
808,False,19731763,694161,18,even,False,False,True,38.0
809,True,376455160998025676163201,13235458622462202510640,21,odd,False,False,True,76.0
810,False,27379,962,8,even,False,False,True,18.0
811,True,1382072163578616410,48531117622921197,38,even,False,False,True,152.0
812,False,57,2,2,even,True,True,,
813,True,2167,76,6,even,True,True,,
814,True,4206992174549,147454999410,28,even,False,False,True,86.0
815,True,156644,5487,12,even,False,False,True,20.0
816,False,4999,175,8,even,False,False,True,8.0
817,True,343,12,6,even,True,True,,
818,True,40899,1430,5,odd,True,False,,
819,False,1574,55,10,even,False,False,True,4.0
820,False,39689,1386,12,even,False,False,True,18.0
821,True,9000987377460935993101449,314136625452886403879740,29,odd,False,False,True,84.0
822,True,7397,258,6,even,False,False,True,30.0
823,True,235170474903644006168,8197527430497636651,44,even,False,False,True,160.0
824,False,59535,2074,12,even,False,False,True,18.0
825,False,48599,1692,14,even,False,False,True,12.0
826,True,222239304685,7732694382,24,even,False,False,True,66.0
827,True,900602,31317,10,even,False,False,True,48.0
828,False,1151,40,6,even,False,False,True,2.0
829,True,479835713751049,16665383182260,17,odd,False,False,True,30.0
830,True,146411,5082,10,even,False,False,True,22.0
831,True,9799705,339948,18,even,False,False,True,38.0
832,False,842401,29205,12,even,False,False,True,28.0
833,False,9478657,328416,14,even,False,False,True,30.0
834,True,6552578705,226897244,22,even,False,False,True,68.0
835,True,34336355806,1188258591,26,even,False,False,True,58.0
836,False,46551,1610,10,even,False,False,True,22.0
837,False,12151,420,6,even,True,True,,
838,True,42112785797,1454762046,14,even,False,False,True,102.0
839,True,840,29,4,even,True,True,,
840,False,29,1,2,even,True,True,,
842,True,1683,58,1,odd,True,True,,
843,True,842,29,2,even,True,True,,
844,False,154962314660167628644999,5334022845973817148450,48,even,False,False,True,166.0
845,False,299537289,10304396,5,odd,False,False,True,30.0
846,False,2143295,73688,16,even,False,False,True,32.0
847,False,8193151,281520,10,even,False,False,True,34.0
848,False,66249,2275,6,even,False,False,True,20.0
849,True,1501654712948695,51536656330476,30,even,False,False,True,102.0
850,False,2449,84,4,even,True,True,,
851,True,8418574,288585,12,even,False,False,True,32.0
852,False,194399,6660,8,even,False,False,True,14.0
853,True,215454135724113414336120649,7377009103065498851032020,23,odd,False,False,True,104.0
854,True,1294299,44290,8,even,False,False,True,32.0
855,False,3041,104,4,even,False,False,True,10.0
856,False,695359189925,23766887823,26,even,False,False,True,66.0
857,True,131822292741249,4502963741200,17,odd,False,False,True,30.0
858,True,703,24,4,even,False,False,True,2.0
859,True,2058844771979643060124010,70246877103894937291269,46,even,False,False,True,194.0
860,False,3871,132,4,even,False,False,True,14.0
861,True,541601801,18457740,16,even,False,False,True,50.0
862,True,358022566147312125503,12194296994921665128,40,even,False,False,True,162.0
863,True,18524026608,630565199,20,even,False,False,True,76.0
864,False,470449,16005,12,even,False,False,True,26.0
865,True,242688628535063329,8251660923733224,19,odd,False,False,True,42.0
866,True,42435,1442,8,even,False,False,True,36.0
867,False,70226,2385,6,even,False,False,True,34.0
868,False,3844063,130476,8,even,False,False,True,50.0
869,True,60192738698751,2041898807200,28,even,False,False,True,92.0
870,True,59,2,2,even,True,True,,
871,True,19442812076,658794555,24,even,False,False,True,70.0
872,False,126003,4267,10,even,False,False,True,32.0
873,False,62809633,2125784,18,even,False,False,True,34.0
874,True,3725,126,8,even,False,False,True,8.0
875,False,120126,4061,16,even,False,False,True,18.0
876,False,10951,370,8,even,False,False,True,16.0
877,True,116476476553,3933131148,15,odd,False,False,True,22.0
878,True,9314703,314356,16,even,False,False,True,48.0
879,True,107245324,3617295,18,even,False,False,True,36.0
880,False,89,3,4,even,True,True,,
881,True,22606256615916825861249,761624136944072910800,25,odd,False,False,True,66.0
882,False,19601,660,8,even,False,False,True,6.0
883,True,34878475759617272473442,1173754162936357802169,46,even,False,False,True,178.0
884,False,1665,56,8,even,False,False,True,6.0
885,True,119,4,4,even,True,True,,
886,True,7743524593057655851637765,260148796464024194850378,54,even,False,False,True,200.0
887,True,469224,15755,12,even,False,False,True,40.0
888,False,149,5,4,even,True,True,,
889,True,13231974717803657215,443786188413453504,42,even,False,False,True,138.0
890,True,179,6,4,even,True,True,,
891,False,3970,133,8,even,False,False,True,8.0
892,False,100351,3360,8,even,False,False,True,4.0
893,True,6091434999,203842100,22,even,False,False,True,60.0
894,True,299,10,4,even,True,True,,
895,True,359,12,4,even,True,True,,
896,False,449,15,4,even,True,True,,
897,True,599,20,4,even,True,True,,
898,True,899,30,4,even,True,True,,
899,True,30,1,2,even,True,True,,
901,True,1801,60,1,odd,True,True,,
902,True,901,30,2,even,True,True,,
903,True,601,20,2,even,True,True,,
904,False,451,15,2,even,True,True,,
905,True,361,12,2,even,True,True,,
906,True,301,10,2,even,True,True,,
907,True,123823410343073497682,4111488857741309517,42,even,False,False,True,164.0
908,False,102151,3390,8,even,False,False,True,16.0
909,False,80801,2680,8,even,False,False,True,16.0
910,True,181,6,2,even,True,True,,
911,True,371832584927520,12319363142953,24,even,False,False,True,116.0
912,False,151,5,2,even,True,True,,
913,True,515734243080407,17068312251564,32,even,False,False,True,98.0
914,True,62563299,2069410,5,odd,False,False,True,10.0
915,True,121,4,2,even,True,True,,
916,False,5848201,193230,14,even,False,False,True,30.0
917,True,823604599,27197820,16,even,False,False,True,52.0
918,False,4120901,136010,10,even,False,False,True,48.0
919,True,4481603010937119451551263720,147834442396536759781499589,60,even,False,False,True,218.0
920,False,91,3,2,even,True,True,,
921,True,2522057712835735,83104627139412,34,even,False,False,True,104.0
922,True,351605368773852499,11579506138834350,19,odd,False,False,True,46.0
923,True,638,21,6,even,False,False,True,4.0
924,False,11551,380,8,even,False,False,True,14.0
925,False,1555849,51156,5,odd,False,False,True,8.0
926,True,304560297142335,10008472361032,28,even,False,False,True,110.0
927,False,227528,7473,8,even,False,False,True,22.0
928,False,768555217,25229061,16,even,False,False,True,56.0
929,True,13224937103288377430049,433896111669844912840,19,odd,False,False,True,66.0
930,True,61,2,2,even,True,True,,
931,False,6681448801,218975640,22,even,False,False,True,66.0
932,False,1072400673,35127652,22,even,False,False,True,52.0
933,True,75263,2464,8,even,False,False,True,30.0
934,True,3034565,99294,14,even,False,False,True,44.0
935,True,1376,45,8,even,False,False,True,2.0
936,False,5201,170,8,even,False,False,True,8.0
937,True,480644425002415999597113107233,15701968936415353889062192632,33,odd,False,False,True,106.0
938,True,17151,560,10,even,False,False,True,10.0
939,True,122695,4004,10,even,False,False,True,30.0
940,False,4231,138,8,even,False,False,True,16.0
941,True,1068924905989944201,34845956052079180,17,odd,False,False,True,68.0
942,True,106133,3458,8,even,False,False,True,32.0
943,True,737,24,6,even,False,False,True,2.0
944,False,561799,18285,16,even,False,False,True,16.0
945,False,275561,8964,10,even,False,False,True,26.0
946,True,45225786400145,1470417148788,30,even,False,False,True,94.0
947,True,13509645362,439004487,22,even,False,False,True,74.0
948,False,228151,7410,10,even,False,False,True,26.0
949,True,609622436806639069525576201,19789181711517243032971740,27,odd,False,False,True,112.0
950,False,202501,6570,16,even,False,False,True,14.0
951,True,224208076,7270445,18,even,False,False,True,42.0
952,False,11663,378,8,even,False,False,True,2.0
953,True,15090531843660371073,488830275367615376,21,odd,False,False,True,56.0
954,False,32080051,1038630,14,even,False,False,True,34.0
955,True,2095256249,67800900,16,even,False,False,True,54.0
956,False,76759023628799,2482564242480,32,even,False,False,True,88.0
957,True,14849,480,6,even,False,False,True,2.0
958,True,16762522330425599,541572514048560,36,even,False,False,True,132.0
959,True,960,31,4,even,True,True,,
960,False,31,1,2,even,True,True,,
962,True,1923,62,1,odd,True,True,,
963,False,962,31,2,even,True,True,,
964,False,10085143557001249,324820602522300,34,even,False,False,True,120.0
965,True,446526729,14374204,5,odd,False,False,True,32.0
966,True,57499,1850,6,even,False,False,True,24.0
967,True,4649532557817485528,149518887194649693,32,even,False,False,True,160.0
968,False,19601,630,6,even,True,True,,
969,True,13588951,436540,16,even,False,False,True,28.0
970,True,215395035859,6915917802,9,odd,False,False,True,34.0
971,True,12479806786330,400496058813,22,even,False,False,True,102.0
972,False,9863382151,316368130,20,even,False,False,True,60.0
973,True,903223,28956,8,even,False,False,True,26.0
974,True,488825745235215,15662987185124,32,even,False,False,True,112.0
975,False,1249,40,4,even,False,False,True,2.0
976,False,1766319049,56538495,18,even,False,False,True,42.0
977,True,108832847723078562849,3481871275306470280,19,odd,False,False,True,56.0
978,True,118337,3784,10,even,False,False,True,38.0
979,True,360449,11520,10,even,False,False,True,16.0
980,False,51841,1656,10,even,False,False,True,12.0
981,False,158070671986249,5046808151700,30,even,False,False,True,96.0
982,True,8837,282,6,even,False,False,True,32.0
983,True,284088,9061,8,even,False,False,True,46.0
984,False,88805,2831,10,even,False,False,True,20.0
985,True,332929,10608,5,odd,False,False,True,6.0
986,True,49299,1570,3,odd,True,False,,
987,True,377,12,4,even,True,True,,
988,False,14549450527,462879684,16,even,False,False,True,82.0
989,True,550271588560695,17497618534396,32,even,False,False,True,104.0
990,False,881,28,4,even,True,True,,
991,True,379516400906811930638014896080,12055735790331359447442538767,60,even,False,False,True,238.0
992,False,63,2,2,even,True,True,,
993,True,2647,84,6,even,True,True,,
994,True,1135,36,6,even,True,True,,
995,True,8835999,280120,12,even,False,False,True,32.0
996,False,8553815,271038,20,even,False,False,True,26.0
997,True,14418057673,456624468,13,odd,False,False,True,20.0
998,True,984076901,31150410,18,even,False,False,True,64.0
999,False,102688615,3248924,18,even,False,False,True,34.0
1000,False,39480499,1248483,18,even,False,False,True,42.0
1001,True,1060905,33532,14,even,False,False,True,22.0
1002,True,206869247,6535248,20,even,False,False,True,42.0
1003,True,9026,285,6,even,False,False,True,30.0
1004,False,27009633024199,852416459730,28,even,False,False,True,86.0
1005,True,2950149761,93059568,18,even,False,False,True,58.0
1006,True,14125267563780214605455,445346140255574921748,48,even,False,False,True,186.0
1007,True,476,15,6,even,True,True,,
1008,False,127,4,4,even,True,True,,
1009,True,583201,18360,5,odd,False,False,True,8.0
1010,True,3395619,106846,7,odd,False,False,True,10.0
1011,True,8426,265,8,even,False,False,True,14.0
1012,False,3222617399,101302110,18,even,False,False,True,48.0
1013,True,309159979019115849,9713562669309460,17,odd,False,False,True,56.0
1014,False,4656965,146246,16,even,False,False,True,42.0
1015,True,352871,11076,8,even,False,False,True,28.0
1016,False,255,8,4,even,True,True,,
1017,False,2900932297217,90965584992,24,even,False,False,True,76.0
1018,True,15155578752298003,475005498176334,17,odd,False,False,True,48.0
1019,True,6089923321730,190776436539,26,even,False,False,True,104.0
1020,False,511,16,4,even,True,True,,
1021,True,198723867690977573219668252231077415636351801801,6219237759214762827187409503019432615976684540,49,odd,False,False,True,188.0
1022,True,1023,32,4,even,True,True,,
1023,True,32,1,2,even,True,True,,
1025,False,2049,64,1,odd,True,True,,
1026,False,1025,32,2,even,True,True,,
1027,True,133150393,4154868,12,even,False,False,True,62.0
1028,False,513,16,2,even,True,True,,
1029,False,97379496466615,3035706895884,26,even,False,False,True,108.0
1030,True,884307011291,27553987434,26,even,False,False,True,72.0
1031,True,651737448664200,20297537082877,28,even,False,False,True,120.0
1032,False,257,8,2,even,True,True,,
1033,True,69833593956354694952807071952492833,2172772383489805842331071281808456,33,odd,False,False,True,130.0
1034,True,15885,494,6,even,False,False,True,16.0
1035,False,1126,35,4,even,True,True,,
1036,False,847225,26322,10,even,False,False,True,24.0
1037,True,8710152963849,270480776020,9,odd,False,False,True,42.0
1038,True,15404267,478126,16,even,False,False,True,34.0
1039,True,493194634979076339348637520,15300674275156671864306921,56,even,False,False,True,218.0
1040,False,129,4,2,even,True,True,,
1041,True,770918649927575,23893687943492,32,even,False,False,True,102.0
1042,True,1302499,40350,5,odd,False,False,True,4.0
1043,True,576927,17864,14,even,False,False,True,22.0
1044,False,192119201,5945940,20,even,False,False,True,30.0
1045,True,456191,14112,8,even,False,False,True,24.0
1046,True,3987042510565,123277842162,26,even,False,False,True,96.0
1047,True,136807,4228,10,even,False,False,True,30.0
1048,False,104980517,3242859,18,even,False,False,True,40.0
1049,True,4720747718766511296768801,145754861076386671221320,25,odd,False,False,True,80.0
1050,False,8749,270,6,even,False,False,True,10.0
1051,True,955382766460015065912973250,29469722410666558657086507,50,even,False,False,True,226.0
1052,False,38713200767,1193579112,16,even,False,False,True,66.0
1053,False,649,20,4,even,True,True,,
1054,True,3355576256056895,103358645005416,36,even,False,False,True,100.0
1055,True,1689,52,4,even,True,True,,
1056,False,65,2,2,even,True,True,,
1057,True,239637339568529407,7370840200132992,38,even,False,False,True,124.0
1058,False,131836323,4053146,16,even,False,False,True,66.0
1059,True,5983486610,183868081,22,even,False,False,True,70.0
1060,False,73738369,2264856,14,even,False,False,True,46.0
1061,True,170800615664635332564330517881801,5243626382156167474921782674260,35,odd,False,False,True,118.0
1062,False,306917,9418,10,even,False,False,True,44.0
1063,True,1745324831097224,53531527412685,32,even,False,False,True,134.0
1064,False,685,21,8,even,False,False,True,4.0
1065,True,82667999,2533160,20,even,False,False,True,30.0
1066,True,23597172197299,722738781870,15,odd,False,False,True,30.0
1067,True,98,3,4,even,True,True,,
1068,False,11539207,353094,12,even,False,False,True,42.0
1069,True,742925865816843150858935268959512942700219559049,22722526912283010072320240710785462723519145740,47,odd,False,False,True,188.0
1070,True,2948491,90138,14,even,False,False,True,30.0
1071,False,28799,880,12,even,False,False,True,10.0
1072,False,4771081927,145720107,24,even,False,False,True,54.0
1073,True,4116510849,125669360,7,odd,False,False,True,22.0
1074,True,3489425,106476,14,even,False,False,True,46.0
1075,False,168867574226,5150412729,26,even,False,False,True,64.0
1076,False,13449,410,6,even,False,False,True,20.0
1077,True,23522399,716760,12,even,False,False,True,44.0
1078,False,197,6,4,even,True,True,,
1079,True,180576876,5497325,20,even,False,False,True,36.0
1080,False,5291,161,6,even,False,False,True,10.0
1081,True,293215056101715119615,8918122218728007648,42,even,False,False,True,152.0
1082,True,3185797868403,96851106538,13,odd,False,False,True,32.0
1083,False,362,11,4,even,True,True,,
1084,False,26900393642040537919999,817041270290926993200,44,even,False,False,True,168.0
1085,True,17919,544,6,even,False,False,True,2.0
1086,True,725,22,4,even,True,True,,
1087,True,1088,33,4,even,True,True,,
1088,False,33,1,2,even,True,True,,
1090,True,2179,66,1,odd,True,True,,
1091,True,1090,33,2,even,True,True,,
1092,False,727,22,2,even,True,True,,
1093,True,649296649,19639620,5,odd,False,False,True,30.0
1094,True,14898540581538085,450438047467914,30,even,False,False,True,128.0
1095,True,364,11,2,even,True,True,,
1096,False,3959299,119595,10,even,False,False,True,38.0
1097,True,883619927128353,26678547908792,15,odd,False,False,True,38.0
1098,False,118097,3564,8,even,False,False,True,20.0
1099,True,1593163815326,48057545715,28,even,False,False,True,86.0
1100,False,199,6,2,even,True,True,,
1101,True,24313015,732732,10,even,False,False,True,52.0
1102,True,11382443,342882,10,even,False,False,True,42.0
1103,True,2346242745024,70645611145,24,even,False,False,True,90.0
1104,False,7775,234,6,even,False,False,True,10.0
1105,True,1623132289,48828432,5,odd,False,False,True,22.0
1106,True,5055,152,6,even,False,False,True,12.0
1107,False,7263026,218295,10,even,False,False,True,52.0
1108,False,159150073798980475849,4781200586939013510,38,even,False,False,True,148.0
1109,True,744702728637239515399291224201,22362336179089374248695940740,27,odd,False,False,True,110.0
1110,True,1999,60,4,even,True,True,,
1111,True,100,3,2,even,True,True,,
1112,False,2501,75,6,even,False,False,True,6.0
1113,True,702463,21056,12,even,False,False,True,24.0
1114,True,74707907636890165020962560915699,2238329289963186402088628832570,33,odd,False,False,True,100.0
1115,True,4560126,136565,14,even,False,False,True,28.0
1116,False,4620799,138320,12,even,False,False,True,32.0
1117,True,87897747594260774254246835664214545379849,2629972211566463612149241455626172190220,41,odd,False,False,True,162.0
1118,True,4213,126,6,even,False,False,True,8.0
1119,True,31657255,946364,14,even,False,False,True,48.0
1120,False,126001,3765,8,even,False,False,True,26.0
1121,True,151985104364951,4539397558620,32,even,False,False,True,86.0
1122,True,67,2,2,even,True,True,,
1123,True,16506645562632482,492571123214799,30,even,False,False,True,148.0
1124,False,2262200630049,67475787740,26,even,False,False,True,82.0
1125,False,1730726404001,51600291864,28,even,False,False,True,80.0
1126,True,91205,2718,10,even,False,False,True,38.0
1127,False,55224,1645,8,even,False,False,True,38.0
1128,False,2351,70,8,even,False,False,True,4.0
1129,True,56449,1680,5,odd,True,False,,
1130,True,381939,11362,7,odd,False,False,True,6.0
1131,True,368185,10948,16,even,False,False,True,18.0
1132,False,38239443505885447,1136549486236362,32,even,False,False,True,128.0
1133,True,514999,15300,10,even,False,False,True,18.0
1134,False,362074049,10752040,14,even,False,False,True,50.0
1135,True,10614754956124,315073619505,32,even,False,False,True,72.0
1136,False,24220799,718620,16,even,False,False,True,30.0
1137,True,650468934487,19290626292,26,even,False,False,True,74.0
1138,True,243198723043,7209251214,13,odd,False,False,True,24.0
1139,True,135,4,4,even,True,True,,
1140,False,2431,72,6,even,False,False,True,6.0
1141,True,1036782394157223963237125215,30693385322765657197397208,58,even,False,False,True,208.0
1142,True,906612101,26828010,18,even,False,False,True,66.0
1143,False,4730624,139925,16,even,False,False,True,26.0
1144,False,561835,16611,14,even,False,False,True,20.0
1145,True,3135009,92648,5,odd,False,False,True,12.0
1146,True,3447551,101840,16,even,False,False,True,28.0
1147,True,9447152318,278945403,24,even,False,False,True,78.0
1148,False,165887,4896,8,even,False,False,True,4.0
1149,True,7207295,212624,12,even,False,False,True,48.0
1150,False,1184384449,34925592,16,even,False,False,True,50.0
1151,True,65905671840,1942607807,20,even,False,False,True,92.0
1152,False,577,17,4,even,True,True,,
1153,True,21002267655460685387089654909788673,618516849717028248841100388607776,43,odd,False,False,True,126.0
1154,True,1155,34,4,even,True,True,,
1155,True,34,1,2,even,True,True,,
1157,True,2313,68,1,odd,True,True,,
1158,True,1157,34,2,even,True,True,,
1159,True,1669145551424551,49028938575180,26,even,False,False,True,116.0
1160,False,579,17,2,even,True,True,,
1161,False,19153416854935,562121440972,26,even,False,False,True,86.0
1162,True,22616173,663462,12,even,False,False,True,46.0
1163,True,1260321002,36956541,18,even,False,False,True,72.0
1164,False,168199,4930,8,even,False,False,True,14.0
1165,True,17522747454441842569,513380346877228788,19,odd,False,False,True,68.0
1166,True,660427701,19340870,16,even,False,False,True,48.0
1167,True,373828,10943,6,even,False,False,True,32.0
1168,False,2281249,66750,10,even,False,False,True,24.0
1169,True,184235994983935,5388491828064,28,even,False,False,True,90.0
1170,False,6499,190,6,even,False,False,True,10.0
1171,True,52268476130,1527430263,26,even,False,False,True,74.0
1172,False,12320649,359890,14,even,False,False,True,36.0
1173,True,137,4,2,even,True,True,,
1174,True,4672442879206569303591365,136367209121366140674774,46,even,False,False,True,212.0
1175,False,442224,12901,12,even,False,False,True,24.0
1176,False,4801,140,6,even,False,False,True,4.0
1177,True,9482010153904475351,276383546065778460,36,even,False,False,True,134.0
1178,True,59583,1736,6,even,False,False,True,22.0
1179,False,10610,309,6,even,False,False,True,36.0
1180,False,2024999,58950,16,even,False,False,True,18.0
1181,True,299819549856198391714823049,8724388547388468773672620,25,odd,False,False,True,96.0
1182,True,27252587,792682,20,even,False,False,True,34.0
1183,False,130576328,3796401,14,even,False,False,True,68.0
1184,False,27365201,795285,12,even,False,False,True,44.0
1185,True,41418751,1203200,18,even,False,False,True,26.0
1186,True,6320195,183522,12,even,False,False,True,52.0
1187,True,39095175626,1134743775,22,even,False,False,True,78.0
1188,False,48599,1410,6,even,False,False,True,16.0
1189,True,143698819617947177389973449,4167372038262395220808020,25,odd,False,False,True,96.0
1190,True,69,2,2,even,True,True,,
1191,True,3175,92,6,even,True,True,,
1192,False,335473872499,9716739825,26,even,False,False,True,70.0
1193,True,1462023556679567649,42328623757159480,17,odd,False,False,True,48.0
1194,True,21647468749,626476750,22,even,False,False,True,60.0
1195,True,4650060959,134516232,20,even,False,False,True,60.0
1196,False,415,12,6,even,True,True,,
1197,False,2588599,74820,12,even,False,False,True,40.0
1198,True,4206256963502359251599,121525492983646316460,44,even,False,False,True,180.0
1199,True,497777820,14375599,18,even,False,False,True,60.0
1200,False,1351,39,8,even,False,False,True,6.0
1201,True,124015777380821763117401108566632174583648616449,3578536376412875571438541467679723838177648640,51,odd,False,False,True,180.0
1202,True,10817,312,6,even,False,False,True,34.0
1203,True,434282,12521,10,even,False,False,True,50.0
1204,False,5883392537695,169556554116,22,even,False,False,True,96.0
1205,True,7174089,206668,12,even,False,False,True,46.0
1206,False,145925,4202,10,even,False,False,True,44.0
1207,True,1159928,33387,12,even,False,False,True,52.0
1208,False,4276623,123046,12,even,False,False,True,38.0
1209,True,57029335,1640156,18,even,False,False,True,46.0
1210,False,1499219281,43099524,18,even,False,False,True,52.0
1211,True,174,5,4,even,True,True,,
1212,False,12741151,365980,16,even,False,False,True,34.0
1213,True,9968927282677513,286231896207756,17,odd,False,False,True,46.0
1214,True,73150798374975,2099470260104,28,even,False,False,True,104.0
1215,False,244,7,4,even,True,True,,
1216,False,6681448801,191603685,20,even,False,False,True,56.0
1217,True,1526641059203073,43761444552128,21,odd,False,False,True,38.0
1218,True,349,10,4,even,True,True,,
1219,True,26811112454855326,767914700295135,32,even,False,False,True,108.0
1220,False,489,14,4,even,True,True,,
1221,True,21385,612,6,even,True,True,,
1222,True,7734245409307,221249524122,26,even,False,False,True,96.0
1223,True,1224,35,4,even,True,True,,
1224,False,35,1,2,even,True,True,,
1226,True,2451,70,1,odd,True,True,,
1227,True,1226,35,2,even,True,True,,
1228,False,15674867542871047,447305971699506,32,even,False,False,True,130.0
1229,True,923640201,26346740,5,odd,False,False,True,36.0
1230,True,491,14,2,even,True,True,,
1231,True,2051772574240109813487200,58479034523501522751177,44,even,False,False,True,216.0
1232,False,351,10,2,even,True,True,,
1233,False,74007554246657,2107630689984,24,even,False,False,True,88.0
1234,True,586327869067265,16691023073856,30,even,False,False,True,108.0
1235,True,246,7,2,even,True,True,,
1236,False,64202725495,1826182722,26,even,False,False,True,66.0
1237,True,2347849777171254083668416002496336649,66755254524262858038831090292970460,35,odd,False,False,True,150.0
1238,True,902501,25650,10,even,False,False,True,42.0
1239,True,176,5,2,even,True,True,,
1240,False,848719,24102,10,even,False,False,True,24.0
1241,True,2311324401362049,65610751710320,15,odd,False,False,True,36.0
1242,False,415151,11780,10,even,False,False,True,20.0
1243,True,171874,4875,8,even,False,False,True,22.0
1244,False,570130807708799,16164576060360,28,even,False,False,True,90.0
1245,True,7534241,213528,10,even,False,False,True,46.0
1246,True,443896693148735,12575431287288,28,even,False,False,True,118.0
1247,True,929188,26313,8,even,False,False,True,32.0
1248,False,5617,159,4,even,False,False,True,20.0
1249,True,170592135737332963602258146192126623188595201,4827005428364886233636226185917486870412640,45,odd,False,False,True,172.0
1250,False,152139002499,4303140814,13,odd,False,False,True,22.0
1251,False,77563250,2192943,14,even,False,False,True,60.0
1252,False,32188120829134849,909690079282080,34,even,False,False,True,122.0
1253,True,2772351,78320,10,even,False,False,True,44.0
1254,True,362405,10234,10,even,False,False,True,46.0
1255,True,31134002572889,878846634708,24,even,False,False,True,86.0
1256,False,392499,11075,10,even,False,False,True,28.0
1257,True,101399,2860,8,even,False,False,True,28.0
1258,True,26297959123,741449754,9,odd,False,False,True,24.0
1259,True,111409143832810,3139843281069,26,even,False,False,True,114.0
1260,False,71,2,2,even,True,True,,
1261,True,121645306092343879707029626249,3425609167948170805090878900,27,odd,False,False,True,128.0
1262,True,61855669263,1741204708,24,even,False,False,True,84.0
1263,True,142297,4004,10,even,False,False,True,28.0
1264,False,12799,360,8,even,False,False,True,6.0
1265,True,206999,5820,10,even,False,False,True,14.0
1266,True,533240465,14986708,22,even,False,False,True,62.0
1267,True,625514462,17573127,16,even,False,False,True,74.0
1268,False,248678907849,6983599490,26,even,False,False,True,70.0
1269,False,3429215,96264,16,even,False,False,True,22.0
1270,True,581837113691,16326743118,26,even,False,False,True,76.0
1271,True,32799,920,10,even,False,False,True,8.0
1272,False,107,3,4,even,True,True,,
1273,True,183449440868134807,5141646215851476,36,even,False,False,True,126.0
1274,False,54100801,1515720,18,even,False,False,True,28.0
1275,False,4999,140,8,even,False,False,True,4.0
1276,False,332911854336799,9319742702580,32,even,False,False,True,96.0
1277,True,41741976277195612208649,1168093368310765922740,21,odd,False,False,True,76.0
1278,False,143,4,4,even,True,True,,
1279,True,2823156987094185989161256000,78940478828277833993575041,60,even,False,False,True,236.0
1280,False,51841,1449,8,even,False,False,True,20.0
1281,True,790329175,22081748,18,even,False,False,True,68.0
1282,True,3410326403,95247138,16,even,False,False,True,82.0
1283,True,1846514088226,51551261505,26,even,False,False,True,90.0
1284,False,215,6,4,even,True,True,,
1285,True,154066218432467100261106249,4297895572464941510177100,29,odd,False,False,True,88.0
1286,True,25363110565,707264778,18,even,False,False,True,92.0
1287,False,287,8,4,even,True,True,,
1288,False,323,9,4,even,True,True,,
1289,True,180150127796503885363999220001,5017739558355166143865161400,35,odd,False,False,True,100.0
1290,True,431,12,4,even,True,True,,
1291,True,709367533957910186877445608410,19742774580291798609489951267,62,even,False,False,True,252.0
1292,False,647,18,4,even,True,True,,
1293,True,863,24,4,even,True,True,,
1294,True,1295,36,4,even,True,True,,
1295,True,36,1,2,even,True,True,,
1297,True,2593,72,1,odd,True,True,,
1298,True,1297,36,2,even,True,True,,
1299,True,865,24,2,even,True,True,,
1300,False,649,18,2,even,True,True,,
1301,True,94454226249,2618681900,7,odd,False,False,True,32.0
1302,True,433,12,2,even,True,True,,
1303,True,36556474232606087113228808,1012726314518934688771461,52,even,False,False,True,218.0
1304,False,325,9,2,even,True,True,,
1305,False,289,8,2,even,True,True,,
1306,True,194390104309027154137909530451,5379012634001634472555250670,25,odd,False,False,True,102.0
1307,True,195748082,5414517,18,even,False,False,True,64.0
1308,False,217,6,2,even,True,True,,
1309,True,803170174072265,22199221738044,30,even,False,False,True,98.0
1310,True,125100021,3456382,18,even,False,False,True,40.0
1311,True,193820,5353,10,even,False,False,True,22.0
1312,False,53137,1467,8,even,False,False,True,20.0
1313,True,758913,20944,3,odd,False,False,True,8.0
1314,False,145,4,2,even,True,True,,
1315,True,887511646,24474351,14,even,False,False,True,58.0
1316,False,2376415,65508,16,even,False,False,True,20.0
1317,True,37542877077093751,1034509930681500,30,even,False,False,True,124.0
1318,True,11393611468262768176276517,313836679699540895794554,50,even,False,False,True,214.0
1319,True,1213059240,33401011,16,even,False,False,True,86.0
1320,False,109,3,2,even,True,True,,
1321,True,5714003133469398668515586785344107222143861249,157213220905969449559233656682503745171415200,45,odd,False,False,True,176.0
1322,True,1782164403,49015342,11,odd,False,False,True,16.0
1323,False,3650401,100360,14,even,False,False,True,20.0
1324,False,15519021083817312418194098721799,426501271855353724503844374810,64,even,False,False,True,240.0
1325,False,66249,1820,3,odd,True,False,,
1326,True,2549,70,6,even,False,False,True,4.0
1327,True,65024,1785,8,even,False,False,True,38.0
1328,False,13447,369,8,even,False,False,True,12.0
1329,True,704641456388201495,19328835950934116,36,even,False,False,True,130.0
1330,True,1246589,34182,14,even,False,False,True,24.0
1331,False,99612037019890,2730378110727,26,even,False,False,True,122.0
1332,False,73,2,2,even,True,True,,
1333,True,330126493332151,9042016684140,28,even,False,False,True,124.0
1334,True,3155972095,86408256,22,even,False,False,True,60.0
1335,True,45124,1235,8,even,False,False,True,18.0
1336,False,63804373719695,1745609999622,32,even,False,False,True,76.0
1337,True,1367431647,37397272,18,even,False,False,True,50.0
1338,True,17308813,473194,14,even,False,False,True,44.0
1339,True,150175,4104,12,even,False,False,True,16.0
1340,False,729631,19932,12,even,False,False,True,32.0
1341,False,1331459723602089239201,36359143548676345320,48,even,False,False,True,150.0
1342,True,1099,30,8,even,True,True,,
1343,True,388128,10591,12,even,False,False,True,50.0
1344,False,6049,165,8,even,False,False,True,16.0
1345,True,4841,132,6,even,False,False,True,14.0
1346,True,340550115,9282362,16,even,False,False,True,74.0
1347,True,6046682,164753,14,even,False,False,True,58.0
1348,False,2063810353129713793,56211456782882376,42,even,False,False,True,146.0
1349,True,2039180665951,55520034840,24,even,False,False,True,88.0
1350,False,470449,12804,12,even,False,False,True,22.0
1351,True,6175,168,6,even,False,False,True,12.0
1352,False,114243,3107,10,even,False,False,True,30.0
1353,True,42982433,1168536,20,even,False,False,True,34.0
1354,True,346105897748788220212734451,9405885067178313198370290,27,odd,False,False,True,86.0
1355,True,1823289,49532,12,even,False,False,True,32.0
1356,False,19196241799,521298370,20,even,False,False,True,66.0
1357,True,355593479414372351,9653034643064640,38,even,False,False,True,144.0
1358,True,2999823,81404,12,even,False,False,True,54.0
1359,False,1728148040,46878231,24,even,False,False,True,44.0
1360,False,285769,7749,10,even,False,False,True,20.0
1361,True,351475875811710155440935201,9527225818589057344845080,27,odd,False,False,True,90.0
1362,True,1370184257,37127048,18,even,False,False,True,76.0
1363,True,3451726,93495,10,even,False,False,True,38.0
1364,False,10626551,287730,14,even,False,False,True,40.0
1365,True,25271,684,6,even,True,True,,
1366,True,2291037052846189335142389540899525,61987877112128467931286485364042,70,even,False,False,True,282.0
1367,True,1368,37,4,even,True,True,,
1368,False,37,1,2,even,True,True,,
1370,True,2739,74,1,odd,True,True,,
1371,True,1370,37,2,even,True,True,,
1372,False,34100354867927167,920623046934552,32,even,False,False,True,134.0
1373,True,1288491849,34773340,5,odd,False,False,True,34.0
1374,True,153544325045,4142289074,20,even,False,False,True,86.0
1375,False,89330852249,2409073932,22,even,False,False,True,64.0
1376,False,216528049,5837205,16,even,False,False,True,50.0
1377,False,41270070401,1112162480,18,even,False,False,True,58.0
1378,True,3663851203,98699106,5,odd,False,False,True,24.0
1379,True,2517968895,67806016,18,even,False,False,True,48.0
1380,False,6761,182,6,even,False,False,True,8.0
1381,True,91889645003972654622127399341267476203024769394634584316300287049,2472690352775053537868141555978544119564691977342423075952738420,67,odd,False,False,True,260.0
1382,True,13003237,349782,14,even,False,False,True,56.0
1383,True,1294948,34821,10,even,False,False,True,30.0
1384,False,17299,465,6,even,False,False,True,20.0
1385,True,21670288929,582290648,11,odd,False,False,True,20.0
1386,False,21295,572,8,even,False,False,True,12.0
1387,True,1510442,40557,6,even,False,False,True,58.0
1388,False,823306252807,22098697686,20,even,False,False,True,82.0
1389,True,625975,16796,10,even,False,False,True,36.0
1390,True,2298622285432981,61653851607582,34,even,False,False,True,96.0
1391,True,9081305,243492,16,even,False,False,True,28.0
1392,False,1567,42,4,even,False,False,True,6.0
1393,True,3583,96,4,even,False,False,True,10.0
1394,True,12545,336,6,even,False,False,True,36.0
1395,False,124001,3320,8,even,False,False,True,18.0
1396,False,169648201,4540530,14,even,False,False,True,48.0
1397,True,16033248351,428966440,20,even,False,False,True,72.0
1398,True,4866437,130154,14,even,False,False,True,54.0
1399,True,72267866478994045309640,1932130144300442015349,40,even,False,False,True,216.0
1400,False,449,12,4,even,True,True,,
1401,True,1653779660151229685015,44183343633378497932,40,even,False,False,True,160.0
1402,True,1729858406386491965718163,46199422791797974269522,27,odd,False,False,True,82.0
1403,True,74726,1995,8,even,False,False,True,14.0
1404,False,62425,1666,8,even,False,False,True,22.0
1405,True,2249,60,4,even,True,True,,
1406,True,75,2,2,even,True,True,,
1407,True,3751,100,6,even,True,True,,
1408,False,12048797377,321101529,20,even,False,False,True,70.0
1409,True,2515181276570874689623012210848801,67006015714662899288959142526920,37,odd,False,False,True,118.0
1410,True,751,20,6,even,True,True,,
1411,True,444071330,11821953,18,even,False,False,True,66.0
1412,False,10157115393,270304352,22,even,False,False,True,58.0
1413,False,46698728731849,1242321430740,30,even,False,False,True,88.0
1414,True,182475063042299,4852648311810,28,even,False,False,True,98.0
1415,True,22029004,585621,20,even,False,False,True,32.0
1416,False,258065,6858,14,even,False,False,True,20.0
1417,True,5380608104297224993,142937583715450488,17,odd,False,False,True,82.0
1418,True,3026264403,80365334,9,odd,False,False,True,26.0
1419,True,12770,339,6,even,False,False,True,40.0
1420,False,954809,25338,12,even,False,False,True,30.0
1421,False,9801,260,8,even,False,False,True,6.0
1422,False,119908097,3179792,16,even,False,False,True,38.0
1423,True,480011423186147603704208,12724746017155626396759,44,even,False,False,True,214.0
1424,False,500001,13250,14,even,False,False,True,18.0
1425,False,151,4,4,even,True,True,,
1426,True,9860975,261132,18,even,False,False,True,24.0
1427,True,9373918762,248147097,22,even,False,False,True,74.0
1428,False,3401,90,8,even,False,False,True,2.0
1429,True,22793644685449,602972713980,11,odd,False,False,True,48.0
1430,True,13311,352,8,even,False,False,True,12.0
1431,False,1324,35,6,even,True,True,,
1432,False,176579805797,4666266363,18,even,False,False,True,74.0
1433,True,66524184290667832353,1757342704595433176,23,odd,False,False,True,58.0
1434,True,176669098751,4665369200,28,even,False,False,True,56.0
1435,True,999046,26373,10,even,False,False,True,30.0
1436,False,259199,6840,8,even,False,False,True,2.0
1437,True,97359338210399,2568320564040,28,even,False,False,True,108.0
1438,True,15960728127743,420894506064,24,even,False,False,True,138.0
1439,True,12857985170030364960,338955373761021521,36,even,False,False,True,162.0
1440,False,721,19,4,even,True,True,,
1441,True,841014472843068524054999,22154985959533110482700,48,even,False,False,True,182.0
1442,True,1443,38,4,even,True,True,,
1443,True,38,1,2,even,True,True,,
1445,False,2889,76,1,odd,True,True,,
1446,True,1445,38,2,even,True,True,,
1447,True,130410331757421848,3428291438910093,32,even,False,False,True,166.0
1448,False,723,19,2,even,True,True,,
1449,False,277301249,7284800,12,even,False,False,True,52.0
1450,False,30131975818099,791304451938,9,odd,False,False,True,46.0
1451,True,32507827844328530,853403156620707,34,even,False,False,True,138.0
1452,False,262087,6878,8,even,False,False,True,20.0
1453,True,410437909280225285392045277163541936816200282681664800649,10767494523648864494064975684283690243920830620634227020,57,odd,False,False,True,226.0
1454,True,366707758095,9616961884,20,even,False,False,True,102.0
1455,True,23764,623,6,even,False,False,True,18.0
1456,False,4954951,129855,12,even,False,False,True,30.0
1457,True,7233162836703,189495310312,22,even,False,False,True,82.0
1458,False,30122754096401,788889025540,26,even,False,False,True,104.0
1459,True,98143956337994034503281010,2569424820981242287252281,46,even,False,False,True,240.0
1460,False,23915529,625898,14,even,False,False,True,44.0
1461,True,416529161979728987575,10897335066584502228,38,even,False,False,True,164.0
1462,True,2753,72,4,even,False,False,True,6.0
1463,True,153,4,2,even,True,True,,
1464,False,907925,23729,12,even,False,False,True,26.0
1465,True,1347185567591142710089249,35197239977950541355240,29,odd,False,False,True,60.0
1466,True,47033698184547699,1228406604685910,15,odd,False,False,True,38.0
1467,False,64080026,1673045,14,even,False,False,True,62.0
1468,False,723520462813479285247,18883730366492235216,40,even,False,False,True,168.0
1469,True,760265,19836,8,even,False,False,True,24.0
1470,False,5291,138,6,even,False,False,True,16.0
1471,True,39010573734728288548756018366160,1017128916397276238715671536737,64,even,False,False,True,278.0
1472,False,1151,30,6,even,True,True,,
1473,True,2658699293399,69273614220,28,even,False,False,True,76.0
1474,True,54959576050729745,1431510810979476,34,even,False,False,True,126.0
1475,False,561799,14628,12,even,False,False,True,18.0
1476,False,8396801,218560,16,even,False,False,True,24.0
1477,True,10055043780174150436351,261633721214706222240,42,even,False,False,True,180.0
1478,True,119717,3114,6,even,False,False,True,44.0
1479,True,4404376,114525,16,even,False,False,True,22.0
1480,False,213859,5559,6,even,False,False,True,36.0
1481,True,3078401222921030518510235626262049,79992209653108287396849617045080,37,odd,False,False,True,114.0
1482,True,77,2,2,even,True,True,,
1483,True,158695889009423019181226,4120928705704463238045,50,even,False,False,True,200.0
1484,False,1695,44,6,even,True,True,,
1485,False,1079,28,6,even,True,True,,
1486,True,18974735,492228,16,even,False,False,True,54.0
1487,True,7924224,205495,16,even,False,False,True,54.0
1488,False,12151,315,10,even,False,False,True,2.0
1489,True,19794264626972449,512970066248280,21,odd,False,False,True,32.0
1490,True,74499,1930,5,odd,True,False,,
1491,True,68230,1767,14,even,False,False,True,14.0
1492,False,52387849,1356270,18,even,False,False,True,46.0
1493,True,85729041586288866249,2218697350071605900,19,odd,False,False,True,74.0
1494,False,1700902565,44005214,14,even,False,False,True,92.0
1495,True,116,3,4,even,True,True,,
1496,False,3365,87,6,even,False,False,True,12.0
1497,True,22516718751127,581961430932,30,even,False,False,True,88.0
1498,True,321700659967,8311818384,26,even,False,False,True,72.0
1499,True,3002576946562695360610,77552058394306780299,46,even,False,False,True,174.0
1500,False,457470751,11811844,20,even,False,False,True,50.0
1501,True,13534735238019723614555987551,349348930906018990606250760,60,even,False,False,True,226.0
1502,True,5966017599,153939320,20,even,False,False,True,78.0
1503,False,56447,1456,8,even,False,False,True,18.0
1504,False,2143295,55266,16,even,False,False,True,24.0
1505,True,11968361,308508,14,even,False,False,True,36.0
1506,True,31880816705,821517752,18,even,False,False,True,88.0
1507,True,4893778,126063,16,even,False,False,True,28.0
1508,False,233,6,4,even,True,True,,
1509,True,64393055,1657656,12,even,False,False,True,52.0
1510,True,84053391679,2163051048,20,even,False,False,True,72.0
1511,True,38459732591163960,989404834498003,36,even,False,False,True,138.0
1512,False,8749,225,8,even,False,False,True,6.0
1513,True,22280499233,572803224,20,even,False,False,True,58.0
1514,True,5151268521999699,132388801787270,13,odd,False,False,True,46.0
1515,True,506,13,4,even,True,True,,
1516,False,334949171001860160500111891352199,8602591618573944625072398763290,76,even,False,False,True,256.0
1517,True,29601,760,6,even,False,False,True,2.0
1518,True,1013,26,4,even,True,True,,
1519,False,1520,39,4,even,True,True,,
1520,False,39,1,2,even,True,True,,
1522,True,3043,78,1,odd,True,True,,
1523,True,1522,39,2,even,True,True,,
1524,False,1015,26,2,even,True,True,,
1525,False,1766319049,45230796,5,odd,False,False,True,40.0
1526,True,102135615,2614568,18,even,False,False,True,52.0
1527,True,508,13,2,even,True,True,,
1528,False,164998439999,4221027300,20,even,False,False,True,64.0
1529,True,72285400494999,1848616601300,28,even,False,False,True,88.0
1530,False,229841,5876,8,even,False,False,True,26.0
1531,True,1157070504812569705163513222450,29571423275371204812741659877,58,even,False,False,True,266.0
1532,False,704475647,17998512,16,even,False,False,True,50.0
1533,True,65935351,1684020,10,even,False,False,True,58.0
1534,True,235,6,2,even,True,True,,
1535,True,1378124,35175,12,even,False,False,True,22.0
1536,False,46099201,1176245,12,even,False,False,True,44.0
1537,True,75080329577,1915090212,20,even,False,False,True,64.0
1538,True,813603,20746,12,even,False,False,True,52.0
1539,False,19651490,500929,10,even,False,False,True,68.0
1540,False,95831,2442,6,even,False,False,True,22.0
1541,True,832350906580405815,21203381993734892,36,even,False,False,True,140.0
1542,True,2592101,66010,14,even,False,False,True,50.0
1543,True,6643215129085261568619128,169120149360850062054141,52,even,False,False,True,216.0
1544,False,111555,2839,8,even,False,False,True,22.0
1545,True,123481961,3141516,14,even,False,False,True,42.0
1546,True,3802792051,96715890,7,odd,False,False,True,22.0
1547,True,118,3,2,even,True,True,,
1548,False,24248647,616314,12,even,False,False,True,48.0
1549,True,48106848972197087743588687481413975084698632248110750633952591202305801,1222309542826747495934242683346380508818076263178681966098672827963220,69,odd,False,False,True,292.0
1550,False,999999,25400,14,even,False,False,True,16.0
1551,True,1850201,46980,18,even,False,False,True,16.0
1552,False,62809633,1594338,14,even,False,False,True,40.0
1553,True,16865536001301633,427971077468464,15,odd,False,False,True,44.0
1554,True,160285,4066,12,even,False,False,True,22.0
1555,True,5117847907209209,129784305853476,32,even,False,False,True,104.0
1556,False,3287049,83330,10,even,False,False,True,38.0
1557,False,12498490045601,316747533960,28,even,False,False,True,88.0
1558,True,17873016101,452808030,22,even,False,False,True,74.0
1559,True,2122635541940760,53759147640581,28,even,False,False,True,130.0
1560,False,79,2,2,even,True,True,,
1561,True,171407516109350655091252735,4338388198177894781607072,60,even,False,False,True,206.0
1562,True,1813197,45878,14,even,False,False,True,34.0
1563,True,24054459026,608437685,22,even,False,False,True,80.0
1564,False,107712448284799,2723626324440,28,even,False,False,True,90.0
1565,True,467897169491706249,11827507906169900,17,odd,False,False,True,64.0
1566,False,12219743051,308792110,22,even,False,False,True,64.0
1567,True,2634128,66543,12,even,False,False,True,54.0
1568,False,19601,495,8,even,False,False,True,20.0
1569,True,3674077401859095458455,92754893170353950236,46,even,False,False,True,164.0
1570,True,287696384061859,7260801722778,17,odd,False,False,True,38.0
1571,True,1430064397610,36080080863,22,even,False,False,True,112.0
1572,False,46437143,1171222,16,even,False,False,True,36.0
1573,False,842401,21240,10,even,False,False,True,28.0
1574,True,3097184950960165,78066512141574,30,even,False,False,True,130.0
1575,False,2024,51,6,even,False,False,True,8.0
1576,False,312086396361222451,7861342753913055,42,even,False,False,True,110.0
1577,True,112326799954263,2828573966428,26,even,False,False,True,92.0
1578,True,442367,11136,16,even,False,False,True,22.0
1579,True,852876982639022059460736831316490,21463242324201893177981952219891,70,even,False,False,True,292.0
1580,False,159,4,4,even,True,True,,
1581,True,291090185,7320852,14,even,False,False,True,58.0
1582,True,8593649,216060,14,even,False,False,True,24.0
1583,True,94312707829728,2370444310151,32,even,False,False,True,112.0
1584,False,199,5,4,even,True,True,,
1585,True,318341744070762403104769,7996113646631818744896,25,odd,False,False,True,68.0
1586,True,335042499,8412950,9,odd,False,False,True,12.0
1587,False,978122,24553,8,even,False,False,True,38.0
1588,False,838721786045180184649,21047119895869216830,50,even,False,False,True,160.0
1589,True,126866457849998708855,3182620572954663804,44,even,False,False,True,150.0
1590,True,319,8,4,even,True,True,,
1591,True,11540919718817324,289337903407635,32,even,False,False,True,130.0
1592,False,399,10,4,even,True,True,,
1593,False,62423,1564,8,even,False,False,True,24.0
1594,True,1096489048689708486929226451,27463769151288592914799710,25,odd,False,False,True,94.0
1595,True,639,16,4,even,True,True,,
1596,False,799,20,4,even,True,True,,
1597,True,519711527755463096224266385375638449943026746249,13004986088790772250309504643908671520836229100,49,odd,False,False,True,202.0
1598,True,1599,40,4,even,True,True,,
1599,True,40,1,2,even,True,True,,
1601,True,3201,80,1,odd,True,True,,
1602,False,1601,40,2,even,True,True,,
1603,True,72515603726,1811192895,20,even,False,False,True,88.0
1604,False,801,20,2,even,True,True,,
1605,True,641,16,2,even,True,True,,
1606,True,24538370918885,612312261798,18,even,False,False,True,150.0
1607,True,137050219854024,3418785065885,28,even,False,False,True,112.0
1608,False,401,10,2,even,True,True,,
1609,True,106239618545424991765243316655636841919665809723452449,2648551857407766364935405630459204820419664252354920,57,odd,False,False,True,210.0
1610,True,321,8,2,even,True,True,,
1611,False,4190210,104397,10,even,False,False,True,60.0
1612,False,897473069767,22353158982,20,even,False,False,True,112.0
1613,True,4416393,109964,3,odd,False,False,True,12.0
1614,True,291698879051,7260775270,24,even,False,False,True,74.0
1615,True,3284569,81732,10,even,False,False,True,30.0
1616,False,201,5,2,even,True,True,,
1617,False,2234497,55568,14,even,False,False,True,24.0
1618,True,2313310158883,57510164046,9,odd,False,False,True,28.0
1619,True,78053433117061872410,1939851949127419161,42,even,False,False,True,164.0
1620,False,161,4,2,even,True,True,,
1621,True,6298101812493732343034974500091457815529942308667051412857352310169665125001,156429324369979112128445583345098338627552043874824108399177922442751050500,79,odd,False,False,True,310.0
1622,True,2831176412101,70297763190,26,even,False,False,True,88.0
1623,True,53017,1316,6,even,False,False,True,32.0
1624,False,59468095,1475676,14,even,False,False,True,34.0
1625,False,571525893249,14177812496,11,odd,False,False,True,24.0
1626,True,266647183921549,6612668183130,30,even,False,False,True,86.0
1627,True,14642,363,6,even,False,False,True,42.0
1628,False,2663,66,6,even,False,False,True,8.0
1629,False,2469645423824185801,61189099561153980,38,even,False,False,True,134.0
1630,True,15078465611,373476558,18,even,False,False,True,72.0
1631,True,39376,975,10,even,False,False,True,10.0
1632,False,20401,505,8,even,False,False,True,22.0
1633,True,329993200416163472690687,8166047445137789303136,42,even,False,False,True,184.0
1634,True,24720785,611556,14,even,False,False,True,58.0
1635,True,115321,2852,10,even,False,False,True,16.0
1636,False,25052977273092427986049,619394999323609291080,42,even,False,False,True,186.0
1637,True,14502382675358453346249,358438805194633965100,21,odd,False,False,True,78.0
1638,False,1457,36,4,even,True,True,,
1639,True,1401940,34629,10,even,False,False,True,40.0
1640,False,81,2,2,even,True,True,,
1641,True,4375,108,6,even,True,True,,
1642,True,2849294043676512198199390483,70315439208370501553286858,29,odd,False,False,True,96.0
1643,True,8958,221,8,even,False,False,True,16.0
1644,False,4946145799,121987690,16,even,False,False,True,66.0
1645,True,9460519131041,233255566728,26,even,False,False,True,98.0
1646,True,80655,1988,8,even,False,False,True,46.0
1647,False,487,12,6,even,True,True,,
1648,False,103537981567,2550475116,28,even,False,False,True,56.0
1649,True,23694502880412801,583495181032880,19,odd,False,False,True,44.0
1650,False,8449,208,12,even,False,False,True,8.0
1651,True,56161343343007135,1382177919146568,36,even,False,False,True,128.0
1652,False,113399,2790,12,even,False,False,True,10.0
1653,True,1440734849,35436240,18,even,False,False,True,60.0
1654,True,14885,366,6,even,False,False,True,42.0
1655,True,320409,7876,8,even,False,False,True,32.0
1656,False,24335,598,10,even,False,False,True,14.0
1657,True,230089311110767526480728245224891806849,5652429959428489976269630864789895280,41,odd,False,False,True,146.0
1658,True,3817806963,93760886,11,odd,False,False,True,18.0
1659,True,747655,18356,14,even,False,False,True,38.0
1660,False,678062702284831,16642394482596,36,even,False,False,True,88.0
1661,True,12416252642220275199,304653186299769440,40,even,False,False,True,146.0
1662,True,64353749,1578550,16,even,False,False,True,48.0
1663,True,172548834009765974150624,4231222898258884355775,48,even,False,False,True,216.0
1664,False,54100801,1326255,16,even,False,False,True,36.0
1665,False,171088001,4192880,16,even,False,False,True,44.0
1666,False,2449,60,6,even,True,True,,
1667,True,272140632242,6665390367,22,even,False,False,True,98.0
1668,False,85322647,2089134,18,even,False,False,True,52.0
1669,True,2340275266476287900450581841147662370297772626212288201,57284717328038737412405689988022934138392598249664340,53,odd,False,False,True,238.0
1670,True,100045691,2448162,14,even,False,False,True,48.0
1671,True,9558676,233835,10,even,False,False,True,32.0
1672,False,33857,828,6,even,False,False,True,16.0
1673,True,3178424641407,77707680976,26,even,False,False,True,78.0
1674,False,1688175067501,41261000550,24,even,False,False,True,72.0
1675,False,466058366908226,11387618344557,30,even,False,False,True,96.0
1676,False,145989028829001799,3566015383457670,36,even,False,False,True,124.0
1677,True,34399,840,6,even,False,False,True,2.0
1678,True,9777409878270240143,238686492939208596,32,even,False,False,True,184.0
1679,True,1680,41,4,even,True,True,,
1680,False,41,1,2,even,True,True,,
1682,False,3363,82,1,odd,True,True,,
1683,False,1682,41,2,even,True,True,,
1684,False,3879474045914926879468217167061449,94536997975919510440249890353130,70,even,False,False,True,268.0
1685,True,2383536969,58066004,5,odd,False,False,True,42.0
1686,True,35350768325,860934422,18,even,False,False,True,102.0
1687,True,34655415003224,843749566395,20,even,False,False,True,150.0
1688,False,7022501,170925,14,even,False,False,True,36.0
1689,True,32165559846732699944855,782665679312412462996,48,even,False,False,True,168.0
1690,False,27379,666,4,even,False,False,True,16.0
1691,True,33501079090,814679883,14,even,False,False,True,104.0
1692,False,4607,112,4,even,False,False,True,2.0
1693,True,3347246173698861715400298156892411849,81350302974597900525875082210468540,33,odd,False,False,True,166.0
1694,False,12082575,293564,10,even,False,False,True,40.0
1695,True,249616,6063,10,even,False,False,True,24.0
1696,False,2058259344325201,49978955055195,28,even,False,False,True,104.0
1697,True,276165737906448719649,6703920821893618840,17,odd,False,False,True,58.0
1698,True,4947715601,120070380,18,even,False,False,True,78.0
1699,True,2743345037851573163040031857578450,66555468361862588059573967039601,66,even,False,False,True,298.0
1700,False,143649,3484,6,even,False,False,True,30.0
1701,False,665335,16132,8,even,False,False,True,32.0
1702,True,231069000116251,5600952727350,26,even,False,False,True,118.0
1703,True,1937753,46956,12,even,False,False,True,24.0
1704,False,88751,2150,12,even,False,False,True,12.0
1705,True,991,24,4,even,False,False,True,2.0
1706,True,464962384640822451,11257146203165230,19,odd,False,False,True,44.0
1707,True,616226,14915,6,even,False,False,True,54.0
1708,False,7687,186,4,even,False,False,True,22.0
1709,True,12275567551745514715418401801688716704201,296941261474754418895689188431662360740,43,odd,False,False,True,160.0
1710,False,52021,1258,8,even,False,False,True,18.0
1711,True,12257063847449,296320326540,24,even,False,False,True,90.0
1712,False,1850887,44733,12,even,False,False,True,34.0
1713,True,38597180060887,932560238356,34,even,False,False,True,92.0
1714,True,85699,2070,3,odd,True,False,,
1715,False,17057046,411881,18,even,False,False,True,32.0
1716,False,1524095,36792,12,even,False,False,True,20.0
1717,True,51713,1248,8,even,False,False,True,10.0
1718,True,137592901,3319590,18,even,False,False,True,60.0
1719,False,161784071999999,3902094868000,28,even,False,False,True,80.0
1720,False,2862251,69015,14,even,False,False,True,26.0
1721,True,20146877307386204293940577255201,485643193698452138520439803320,27,odd,False,False,True,112.0
1722,True,83,2,2,even,True,True,,
1723,True,527541088010971890626,12709066495146742875,38,even,False,False,True,204.0
1724,False,45941303693836799,1106457366184560,36,even,False,False,True,122.0
1725,False,120901249,2910960,16,even,False,False,True,56.0
1726,True,2689844967637183200753607543760431273535,64745092245111302274843632152698614232,88,even,False,False,True,336.0
1727,True,25433,612,10,even,False,False,True,12.0
1728,False,3650401,87815,12,even,False,False,True,42.0
1729,True,44611924489705,1072885712316,30,even,False,False,True,108.0
1730,True,10632611139,255632978,11,odd,False,False,True,20.0
1731,True,1666375,40052,14,even,False,False,True,44.0
1732,False,104564907854286695713,2512534392417449868,42,even,False,False,True,164.0
1733,True,13121910625238042893028027475849,315208408380294046461405392740,31,odd,False,False,True,114.0
1734,False,456335045,10958706,22,even,False,False,True,68.0
1735,True,3124,75,8,even,False,False,True,6.0
1736,False,125,3,4,even,True,True,,
1737,False,6224323426849,149345534680,26,even,False,False,True,78.0
1738,True,2801715696553663,67204627338744,36,even,False,False,True,102.0
1739,True,34520185,827796,16,even,False,False,True,36.0
1740,False,42631,1022,8,even,False,False,True,22.0
1741,True,200732766003831003193006297682960023218244607119128428033893005001,4810817514964694733460371899299888507813254563349737403155528100,69,odd,False,False,True,278.0
1742,True,96747,2318,10,even,False,False,True,20.0
1743,True,167,4,4,even,True,True,,
1744,False,158070671986249,3785106113775,26,even,False,False,True,84.0
1745,True,32837409,786088,7,odd,False,False,True,12.0
1746,False,76049,1820,12,even,False,False,True,14.0
1747,True,722692635222980474388116882,17290485040281059863874103,54,even,False,False,True,248.0
1748,False,4599,110,6,even,False,False,True,8.0
1749,True,31356358199,749774580,22,even,False,False,True,70.0
1750,False,251,6,4,even,True,True,,
1751,True,34815,832,8,even,False,False,True,16.0
1752,False,293,7,4,even,True,True,,
1753,True,1619748562245139313693000103452757473032993,38686250985878460680927299688094405197496,45,odd,False,False,True,168.0
1754,True,85240173975114903632499,2035305156619813089050,25,odd,False,False,True,66.0
1755,False,10934,261,6,even,False,False,True,12.0
1756,False,387199,9240,8,even,False,False,True,2.0
1757,True,503,12,4,even,True,True,,
1758,True,587,14,4,even,True,True,,
1759,True,171219104308739629828563069290064892640,4082435210582013346732801540734333681,80,even,False,False,True,336.0
1760,False,881,21,4,even,True,True,,
1761,True,1175,28,4,even,True,True,,
1762,True,1763,42,4,even,True,True,,
1763,True,42,1,2,even,True,True,,
1765,True,3529,84,1,odd,True,True,,
1766,True,1765,42,2,even,True,True,,
1767,True,1177,28,2,even,True,True,,
1768,False,883,21,2,even,True,True,,
1769,True,30905719492118049,734809803891160,11,odd,False,False,True,56.0
1770,True,589,14,2,even,True,True,,
1771,True,505,12,2,even,True,True,,
1772,False,390727,9282,8,even,False,False,True,22.0
1773,False,308897,7336,8,even,False,False,True,28.0
1774,True,125288009537733004908595972131215,2974628275728557930834554244724,64,even,False,False,True,288.0
1775,False,24220799,574896,16,even,False,False,True,30.0
1776,False,295,7,2,even,True,True,,
1777,True,114654350050825314539681710339770969616513,2719861708389141746619218981337647759472,43,odd,False,False,True,162.0
1778,True,253,6,2,even,True,True,,
1779,True,84624555410,2006357991,26,even,False,False,True,82.0
1780,False,43468489,1030302,14,even,False,False,True,44.0
1781,True,44128916375049,1045661946020,9,odd,False,False,True,52.0
1782,False,30580901,724430,10,even,False,False,True,68.0
1783,True,300574618222444417557224,7118305658345640812235,48,even,False,False,True,212.0
1784,False,110166015,2608256,16,even,False,False,True,38.0
1785,True,169,4,2,even,True,True,,
1786,True,78064935471648262925,1847205775499723178,42,even,False,False,True,138.0
1787,True,216226,5115,10,even,False,False,True,46.0
1788,False,43807,1036,8,even,False,False,True,20.0
1789,True,13673687937600285436522338047798889300505982960692087644059539022368201,323281233024712565221770716009156212819348235266978239649677477568260,67,odd,False,False,True,300.0
1790,True,60501,1430,6,even,False,False,True,16.0
1791,False,16266196520,384360033,20,even,False,False,True,58.0
1792,False,127,3,2,even,True,True,,
1793,True,262535353551703,6200085091284,30,even,False,False,True,90.0
1794,True,12582335,297064,14,even,False,False,True,30.0
1795,True,2389684563359,56403798408,24,even,False,False,True,84.0
1796,False,71798771299708449,1694196756701060,34,even,False,False,True,124.0
1797,True,15908371013339999,375276761753400,32,even,False,False,True,126.0
1798,True,2089768622363,49283706246,22,even,False,False,True,80.0
1799,True,3024120,71299,12,even,False,False,True,58.0
1800,False,19601,462,8,even,False,False,True,14.0
1801,True,806667238174283887339603999510156079461856181188670036342049,19008049861749803182382268306718420151334269606450750222280,63,odd,False,False,True,242.0
1802,True,849,20,4,even,True,True,,
1803,True,203137,4784,6,even,False,False,True,40.0
1804,False,4319198765640199,101691563292930,36,even,False,False,True,114.0
1805,False,2889,68,4,even,True,True,,
1806,True,85,2,2,even,True,True,,
1807,True,146471428766233,3445671269172,28,even,False,False,True,114.0
1808,False,1204353,28324,14,even,False,False,True,32.0
1809,False,546665912276384215,12852946818782956,38,even,False,False,True,126.0
1810,True,104491504202900419,2456075391002874,19,odd,False,False,True,48.0
1811,True,146690,3447,10,even,False,False,True,50.0
1812,False,1653751,38850,10,even,False,False,True,40.0
1813,False,1555849,36540,16,even,False,False,True,18.0
1814,True,789064983271716805,18526531941823254,34,even,False,False,True,158.0
1815,False,15124,355,10,even,False,False,True,16.0
1816,False,16916040084175685,396954549247383,38,even,False,False,True,96.0
1817,True,23937367869663,561563575352,28,even,False,False,True,86.0
1818,False,19731763,462774,18,even,False,False,True,32.0
1819,True,44077149500774570,1033468279123611,38,even,False,False,True,126.0
1820,False,8191,192,8,even,False,False,True,20.0
1821,True,27895878625724240557523549815,653709914682473849947668012,54,even,False,False,True,232.0
1822,True,371368817235398339023103,8700240303998557258992,48,even,False,False,True,224.0
1823,True,396777789408,9292958959,28,even,False,False,True,90.0
1824,False,1025,24,6,even,False,False,True,2.0
1825,False,2281249,53400,7,odd,False,False,True,4.0
1826,True,3069505,71832,14,even,False,False,True,54.0
1827,False,6497,152,8,even,False,False,True,12.0
1828,False,6983244756398928218113,163331205785194926816,46,even,False,False,True,182.0
1829,True,270242224363704372219999,6318970882787739474200,50,even,False,False,True,178.0
1830,True,59291,1386,10,even,False,False,True,24.0
1831,True,1918032733134113893633567757731959058040,44824127254720935022058326058303814477,84,even,False,False,True,346.0
1832,False,22899,535,6,even,False,False,True,26.0
1833,True,4253783,99356,12,even,False,False,True,46.0
1834,True,218268829391589325,5096735001878706,32,even,False,False,True,122.0
1835,True,1097124846,25611677,22,even,False,False,True,50.0
1836,False,499700044999,11662000350,24,even,False,False,True,80.0
1837,True,11896195389280834861151,277557847295851334520,48,even,False,False,True,188.0
1838,True,24564830389263,572982049244,24,even,False,False,True,114.0
1839,True,26133415,609404,14,even,False,False,True,54.0
1840,False,2535751,59115,12,even,False,False,True,30.0
1841,True,221708542820333535,5167203114643592,42,even,False,False,True,122.0
1842,True,5057485457,117839212,18,even,False,False,True,88.0
1843,True,49871434404842,1161687167529,22,even,False,False,True,160.0
1844,False,1182351890184201,27533808760310,30,even,False,False,True,108.0
1845,False,39689,924,6,even,True,True,,
1846,True,6289018486180795,146375038721562,34,even,False,False,True,128.0
1847,True,1848,43,4,even,True,True,,
1848,False,43,1,2,even,True,True,,
1850,False,3699,86,1,odd,True,True,,
1851,True,1850,43,2,even,True,True,,
1852,False,122525093575424340420383502847,2847111999258371193111475248,56,even,False,False,True,238.0
1853,True,3170946249,73663300,5,odd,False,False,True,40.0
1854,False,7088832449,164634120,20,even,False,False,True,60.0
1855,True,7373836,171207,10,even,False,False,True,48.0
1856,False,192119201,4459455,12,even,False,False,True,56.0
1857,True,2384332526604623767,55330025645916772,38,even,False,False,True,136.0
1858,True,763416899,17710830,16,even,False,False,True,74.0
1859,False,628855930,14585169,20,even,False,False,True,44.0
1860,False,15871,368,6,even,False,False,True,12.0
1861,True,7077752008438005001,164067346843752900,21,odd,False,False,True,48.0
1862,False,14982337,347208,14,even,False,False,True,32.0
1863,False,6099380351,141312080,14,even,False,False,True,56.0
1864,False,938319425,21733404,18,even,False,False,True,52.0
1865,True,118187440929,2736729736,11,odd,False,False,True,22.0
1866,True,15551,360,4,even,False,False,True,12.0
1867,True,87726791690293922,2030299407245043,30,even,False,False,True,180.0
1868,False,5285319783751,122287715850,24,even,False,False,True,86.0
1869,True,8510103765449,196847636580,20,even,False,False,True,104.0
1870,True,19682191,455148,12,even,False,False,True,32.0
1871,True,14960670347259644125807440,345871008137584484948087,48,even,False,False,True,212.0
1872,False,649,15,4,even,True,True,,
1873,True,66646007780116951182547242065928991437872293825926433,1539945144498948869710411296974494665952998698040984,53,odd,False,False,True,214.0
1874,True,21455425,495624,14,even,False,False,True,58.0
1875,False,189750626,4382103,16,even,False,False,True,46.0
1876,False,137215,3168,6,even,False,False,True,22.0
1877,True,8483443124159168649,195812321451440260,15,odd,False,False,True,78.0
1878,True,16901,390,6,even,False,False,True,40.0
1879,True,94345422639044420558808634792532120,2176493849722945361406489700835109,68,even,False,False,True,316.0
1880,False,1691,39,6,even,False,False,True,6.0
1881,False,4333991201,99929480,20,even,False,False,True,50.0
1882,True,29814643,687258,9,odd,False,False,True,10.0
1883,True,6726,155,8,even,False,False,True,8.0
1884,False,7838695,180594,10,even,False,False,True,50.0
1885,True,521,12,4,even,True,True,,
1886,True,92415,2128,8,even,False,False,True,48.0
1887,True,8992,207,8,even,False,False,True,10.0
1888,False,188396089777,4335816459,24,even,False,False,True,72.0
1889,True,36981073720080844052144960978049,850870638559564006506264967760,27,odd,False,False,True,110.0
1890,False,97469,2242,6,even,False,False,True,26.0
1891,True,819136267782775550,18836941567957233,36,even,False,False,True,160.0
1892,False,87,2,2,even,True,True,,
1893,True,5047,116,6,even,True,True,,
1894,True,226309103832669021290704832069984034245,5200104096794640672678934313809609086,78,even,False,False,True,342.0
1895,True,54849639,1259996,16,even,False,False,True,44.0
1896,False,193549,4445,10,even,False,False,True,18.0
1897,True,43903,1008,8,even,False,False,True,18.0
1898,True,10662963,244754,7,odd,False,False,True,10.0
1899,False,278354373650,6387568451,26,even,False,False,True,90.0
1900,False,57799,1326,10,even,False,False,True,14.0
1901,True,95049,2180,5,odd,True,False,,
1902,True,2846027,65258,16,even,False,False,True,32.0
1903,True,875034172,20058831,18,even,False,False,True,60.0
1904,False,28799,660,12,even,False,False,True,6.0
1905,True,10709910761,245379548,26,even,False,False,True,54.0
1906,True,229206573179802193699,5250076359252217890,23,odd,False,False,True,58.0
1907,True,17162,393,6,even,False,False,True,46.0
1908,False,8777860001,200955300,24,even,False,False,True,46.0
1909,True,2380667255,54487356,16,even,False,False,True,86.0
1910,True,278479,6372,12,even,False,False,True,18.0
1911,False,62425,1428,10,even,False,False,True,32.0
1912,False,1617319577991743,36987237828948,32,even,False,False,True,98.0
1913,True,45099388699237198022388513,1031129401013034423392056,29,odd,False,False,True,84.0
1914,True,175,4,4,even,True,True,,
1915,True,1027150205228001406,23471971442429307,34,even,False,False,True,124.0
1916,False,17873503027199,408330599040,28,even,False,False,True,98.0
1917,False,194399,4440,16,even,False,False,True,10.0
1918,True,416753,9516,10,even,False,False,True,22.0
1919,True,77244401049,1763313460,18,even,False,False,True,70.0
1920,False,116161,2651,8,even,False,False,True,24.0
1921,True,10192726099458738978050281249,232555530178603601325441000,27,odd,False,False,True,90.0
1922,False,152139002499,3470274850,24,even,False,False,True,96.0
1923,True,4367227226,99590095,18,even,False,False,True,82.0
1924,False,1859131879201,42384558540,18,even,False,False,True,116.0
1925,False,351,8,4,even,True,True,,
1926,False,695359189925,15844591882,26,even,False,False,True,114.0
1927,True,46636702417448,1062397346883,32,even,False,False,True,106.0
1928,False,483,11,4,even,True,True,,
1929,True,126794455,2886916,18,even,False,False,True,64.0
1930,True,128648082263059,2928361322694,13,odd,False,False,True,52.0
1931,True,53405823410,1215339123,18,even,False,False,True,108.0
1932,False,967,22,4,even,True,True,,
1933,True,143801925919973973006746044614830462252244345987283849,3270760735371267636227864743687616171541802967004660,51,odd,False,False,True,234.0
1934,True,1935,44,4,even,True,True,,
1935,False,44,1,2,even,True,True,,
1937,True,3873,88,1,odd,True,True,,
1938,True,1937,44,2,even,True,True,,
1939,True,6672165474011915935,151522771012903896,34,even,False,False,True,152.0
1940,False,969,22,2,even,True,True,,
1941,True,582709607499783953373016131935,13226331726483194685799879992,64,even,False,False,True,242.0
1942,True,6984160935186866597,158485533243485118,30,even,False,False,True,194.0
1943,True,83751,1900,8,even,False,False,True,22.0
1944,False,485,11,2,even,True,True,,
1945,True,2632285113641,59686089372,26,even,False,False,True,78.0
1946,True,121257485,2748762,12,even,False,False,True,46.0
1947,True,353,8,2,even,True,True,,
1948,False,5388481003084995290965125247,122087690908458416096046936,56,even,False,False,True,232.0
1949,True,13850471049,313731860,9,odd,False,False,True,18.0
1950,False,595349,13482,10,even,False,False,True,22.0
1951,True,226742438218831488120936558859828640,5133389024333877559662473405561007,68,even,False,False,True,324.0
1952,False,118097,2673,8,even,False,False,True,22.0
1953,False,3844063,86984,8,even,False,False,True,34.0
1954,True,4691555,106134,8,even,False,False,True,66.0
1955,True,2874,65,6,even,False,False,True,6.0
1956,False,7592629975,171675298,18,even,False,False,True,70.0
1957,True,400881151,9061920,12,even,False,False,True,58.0
1958,True,177,4,2,even,True,True,,
1959,True,9719730001876,219602349925,26,even,False,False,True,82.0
1960,False,1039681,23484,10,even,False,False,True,26.0
1961,True,5431118185,122645172,16,even,False,False,True,58.0
1962,False,31753512017,716873068,20,even,False,False,True,68.0
1963,True,24445564472798,551746923459,22,even,False,False,True,114.0
1964,False,17532421310198941977799,395613548729114914110,44,even,False,False,True,168.0
1965,True,1176119,26532,8,even,False,False,True,28.0
1966,True,9850975268107008669640939861775,222171052269092942126897458308,60,even,False,False,True,290.0
1967,True,2528,57,6,even,False,False,True,8.0
1968,False,29767,671,8,even,False,False,True,16.0
1969,True,46885009158085926066844328473751,1056601315610203746069441327300,62,even,False,False,True,256.0
1970,True,665859,15002,5,odd,False,False,True,6.0
1971,False,1620674,36505,12,even,False,False,True,28.0
1972,False,935662752649,21070065510,22,even,False,False,True,78.0
1973,True,15673705353,352864636,11,odd,False,False,True,18.0
1974,True,1376255,30976,8,even,False,False,True,42.0
1975,False,12799,288,8,even,False,False,True,6.0
1976,False,73035,1643,10,even,False,False,True,18.0
1977,True,230201397518423,5177315380292,28,even,False,False,True,102.0
1978,True,60973994702573,1370981217774,28,even,False,False,True,96.0
1979,True,196956439969690,4427384992341,26,even,False,False,True,132.0
1980,False,89,2,2,even,True,True,,
1981,True,478731918732725530377313576551512366455,10755983977504786513343290157817764652,80,even,False,False,True,324.0
1982,True,438784358463,9855968632,24,even,False,False,True,102.0
1983,True,354724327,7965804,18,even,False,False,True,58.0
1984,False,4620799,103740,14,even,False,False,True,20.0
1985,True,7277897861828346369,163352468178638816,19,odd,False,False,True,50.0
1986,True,13209364625,296409628,22,even,False,False,True,80.0
1987,True,2163842,48543,14,even,False,False,True,58.0
1988,False,1201887,26956,14,even,False,False,True,26.0
1989,False,5544449,124320,12,even,False,False,True,48.0
1990,True,35314095433681999,791628731408580,36,even,False,False,True,104.0
1991,True,95638951,2143380,18,even,False,False,True,46.0
1992,False,179777,4028,14,even,False,False,True,20.0
1993,True,95533468778868471170054252659885376539035649,2139941483287135231593131558297490898854720,47,odd,False,False,True,174.0
1994,True,14178877526856051,317525986680530,17,odd,False,False,True,42.0
1995,True,134,3,4,even,True,True,,
1996,False,40320199,902490,12,even,False,False,True,50.0
1997,True,295547530063295123979849,6613605743817751666820,23,odd,False,False,True,92.0
1998,False,13231349,296010,16,even,False,False,True,26.0
1999,True,4027701399389138208695911951306886478800,90084665203202024260494303744425250249,84,even,False,False,True,358.0
2000,False,930249,20801,14,even,False,False,True,24.0
2001,True,19742928095,441354968,22,even,False,False,True,70.0
2002,True,11325887,253128,12,even,False,False,True,36.0
2003,True,4344427204728362,97071569134791,30,even,False,False,True,134.0
2004,False,11242731902975,251144109216,32,even,False,False,True,64.0
2005,True,32724809,730836,12,even,False,False,True,60.0
2006,True,638145,14248,16,even,False,False,True,20.0
2007,False,224,5,4,even,True,True,,
2008,False,3832352837,85523139,18,even,False,False,True,60.0
2009,False,141012534067201,3146065416960,34,even,False,False,True,90.0
2010,True,269,6,4,even,True,True,,
2011,True,22903355954053525066202335319378237605968890,510732021116138713675018566232201605320997,94,even,False,False,True,384.0
2012,False,1215047807,27088152,16,even,False,False,True,58.0
2013,True,152409599,3396960,12,even,False,False,True,62.0
2014,True,32379412473170124875,721504810595091954,36,even,False,False,True,138.0
2015,True,404,9,4,even,True,True,,
2016,False,449,10,4,even,True,True,,
2017,True,22691017898615873418283839489716246568157231499338273,505243842362839347335084683756885179819279000763128,51,odd,False,False,True,216.0
2018,True,56280003,1252834,12,even,False,False,True,82.0
2019,True,674,15,4,even,True,True,,
2020,False,809,18,4,even,True,True,,
2021,True,45495,1012,6,even,True,True,,
2022,True,1349,30,4,even,True,True,,
2023,False,2024,45,4,even,True,True,,
2024,False,45,1,2,even,True,True,,
2026,True,4051,90,1,odd,True,True,,
2027,True,2026,45,2,even,True,True,,
2028,False,1351,30,2,even,True,True,,
2029,True,4164193801,92446380,5,odd,False,False,True,46.0
2030,True,811,18,2,even,True,True,,
2031,True,676,15,2,even,True,True,,
2032,False,44757606858751,992898844800,28,even,False,False,True,80.0
2033,True,61795078487,1370519436,20,even,False,False,True,62.0
2034,False,451,10,2,even,True,True,,
2035,True,406,9,2,even,True,True,,
2036,False,313201220822405001,6941200020407350,30,even,False,False,True,130.0
2037,True,155143351,3437460,10,even,False,False,True,74.0
2038,True,16073715125005882674057412962488837,356052612909782828757661492925706,74,even,False,False,True,302.0
2039,True,179221048487196942112440,3968993620357130831179,44,even,False,False,True,204.0
2040,False,271,6,2,even,True,True,,
2041,True,15380575814145385,340448239257108,36,even,False,False,True,128.0
2042,True,10775075410899,238447322110,13,odd,False,False,True,24.0
2043,False,226,5,2,even,True,True,,
2044,False,35087884780634163199,776098318507233120,32,even,False,False,True,170.0
2045,True,33708961,745416,10,even,False,False,True,62.0
2046,True,1668545,36888,12,even,False,False,True,20.0
2047,True,5566204448,123026943,12,even,False,False,True,94.0
2048,False,886731088897,19594173939,24,even,False,False,True,84.0
2049,True,28661728361680464688535,633186135065525829476,44,even,False,False,True,176.0
2050,False,17322499,382590,7,odd,False,False,True,6.0
2051,True,20521767174,453139505,24,even,False,False,True,50.0
2052,False,13771351,304010,14,even,False,False,True,28.0
2053,True,250607337495961345281030961012407293763134459221296801448080649,5530944591957664391168044355584108756032547977899443803262020,61,odd,False,False,True,266.0
2054,True,1877199,41420,12,even,False,False,True,24.0
2055,True,136,3,2,even,True,True,,
2056,False,4625,102,6,even,False,False,True,10.0
2057,False,2177,48,6,even,False,False,True,2.0
2058,False,3974443213,87609986,26,even,False,False,True,50.0
2059,True,76292657571747809951,1681336224678949560,44,even,False,False,True,146.0
2060,False,605937671,13350402,20,even,False,False,True,54.0
2061,False,5848201,128820,10,even,False,False,True,52.0
2062,True,567034525839383717427728783,12487203022606223107580268,48,even,False,False,True,256.0
2063,True,173135049024,3811846295,24,even,False,False,True,88.0
2064,False,16855,371,6,even,False,False,True,10.0
2065,True,14475574716119,318548663508,28,even,False,False,True,70.0
2066,True,1930854760705,42479994192,26,even,False,False,True,104.0
2067,True,1273,28,4,even,True,True,,
2068,False,590968985399,12995393130,22,even,False,False,True,66.0
2069,True,86255443617801,1896296606180,11,odd,False,False,True,50.0
2070,False,91,2,2,even,True,True,,
2071,True,3367541100844631060,73998489635355363,34,even,False,False,True,168.0
2072,False,2367,52,6,even,True,True,,
2073,True,39676910452570843351,871441415914250980,42,even,False,False,True,144.0
2074,True,3109416451351132051,68277013431540030,19,odd,False,False,True,54.0
2075,False,2205226,48411,14,even,False,False,True,24.0
2076,False,441156441438751,9682309261300,36,even,False,False,True,84.0
2077,True,109506943,2402832,18,even,False,False,True,38.0
2078,True,13206606399,289713320,24,even,False,False,True,76.0
2079,False,1755676,38505,14,even,False,False,True,26.0
2080,False,84474001,1852215,16,even,False,False,True,52.0
2081,True,32967201,722680,11,odd,False,False,True,10.0
2082,True,1529122817,33512128,22,even,False,False,True,74.0
2083,True,62445567158446396645849585981125626,1368223292197435389350164213197825,74,even,False,False,True,306.0
2084,False,32961431500035201,722033266327160,38,even,False,False,True,118.0
2085,True,1285471,28152,10,even,False,False,True,28.0
2086,True,4669990321339855,102248943296628,34,even,False,False,True,122.0
2087,True,120084010141224,2628596697805,28,even,False,False,True,118.0
2088,False,19603,429,10,even,False,False,True,12.0
2089,True,32293761348506119201,706560592424994840,21,odd,False,False,True,58.0
2090,True,20481,448,10,even,False,False,True,14.0
2091,True,253010,5533,10,even,False,False,True,56.0
2092,False,13385850577032991983751,292661188995551486550,44,even,False,False,True,188.0
2093,True,183,4,4,even,True,True,,
2094,True,20080832545197365,438827035407914,32,even,False,False,True,130.0
2095,True,56227508629697854439,1228448140439118324,44,even,False,False,True,136.0
2096,False,225144199,4917735,20,even,False,False,True,32.0
2097,False,2300086406901705857,50227890194279728,36,even,False,False,True,124.0
2098,True,5456897,119136,10,even,False,False,True,68.0
2099,True,1530170,33399,10,even,False,False,True,60.0
2100,False,6049,132,8,even,False,False,True,6.0
2101,True,13751,300,6,even,False,False,True,8.0
2102,True,41966540404457957,915349213910082,34,even,False,False,True,140.0
2103,True,34348,749,6,even,False,False,True,22.0
2104,False,84056091546952933775,1832509878662147766,44,even,False,False,True,134.0
2105,True,16978089,370052,12,even,False,False,True,46.0
2106,False,562756526801,12262848340,22,even,False,False,True,66.0
2107,False,168867574226,3678866235,24,even,False,False,True,98.0
2108,False,557567,12144,8,even,False,False,True,4.0
2109,True,838444191076855,18257271349044,26,even,False,False,True,138.0
2110,True,71406802077926581,1554527310090786,34,even,False,False,True,116.0
2111,True,769864187548064400,16755986469105247,36,even,False,False,True,168.0
2112,False,1057,23,4,even,True,True,,
2113,True,1945570883737706036137311990847801980996814849,42325033421885323238322401350399374136580160,45,odd,False,False,True,182.0
2114,True,2115,46,4,even,True,True,,
2115,False,46,1,2,even,True,True,,
2117,True,4233,92,1,odd,True,True,,
2118,True,2117,46,2,even,True,True,,
2119,True,185977771273124,4040132054325,24,even,False,False,True,122.0
2120,False,1059,23,2,even,True,True,,
2121,True,947004461801,20562773460,20,even,False,False,True,74.0
2122,True,81248699281531826148007812499,1763777212168887748250943750,31,odd,False,False,True,102.0
2123,True,62078642,1347309,10,even,False,False,True,84.0
2124,False,561799,12190,8,even,False,False,True,20.0
2125,False,30492677324331251603220874249,661479045208373412203854356,25,odd,False,False,True,110.0
2126,True,2846915971617054735,61743752276468668,36,even,False,False,True,162.0
2127,True,6365401,138020,10,even,False,False,True,48.0
2128,False,2588599,56115,10,even,False,False,True,26.0
2129,True,962886001563834652798926337561605830200449,20868298597038898618149766995762189842480,43,odd,False,False,True,154.0
2130,True,23999,520,8,even,False,False,True,10.0
2131,True,452144894661429530942871827090,9794582001683535518729480823,58,even,False,False,True,294.0
2132,False,74859849,1621270,14,even,False,False,True,48.0
2133,False,228151,4940,10,even,False,False,True,14.0
2134,True,9701,210,4,even,False,False,True,2.0
2135,True,7624,165,6,even,False,False,True,8.0
2136,False,3678725,79597,14,even,False,False,True,32.0
2137,True,2657071873810183629927660276844678125066814921353118849,57477919679025668074133797385020454311793670837713520,59,odd,False,False,True,220.0
2138,True,893038323,19313734,5,odd,False,False,True,18.0
2139,True,185,4,2,even,True,True,,
2140,False,5241052780831,113295235548,28,even,False,False,True,78.0
2141,True,382148768097565465940572604562541449,8258936562456706424027181945079340,31,odd,False,False,True,144.0
2142,False,11663,252,8,even,False,False,True,8.0
2143,True,20237054048,437155761,24,even,False,False,True,82.0
2144,False,42588211249,919765275,16,even,False,False,True,74.0
2145,True,28159,608,6,even,False,False,True,14.0
2146,True,88398458648553126433699,1908226109045577235590,21,odd,False,False,True,70.0
2147,True,19322,417,6,even,False,False,True,48.0
2148,False,192349463,4150246,16,even,False,False,True,46.0
2149,True,737004830625573318331838783974317934135,15898352671473750671298540899829872724,84,even,False,False,True,332.0
2150,False,216528049,4669764,20,even,False,False,True,38.0
2151,False,76759023628799,1655042828320,32,even,False,False,True,74.0
2152,False,9536081203,205564827,18,even,False,False,True,68.0
2153,True,107649,2320,3,odd,True,False,,
2154,True,818767969199,17641600980,24,even,False,False,True,64.0
2155,True,225634595102009,4860512347644,32,even,False,False,True,98.0
2156,False,31521799,678870,16,even,False,False,True,40.0
2157,True,82139999,1768600,12,even,False,False,True,62.0
2158,True,218981472870187,4713913970514,30,even,False,False,True,122.0
2159,True,28576,615,8,even,False,False,True,12.0
2160,False,119071,2562,8,even,False,False,True,24.0
2161,True,10596799446628733252272832676133784715292720112612262977708598049,227954059961791143233987331823126742246798584250769902674816680,63,odd,False,False,True,266.0
2162,True,93,2,2,even,True,True,,
2163,True,5767,124,6,even,True,True,,
2164,False,3707453360023867028800645599667005001,79697934860635055038593569387598450,82,even,False,False,True,302.0
2165,True,122470945304304969,2632110512057068,17,odd,False,False,True,72.0
2166,False,456335045,9805158,18,even,False,False,True,74.0
2167,True,44495093096796772,955834416754893,42,even,False,False,True,116.0
2168,False,4293183,92204,16,even,False,False,True,30.0
2169,False,10085143557001249,216547068348200,38,even,False,False,True,108.0
2170,True,559,12,6,even,True,True,,
2171,True,10467498023126,224653389675,30,even,False,False,True,66.0
2172,False,669337,14362,14,even,False,False,True,28.0
2173,True,734473,15756,7,odd,False,False,True,6.0
2174,True,6720269075233323408756735,144130831594640199270976,52,even,False,False,True,210.0
2175,False,87724,1881,10,even,False,False,True,24.0
2176,False,11995201,257145,12,even,False,False,True,44.0
2177,True,5599,120,8,even,False,False,True,8.0
2178,False,19601,420,6,even,False,False,True,42.0
2179,True,240603723898420099641751383966815800602410,5154347913276724527274139160292653303441,86,even,False,False,True,380.0
2180,False,1961,42,6,even,False,False,True,6.0
2181,True,6513116394236867715918693317815,139463643378251489774926196748,66,even,False,False,True,260.0
2182,True,21115315970951941617317,452033073379115994678,38,even,False,False,True,226.0
2183,True,1107372,23701,16,even,False,False,True,28.0
2184,False,701,15,6,even,True,True,,
2185,True,2501491975869079,53514736760052,38,even,False,False,True,84.0
2186,True,244092688119258902451,5220711462650613470,19,odd,False,False,True,68.0
2187,False,1385331749802026,29623024395005,30,even,False,False,True,126.0
2188,False,51313727893789284875438776327,1097008286311765583836380066,56,even,False,False,True,248.0
2189,True,701284897131794999,14988963610793700,34,even,False,False,True,138.0
2190,True,18251,390,8,even,False,False,True,14.0
2191,True,2812922316995718320,60094752360539433,36,even,False,False,True,198.0
2192,False,6083073,129928,14,even,False,False,True,40.0
2193,True,29439864343,628660956,20,even,False,False,True,58.0
2194,True,360608130778278261905,7698696570811675764,50,even,False,False,True,150.0
2195,True,28764159,613952,16,even,False,False,True,42.0
2196,False,1766319049,37692330,18,even,False,False,True,42.0
2197,False,14843545748909797093290079362183781339849,316681451523016538870549220125463648180,35,odd,False,False,True,192.0
2198,True,42292347,902086,16,even,False,False,True,42.0
2199,True,678352095385,14465803324,26,even,False,False,True,84.0
2200,False,30580901,651987,16,even,False,False,True,38.0
2201,True,23072561163011325951,491796897487589120,38,even,False,False,True,138.0
2202,True,593219533,12641738,18,even,False,False,True,60.0
2203,True,8826151854096025892882,188046020279289948171,46,even,False,False,True,222.0
2204,False,140448799,2991660,16,even,False,False,True,64.0
2205,False,51841,1104,6,even,False,False,True,2.0
2206,True,879046987036219577199102482497977431003135,18715840511342009929147489921762333395648,80,even,False,False,True,384.0
2207,True,2208,47,4,even,True,True,,
2208,False,47,1,2,even,True,True,,
2210,True,4419,94,1,odd,True,True,,
2211,True,2210,47,2,even,True,True,,
2212,False,624635837407,13281108852,22,even,False,False,True,110.0
2213,True,5404256649,114880220,5,odd,False,False,True,44.0
2214,False,2801381440774085,59536519034846,30,even,False,False,True,150.0
2215,True,30409059868444,646124379867,20,even,False,False,True,102.0
2216,False,60756099699,1290639665,22,even,False,False,True,74.0
2217,True,33101760540247,703020915868,30,even,False,False,True,96.0
2218,True,188104237664228083,3994089649883646,11,odd,False,False,True,66.0
2219,True,2405842335,51072664,18,even,False,False,True,52.0
2220,False,6581191,139678,12,even,False,False,True,48.0
2221,True,63063885597291636324495049,1338155077873850588494620,27,odd,False,False,True,66.0
2222,True,9899,210,4,even,False,False,True,2.0
2223,False,85292,1809,10,even,False,False,True,18.0
2224,False,12032115501124999,255137679217125,32,even,False,False,True,94.0
2225,False,500001,10600,10,even,False,False,True,22.0
2226,True,48799645,1034318,16,even,False,False,True,42.0
2227,True,255171482138190122,5407194947981673,34,even,False,False,True,138.0
2228,False,27849,590,6,even,False,False,True,26.0
2229,True,6746130544160303087615,142889299355407689216,40,even,False,False,True,192.0
2230,True,72251,1530,6,even,False,False,True,22.0
2231,True,147355320,3119723,12,even,False,False,True,80.0
2232,False,7937,168,4,even,False,False,True,12.0
2233,True,10207,216,6,even,False,False,True,14.0
2234,True,5962484828624480578892499,126149549118783899016350,29,odd,False,False,True,74.0
2235,True,626546,13253,12,even,False,False,True,30.0
2236,False,506568295,10712778,10,even,False,False,True,90.0
2237,True,1976004569358981995803614798641072649,41778702912417782604576378017491660,37,odd,False,False,True,140.0
2238,True,252149,5330,8,even,False,False,True,38.0
2239,True,125056611057426103817571970427014880,2642893170294320623381279806789729,68,even,False,False,True,332.0
2240,False,10081,213,4,even,False,False,True,26.0
2241,False,8553815,180692,12,even,False,False,True,48.0
2242,True,8130355506858257,171708475260588,26,even,False,False,True,140.0
2243,True,4216034762,89020401,18,even,False,False,True,82.0
2244,False,522785,11036,12,even,False,False,True,18.0
2245,True,3881607656256161,81922550194296,30,even,False,False,True,128.0
2246,True,105964274723956380485,2235911419162860462,38,even,False,False,True,170.0
2247,True,18724,395,6,even,False,False,True,18.0
2248,False,220938497,4659864,18,even,False,False,True,48.0
2249,True,77728359201,1639021960,11,odd,False,False,True,20.0
2250,False,39480499,832322,14,even,False,False,True,36.0
2251,True,182330,3843,6,even,False,False,True,56.0
2252,False,9281213767,195578262,16,even,False,False,True,74.0
2253,True,32049873888048012151,675220670884419660,42,even,False,False,True,156.0
2254,False,57643991108495,1214163258516,24,even,False,False,True,136.0
2255,True,3609,76,4,even,True,True,,
2256,False,95,2,2,even,True,True,,
2257,True,4940078897198882821249,103984379707270328400,21,odd,False,False,True,102.0
2258,True,2426397123,51062246,7,odd,False,False,True,30.0
2259,False,3674890,77319,10,even,False,False,True,36.0
2260,False,435259412378569,9155750551974,30,even,False,False,True,102.0
2261,True,951,20,6,even,True,True,,
2262,True,97499,2050,14,even,False,False,True,12.0
2263,True,110888,2331,8,even,False,False,True,54.0
2264,False,95609285,2009379,18,even,False,False,True,38.0
2265,True,486976309471,10232310984,30,even,False,False,True,54.0
2266,True,2764743626523751885,58079773336224042,38,even,False,False,True,128.0
2267,True,11121951531682,233590533237,26,even,False,False,True,106.0
2268,False,8193151,172040,16,even,False,False,True,44.0
2269,True,30021853822377566529035247049,630260744425631939359631940,29,odd,False,False,True,122.0
2270,True,24618466891,516711438,22,even,False,False,True,64.0
2271,True,2737623170905,57446701988,26,even,False,False,True,94.0
2272,False,143,3,4,even,True,True,,
2273,True,765910128188622849,16064902521711040,19,odd,False,False,True,48.0
2274,True,22036808705,462118624,22,even,False,False,True,86.0
2275,False,1574,33,6,even,False,False,True,6.0
2276,False,16760473211643448449,351317794262007160,42,even,False,False,True,146.0
2277,False,3222617399,67534740,18,even,False,False,True,70.0
2278,True,14945957,313146,14,even,False,False,True,68.0
2279,True,181556905575,3803125084,22,even,False,False,True,76.0
2280,False,191,4,4,even,True,True,,
2281,True,2981649830743654269669907724743299862819650512057127554474550049,62430094928777423119382521794712492545154361356761603591711480,63,odd,False,False,True,266.0
2282,True,3570351,74740,14,even,False,False,True,28.0
2283,True,79834226,1670845,18,even,False,False,True,68.0
2284,False,65612063992983395551353492198003600753799,1372889710241988479048470561798891118310,88,even,False,False,True,340.0
2285,True,93197234874249,1949664683980,11,odd,False,False,True,58.0
2286,False,130049,2720,8,even,False,False,True,18.0
2287,True,3408802706371217226890624,71280179337004908750375,48,even,False,False,True,238.0
2288,False,287,6,4,even,True,True,,
2289,True,2883049,60260,14,even,False,False,True,22.0
2290,True,3609620264130499,75429942195210,15,odd,False,False,True,44.0
2291,True,82926027861510,1732520247017,26,even,False,False,True,108.0
2292,False,383,8,4,even,True,True,,
2293,True,3996915809449797781026127104343692038269891422048887887519392649,83468569984407449450628148057917020621955697123575980095681020,65,odd,False,False,True,280.0
2294,True,3294555,68786,14,even,False,False,True,32.0
2295,False,16336,341,8,even,False,False,True,12.0
2296,False,575,12,4,even,True,True,,
2297,True,387430169379776126085928364346126849,8083751207539140825274724655487520,35,odd,False,False,True,124.0
2298,True,767,16,4,even,True,True,,
2299,False,19651490,409851,12,even,False,False,True,54.0
2300,False,1151,24,4,even,True,True,,
2301,True,1535,32,4,even,True,True,,
2302,True,2303,48,4,even,True,True,,
2303,False,48,1,2,even,True,True,,
2305,True,4609,96,1,odd,True,True,,
2306,True,2305,48,2,even,True,True,,
2307,True,1537,32,2,even,True,True,,
2308,False,1153,24,2,even,True,True,,
2309,True,14554556667841571687399049,302891450437481103365540,19,odd,False,False,True,114.0
2310,True,769,16,2,even,True,True,,
2311,True,400892050972310899724010277137604913515533179720,8339259190601108963913338322963746423187510147,96,even,False,False,True,428.0
2312,False,577,12,2,even,True,True,,
2313,False,526337,10944,8,even,False,False,True,30.0
2314,True,283149908724275862475699,5886196398574838457570,21,odd,False,False,True,70.0
2315,True,131533206,2733757,14,even,False,False,True,46.0
2316,False,385,8,2,even,True,True,,
2317,True,837558013263245527053151,17400105486629221264920,46,even,False,False,True,220.0
2318,True,2588597,53766,12,even,False,False,True,28.0
2319,True,11248310441088076,233580680620735,30,even,False,False,True,104.0
2320,False,289,6,2,even,True,True,,
2321,True,418350700413556946199,8683662388409533340,44,even,False,False,True,150.0
2322,False,67897601,1409040,10,even,False,False,True,74.0
2323,True,32130633887,666645096,14,even,False,False,True,76.0
2324,False,152071153975,3154487274,28,even,False,False,True,52.0
2325,False,12151,252,8,even,False,False,True,8.0
2326,True,1011704154316301042971871388557808298433676201125,20977255994808703605657308111046802217613857982,94,even,False,False,True,430.0
2327,True,9050599,187620,12,even,False,False,True,24.0
2328,False,193,4,2,even,True,True,,
2329,True,1070304336185345,22178008247616,28,even,False,False,True,96.0
2330,True,87463539,1811962,7,odd,False,False,True,12.0
2331,False,847225,17548,12,even,False,False,True,20.0
2332,False,8429543,174558,14,even,False,False,True,28.0
2333,True,952186285721586679031291493824649,19713537015717627287428087472020,31,odd,False,False,True,130.0
2334,True,1074126251,22233350,12,even,False,False,True,70.0
2335,True,4204,87,4,even,False,False,True,12.0
2336,False,145,3,2,even,True,True,,
2337,True,672604673,13913312,18,even,False,False,True,48.0
2338,True,675683,13974,8,even,False,False,True,58.0
2339,True,6959111461257844826290,143892673428943412721,42,even,False,False,True,200.0
2340,False,33281,688,8,even,False,False,True,16.0
2341,True,149596963188697267858901449,3091876017376235762088660,29,odd,False,False,True,66.0
2342,True,251103639062501,5188711946250,26,even,False,False,True,114.0
2343,True,10649,220,6,even,False,False,True,8.0
2344,False,33867877212256207699,699534556029004155,42,even,False,False,True,124.0
2345,True,15129001,312420,14,even,False,False,True,32.0
2346,True,46622195,962562,18,even,False,False,True,32.0
2347,True,323870477352338993274741120507602,6685206343255953671339194057443,66,even,False,False,True,306.0
2348,False,7274533788487,150126071154,20,even,False,False,True,94.0
2349,False,192119201,3963960,14,even,False,False,True,62.0
2350,False,9187426914049,189522146352,28,even,False,False,True,82.0
2351,True,5381836320,110995193,16,even,False,False,True,112.0
2352,False,97,2,2,even,True,True,,
2353,True,28426024561897,586010183844,30,even,False,False,True,118.0
2354,True,26851797424385,553439475216,26,even,False,False,True,118.0
2355,True,45374,935,8,even,False,False,True,18.0
2356,False,41423166067036218751,853405911531873000,38,even,False,False,True,176.0
2357,True,1279572873,26356348,11,odd,False,False,True,16.0
2358,False,104980517,2161906,18,even,False,False,True,72.0
2359,True,8127739376,167342325,18,even,False,False,True,96.0
2360,False,5781,119,10,even,False,False,True,10.0
2361,True,272492068098280169294544535,5607972450814722925722772,54,even,False,False,True,214.0
2362,True,118099,2430,5,odd,True,False,,
2363,True,1070271226,22017195,18,even,False,False,True,78.0
2364,False,54897073951,1129081940,24,even,False,False,True,62.0
2365,True,155231,3192,12,even,False,False,True,16.0
2366,False,362074049,7443720,18,even,False,False,True,36.0
2367,False,38713200767,795719408,24,even,False,False,True,58.0
2368,False,10657,219,8,even,False,False,True,26.0
2369,True,4796828434236403935,98553409885410536,36,even,False,False,True,132.0
2370,True,4406461,90514,18,even,False,False,True,28.0
2371,True,191040489782439912520686852440210,3923373423465515100422422137087,66,even,False,False,True,318.0
2372,False,721517598849,14814588280,26,even,False,False,True,68.0
2373,True,19825399,406980,12,even,False,False,True,54.0
2374,True,47541174557527728086227215574494403891385765,975729756992818394465954368763068733505174,94,even,False,False,True,402.0
2375,False,1442400999,29597444,22,even,False,False,True,42.0
2376,False,1098305,22532,10,even,False,False,True,36.0
2377,True,1451575565312415549196945328336473408820113982859200717953,29773168695558654784315702895565504921917594965036600848,59,odd,False,False,True,240.0
2378,True,1374483,28186,5,odd,False,False,True,8.0
2379,True,1951,40,6,even,False,False,True,2.0
2380,False,685536391,14052126,16,even,False,False,True,62.0
2381,True,11395736301042986619081135380398394825126509997077449,233540762241346572206168462525797675029565237626140,55,odd,False,False,True,210.0
2382,True,1135209064373,23259746202,28,even,False,False,True,82.0
2383,True,19515644377863617024,399779825830543095,36,even,False,False,True,208.0
2384,False,25801741449,528440255,22,even,False,False,True,62.0
2385,False,73738369,1509904,14,even,False,False,True,44.0
2386,True,341500494791825,6991270689972,26,even,False,False,True,122.0
2387,True,342,7,4,even,True,True,,
2388,False,463287093751,9480539250,22,even,False,False,True,84.0
2389,True,306337641617643341027085710770455942914371640417170871093925283234950306862032993601801,6267470373068851592534232163240483565084111376077086357718810651845698044589579398820,89,odd,False,False,True,380.0
2390,True,38719,792,8,even,True,True,,
2391,True,148084286735433124,3028441506476925,38,even,False,False,True,112.0
2392,False,1574351,32190,10,even,False,False,True,32.0
2393,True,295257206251603065899553,6035721005670799402216,21,odd,False,False,True,76.0
2394,False,685,14,4,even,True,True,,
2395,True,103771570282402499999,2120438249781879000,44,even,False,False,True,136.0
2396,False,1218834694718570634844060799,24900117775077576036296520,60,even,False,False,True,208.0
2397,True,58751,1200,6,even,False,False,True,2.0
2398,True,47758341060857899,975269501660730,32,even,False,False,True,148.0
2399,True,2400,49,4,even,True,True,,
2400,False,49,1,2,even,True,True,,
2402,True,4803,98,1,odd,True,True,,
2403,False,2402,49,2,even,True,True,,
2404,False,38902815462492318420311478049,793439471050944180129312540,54,even,False,False,True,250.0
2405,True,6937948809,141472996,5,odd,False,False,True,50.0
2406,True,1238586474725,25250996502,22,even,False,False,True,124.0
2407,True,8008988057,163244892,16,even,False,False,True,68.0
2408,False,687,14,2,even,True,True,,
2409,True,54540119886935,1111213958756,28,even,False,False,True,100.0
2410,True,58321,1188,6,even,False,False,True,2.0
2411,True,28919582002250,588970315053,26,even,False,False,True,134.0
2412,False,4771081927,97146738,16,even,False,False,True,72.0
2413,True,5955988434047976099520351,121248167838150333490920,48,even,False,False,True,226.0
2414,True,100086180495,2037067796,24,even,False,False,True,92.0
2415,True,344,7,2,even,True,True,,
2416,False,5972991296311683199,121518784531975860,32,even,False,False,True,126.0
2417,True,15099342054911294840646401195553,307128202758641061628344663368,29,odd,False,False,True,110.0
2418,True,65597,1334,8,even,False,False,True,18.0
2419,True,2951,60,4,even,True,True,,
2420,False,930249,18910,8,even,False,False,True,34.0
2421,False,361751201,7352120,12,even,False,False,True,50.0
2422,True,182777975301851,3713956329390,32,even,False,False,True,92.0
2423,True,1317502788468009048,26765467659400331,36,even,False,False,True,156.0
2424,False,42187499,856875,16,even,False,False,True,28.0
2425,False,991148570062293006927649,20127177993808386791352,21,odd,False,False,True,76.0
2426,True,148314191694360051,3011184116724010,13,odd,False,False,True,60.0
2427,True,160300922,3253877,14,even,False,False,True,80.0
2428,False,53841889845336579650047,1092687447326186116944,40,even,False,False,True,206.0
2429,True,20531295,416584,10,even,False,False,True,62.0
2430,False,592479412811,12019049602,22,even,False,False,True,80.0
2431,True,189161350676,3836541735,28,even,False,False,True,54.0
2432,False,14982337,303807,12,even,False,False,True,42.0
2433,True,63670563626691168727,1290825808144164404,42,even,False,False,True,152.0
2434,True,21905,444,6,even,False,False,True,48.0
2435,True,186599406,3781471,14,even,False,False,True,46.0
2436,False,605695,12272,12,even,False,False,True,20.0
2437,True,32472696755920330690080711263965017645143994091448496649,657795036819592171651043118041465257939716709324785540,51,odd,False,False,True,258.0
2438,True,1259387,25506,12,even,False,False,True,34.0
2439,False,115974983600,2348326179,24,even,False,False,True,58.0
2440,False,10323982819,209002923,22,even,False,False,True,70.0
2441,True,510786067005253200696624792919527201,10338443354694960248057023374262280,31,odd,False,False,True,134.0
2442,True,593,12,4,even,True,True,,
2443,True,8874529095917582,179549245356531,28,even,False,False,True,138.0
2444,False,112267858951,2270935710,24,even,False,False,True,60.0
2445,True,31066036531361,628270136424,26,even,False,False,True,112.0
2446,True,110455597406417912886468927634728366095,2233363954603885561757402472995929212,76,even,False,False,True,358.0
2447,True,2485305658337359728,50241526235425367,32,even,False,False,True,164.0
2448,False,2177,44,4,even,True,True,,
2449,True,17658084059996578885631665215199,356819998742524885088313459480,64,even,False,False,True,258.0
2450,False,99,2,2,even,True,True,,
2451,True,6535,132,6,even,True,True,,
2452,False,464018873584078278910994299849,9370772892415998940154392170,66,even,False,False,True,248.0
2453,True,1783,36,6,even,True,True,,
2454,True,216954049,4379560,14,even,False,False,True,50.0
2455,True,172714792409,3485810604,20,even,False,False,True,88.0
2456,False,348291186245,7027944177,30,even,False,False,True,60.0
2457,False,1536960151,31007020,18,even,False,False,True,38.0
2458,True,6378289825268544160528375752313946899,128651042603104621545258765571780830,43,odd,False,False,True,128.0
2459,True,710650,14331,10,even,False,False,True,60.0
2460,False,30751,620,8,even,False,False,True,24.0
2461,True,264369004501815612568989869316815353659994295,5329110540731505354807156843228037721873628,92,even,False,False,True,386.0
2462,True,831452185599,16756883680,28,even,False,False,True,96.0
2463,True,1005724,20265,14,even,False,False,True,26.0
2464,False,21295,429,10,even,False,False,True,12.0
2465,True,2340374529,47138624,11,odd,False,False,True,18.0
2466,False,3959299,79730,14,even,False,False,True,28.0
2467,True,22202,447,6,even,False,False,True,52.0
2468,False,3363593612801313,67706590009124,34,even,False,False,True,110.0
2469,True,555055794150367172751943560055,11170589578665568769925617436,62,even,False,False,True,254.0
2470,True,2426111,48816,12,even,False,False,True,30.0
2471,True,1840324200,37021837,20,even,False,False,True,82.0
2472,False,10093,203,10,even,False,False,True,12.0
2473,True,1077653091075215311210462410031602054173398008770985049341807649,21670399651809219935798042140828082155281425528674136093968920,65,odd,False,False,True,262.0
2474,True,2728833266730348338451,54862696984913690410,23,odd,False,False,True,60.0
2475,False,199,4,4,even,True,True,,
2476,False,535019630997701825605781201258769799,10752127293610865831136805321725270,72,even,False,False,True,308.0
2477,True,36677684731688649,736951504575260,13,odd,False,False,True,68.0
2478,True,28673,576,10,even,False,False,True,10.0
2479,True,5182487094109449252757735,104087832710449946047284,48,even,False,False,True,210.0
2480,False,249,5,4,even,True,True,,
2481,True,41029787211213179861015,823731895479202148452,52,even,False,False,True,180.0
2482,True,18471043,370758,7,odd,False,False,True,12.0
2483,True,13753,276,8,even,False,False,True,10.0
2484,False,7775,156,6,even,False,False,True,8.0
2485,True,231097361791031,4635875787444,30,even,False,False,True,108.0
2486,True,5174949,103790,12,even,False,False,True,34.0
2487,True,18982087189657,380632678652,30,even,False,False,True,98.0
2488,False,13804370063,276752406,16,even,False,False,True,66.0
2489,True,10463370680512283795799,209729326793842041340,46,even,False,False,True,164.0
2490,True,499,10,4,even,True,True,,
2491,True,715795212645713465,14341742665249692,30,even,False,False,True,134.0
2492,False,778751,15600,8,even,False,False,True,4.0
2493,False,159150073798980475849,3187467057959342340,42,even,False,False,True,150.0
2494,True,103140178995886814699,2065283408799435930,46,even,False,False,True,158.0
2495,True,999,20,4,even,True,True,,
2496,False,1249,25,4,even,True,True,,
2497,True,19409802197604122787127127,388429171414163648209068,56,even,False,False,True,206.0
2498,True,2499,50,4,even,True,True,,
2499,False,50,1,2,even,True,True,,
2501,True,5001,100,1,odd,True,True,,
2502,False,2501,50,2,even,True,True,,
2503,True,3279885894672961057409975624,65558394650105194201786275,52,even,False,False,True,276.0
2504,False,1251,25,2,even,True,True,,
2505,True,1001,20,2,even,True,True,,
2506,True,10240765556688399071935,204569974278531444552,46,even,False,False,True,154.0
2507,True,6436342,128547,12,even,False,False,True,40.0
2508,False,783751,15650,8,even,False,False,True,26.0
2509,True,740669850038599793795048200429418021449,14786804663978839612904675626912810620,31,odd,False,False,True,198.0
2510,True,501,10,2,even,True,True,,
2511,False,14047227440,280328503,14,even,False,False,True,72.0
2512,False,46698728731849,931741073055,30,even,False,False,True,76.0
2513,True,9325431659989887,186025593792944,30,even,False,False,True,110.0
2514,True,200665583259905,4002121369904,22,even,False,False,True,126.0
2515,True,7372738379676726046,147014384028893271,38,even,False,False,True,134.0
2516,False,123245001,2457050,14,even,False,False,True,52.0
2517,True,932070047201139239618399,18578341601833772538360,48,even,False,False,True,198.0
2518,True,640845364594942651248197,12771014100719348472534,42,even,False,False,True,246.0
2519,True,158961220199,3167211780,22,even,False,False,True,72.0
2520,False,251,5,2,even,True,True,,
2521,True,157068221854053769919189294173186467900785347825382086892929936363934648449,3128253249349285193244598566786224647518981898187177141738774303490223440,67,odd,False,False,True,318.0
2522,True,8478963,168838,5,odd,False,False,True,10.0
2523,False,189750626,3777675,16,even,False,False,True,44.0
2524,False,4794471714260877710395604276165927978529027199,95432452648775989611805886828924194405344120,92,even,False,False,True,384.0
2525,False,201,4,2,even,True,True,,
2526,True,7937097845,157922882,16,even,False,False,True,96.0
2527,False,33165873224,659764305,14,even,False,False,True,104.0
2528,False,7743,154,8,even,False,False,True,10.0
2529,False,10235103381188185123484801,203525026051307453065680,56,even,False,False,True,186.0
2530,True,1259389,25038,10,even,False,False,True,30.0
2531,True,353380102604290544775622660810,7024186271463934303726126527,58,even,False,False,True,258.0
2532,False,440772247,8759562,14,even,False,False,True,58.0
2533,True,1721249,34200,8,even,False,False,True,30.0
2534,True,10645372091451,211474273090,24,even,False,False,True,94.0
2535,False,937444,18619,12,even,False,False,True,30.0
2536,False,8711856945587257031251,172996019629700180625,46,even,False,False,True,154.0
2537,True,8274617367,164281132,18,even,False,False,True,58.0
2538,False,51977791151,1031744140,22,even,False,False,True,66.0
2539,True,13679657651580757481054438974219434008210,271483774332931982425065477999227053821,78,even,False,False,True,380.0
2540,False,31751,630,8,even,False,False,True,24.0
2541,False,6049,120,6,even,False,False,True,2.0
2542,True,175827599,3487380,16,even,False,False,True,68.0
2543,True,124608,2471,8,even,False,False,True,58.0
2544,False,3505951,69510,12,even,False,False,True,22.0
2545,True,219689611075957249,4354774053705120,15,odd,False,False,True,42.0
2546,True,164618455825,3262491012,22,even,False,False,True,90.0
2547,False,138274082,2739847,14,even,False,False,True,80.0
2548,False,1419278889601,28116938520,20,even,False,False,True,108.0
2549,True,100487356912123526021379257608724874758757013449,1990336491260784725970391979608934335228370380,45,odd,False,False,True,198.0
2550,False,101,2,2,even,True,True,,
2551,True,1276131425326586384638683766298398265960,25266214232002197381390770632974296907,76,even,False,False,True,372.0
2552,False,42283,837,8,even,False,False,True,28.0
2553,True,207305303,4102844,16,even,False,False,True,66.0
2554,True,48613985299,961946190,9,odd,False,False,True,20.0
2555,True,5914,117,8,even,False,False,True,10.0
2556,False,24220799,479080,16,even,False,False,True,30.0
2557,True,3776076546774119988466249,74675033397151470164700,23,odd,False,False,True,96.0
2558,True,1626624753663,32161560064,24,even,False,False,True,102.0
2559,True,275238491898535,5440941126044,34,even,False,False,True,102.0
2560,False,2161873163521,42727770057,24,even,False,False,True,88.0
2561,True,8138172863569276449,160813358214231560,27,odd,False,False,True,40.0
2562,True,61853,1222,14,even,False,False,True,16.0
2563,True,6952239575168282,137325258895089,30,even,False,False,True,148.0
2564,False,2609429220845977814049,51533128775481368860,50,even,False,False,True,168.0
2565,False,2431,48,8,even,False,False,True,2.0
2566,True,17095194007594852257233485090423256140475176902725,337478187371281328807970191795800558480788740658,102,even,False,False,True,450.0
2567,True,152,3,4,even,True,True,,
2568,False,5777,114,6,even,False,False,True,12.0
2569,True,80863008468539279210897090120039935,1595393590276490824270791169608864,72,even,False,False,True,296.0
2570,True,371935539,7336706,9,odd,False,False,True,14.0
2571,True,31751566691434250,626201524918013,38,even,False,False,True,130.0
2572,False,7911925298884046358073351,156007937768005064967810,48,even,False,False,True,224.0
2573,True,20087,396,12,even,False,False,True,8.0
2574,False,561835,11074,12,even,False,False,True,22.0
2575,False,47115579739725224,928487203504713,40,even,False,False,True,114.0
2576,False,11775,232,6,even,False,False,True,18.0
2577,True,97592255456747989283287,1922463689544097867028,46,even,False,False,True,182.0
2578,True,1006453089134478737,19822210359028716,38,even,False,False,True,154.0
2579,True,16663748663188450,328130828837559,34,even,False,False,True,158.0
2580,False,1024001,20160,14,even,False,False,True,10.0
2581,True,51578296201,1015249980,7,odd,False,False,True,32.0
2582,True,7790964912901,153325055130,30,even,False,False,True,98.0
2583,False,165887,3264,12,even,False,False,True,18.0
2584,False,305,6,4,even,True,True,,
2585,True,4224361879,83086572,26,even,False,False,True,44.0
2586,True,265591230250799,5222752797620,32,even,False,False,True,86.0
2587,True,130389118749343,2563557929352,28,even,False,False,True,126.0
2588,False,28890006853534847,567891683730504,36,even,False,False,True,120.0
2589,True,323606015,6359904,12,even,False,False,True,70.0
2590,True,2016433621,39621786,14,even,False,False,True,62.0
2591,True,1483136729556832472768880,29137177775792668701167,48,even,False,False,True,222.0
2592,False,19601,385,6,even,False,False,True,10.0
2593,True,104886450018170090238459447698867524467390367873,2059767152867444695286432167375150231311029136,57,odd,False,False,True,196.0
2594,True,621520949955,12203117314,24,even,False,False,True,114.0
2595,True,866,17,4,even,True,True,,
2596,False,1123593226162199,22052446047690,34,even,False,False,True,108.0
2597,False,66249,1300,6,even,True,True,,
2598,True,1733,34,4,even,True,True,,
2599,True,2600,51,4,even,True,True,,
2600,False,51,1,2,even,True,True,,
2602,True,5203,102,1,odd,True,True,,
2603,True,2602,51,2,even,True,True,,
2604,False,1735,34,2,even,True,True,,
2605,True,8818451209,172778004,5,odd,False,False,True,52.0
2606,True,72164166056115909135,1413625567753931548,40,even,False,False,True,188.0
2607,True,868,17,2,even,True,True,,
2608,False,8212499464321351,160813150648755,32,even,False,False,True,104.0
2609,True,165123328140388366928440935764846601249,3232744592314835160469386382296609800,37,odd,False,False,True,140.0
2610,False,670481,13124,8,even,False,False,True,34.0
2611,True,895512396180640781215,17525409158892481272,42,even,False,False,True,178.0
2612,False,10499986568677299849,205448113247006630,34,even,False,False,True,142.0
2613,True,328116151,6418860,10,even,False,False,True,76.0
2614,True,2158873130582231281710486108218385536645,42225454172666498656910154291739252854,82,even,False,False,True,372.0
2615,True,53890444,1053843,16,even,False,False,True,38.0
2616,False,8915765,174317,12,even,False,False,True,36.0
2617,True,135702025008454675751825974288345094606312291928193,2652677581917786152000108824071986708381703812688,49,odd,False,False,True,212.0
2618,True,307,6,2,even,True,True,,
2619,False,97555130,1906261,10,even,False,False,True,88.0
2620,False,737709209,14412342,16,even,False,False,True,52.0
2621,True,24028704201,469350020,5,odd,False,False,True,28.0
2622,True,4657547,90958,12,even,False,False,True,40.0
2623,True,4435785541709468,86610669502599,30,even,False,False,True,140.0
2624,False,2049,40,4,even,False,False,True,2.0
2625,False,1852321001,36153604,20,even,False,False,True,42.0
2626,True,1457695752897421729260451,28445890082936464843530,19,odd,False,False,True,76.0
2627,True,7251274873,141476508,20,even,False,False,True,60.0
2628,False,2281249,44500,14,even,False,False,True,18.0
2629,True,121850850019426775310037321280008691512780083551,2376475109998645181573715271897050811002748680,100,even,False,False,True,406.0
2630,True,71663291,1397394,14,even,False,False,True,48.0
2631,True,150986572135,2943593948,18,even,False,False,True,84.0
2632,False,1693,33,4,even,False,False,True,6.0
2633,True,119623847411912777238348616287074433,2331268721314498277378493043381456,31,odd,False,False,True,128.0
2634,True,548871829261148749,10694563314774850,38,even,False,False,True,116.0
2635,True,154,3,2,even,True,True,,
2636,False,70329799,1369830,12,even,False,False,True,56.0
2637,False,303596783562401,5912104491480,28,even,False,False,True,110.0
2638,True,10206656783,198722076,20,even,False,False,True,84.0
2639,True,222951,4340,12,even,False,False,True,12.0
2640,False,1079,21,6,even,False,False,True,4.0
2641,True,690059611606733132555506398399379286551,13427724087327877975122000454896887460,82,even,False,False,True,326.0
2642,True,132099,2570,3,odd,True,False,,
2643,True,11128569074402,216466524439,22,even,False,False,True,118.0
2644,False,16421658242965910275055840472270471049,319364239058474930623395583759240290,82,even,False,False,True,316.0
2645,False,51841,1008,6,even,False,False,True,24.0
2646,False,442644523201,8605184280,24,even,False,False,True,80.0
2647,True,10851309335942163141972945848,210913885947189340235995557,52,even,False,False,True,288.0
2648,False,1718102501,33387975,18,even,False,False,True,58.0
2649,True,99736649218553790682248535,1937821608115448210697276,50,even,False,False,True,210.0
2650,False,32080051,623178,10,even,False,False,True,56.0
2651,True,7562563370,146880507,10,even,False,False,True,120.0
2652,False,103,2,2,even,True,True,,
2653,True,258226633572765852547536256351,5013400598232490226918061720,58,even,False,False,True,266.0
2654,True,127473468682426439324344575,2474396794033166072130416,52,even,False,False,True,236.0
2655,False,2024999,39300,12,even,False,False,True,22.0
2656,False,5786139071247158449,112272872048960865,44,even,False,False,True,122.0
2657,True,218438255449455989686992576513,4237726480339255206465000832,35,odd,False,False,True,102.0
2658,True,215297,4176,10,even,False,False,True,54.0
2659,True,3258468890,63190881,18,even,False,False,True,86.0
2660,False,13719,266,10,even,False,False,True,12.0
2661,True,376563673973981910581240139155621375,7299884442486076765185604589919072,72,even,False,False,True,304.0
2662,False,17758147955498197829619317477,344186351387375874615919338,54,even,False,False,True,292.0
2663,True,6822820874808,132214286701,28,even,False,False,True,110.0
2664,False,27365201,530190,20,even,False,False,True,28.0
2665,True,2732067233303329,52922795435016,19,odd,False,False,True,44.0
2666,True,1549,30,8,even,True,True,,
2667,True,348487,6748,10,even,False,False,True,44.0
2668,False,107119097,2073834,20,even,False,False,True,36.0
2669,True,1861705,36036,10,even,False,False,True,32.0
2670,True,9611,186,6,even,False,False,True,22.0
2671,True,4349013252293818518099792221495121450841159712907200,84149935423822470461838794241638111398268441002137,104,even,False,False,True,472.0
2672,False,56447,1092,8,even,False,False,True,14.0
2673,False,48599,940,10,even,False,False,True,12.0
2674,True,510996085615,9881818476,26,even,False,False,True,62.0
2675,False,3561105626,68853015,26,even,False,False,True,40.0
2676,False,14226117859054135,275006746309218,34,even,False,False,True,114.0
2677,True,1451617168278375907849,28056139377287151780,19,odd,False,False,True,84.0
2678,True,207,4,4,even,True,True,,
2679,True,118580,2291,10,even,False,False,True,22.0
2680,False,5791211,111867,10,even,False,False,True,38.0
2681,True,108082190024525285855,2087400239884220952,40,even,False,False,True,150.0
2682,False,335473872499,6477826550,26,even,False,False,True,72.0
2683,True,773827814603282114525250626,14939429036546677804599675,58,even,False,False,True,276.0
2684,False,6872608799,132657060,16,even,False,False,True,82.0
2685,True,43319,836,8,even,False,False,True,16.0
2686,True,166299652488519935,3208768144845072,36,even,False,False,True,140.0
2687,True,26402897640624,509351698625,24,even,False,False,True,118.0
2688,False,227137,4381,8,even,False,False,True,28.0
2689,True,1486752598750298706771227207179839300086558418538034527998595302531419005266049,28671030661899945175593881928676636810622084494707302461995502272416462839440,85,odd,False,False,True,334.0
2690,True,89250590019,1720818062,11,odd,False,False,True,24.0
2691,False,415,8,4,even,True,True,,
2692,False,4765506835465395993032041249,91848394448293710849516300,58,even,False,False,True,240.0
2693,True,3682921693274451915849,70969918782526092340,21,odd,False,False,True,88.0
2694,True,4392033935525,84618805686,26,even,False,False,True,132.0
2695,False,501874561,9667536,16,even,False,False,True,62.0
2696,False,675,13,4,even,True,True,,
2697,True,3260760233,62788252,22,even,False,False,True,58.0
2698,True,988423910063,19029276204,24,even,False,False,True,82.0
2699,True,3086915899339582815293605610,59418728668948528290125949,58,even,False,False,True,246.0
2700,False,1351,26,4,even,True,True,,
2701,True,5214516077228494465,100334829892096368,34,even,False,False,True,190.0
2702,True,2703,52,4,even,True,True,,
2703,True,52,1,2,even,True,True,,
2705,True,5409,104,1,odd,True,True,,
2706,True,2705,52,2,even,True,True,,
2707,True,7628472907161187907593572773808842,146620089499130414571654614318553,70,even,False,False,True,316.0
2708,False,1353,26,2,even,True,True,,
2709,False,5883392537695,113037702744,20,even,False,False,True,118.0
2710,True,5445805235711744719,104611025547809124,32,even,False,False,True,138.0
2711,True,134815320,2589253,12,even,False,False,True,96.0
2712,False,677,13,2,even,True,True,,
2713,True,39429350836372357633,756997996428674976,15,odd,False,False,True,106.0
2714,True,176173055,3381696,14,even,False,False,True,40.0
2715,True,130681,2508,6,even,False,False,True,22.0
2716,False,633155031555810204799,12149130013405728120,36,even,False,False,True,196.0
2717,True,417,8,2,even,True,True,,
2718,False,36579008568257,701628471544,28,even,False,False,True,76.0
2719,True,90213158986852637950750592528480,1730076419895552990179657707311,64,even,False,False,True,332.0
2720,False,229841,4407,8,even,False,False,True,26.0
2721,True,5231287949706796270736288215,100286934195999623391686388,58,even,False,False,True,224.0
2722,True,2041762124683043,39134616546822,32,even,False,False,True,128.0
2723,True,94137,1804,6,even,False,False,True,24.0
2724,False,10743166003415,205839507874,28,even,False,False,True,70.0
2725,False,158070671986249,3028084891020,9,odd,False,False,True,62.0
2726,True,4699,90,6,even,False,False,True,2.0
2727,False,64317327724,1231644645,18,even,False,False,True,64.0
2728,False,1197901,22935,10,even,False,False,True,28.0
2729,True,964380464565806235972853895559243571971201,18460635036860138679424877332849707865840,45,odd,False,False,True,160.0
2730,True,209,4,2,even,True,True,,
2731,True,233491784972575648034872773766647543202470215173250,4467975213463184073224463717309444804937448359677,102,even,False,False,True,468.0
2732,False,57846032921706247,1106708467840038,36,even,False,False,True,132.0
2733,True,8807354212862973542399,168471191441485221120,44,even,False,False,True,184.0
2734,True,9929304667938841403973053868156585213824142095,189897646158051981637176755489848166277736956,88,even,False,False,True,436.0
2735,True,748844,14319,12,even,False,False,True,24.0
2736,False,57799,1105,8,even,False,False,True,14.0
2737,True,214123529206817,4092860986632,26,even,False,False,True,92.0
2738,False,175568277047523,3355284304366,15,odd,False,False,True,44.0
2739,True,24650,471,6,even,False,False,True,54.0
2740,False,95592800063517769,1826206572846942,34,even,False,False,True,126.0
2741,True,383850600571418163965914140743156114043627426249,7331750992960646600724177257481427433994594100,43,odd,False,False,True,204.0
2742,True,110593,2112,10,even,False,False,True,22.0
2743,True,36671287605913,700185729924,24,even,False,False,True,126.0
2744,False,10850138895,207130114,28,even,False,False,True,50.0
2745,False,478241,9128,12,even,False,False,True,18.0
2746,True,70309377969575864472290829571651856235693798011251,1341723385262255413788666848751511136518978103850,49,odd,False,False,True,192.0
2747,True,793882,15147,10,even,False,False,True,62.0
2748,False,165337,3154,10,even,False,False,True,20.0
2749,True,1309283418829459593551206699168227697836075150640293910312111829449,24971595874456862951870660098403722928901684196589825436070092420,63,odd,False,False,True,314.0
2750,False,65160501,1242562,16,even,False,False,True,36.0
2751,True,1049,20,4,even,True,True,,
2752,False,1175993762661217,22417170940737,32,even,False,False,True,116.0
2753,True,15632720771691397451179866304177977839649,297941819056883475686798723383130440120,35,odd,False,False,True,146.0
2754,False,171395,3266,6,even,False,False,True,30.0
2755,True,4409,84,4,even,True,True,,
2756,False,105,2,2,even,True,True,,
2757,True,7351,140,6,even,True,True,,
2758,True,3151,60,6,even,True,True,,
2759,True,70700164738920,1345998498781,24,even,False,False,True,152.0
2760,False,1471,28,6,even,True,True,,
2761,True,12483470907067715753153050883035799,237575772535037174786128402858380,66,even,False,False,True,288.0
2762,True,284815968247635958899,5419416101332012910,21,odd,False,False,True,62.0
2763,False,88529282,1684211,18,even,False,False,True,76.0
2764,False,1939162620131179839842285364969764232199,36884611344312579262751685776719848270,80,even,False,False,True,344.0
2765,True,631,12,6,even,True,True,,
2766,True,25508667791812164299,485022281287444230,40,even,False,False,True,136.0
2767,True,45611926379664274735533911024,867109281872267831470098615,60,even,False,False,True,292.0
2768,False,2499849,47515,18,even,False,False,True,22.0
2769,True,348383291046935,6620576979236,36,even,False,False,True,98.0
2770,True,46233656904498499,878452658074170,17,odd,False,False,True,42.0
2771,True,53538490,1017063,18,even,False,False,True,74.0
2772,False,246401,4680,12,even,False,False,True,18.0
2773,True,5714107890047,108510933936,30,even,False,False,True,76.0
2774,True,24965,474,6,even,False,False,True,54.0
2775,False,174049,3304,8,even,False,False,True,24.0
2776,False,38782105445014642382885,736074295451998836057,46,even,False,False,True,162.0
2777,True,65987073,1252192,7,odd,False,False,True,12.0
2778,True,862314349,16360610,22,even,False,False,True,44.0
2779,True,114322228490768496882326,2168634728131362290235,44,even,False,False,True,188.0
2780,False,33639,638,12,even,False,False,True,14.0
2781,False,64202725495,1217455148,22,even,False,False,True,78.0
2782,True,576276533,10925778,14,even,False,False,True,98.0
2783,False,127125624,2409775,18,even,False,False,True,48.0
2784,False,4210801,79805,12,even,False,False,True,42.0
2785,True,828965230694969335359009085729,15708102103882040469537404328,33,odd,False,False,True,92.0
2786,True,1473795,27922,12,even,False,False,True,66.0
2787,True,3617371959722,68521156353,30,even,False,False,True,108.0
2788,False,34849,660,6,even,False,False,True,24.0
2789,True,3508089167974376115475412293319049,66427264212708045889730290269860,29,odd,False,False,True,148.0
2790,False,848719,16068,12,even,False,False,True,24.0
2791,True,4458728908940210504213575731356879681480,84397804618194258715560532772853583533,84,even,False,False,True,382.0
2792,False,51999603,984107,14,even,False,False,True,54.0
2793,False,13771351,260580,18,even,False,False,True,46.0
2794,True,4830747042032757189358255,91390508914113248606964,52,even,False,False,True,182.0
2795,True,48374,915,10,even,False,False,True,14.0
2796,False,10315336204999,195080923950,24,even,False,False,True,94.0
2797,True,2480095742097605340009673,46894532812600599279132,25,odd,False,False,True,74.0
2798,True,457055996961423,8640632942956,28,even,False,False,True,126.0
2799,False,570130807708799,10776384040240,28,even,False,False,True,94.0
2800,False,8193151,154836,12,even,False,False,True,34.0
2801,True,95590515911922753197144582415072632595207201,1806168447278817771873693507844913181008120,47,odd,False,False,True,172.0
2802,True,144384257,2727632,10,even,False,False,True,96.0
2803,True,739601380783964457333962,13969670557664222702391,46,even,False,False,True,258.0
2804,False,277631049,5242990,10,even,False,False,True,80.0
2805,True,74359,1404,6,even,True,True,,
2806,True,133948994860768072699,2528690201566604790,36,even,False,False,True,190.0
2807,True,2808,53,4,even,True,True,,
2808,False,53,1,2,even,True,True,,
2810,True,5619,106,1,odd,True,True,,
2811,True,2810,53,2,even,True,True,,
2812,False,2687359451167,50677840668,16,even,False,False,True,142.0
2813,True,11105864649,209395580,5,odd,False,False,True,50.0
2814,True,21762805,410254,10,even,False,False,True,58.0
2815,True,82510175296505044,1555135767914343,32,even,False,False,True,126.0
2816,False,12545596801,236414985,16,even,False,False,True,78.0
2817,False,32188120829134849,606460052854720,30,even,False,False,True,110.0
2818,True,14290414644690524483,269199553916175054,40,even,False,False,True,170.0
2819,True,2405361813285308538610,45303616683140924511,42,even,False,False,True,196.0
2820,False,237161,4466,10,even,False,False,True,26.0
2821,True,287404172356006502918785,5411174328833789242512,42,even,False,False,True,232.0
2822,True,21249,400,4,even,False,False,True,10.0
2823,True,11945965828,224835989,22,even,False,False,True,60.0
2824,False,34595,651,4,even,False,False,True,18.0
2825,False,6987493029899166849,131465610218221552,21,odd,False,False,True,52.0
2826,False,308110930001,5795901900,20,even,False,False,True,72.0
2827,True,18503,348,6,even,False,False,True,12.0
2828,False,12761351,239970,12,even,False,False,True,42.0
2829,True,62975,1184,6,even,False,False,True,16.0
2830,True,257411014289490035536811,4838758064149565790978,50,even,False,False,True,174.0
2831,True,7449,140,6,even,True,True,,
2832,False,62423,1173,12,even,False,False,True,14.0
2833,True,154237768643612608151296137047141666625722944069633,2897793583281902184050772904521047625357662307456,45,odd,False,False,True,216.0
2834,True,1638051,30770,3,odd,False,False,True,8.0
2835,False,1431431,26884,10,even,False,False,True,32.0
2836,False,665782673992201,12501996582270,30,even,False,False,True,104.0
2837,True,83250259353033,1562989020532,13,odd,False,False,True,34.0
2838,True,343397,6446,10,even,False,False,True,62.0
2839,True,1114308188985541770045080,20913302814328909741179,52,even,False,False,True,186.0
2840,False,1279,24,4,even,False,False,True,2.0
2841,True,243952540346667738528012695,4576882130035636631437292,52,even,False,False,True,216.0
2842,False,30131975818099,565217465670,26,even,False,False,True,90.0
2843,True,2036172389761265626,38187929693317125,30,even,False,False,True,166.0
2844,False,12799,240,4,even,False,False,True,22.0
2845,True,10241,192,6,even,False,False,True,20.0
2846,True,95509945887274268815935,1790322011122638931112,48,even,False,False,True,216.0
2847,True,372007,6972,10,even,False,False,True,42.0
2848,False,1601,30,6,even,True,True,,
2849,True,52095,976,10,even,False,False,True,20.0
2850,False,2101249,39360,12,even,False,False,True,20.0
2851,True,328739142906862100760005698333091724623606552450,6156768299104608480550081216625932671209939793,90,even,False,False,True,454.0
2852,False,5286367,98988,10,even,False,False,True,30.0
2853,False,123682398417942867613601,2315565192037377862680,48,even,False,False,True,184.0
2854,True,70723464119696737047211575478296393212263205,1323843173795596089587191323556961507355066,86,even,False,False,True,416.0
2855,True,15901209,297596,12,even,False,False,True,42.0
2856,False,4115,77,6,even,False,False,True,10.0
2857,True,1539991385982057015073,28811321016669197448,23,odd,False,False,True,52.0
2858,True,2565813742089269043,47994781028578034,15,odd,False,False,True,62.0
2859,True,1375842199370,25731289331,22,even,False,False,True,110.0
2860,False,11444634631,214002534,20,even,False,False,True,70.0
2861,True,1614025502300751810689752570663314997028114097801,30175290764032104456812278924363605197391137140,49,odd,False,False,True,204.0
2862,False,107,2,2,even,True,True,,
2863,True,373785266259728,6985725310329,20,even,False,False,True,200.0
2864,False,35115719688199,656168030055,32,even,False,False,True,80.0
2865,True,34792183672319,650009006432,28,even,False,False,True,76.0
2866,True,33887083995464705,632988917119392,34,even,False,False,True,140.0
2867,True,761401,14220,10,even,False,False,True,18.0
2868,False,6998399,130680,12,even,False,False,True,24.0
2869,True,191619922383199,3577464936120,36,even,False,False,True,70.0
2870,True,56251,1050,10,even,False,False,True,22.0
2871,False,12901780,240787,20,even,False,False,True,28.0
2872,False,8933399183036079503,166695748237070358,40,even,False,False,True,134.0
2873,False,143649,2680,5,odd,True,False,,
2874,True,117725332133230187951,2195970706482618460,44,even,False,False,True,136.0
2875,False,1126,21,8,even,False,False,True,4.0
2876,False,325592721760960696319999,6071279788456342185600,44,even,False,False,True,186.0
2877,True,25347034999,472560300,20,even,False,False,True,86.0
2878,True,831743,15504,12,even,False,False,True,60.0
2879,True,998434637950023682320,18607961842297947359,40,even,False,False,True,208.0
2880,False,161,3,4,even,True,True,,
2881,True,2055346736886525497772061297653827626135,38292477752462042938155553247280377052,86,even,False,False,True,338.0
2882,True,1040401,19380,10,even,False,False,True,58.0
2883,False,708158977,13188896,18,even,False,False,True,70.0
2884,False,18632176943292415,346949265061056,32,even,False,False,True,142.0
2885,True,891108531535358282394249,16590431927283601206820,23,odd,False,False,True,98.0
2886,True,1393362725,25936778,20,even,False,False,True,74.0
2887,True,2747035409190545788711864083224,51125888148607765484951623395,60,even,False,False,True,298.0
2888,False,22619537,420906,18,even,False,False,True,36.0
2889,False,215,4,4,even,True,True,,
2890,False,82094249361619,1527087122262,11,odd,False,False,True,44.0
2891,False,631236232801,11739993960,28,even,False,False,True,56.0
2892,False,117127,2178,8,even,False,False,True,28.0
2893,True,11860487811033290600294465783857151,220510023079426483847949609269760,64,even,False,False,True,310.0
2894,True,6948495,129164,12,even,False,False,True,76.0
2895,True,5721484,106337,10,even,False,False,True,38.0
2896,False,2469645423824185801,45891824670865485,42,even,False,False,True,112.0
2897,True,69471015037455310626018849,1290712145565849413038280,23,odd,False,False,True,84.0
2898,False,323,6,4,even,True,True,,
2899,True,28467555941785795192995326,528720409319530600743465,54,even,False,False,True,206.0
2900,False,9801,182,8,even,False,False,True,8.0
2901,True,5359336079726106308215,99503218324311247932,42,even,False,False,True,210.0
2902,True,4701654988901,87277450830,26,even,False,False,True,116.0
2903,True,502223090328,9321228581,24,even,False,False,True,106.0
2904,False,485,9,4,even,True,True,,
2905,True,175881572341225001,3263226890382300,34,even,False,False,True,116.0
2906,True,637124345553652600658451,11818881968700727747070,25,odd,False,False,True,84.0
2907,False,647,12,4,even,True,True,,
2908,False,1059967,19656,8,even,False,False,True,2.0
2909,True,16897786908289722050487265731509415434251242779351898191049,313298249584702615168574286325353621564578167171961337340,61,odd,False,False,True,246.0
2910,True,971,18,4,even,True,True,,
2911,True,1620054111830357848400,30026756219439444303,44,even,False,False,True,198.0
2912,False,1457,27,4,even,True,True,,
2913,True,1943,36,4,even,True,True,,
2914,True,2915,54,4,even,True,True,,
2915,True,54,1,2,even,True,True,,
2917,True,5833,108,1,odd,True,True,,
2918,True,2917,54,2,even,True,True,,
2919,True,1945,36,2,even,True,True,,
2920,False,1459,27,2,even,True,True,,
2921,True,92911644445956603418495,1719112777396436156112,50,even,False,False,True,176.0
2922,True,973,18,2,even,True,True,,
2923,True,146817109455160238,2715577875581379,30,even,False,False,True,166.0
2924,False,1065799,19710,8,even,False,False,True,24.0
2925,False,649,12,2,even,True,True,,
2926,True,273337816949,5053154310,16,even,False,False,True,76.0
2927,True,280218097643253024,5179464003951385,36,even,False,False,True,156.0
2928,False,487,9,2,even,True,True,,
2929,True,26012437669205256915874338283010332801,480641611090287943618697290653784080,31,odd,False,False,True,144.0
2930,True,602641702659,11133337414,13,odd,False,False,True,26.0
2931,True,1337392792850,24703077977,22,even,False,False,True,114.0
2932,False,195307849,3606930,14,even,False,False,True,52.0
2933,True,1730417529569399,31951766552580,28,even,False,False,True,116.0
2934,False,325,6,2,even,True,True,,
2935,True,90461809170123218535124,1669787541018408418035,44,even,False,False,True,168.0
2936,False,10394175,191828,12,even,False,False,True,34.0
2937,True,2049651193943,37820562748,26,even,False,False,True,78.0
2938,True,786707,14514,8,even,False,False,True,30.0
2939,True,1200413272526993988370,22142721389518585371,42,even,False,False,True,194.0
2940,False,119071,2196,8,even,False,False,True,26.0
2941,True,61391740907233801,1132041730971060,11,odd,False,False,True,76.0
2942,True,160473952316337413345343,2958579303123524804488,40,even,False,False,True,202.0
2943,False,217,4,2,even,True,True,,
2944,False,1184384449,21828495,12,even,False,False,True,74.0
2945,True,3039,56,6,even,False,False,True,6.0
2946,True,13279523115665,244661767012,30,even,False,False,True,108.0
2947,True,55452377383327,1021480551432,22,even,False,False,True,134.0
2948,False,252975383,4659234,18,even,False,False,True,52.0
2949,True,32481277619848009315179626492956619135,598130181264455486251323104761600176,72,even,False,False,True,328.0
2950,False,115643925371868101,2129177248229394,38,even,False,False,True,114.0
2951,True,70909586865324,1305330093035,28,even,False,False,True,78.0
2952,False,163,3,2,even,True,True,,
2953,True,111256449090026148450639256474691263531056229009016833,2047356498001533360158177291999951093799346623798336,51,odd,False,False,True,228.0
2954,True,1283197398015,23609578016,26,even,False,False,True,74.0
2955,True,615626,11325,12,even,False,False,True,26.0
2956,False,19214139631396216582359217735864649752884264199,353401775907742897541674409923388184913880190,96,even,False,False,True,402.0
2957,True,22530132334384812409297112649,414322081989657962657220860,27,odd,False,False,True,112.0
2958,True,4351,80,8,even,False,False,True,2.0
2959,True,8374066767391573799,153944414665166940,38,even,False,False,True,148.0
2960,False,9249,170,6,even,False,False,True,8.0
2961,False,2376415,43672,12,even,False,False,True,30.0
2962,True,3225617,59268,10,even,False,False,True,66.0
2963,True,2869304849494085026,52712166533142135,34,even,False,False,True,166.0
2964,False,7352695,135054,10,even,False,False,True,56.0
2965,True,58536730630415082769173266423869563238729,1075018935147998710261288007439167344596,41,odd,False,False,True,158.0
2966,True,4729241801125,86837226942,18,even,False,False,True,142.0
2967,True,15524,285,6,even,False,False,True,12.0
2968,False,263091151,4829190,18,even,False,False,True,46.0
2969,True,570246933077637754755145227179566314776668449,10465448849954039859050311253228021551619320,47,odd,False,False,True,172.0
2970,False,109,2,2,even,True,True,,
2971,True,441569157521210,8101163652987,22,even,False,False,True,202.0
2972,False,1019660545151,18703858680,24,even,False,False,True,96.0
2973,True,712804363918595355093751,13072928782141781416500,50,even,False,False,True,200.0
2974,True,34937462649406244109666424857286099432356095,640650071344309501862374102447674521343024,88,even,False,False,True,420.0
2975,False,28799,528,8,even,False,False,True,10.0
2976,False,112530001,2062775,12,even,False,False,True,56.0
2977,True,7612693410902648186499768709633,139524001217788678984104604512,37,odd,False,False,True,144.0
2978,True,145923,2674,8,even,False,False,True,62.0
2979,False,2785589801443970,51036620878191,38,even,False,False,True,126.0
2980,False,12769001,233910,18,even,False,False,True,22.0
2981,True,10172799,186320,12,even,False,False,True,62.0
2982,True,7099,130,10,even,False,False,True,6.0
2983,True,89834700747316249,1644816669648900,38,even,False,False,True,146.0
2984,False,61268974069299,1121608259735,26,even,False,False,True,102.0
2985,True,42158255071,771632408,26,even,False,False,True,58.0
2986,True,29458926451,539103330,11,odd,False,False,True,20.0
2987,True,139257,2548,12,even,False,False,True,20.0
2988,False,13447,246,8,even,False,False,True,28.0
2989,False,77869358613928486808166555366140995201,1424307102757597214805869004196423440,80,even,False,False,True,348.0
2990,True,1320981,24158,10,even,False,False,True,32.0
2991,True,608020462479257575,11117572976350708,34,even,False,False,True,134.0
2992,False,5658247,103443,12,even,False,False,True,38.0
2993,True,1313,24,6,even,False,False,True,2.0
2994,True,3073423734187025,56168980692836,34,even,False,False,True,124.0
2995,True,138538497497759,2531465773272,28,even,False,False,True,114.0
2996,False,1084616384895,19815510088,30,even,False,False,True,66.0
2997,False,1555849,28420,12,even,False,False,True,28.0
2998,True,27672421205427535850325684101,505395470410258019579528970,54,even,False,False,True,298.0
2999,True,416116196387217480,7598474094718699,32,even,False,False,True,178.0
3000,False,2550251,46561,16,even,False,False,True,26.0
3001,True,45295384688812281004322225610616890677451950697118754577855623785103884801,826839003145990640915374486441398199564121085363552711238974624844179360,79,odd,False,False,True,322.0
3002,True,292143,5332,12,even,False,False,True,18.0
3003,True,274,5,4,even,True,True,,
3004,False,106384988516182508970518277291361767313787214963199,1941021682936914823936591197542079139112649995280,108,even,False,False,True,432.0
3005,True,109627209,1999844,12,even,False,False,True,68.0
3006,False,63804373719695,1163739999748,28,even,False,False,True,98.0
3007,True,40038809408,730153953,16,even,False,False,True,114.0
3008,False,4607,84,6,even,True,True,,
3009,True,1234783508951,22510219340,20,even,False,False,True,68.0
3010,True,31579631,575604,12,even,False,False,True,42.0
3011,True,149586342603777656598640130,2726067254254307194188447,58,even,False,False,True,238.0
3012,False,308526027863,5621656742,24,even,False,False,True,70.0
3013,True,7710900593307374464807508351,140477101752503703088259280,58,even,False,False,True,260.0
3014,True,549,10,4,even,True,True,,
3015,False,604,11,4,even,True,True,,
3016,False,836977699,15240465,14,even,False,False,True,66.0
3017,True,1315978715892977151,23958587494071520,34,even,False,False,True,126.0
3018,True,1831739126447,33342948716,24,even,False,False,True,86.0
3019,True,11752562541659941018442526415237539460392094825860314330,213895188053752098546071055592725565706690871236169789,114,even,False,False,True,512.0
3020,False,1209,22,4,even,True,True,,
3021,True,83105,1512,6,even,False,False,True,2.0
3022,True,39309920653121065158848783,715080503387676916644252,56,even,False,False,True,258.0
3023,True,3024,55,4,even,True,True,,
3024,False,55,1,2,even,True,True,,
3026,True,6051,110,1,odd,True,True,,
3027,True,3026,55,2,even,True,True,,
3028,False,3750107388553,68149985694,18,even,False,False,True,146.0
3029,True,13867785801,251975020,5,odd,False,False,True,56.0
3030,True,1211,22,2,even,True,True,,
3031,True,3311363339961862760,60146985826992027,32,even,False,False,True,226.0
3032,False,413959717,7517847,18,even,False,False,True,58.0
3033,False,2063810353129713793,37474304521921584,34,even,False,False,True,130.0
3034,True,4055973299,73635510,14,even,False,False,True,56.0
3035,True,606,11,2,even,True,True,,
3036,False,551,10,2,even,True,True,,
3037,True,2025475112149499136094828760894883227770506355356624649,36753991896056214037967550797040674936227630851051060,51,odd,False,False,True,264.0
3038,False,7937,144,4,even,False,False,True,2.0
3039,True,567355653318700203124,10291769160627327625,42,even,False,False,True,144.0
3040,False,5412368881,98163627,16,even,False,False,True,76.0
3041,True,20537133049891296860461720054737722655310281249,372418808769023251700286548550077625987029000,49,odd,False,False,True,176.0
3042,False,26102926097,473270668,16,even,False,False,True,70.0
3043,True,429778,7791,6,even,False,False,True,22.0
3044,False,1280001,23200,10,even,False,False,True,38.0
3045,True,111823361,2026464,10,even,False,False,True,74.0
3046,True,858084803913933646792276518543893385687827805632645,15547668115105561077642022265612613794549714209362,106,even,False,False,True,480.0
3047,True,276,5,2,even,True,True,,
3048,False,6349,115,6,even,False,False,True,8.0
3049,True,2510664792380069795324386798405024245032324912355903876879862308146915619981184801,45468436461276573746714417291922208349562231907536616332825023982269842420473480,87,odd,False,False,True,358.0
3050,False,57394899,1039258,5,odd,False,False,True,12.0
3051,False,3761311617998090,68095468410093,22,even,False,False,True,150.0
3052,False,719724601,13027890,10,even,False,False,True,98.0
3053,True,21090261599,381696840,16,even,False,False,True,82.0
3054,True,367499,6650,8,even,False,False,True,28.0
3055,True,1015624,18375,10,even,False,False,True,28.0
3056,False,161784071999999,2926571151000,32,even,False,False,True,82.0
3057,True,2956717664784599,53476396736620,28,even,False,False,True,116.0
3058,True,201526983840401,3644302882260,30,even,False,False,True,120.0
3059,True,6863751,124100,10,even,False,False,True,32.0
3060,False,285769,5166,10,even,False,False,True,12.0
3061,True,112530121023358898404903532500783683343457018270681330586871060096531509537062002479141495461904563645449,2033935240786948099791397324693815401325711604511166489710877622423387335625737233177364957449848997340,103,odd,False,False,True,464.0
3062,True,27557,498,6,even,False,False,True,56.0
3063,True,2447710449127,44226904484,22,even,False,False,True,96.0
3064,False,145933611945744638015,2636397864432812604,40,even,False,False,True,134.0
3065,True,18280298581280769,330193139496512,17,odd,False,False,True,40.0
3066,True,1251949,22610,10,even,False,False,True,30.0
3067,True,20138859064798731994238851418239777207226,363645296509166562391011303110863282485,82,even,False,False,True,382.0
3068,False,1948377887,35175924,20,even,False,False,True,58.0
3069,False,10626551,191820,10,even,False,False,True,62.0
3070,True,11832257143970394381611,213549427580319742026,42,even,False,False,True,172.0
3071,True,665,12,4,even,True,True,,
3072,False,708158977,12776743,16,even,False,False,True,56.0
3073,True,2776937178639512026642007078623,50093891973498258238271190744,64,even,False,False,True,258.0
3074,True,2519819433699,45448283930,9,odd,False,False,True,38.0
3075,False,7263026,130977,18,even,False,False,True,26.0
3076,False,535781868388881310859702308423201,9660394162520168608912227752580,66,even,False,False,True,296.0
3077,True,351595324374906249,6338395621785500,15,odd,False,False,True,78.0
3078,False,202501,3650,8,even,False,False,True,26.0
3079,True,56707696356679785946525966318147373960,1021967678730302928114382808347749891,68,even,False,False,True,386.0
3080,False,111,2,2,even,True,True,,
3081,True,8215,148,6,even,True,True,,
3082,True,48832848419533613,879621306039882,36,even,False,False,True,128.0
3083,True,30280839133349026,545357316089235,34,even,False,False,True,132.0
3084,False,17869879172579649799,321783989163189410,40,even,False,False,True,144.0
3085,True,43444334433373805162723128385939425610569,782177941420621534438776335999701156284,45,odd,False,False,True,164.0
3086,True,536433588593295,9656461256372,24,even,False,False,True,156.0
3087,False,130576328,2350153,24,even,False,False,True,34.0
3088,False,6224323426849,112009151010,22,even,False,False,True,92.0
3089,True,89495852564979919150002896448538279482556636803201,1610252401282001559195724037331914356364216763760,53,odd,False,False,True,200.0
3090,True,119069,2142,12,even,False,False,True,16.0
3091,True,46913101361185187371233770,843809949632200546432167,50,even,False,False,True,248.0
3092,False,3607394696649,64874484490,26,even,False,False,True,90.0
3093,True,2644971939878399,47558824204320,32,even,False,False,True,146.0
3094,True,5499853978555,98876026314,34,even,False,False,True,70.0
3095,True,10700785269159,192346958132,28,even,False,False,True,88.0
3096,False,10405,187,10,even,False,False,True,12.0
3097,True,136853545181672549008645399,2459152432067478310676940,54,even,False,False,True,218.0
3098,True,4979289469435566502899,89459541476281455770,21,odd,False,False,True,68.0
3099,True,27890,501,6,even,False,False,True,58.0
3100,False,4620799,82992,14,even,False,False,True,30.0
3101,True,3932137435962837375,70611885084286832,34,even,False,False,True,172.0
3102,True,1093973,19642,12,even,False,False,True,50.0
3103,True,867667325140497045977,15576230136070851324,48,even,False,False,True,156.0
3104,False,76049,1365,8,even,False,False,True,24.0
3105,False,1236211536041,22185130604,26,even,False,False,True,90.0
3106,True,191448252305,3435189348,26,even,False,False,True,96.0
3107,True,876466774,15724065,22,even,False,False,True,38.0
3108,False,223,4,4,even,True,True,,
3109,True,77169133353417083138281455375049,1383990987179785002726492017940,37,odd,False,False,True,88.0
3110,True,49346151679,884857008,24,even,False,False,True,54.0
3111,True,53560624,960275,12,even,False,False,True,40.0
3112,False,5964562960504723,106919971197837,30,even,False,False,True,128.0
3113,True,23067860999127,413445020284,28,even,False,False,True,88.0
3114,False,17299,310,6,even,False,False,True,16.0
3115,True,24178006,433203,10,even,False,False,True,48.0
3116,False,277795549080199,4976529221910,28,even,False,False,True,124.0
3117,True,49912994830590161975588599351,894015868843226887123214940,62,even,False,False,True,246.0
3118,True,89237584631512807552800143,1598121342441062094523956,52,even,False,False,True,274.0
3119,True,4301661990659037864538421520,77024448015800300081493511,60,even,False,False,True,256.0
3120,False,391,7,4,even,True,True,,
3121,True,317804319619201,5688698430480,13,odd,False,False,True,36.0
3122,True,447,8,4,even,True,True,,
3123,False,641602,11481,14,even,False,False,True,26.0
3124,False,67606199,1209570,10,even,False,False,True,50.0
3125,False,11145923086309929722690704506249,199384333543786067724288115204,31,odd,False,False,True,126.0
3126,True,1486438520792165,26585967200418,30,even,False,False,True,156.0
3127,True,403846704642599,7221918828180,28,even,False,False,True,106.0
3128,False,783,14,4,even,True,True,,
3129,True,895,16,4,even,True,True,,
3130,True,627179433933050412499,11210362081696634850,23,odd,False,False,True,76.0
3131,True,85346621049,1525263220,22,even,False,False,True,78.0
3132,False,1567,28,4,even,True,True,,
3133,True,288383529450973834879765770615753456649,5152170840138681288977055501228464820,31,odd,False,False,True,214.0
3134,True,3135,56,4,even,True,True,,
3135,True,56,1,2,even,True,True,,
3137,True,6273,112,1,odd,True,True,,
3138,True,3137,56,2,even,True,True,,
3139,True,415029507064295362010,7407698821274160879,38,even,False,False,True,242.0
3140,False,1569,28,2,even,True,True,,
3141,False,169648201,3027020,10,even,False,False,True,64.0
3142,True,669207511031237499832901,11938718615110690961070,42,even,False,False,True,260.0
3143,True,897,16,2,even,True,True,,
3144,False,785,14,2,even,True,True,,
3145,True,3616884957963397249,64494751019808720,13,odd,False,False,True,56.0
3146,False,5517751251,98374550,16,even,False,False,True,54.0
3147,True,27921194970602,497720615843,22,even,False,False,True,128.0
3148,False,2397835852827853509127,42736808590297163694,36,even,False,False,True,214.0
3149,True,1248601441976935941472695,22250383556353663872124,52,even,False,False,True,206.0
3150,False,449,8,2,even,True,True,,
3151,True,47283258454664108425083440,842331798900203480514057,44,even,False,False,True,234.0
3152,False,393,7,2,even,True,True,,
3153,True,18970729627847767,337848542050036,34,even,False,False,True,126.0
3154,True,3419175201199711490262545,60882224255870719804284,42,even,False,False,True,218.0
3155,True,72854760249,1297054580,20,even,False,False,True,68.0
3156,False,16116667272575,286884274248,28,even,False,False,True,76.0
3157,True,88425666563849,1573769235420,26,even,False,False,True,110.0
3158,True,8213957,146166,6,even,False,False,True,82.0
3159,False,973051091875225,17312541655556,28,even,False,False,True,100.0
3160,False,6616066879,117694548,16,even,False,False,True,56.0
3161,True,10567749148449,187962082360,7,odd,False,False,True,52.0
3162,True,62867,1118,6,even,False,False,True,18.0
3163,True,13829524802,245899509,22,even,False,False,True,92.0
3164,False,225,4,2,even,True,True,,
3165,True,6751,120,6,even,True,True,,
3166,True,614084477747659775,10913716410016992,36,even,False,False,True,156.0
3167,True,7717095408,137129167,24,even,False,False,True,90.0
3168,False,77617,1379,8,even,False,False,True,30.0
3169,True,3679152893457662761323580680295959204573920976260949003883472195854258000500001,65356188464460261805058551772875990742920247280140668199515487179950041673000,81,odd,False,False,True,346.0
3170,True,75325539,1337866,5,odd,False,False,True,12.0
3171,True,1856026465,32959912,18,even,False,False,True,68.0
3172,False,4393,78,4,even,False,False,True,10.0
3173,True,2413151,42840,8,even,False,False,True,32.0
3174,False,44716177445,793708826,20,even,False,False,True,108.0
3175,False,4730624,83955,16,even,False,False,True,24.0
3176,False,1828310451,32442155,18,even,False,False,True,58.0
3177,False,206333986213435088897,3660683325992120448,40,even,False,False,True,146.0
3178,True,1572054481606573,27886284036474,28,even,False,False,True,118.0
3179,False,250283080090,4439011059,26,even,False,False,True,98.0
3180,False,87807751,1557110,12,even,False,False,True,58.0
3181,True,159049,2820,3,odd,True,False,,
3182,True,80463946251,1426432550,22,even,False,False,True,70.0
3183,True,3533793124,62635825,18,even,False,False,True,58.0
3184,False,529178298454520220799,9378113746817527740,48,even,False,False,True,124.0
3185,False,8586369,152144,14,even,False,False,True,28.0
3186,False,258065,4572,6,even,False,False,True,60.0
3187,True,33518724973599159805322963185226,593740205304452435439318600585,58,even,False,False,True,328.0
3188,False,1221759532448649,21638471501270,26,even,False,False,True,112.0
3189,True,110897063235595249339381958198427895,1963779787797964047747540004659996,70,even,False,False,True,316.0
3190,True,50056379,886266,10,even,False,False,True,64.0
3191,True,2732882641389714120,48379077178268683,36,even,False,False,True,186.0
3192,False,113,2,2,even,True,True,,
3193,True,4053228630090230563044843848239999,71730134036988504056228878450800,74,even,False,False,True,284.0
3194,True,39080932091202864799204026211251,691508395711244410187277652550,37,odd,False,False,True,108.0
3195,False,954809,16892,12,even,False,False,True,28.0
3196,False,359551,6360,8,even,False,False,True,30.0
3197,True,160127,2832,10,even,False,False,True,14.0
3198,True,65599,1160,10,even,False,False,True,10.0
3199,True,14583769822945,257847355224,22,even,False,False,True,138.0
3200,False,768398401,13583493,20,even,False,False,True,54.0
3201,True,9505,168,10,even,False,False,True,6.0
3202,True,5385763,95178,7,odd,False,False,True,8.0
3203,True,3010285326252238226,53189902261677345,42,even,False,False,True,156.0
3204,False,500002000001,8833351000,24,even,False,False,True,64.0
3205,True,116874155559392009,2064450476131524,32,even,False,False,True,154.0
3206,True,134566757499,2376599650,24,even,False,False,True,86.0
3207,True,21975296167,388047828,22,even,False,False,True,80.0
3208,False,295496099,5217165,24,even,False,False,True,36.0
3209,True,2778809497562966152301116832629054418049,49053942312387915305532411773665078640,41,odd,False,False,True,148.0
3210,True,5779,102,8,even,False,False,True,10.0
3211,False,170,3,4,even,True,True,,
3212,False,104430151,1842630,12,even,False,False,True,62.0
3213,False,3401,60,6,even,True,True,,
3214,True,2722742634151186538759112460772073211555627478218895,48026800531883793826480891758974237154019847745804,104,even,False,False,True,492.0
3215,True,122102241535124,2153441846145,32,even,False,False,True,82.0
3216,False,515095,9083,10,even,False,False,True,26.0
3217,True,5560255030321166451412373466331342083953713002443836653914008091492353,98032297562145168108715817784342188210852197832334447264192380984832,75,odd,False,False,True,304.0
3218,True,389377,6864,10,even,False,False,True,62.0
3219,True,19574,345,10,even,False,False,True,8.0
3220,False,1514868641,26696052,18,even,False,False,True,52.0
3221,True,1260149661702720901449,22203772288655606740,17,odd,False,False,True,102.0
3222,False,176579805797,3110844242,26,even,False,False,True,100.0
3223,True,218562859075276,3849871290915,30,even,False,False,True,98.0
3224,False,6166395,108601,18,even,False,False,True,28.0
3225,False,568182049,10005128,20,even,False,False,True,40.0
3226,True,750414719494283246397205120254318218151792499,13212018181828836780205130200002950077261050,43,odd,False,False,True,170.0
3227,True,33358422,587227,16,even,False,False,True,38.0
3228,False,5375175144869407,94607563270004,36,even,False,False,True,110.0
3229,True,122984283651747456322071519797449,2164290700243515993131946058620,27,odd,False,False,True,150.0
3230,True,341,6,4,even,True,True,,
3231,False,259199,4560,8,even,False,False,True,18.0
3232,False,778684942176337,13697020335843,28,even,False,False,True,110.0
3233,True,2270052042753,39923900224,11,odd,False,False,True,34.0
3234,False,142771201,2510560,16,even,False,False,True,36.0
3235,True,8969825050006492148446,157705496496673927983,38,even,False,False,True,174.0
3236,False,376455160998025676163201,6617729311231101255320,50,even,False,False,True,192.0
3237,True,631605599,11101320,12,even,False,False,True,76.0
3238,True,333646757,5863386,14,even,False,False,True,88.0
3239,True,115402204680,2027723021,20,even,False,False,True,136.0
3240,False,27379,481,8,even,False,False,True,14.0
3241,True,25417969077448458815476572185794315237855,446479302968989604177028852651508804392,78,even,False,False,True,356.0
3242,True,1922913461043,33771724238,11,odd,False,False,True,42.0
3243,True,1082,19,4,even,True,True,,
3244,False,3820246930677755671933573219842576199,67073506733999018168601507721042770,68,even,False,False,True,338.0
3245,True,92511,1624,6,even,False,False,True,2.0
3246,True,2165,38,4,even,True,True,,
3247,True,3248,57,4,even,True,True,,
3248,False,57,1,2,even,True,True,,
3250,False,6499,114,1,odd,True,True,,
3251,True,3250,57,2,even,True,True,,
3252,False,2167,38,2,even,True,True,,
3253,True,17179906249,301216500,5,odd,False,False,True,54.0
3254,True,4910804185196699146565,86088242748021944166,38,even,False,False,True,210.0
3255,True,1084,19,2,even,True,True,,
3256,False,4206992174549,73727499705,24,even,False,False,True,90.0
3257,True,346283704784493109167747146058479649,6067687087240290895583870274028760,37,odd,False,False,True,128.0
3258,False,1045457,18316,8,even,False,False,True,38.0
3259,True,1204412859964726884213844443965680238889984046218177821690,21097607271952384696890088342203142603326873550532163819,114,even,False,False,True,536.0
3260,False,49074685471,859505628,20,even,False,False,True,72.0
3261,True,638642935,11183628,10,even,False,False,True,90.0
3262,True,20358143,356448,12,even,False,False,True,78.0
3263,True,36325223,635916,12,even,False,False,True,38.0
3264,False,49980001,874825,16,even,False,False,True,52.0
3265,True,9575461424630823263024160399677569,167578430354078047294555152828528,31,odd,False,False,True,116.0
3266,True,7214595,126242,12,even,False,False,True,76.0
3267,False,189750626,3319775,10,even,False,False,True,94.0
3268,False,343,6,2,even,True,True,,
3269,True,336700953497605016375,5888936697884478036,36,even,False,False,True,184.0
3270,True,9900251,173130,10,even,False,False,True,36.0
3271,True,1619748307207664426365321779196104474376957858283720,28320913834308047704854247400637268662485889692637,108,even,False,False,True,496.0
3272,False,40899,715,6,even,False,False,True,32.0
3273,True,8589741784055686372536599,150143697253183208387540,48,even,False,False,True,200.0
3274,True,987580336836430872829983276950863699,17259694200451072315048187323977930,33,odd,False,False,True,140.0
3275,False,225144199,3934188,16,even,False,False,True,32.0
3276,False,4954951,86570,8,even,False,False,True,44.0
3277,True,127974065390671119118297484409778666249,2235546696089899238583819312637670700,35,odd,False,False,True,168.0
3278,True,31864843,556554,16,even,False,False,True,46.0
3279,True,635722350398965465,11101886220126884,30,even,False,False,True,142.0
3280,False,39689,693,8,even,False,False,True,14.0
3281,True,4101249,71600,5,odd,False,False,True,4.0
3282,True,14792397377,258207752,18,even,False,False,True,94.0
3283,False,466058366908226,8134013103255,26,even,False,False,True,136.0
3284,False,9000987377460935993101449,157068312726443201939870,42,even,False,False,True,206.0
3285,False,1143905054699681,19958242360056,28,even,False,False,True,126.0
3286,True,2814651859822045595,49101064282705422,30,even,False,False,True,150.0
3287,True,172,3,2,even,True,True,,
3288,False,7397,129,6,even,False,False,True,16.0
3289,True,9688573605499877375,168938217003261504,40,even,False,False,True,166.0
3290,True,1848321,32224,14,even,False,False,True,26.0
3291,True,17679304830821210,308177723658267,34,even,False,False,True,132.0
3292,False,110610304532810910664294914294704844088447,1927816418865777795062398139165666863368,84,even,False,False,True,362.0
3293,True,1113033,19396,5,odd,False,False,True,6.0
3294,False,2993711291685588725,52161265332452514,36,even,False,False,True,138.0
3295,True,1769497877159,30826366428,20,even,False,False,True,102.0
3296,False,59535,1037,8,even,False,False,True,16.0
3297,True,4723844887,82268988,18,even,False,False,True,74.0
3298,True,161603,2814,8,even,False,False,True,62.0
3299,True,302737810995911463388788050,5270787515411221348440849,50,even,False,False,True,254.0
3300,False,48599,846,6,even,False,False,True,18.0
3301,True,5142697475385386685289187174530393801,89509311190860097155540385627045740,37,odd,False,False,True,182.0
3302,True,16776447,291952,12,even,False,False,True,32.0
3303,False,19019995568,330945229,20,even,False,False,True,62.0
3304,False,222239304685,3866347191,24,even,False,False,True,64.0
3305,True,5289,92,4,even,True,True,,
3306,True,115,2,2,even,True,True,,
3307,True,104208463620296419822015562,1812115585135932718393107,54,even,False,False,True,280.0
3308,False,1622167924807,28204152834,24,even,False,False,True,106.0
3309,True,8309349191458434465841535,144450359334108542937456,48,even,False,False,True,244.0
3310,True,5430216369781,94385034246,22,even,False,False,True,104.0
3311,True,11239425,195328,14,even,False,False,True,38.0
3312,False,1151,20,6,even,True,True,,
3313,True,3685675113245512376543102238770368200726192730064006996280001822849,64033366076938119044927701134973013709865177455727990600085692560,75,odd,False,False,True,286.0
3314,True,6245602902051,108492100130,15,odd,False,False,True,26.0
3315,True,12494,217,10,even,False,False,True,12.0
3316,False,479835713751049,8332691591130,34,even,False,False,True,94.0
3317,True,71980098399,1249797640,22,even,False,False,True,88.0
3318,True,27649,480,10,even,False,False,True,16.0
3319,True,671622868694618180588582864545538521992490143004912760,11657940896472359625043172719821996271285480583681739,108,even,False,False,True,514.0
3320,False,146411,2541,14,even,False,False,True,16.0
3321,False,2368108374136006451201,41092932594303413120,46,even,False,False,True,162.0
3322,True,411003583823359999,7130923784923200,40,even,False,False,True,130.0
3323,True,585733464128762,10160962912971,30,even,False,False,True,132.0
3324,False,9799705,169974,14,even,False,False,True,30.0
3325,False,2588599,44892,10,even,False,False,True,34.0
3326,True,1494797672868137785177365350655,25919181962970690309154678832,64,even,False,False,True,276.0
3327,True,4650844441828,80631625177,26,even,False,False,True,92.0
3328,False,1419278889601,24602321205,24,even,False,False,True,90.0
3329,True,1055645734089062190249960388602447740969119590759201,18296216870912253973171949333084823317324281855640,53,odd,False,False,True,206.0
3330,False,213859,3706,10,even,False,False,True,24.0
3331,True,3896641929395876391261634122890971172755584821846810,67515452551331189136816152107604558605530293860977,110,even,False,False,True,486.0
3332,False,9478657,164208,20,even,False,False,True,24.0
3333,True,3233,56,8,even,False,False,True,6.0
3334,True,236615826048429494541160021116112041696922702648911365765,4097896556739353134495729190353304459906567382400709406,118,even,False,False,True,530.0
3335,True,231,4,4,even,True,True,,
3336,False,6552578705,113448622,18,even,False,False,True,58.0
3337,True,998694953458090630415131953887,17288398001052909929888104392,58,even,False,False,True,258.0
3338,True,22533245166483,390014340326,13,odd,False,False,True,30.0
3339,False,5746049,99440,16,even,False,False,True,26.0
3340,False,2357970660072459819271,40800469770112229346,48,even,False,False,True,146.0
3341,True,291332046263049,5040226128980,11,odd,False,False,True,68.0
3342,True,388596986507,6721964362,28,even,False,False,True,68.0
3343,True,9959233904911272726432090224,172249410447645778961383785,56,even,False,False,True,308.0
3344,False,46551,805,10,even,False,False,True,8.0
3345,True,11213581593641,193885926548,26,even,False,False,True,90.0
3346,True,1734673949,29988510,18,even,False,False,True,44.0
3347,True,282187124940320162,4877635451882313,30,even,False,False,True,170.0
3348,False,12151,210,6,even,False,False,True,2.0
3349,True,142104511125001,2455558534500,19,odd,False,False,True,32.0
3350,False,42588211249,735812220,24,even,False,False,True,48.0
3351,True,10116951813786265,174768221838268,34,even,False,False,True,122.0
3352,False,42112785797,727381023,22,even,False,False,True,74.0
3353,True,95745284209059341023,1653486357184429176,36,even,False,False,True,146.0
3354,True,16776449,289680,14,even,False,False,True,32.0
3355,True,744782306489,12858286212,24,even,False,False,True,82.0
3356,False,1411199,24360,8,even,False,False,True,2.0
3357,False,52387849,904180,14,even,False,False,True,50.0
3358,True,646530047,11157024,14,even,False,False,True,68.0
3359,True,1497900757074978480,25845089375902831,28,even,False,False,True,192.0
3360,False,1681,29,4,even,True,True,,
3361,True,34697360994023414272643936539085250317347207718188064124683228060642250955380076856449,598497290080028851437909342674603877627188438470616048169340660598265658513354084560,95,odd,False,False,True,376.0
3362,False,3363,58,4,even,True,True,,
3363,True,58,1,2,even,True,True,,
3365,True,6729,116,1,odd,True,True,,
3366,False,3365,58,2,even,True,True,,
3367,True,9996473852,172276197,16,even,False,False,True,114.0
3368,False,1683,29,2,even,True,True,,
3369,True,5316859750044758219972234864466775,91601945799309592922001778259164,74,even,False,False,True,286.0
3370,True,29437297820350017030739,507087600624796986726,19,odd,False,False,True,88.0
3371,True,55846732060951888439150748713330,961874449605786830417793468963,70,even,False,False,True,290.0
3372,False,1417927,24418,8,even,False,False,True,30.0
3373,True,78957764296713543124382928379165086379849,1359523353317930792183405843939949287940,33,odd,False,False,True,226.0
3374,True,129654725775,2232111124,16,even,False,False,True,138.0
3375,False,13837575261124,238189771281,26,even,False,False,True,88.0
3376,False,154962314660167628644999,2667011422986908574225,48,even,False,False,True,164.0
3377,True,35191258971351,605576862740,28,even,False,False,True,86.0
3378,True,18480771137,317973016,14,even,False,False,True,116.0
3379,True,13951,240,6,even,False,False,True,4.0
3380,False,299537289,5152198,14,even,False,False,True,64.0
3381,False,29234224019520001,502769571127200,28,even,False,False,True,148.0
3382,True,39288180198711355397,675577397947057962,38,even,False,False,True,174.0
3383,True,29500467048,507198421,20,even,False,False,True,104.0
3384,False,2143295,36844,10,even,False,False,True,26.0
3385,True,29207994172692033261442077977629229569,502021592217200345395820470125496224,41,odd,False,False,True,118.0
3386,True,554906703542514135699,9536225111580670990,19,odd,False,False,True,56.0
3387,True,28226,485,4,even,False,False,True,24.0
3388,False,8193151,140760,10,even,False,False,True,32.0
3389,True,2025879317643314695804354403512155070792806463167475068719829576201,34799883198891901511589623438774059664527458949190838538402321460,63,odd,False,False,True,288.0
3390,True,2610751,44840,10,even,False,False,True,26.0
3391,True,194373815123600,3337904170017,32,even,False,False,True,122.0
3392,False,8777860001,150716475,16,even,False,False,True,82.0
3393,False,233,4,2,even,True,True,,
3394,True,3261635,55986,8,even,False,False,True,76.0
3395,True,874,15,4,even,True,True,,
3396,False,1501654712948695,25768328165238,34,even,False,False,True,108.0
3397,True,399971802557300343069408634231670310852151,6862488059950073951605972931289226390380,82,even,False,False,True,376.0
3398,True,138642382622501,2378396877450,30,even,False,False,True,114.0
3399,True,61799,1060,6,even,False,False,True,14.0
3400,False,2449,42,4,even,False,False,True,6.0
3401,True,8673679027156844951,148730497589775180,32,even,False,False,True,140.0
3402,False,8749,150,4,even,False,False,True,14.0
3403,True,30626,525,6,even,False,False,True,56.0
3404,False,141744776386951,2429474177790,28,even,False,False,True,106.0
3405,True,115004176001,1970856720,18,even,False,False,True,102.0
3406,True,18929280576688880627488949,324348420033304126291290,46,even,False,False,True,214.0
3407,True,4865533602904128,83357447869687,32,even,False,False,True,134.0
3408,False,194399,3330,12,even,False,False,True,12.0
3409,True,594639079481835048963894973157738726206975,10184505496055263036236784266291467254944,86,even,False,False,True,368.0
3410,True,406781,6966,12,even,False,False,True,16.0
3411,False,12941197220540690,221581550041847,38,even,False,False,True,136.0
3412,False,215454135724113414336120649,3688504551532749425516010,54,even,False,False,True,238.0
3413,True,68556569829513,1173494168444,13,odd,False,False,True,46.0
3414,True,2427794027045,41550866046,18,even,False,False,True,146.0
3415,True,78512712190892616124,1343521516780691715,40,even,False,False,True,148.0
3416,False,1294299,22145,12,even,False,False,True,22.0
3417,True,313721469463,5366878348,18,even,False,False,True,74.0
3418,True,22663306463257308418522220249647819180723,387647727497722818943878243977380080714,41,odd,False,False,True,158.0
3419,True,2105,36,4,even,True,True,,
3420,False,3041,52,4,even,True,True,,
3421,True,103190693254199,1764265708860,26,even,False,False,True,102.0
3422,True,117,2,2,even,True,True,,
3423,True,9127,156,6,even,True,True,,
3424,False,967048806026304443011249,16526523863639626783275,52,even,False,False,True,178.0
3425,False,900386710067742990849,15385045613055545056,21,odd,False,False,True,64.0
3426,True,8600487251171345,146936393859732,34,even,False,False,True,128.0
3427,True,1777425688828702,30362281359567,32,even,False,False,True,128.0
3428,False,131822292741249,2251481870600,34,even,False,False,True,88.0
3429,False,4182710455,71428916,18,even,False,False,True,46.0
3430,False,4016834705899512251,68586225135120030,42,even,False,False,True,144.0
3431,True,152009690466840,2595140740627,36,even,False,False,True,118.0
3432,False,703,12,6,even,True,True,,
3433,True,1252011604683267713959370221647128213120741942509099249332682753,21368372832050975687517694454202535421343090669794647676807424,59,odd,False,False,True,278.0
3434,True,171699,2930,5,odd,True,False,,
3435,True,28168831,480624,18,even,False,False,True,36.0
3436,False,8477683590215816851050427450705109343513156960199,144627415673250581025716974120579885616630268690,108,even,False,False,True,432.0
3437,True,62847,1072,10,even,False,False,True,22.0
3438,False,164998439999,2814018200,32,even,False,False,True,50.0
3439,True,166547536185241475548820,2840024747575865940879,42,even,False,False,True,234.0
3440,False,3871,66,8,even,False,False,True,8.0
3441,True,267881542976921815,4566678685766508,38,even,False,False,True,144.0
3442,True,30977,528,6,even,False,False,True,58.0
3443,True,5633,96,6,even,False,False,True,10.0
3444,False,541601801,9228870,20,even,False,False,True,36.0
3445,True,7709942385047254810249,131357997608733177660,19,odd,False,False,True,100.0
3446,True,450689392711391613799535862435685,7677497791956132253879913556738,70,even,False,False,True,298.0
3447,False,704475647,11999008,16,even,False,False,True,48.0
3448,False,358022566147312125503,6097148497460832564,48,even,False,False,True,144.0
3449,True,831971454850853561689348013000077935830049,14166475948187018448148684826586736540760,41,odd,False,False,True,162.0
3450,False,415151,7068,12,even,False,False,True,26.0
3451,True,37133901874,632117925,22,even,False,False,True,56.0
3452,False,686279123547783971327,11680606524354814992,44,even,False,False,True,166.0
3453,True,6519470292849447359999,110946606104576642400,44,even,False,False,True,204.0
3454,True,659260423189420118549,11217493803062294010,36,even,False,False,True,194.0
3455,True,303107835035289,5156715084812,28,even,False,False,True,100.0
3456,False,442644523201,7529536245,20,even,False,False,True,82.0
3457,True,5363800619696485448406109629394636138021218287584613293987873,91226904008633359722410807407673701889733568887190915998648,63,odd,False,False,True,266.0
3458,True,12349,210,6,even,False,False,True,2.0
3459,True,130275517970,2215070369,22,even,False,False,True,110.0
3460,False,242688628535063329,4125830461866612,38,even,False,False,True,122.0
3461,True,210615602840920665161563259743425801,3580055355422479127286662267505340,33,odd,False,False,True,170.0
3462,True,1108993,18848,10,even,False,False,True,36.0
3463,True,11158046953686281707278348968,189610305883458015180867261,60,even,False,False,True,302.0
3464,False,42435,721,8,even,False,False,True,20.0
3465,False,95831,1628,10,even,False,False,True,18.0
3466,True,144743603600415407551405005888138920709357228205753829299,2458584286643034825373247415388189481205370995043794270,53,odd,False,False,True,224.0
3467,True,823040793857921378482,13977980833586115213,42,even,False,False,True,188.0
3468,False,9863382151,167489010,20,even,False,False,True,80.0
3469,True,69064617233461095705502618958276098458812682946789125635506295686486580975895811181872804933779895541138006805001,1172609637619549250147685858847969754153347230761855152360955649674561415030908604430256954096715165116539416300,115,odd,False,False,True,512.0
3470,True,163296811,2772126,18,even,False,False,True,56.0
3471,True,196600,3337,10,even,False,False,True,30.0
3472,False,3844063,65238,10,even,False,False,True,42.0
3473,True,3482344328221151,59090725143240,38,even,False,False,True,104.0
3474,False,24889036049,422272860,24,even,False,False,True,66.0
3475,False,12032115501124999,204110143373700,36,even,False,False,True,108.0
3476,False,60192738698751,1020949403600,24,even,False,False,True,114.0
3477,True,102601,1740,6,even,True,True,,
3478,True,5641504847,95659956,14,even,False,False,True,106.0
3479,False,3480,59,4,even,True,True,,
3480,False,59,1,2,even,True,True,,
3482,True,6963,118,1,odd,True,True,,
3483,False,3482,59,2,even,True,True,,
3484,False,756045882845302859551,12808818729557046180,36,even,False,False,True,202.0
3485,True,21126634569,357872996,5,odd,False,False,True,60.0
3486,True,146834801,2486940,14,even,False,False,True,58.0
3487,True,372642616982492771993,6310540342359733452,46,even,False,False,True,156.0
3488,False,31753512017,537654801,16,even,False,False,True,90.0
3489,True,271397782791256394735969495,4594685719377125134873396,52,even,False,False,True,224.0
3490,True,1423868205419624660419,24102221814411415938,17,odd,False,False,True,72.0
3491,True,4257069405177822490,72050302140434817,34,even,False,False,True,194.0
3492,False,62809633,1062892,18,even,False,False,True,38.0
3493,True,233743991167,3954951504,18,even,False,False,True,72.0
3494,True,898475984801702499687719773445,15200050229496559619920117614,58,even,False,False,True,278.0
3495,True,67336,1139,6,even,False,False,True,22.0
3496,False,3725,63,4,even,True,True,,
3497,True,518806313,8773188,20,even,False,False,True,38.0
3498,True,57133,966,6,even,False,False,True,20.0
3499,True,163200280036754868004283955634826864835650,2758982389417224651220445748477066165501,74,even,False,False,True,430.0
3500,False,28860511751,487831686,20,even,False,False,True,70.0
3501,False,21609382256801,365213057560,24,even,False,False,True,90.0
3502,True,11801690767,199428012,24,even,False,False,True,44.0
3503,True,13672,231,6,even,False,False,True,12.0
3504,False,10951,185,4,even,False,False,True,12.0
3505,True,5506054271902889,93002896960908,32,even,False,False,True,106.0
3506,True,11498701825,194197152,22,even,False,False,True,90.0
3507,True,835001,14100,12,even,False,False,True,16.0
3508,False,116476476553,1966565574,22,even,False,False,True,72.0
3509,False,192119201,3243240,10,even,False,False,True,60.0
3510,False,1971919,33284,8,even,False,False,True,40.0
3511,True,154668335580127528677080546324630690758162729104455480,2610273397384535371401477704316664303355607551251947,104,even,False,False,True,522.0
3512,False,9314703,157178,12,even,False,False,True,36.0
3513,True,6149946007887332302807,103760541152935102436,42,even,False,False,True,176.0
3514,True,465616045,7854654,16,even,False,False,True,48.0
3515,True,34446,581,6,even,False,False,True,20.0
3516,False,23003119039729951,387937974278580,40,even,False,False,True,98.0
3517,True,6846497376896832418893557824327321882763040649,115446896353672227914747625761694469282542060,37,odd,False,False,True,248.0
3518,True,12444829056736893183,209817166579691696,36,even,False,False,True,180.0
3519,False,7338680,123711,12,even,False,False,True,34.0
3520,False,15841,267,4,even,False,False,True,32.0
3521,True,92840283835608470898242015,1564600436227404069821688,48,even,False,False,True,206.0
3522,True,137946810245777,2324432755932,30,even,False,False,True,136.0
3523,True,1013169664729893318974,17069698745170920735,42,even,False,False,True,184.0
3524,False,22606256615916825861249,380812068472036455400,46,even,False,False,True,178.0
3525,False,18049,304,8,even,False,False,True,10.0
3526,True,72325,1218,12,even,False,False,True,12.0
3527,True,4337485199810568,73035713459107,32,even,False,False,True,136.0
3528,False,19601,330,8,even,False,False,True,12.0
3529,True,27383263886825175825540278991458644183589865345311393450319120624890739217012456442384704801,460955904634519374414557824410952673850591070211021071673894155427750940548144570044756680,85,odd,False,False,True,412.0
3530,True,5937459,99934,5,odd,False,False,True,8.0
3531,True,2674,45,6,even,False,False,True,2.0
3532,False,2433016142628419344169341123782850409190654727,40938756119725617998070553983446573542495698,92,even,False,False,True,402.0
3533,True,104737841197119627849,1762105064815638140,17,odd,False,False,True,90.0
3534,True,32373301,544570,12,even,False,False,True,34.0
3535,True,2544055937144,42788981289,18,even,False,False,True,102.0
3536,False,1665,28,4,even,True,True,,
3537,False,400549753086973758941399,6735020755691648079660,48,even,False,False,True,172.0
3538,True,2161332563203,36336465654,11,odd,False,False,True,36.0
3539,True,22937820863321129746978434970,385577670697700098385352921,58,even,False,False,True,270.0
3540,False,119,2,2,even,True,True,,
3541,True,3172589057428215796708743930781432364754117319020437647647403022994376786249,53315177398271019335475388556339561860731882527742270090857873983485168300,73,odd,False,False,True,374.0
3542,True,4047,68,6,even,True,True,,
3543,True,422382587228788,7096111483901,30,even,False,False,True,100.0
3544,False,7743524593057655851637765,130074398232012097425189,46,even,False,False,True,192.0
3545,True,50506047489,848272256,11,odd,False,False,True,22.0
3546,False,312086396361222451,5240895169275370,42,even,False,False,True,120.0
3547,True,11564162672696455361227802,194170656064482167068443,46,even,False,False,True,288.0
3548,False,440342324351,7392624120,20,even,False,False,True,84.0
3549,False,97379496466615,1634611405476,26,even,False,False,True,146.0
3550,False,11696399,196308,16,even,False,False,True,26.0
3551,True,59195165576058676,993369687682185,32,even,False,False,True,120.0
3552,False,44401,745,8,even,False,False,True,32.0
3553,True,1308524604187890583,21952515342262236,34,even,False,False,True,130.0
3554,True,1201251,20150,7,odd,False,False,True,6.0
3555,False,50561,848,12,even,False,False,True,18.0
3556,False,13231974717803657215,221893094206726752,42,even,False,False,True,178.0
3557,True,863734006546542276566354322303005871056649,14482318226190537716093898172524134542340,45,odd,False,False,True,178.0
3558,True,1959630148644101,32852705496270,38,even,False,False,True,120.0
3559,True,1330225756822212772700719603819176232246280,22297766266506600324614212155194907300819,80,even,False,False,True,434.0
3560,False,179,3,4,even,True,True,,
3561,True,19001792647768358685056080535,318426048723555364349626572,60,even,False,False,True,238.0
3562,True,2810610703608886099,47092715983685370,15,odd,False,False,True,56.0
3563,True,1539726,25795,12,even,False,False,True,24.0
3564,False,31521799,528010,12,even,False,False,True,60.0
3565,True,350749293698963555395831,5874447651641086104468,52,even,False,False,True,186.0
3566,True,1738457588186523858378255,29112093041890179510308,52,even,False,False,True,224.0
3567,True,1403224,23495,16,even,False,False,True,20.0
3568,False,100351,1680,12,even,False,False,True,6.0
3569,True,42501975,711436,18,even,False,False,True,32.0
3570,True,239,4,4,even,True,True,,
3571,True,18991028052879952877717003280980106896077255885649556410,317799749249667142896491448615083010692333748314716137,110,even,False,False,True,538.0
3572,False,6091434999,101921050,22,even,False,False,True,48.0
3573,False,838721786045180184649,14031413263912811220,42,even,False,False,True,160.0
3574,True,6553149027918438725,109615702239335226,38,even,False,False,True,192.0
3575,False,6876,115,8,even,False,False,True,8.0
3576,False,299,5,4,even,True,True,,
3577,False,216661004683313632776000001,3622607505828749196276000,60,even,False,False,True,224.0
3578,True,14135520198651631129784883,236315184036906395751386,23,odd,False,False,True,86.0
3579,True,33674810,562891,14,even,False,False,True,82.0
3580,False,359,6,4,even,True,True,,
3581,True,71963149419470411152115066181530257881478431336201,1202563453245187319364683003461131725173721132020,45,odd,False,False,True,232.0
3582,False,318401,5320,12,even,False,False,True,16.0
3583,True,109443788970476567211613752128,1828385278857125351629111551,60,even,False,False,True,306.0
3584,False,403201,6735,8,even,False,False,True,32.0
3585,True,479,8,4,even,True,True,,
3586,True,63731985603659812931482385,1064271192121949388800172,50,even,False,False,True,232.0
3587,True,24710842,412593,10,even,False,False,True,86.0
3588,False,599,10,4,even,True,True,,
3589,True,31315771857354691312620991817370011337286308537341449,522728755317783485491319367730486499876744951607420,47,odd,False,False,True,274.0
3590,True,719,12,4,even,True,True,,
3591,False,31940,533,6,even,False,False,True,16.0
3592,False,899,15,4,even,True,True,,
3593,True,7696833068229560514740474421249,128405450514121492071802595200,33,odd,False,False,True,110.0
3594,True,1199,20,4,even,True,True,,
3595,True,1439,24,4,even,True,True,,
3596,False,1799,30,4,even,True,True,,
3597,True,2399,40,4,even,True,True,,
3598,True,3599,60,4,even,True,True,,
3599,True,60,1,2,even,True,True,,
3601,True,7201,120,1,odd,True,True,,
3602,True,3601,60,2,even,True,True,,
3603,True,2401,40,2,even,True,True,,
3604,False,1801,30,2,even,True,True,,
3605,True,1441,24,2,even,True,True,,
3606,True,1201,20,2,even,True,True,,
3607,True,1097285741840482842720908000168,18270341491660933329459152133,52,even,False,False,True,338.0
3608,False,901,15,2,even,True,True,,
3609,False,1283201,21360,8,even,False,False,True,34.0
3610,False,721,12,2,even,True,True,,
3611,True,221311442926,3682901685,16,even,False,False,True,78.0
3612,False,601,10,2,even,True,True,,
3613,True,45570238919238096277055706305393510397118472454069587931255025237763472771509461525320649,758136358221574107256755020233876670104775330740207088800558558874650075115000577770820,89,odd,False,False,True,406.0
3614,True,80496843504949,1339012948530,30,even,False,False,True,78.0
3615,True,481,8,2,even,True,True,,
3616,False,406801,6765,8,even,False,False,True,32.0
3617,True,5414846613826879523878244936273376033,90035111037829324337813652078535192,31,odd,False,False,True,136.0
3618,False,257923601,4288020,10,even,False,False,True,94.0
3619,True,5917473546326,98365325535,24,even,False,False,True,84.0
3620,False,361,6,2,even,True,True,,
3621,True,302098820103734345,5020358913465588,38,even,False,False,True,134.0
3622,True,3379329498207358631383486757,56150847595190491940481978,46,even,False,False,True,306.0
3623,True,64560410841652961647128,1072585986192323058739,40,even,False,False,True,214.0
3624,False,301,5,2,even,True,True,,
3625,False,32255419657249,535733360664,13,odd,False,False,True,30.0
3626,False,202447753299,3362010470,26,even,False,False,True,58.0
3627,False,669878,11123,10,even,False,False,True,18.0
3628,False,30664473897978321689848192103522518746247,509098571953076705366274948336144039594,80,even,False,False,True,372.0
3629,True,11039799,183260,10,even,False,False,True,24.0
3630,False,241,4,2,even,True,True,,
3631,True,28593977421210979010060308155514326577373126480,474527565074012459085010150812019738080880377,96,even,False,False,True,466.0
3632,False,102151,1695,8,even,False,False,True,14.0
3633,True,121381263401,2013812140,28,even,False,False,True,48.0
3634,True,718740517469885,11922838642806,36,even,False,False,True,82.0
3635,True,3164029655406,52479336761,22,even,False,False,True,82.0
3636,False,80801,1340,8,even,False,False,True,16.0
3637,True,64577029259933426149813235444044063743997235641726617676285595582413683997464649,1070795190174645027478741085661105324950601298811715742812228410543828801984940,79,odd,False,False,True,374.0
3638,True,1313317,21774,6,even,False,False,True,72.0
3639,True,2638873708660825,43744915145204,26,even,False,False,True,132.0
3640,False,181,3,2,even,True,True,,
3641,True,1230387735336711409021454551,20390677407797431681639260,58,even,False,False,True,212.0
3642,True,5999867949613,99419533598,18,even,False,False,True,100.0
3643,True,36121436092221994223682362,598460405841980807421099,46,even,False,False,True,290.0
3644,False,276518942427762746967306700799,4580740642105031082903766560,64,even,False,False,True,248.0
3645,False,16692641,276488,10,even,False,False,True,56.0
3646,True,4144422827980232628703245086157004113731279425535,68636594148085095893173701146828684327622405312,100,even,False,False,True,476.0
3647,True,836771328,13856033,20,even,False,False,True,88.0
3648,False,45601,755,8,even,False,False,True,32.0
3649,True,44172634193463205496684508055517519604483414049,731250821679195776081130041042783355429312840,43,odd,False,False,True,184.0
3650,False,42049,696,8,even,False,False,True,10.0
3651,True,16904059623765770,279759665101007,34,even,False,False,True,136.0
3652,False,515734243080407,8534156125782,28,even,False,False,True,92.0
3653,True,5950561275727266249,98453938833205100,15,odd,False,False,True,84.0
3654,False,59468095,983784,12,even,False,False,True,60.0
3655,True,817456601564,13521379893,26,even,False,False,True,72.0
3656,False,62563299,1034705,18,even,False,False,True,52.0
3657,True,367561465577,6078095148,18,even,False,False,True,74.0
3658,True,4471136201718703,73925802750324,30,even,False,False,True,128.0
3659,True,2042576707831897385233090,33767364860054925982131,50,even,False,False,True,222.0
3660,False,121,2,2,even,True,True,,
3661,True,2646141887783161526043580022412878563962992776375,43733402096883205362363637609478218494451519428,96,even,False,False,True,456.0
3662,True,506192941607823,8364826069012,28,even,False,False,True,150.0
3663,False,2663,44,6,even,True,True,,
3664,False,5848201,96615,14,even,False,False,True,28.0
3665,True,102302745346709751207969,1689858337861260085768,31,odd,False,False,True,58.0
3666,True,30079999,496800,18,even,False,False,True,24.0
3667,True,297026,4905,10,even,False,False,True,64.0
3668,False,823604599,13598910,16,even,False,False,True,38.0
3669,True,583577909249481438179073802064418815,9634406977585923788452640947568064,72,even,False,False,True,334.0
3670,True,104652251,1727490,18,even,False,False,True,48.0
3671,True,41784090358688040,689634150895963,28,even,False,False,True,182.0
3672,False,4120901,68005,10,even,False,False,True,44.0
3673,True,168766530135390068775092076943133637828083891633179137313,2784683600266094941102902586251056934698646774746850696,63,odd,False,False,True,248.0
3674,True,1747315736495,28827156924,28,even,False,False,True,68.0
3675,False,3650401,60216,16,even,False,False,True,22.0
3676,False,40169531095281309620963156360374671421178254257976476799,662535282164529287791444917663561234114301489610611080,116,even,False,False,True,492.0
3677,True,12835900420284606307635198577155849,211679852530226715164975585756980,31,odd,False,False,True,154.0
3678,True,388600122293,6407624754,28,even,False,False,True,86.0
3679,True,5095,84,8,even,False,False,True,8.0
3680,False,16561,273,8,even,False,False,True,32.0
3681,False,25052977273092427986049,412929999549072860720,46,even,False,False,True,172.0
3682,True,4733,78,6,even,False,False,True,10.0
3683,True,410786342382,6768853841,26,even,False,False,True,82.0
3684,False,2522057712835735,41552313569706,34,even,False,False,True,108.0
3685,True,7282430361519479,119965838613732,34,even,False,False,True,136.0
3686,True,457439614314245,7534528958478,30,even,False,False,True,130.0
3687,True,39378388,648517,22,even,False,False,True,42.0
3688,False,351605368773852499,5789753069417175,34,even,False,False,True,124.0
3689,True,34757889071905,572267477496,26,even,False,False,True,88.0
3690,False,13121,216,8,even,False,False,True,14.0
3691,True,234567615574876492401606215621404902264929334397465877126450,3860966474564908813990341364686765959018219080955834494467,122,even,False,False,True,566.0
3692,False,814087,13398,8,even,False,False,True,44.0
3693,True,1105219509697986428089359804151,18186908791742181884989208340,62,even,False,False,True,264.0
3694,True,52433780724765852865103304025354709557775,862705820187501130225190402344119302436,80,even,False,False,True,428.0
3695,True,11707239,192596,12,even,False,False,True,46.0
3696,False,11551,190,8,even,False,False,True,10.0
3697,True,7808633640632461756780924806250382748843770366065960902672182269378896474913,128425221112532276737797100838820504427242730558690748424983038554902175912,81,odd,False,False,True,336.0
3698,False,34761632124320657,571632227912076,30,even,False,False,True,158.0
3699,False,491943661118810,8088597097449,26,even,False,False,True,148.0
3700,False,1555849,25578,10,even,False,False,True,38.0
3701,True,69774815046603078777263496165137014321285449,1146935912439469239361139413407804084925460,43,odd,False,False,True,202.0
3702,True,1808800901,29728470,18,even,False,False,True,86.0
3703,False,8193151,134640,14,even,False,False,True,30.0
3704,False,304560297142335,5004236180516,32,even,False,False,True,102.0
3705,True,126202751,2073360,24,even,False,False,True,28.0
3706,True,31315699,514410,5,odd,False,False,True,12.0
3707,True,24617923802,404333877,18,even,False,False,True,120.0
3708,False,103537981567,1700316744,20,even,False,False,True,84.0
3709,True,498938622490100272191791386249,8192542575130583730660585900,31,odd,False,False,True,112.0
3710,True,89781,1474,6,even,False,False,True,22.0
3711,True,1143544689182643793945,18771875453607819628,42,even,False,False,True,164.0
3712,False,1181354243155834177,19389926451561237,40,even,False,False,True,148.0
3713,True,24861605887,408006144,18,even,False,False,True,64.0
3714,True,126375502953460658705,2073680994427674804,38,even,False,False,True,182.0
3715,True,473963480019253126,7776165059948175,38,even,False,False,True,130.0
3716,False,13224937103288377430049,216948055834922456420,46,even,False,False,True,176.0
3717,False,113399,1860,6,even,True,True,,
3718,False,1870383011943601,30674384461980,34,even,False,False,True,144.0
3719,True,3720,61,4,even,True,True,,
3720,False,61,1,2,even,True,True,,
3722,True,7443,122,1,odd,True,True,,
3723,True,3722,61,2,even,True,True,,
3724,False,6681448801,109487820,12,even,False,False,True,110.0
3725,False,25801741449,422752204,5,odd,False,False,True,62.0
3726,False,57643991108495,944349201068,22,even,False,False,True,116.0
3727,True,15667865359621009679784327392716427024,256643420262947744441041461191425065,72,even,False,False,True,368.0
3728,False,1072400673,17563826,14,even,False,False,True,62.0
3729,True,115130012540951,1885351627940,26,even,False,False,True,92.0
3730,True,3416113452374934254659,55934256505324920294,23,odd,False,False,True,62.0
3731,True,218490,3577,6,even,False,False,True,32.0
3732,False,75263,1232,4,even,False,False,True,18.0
3733,True,163505546618640913489667858403323954543715501403366565863032740638357682707849,2676107128610269717762767313482460529282151451907115642704648424351112771140,71,odd,False,False,True,374.0
3734,True,2380373423071447639838210245,38954527049221334615225706,58,even,False,False,True,252.0
3735,False,18412804,301283,16,even,False,False,True,40.0
3736,False,3034565,49647,6,even,False,False,True,42.0
3737,True,106857,1748,10,even,False,False,True,18.0
3738,True,1110899,18170,8,even,False,False,True,24.0
3739,True,209743543470762890,3430132277703579,26,even,False,False,True,240.0
3740,False,3786751,61920,8,even,False,False,True,40.0
3741,True,780449,12760,6,even,False,False,True,22.0
3742,True,28118123833697896867864567137866303,459657602662577172746685648787032,64,even,False,False,True,364.0
3743,True,984999,16100,10,even,False,False,True,20.0
3744,False,5201,85,4,even,False,False,True,8.0
3745,True,98883806469047483561,1615843386061857684,38,even,False,False,True,144.0
3746,True,55438586115,905791538,20,even,False,False,True,124.0
3747,True,2759042,45073,12,even,False,False,True,38.0
3748,False,480644425002415999597113107233,7850984468207676944531096316,62,even,False,False,True,268.0
3749,True,46853191359911675090872689347935,765211446013995597753612242424,62,even,False,False,True,278.0
3750,False,4517251249,73766404,18,even,False,False,True,58.0
3751,False,129818829015047600,2119649999455443,26,even,False,False,True,156.0
3752,False,17151,280,6,even,False,False,True,16.0
3753,False,85322647,1392756,18,even,False,False,True,30.0
3754,True,73376747585000534211123069985309933964014437562567940142042451,1197598721371301512126970693967838635930115719572126221231590,67,odd,False,False,True,242.0
3755,True,966092409,15765716,16,even,False,False,True,62.0
3756,False,122695,2002,6,even,False,False,True,48.0
3757,False,1419278889601,23155125840,22,even,False,False,True,102.0
3758,True,6227411188946703,101584899379076,36,even,False,False,True,136.0
3759,True,13293076,216815,14,even,False,False,True,38.0
3760,False,4231,69,4,even,False,False,True,10.0
3761,True,393130888729394358162066143109623675683424187235854338049,6410405486698857513095962328194956886709912044640399680,53,odd,False,False,True,230.0
3762,False,33857,552,6,even,False,False,True,60.0
3763,True,81087991768933910974,1321872098013832935,42,even,False,False,True,160.0
3764,False,1068924905989944201,17422978026039590,34,even,False,False,True,150.0
3765,True,14009836706999,228323484180,24,even,False,False,True,110.0
3766,True,434925959073622013220186354299,7087207887002656054605441270,64,even,False,False,True,238.0
3767,True,20615921151433517021112024,335896079139739969462165,48,even,False,False,True,226.0
3768,False,106133,1729,12,even,False,False,True,20.0
3769,True,2015223204686506972664882285858430107176402929267310911602319672117486929438034049,32825404504318034787680863739961467930529023848565194099335153484905009261852240,87,odd,False,False,True,362.0
3770,True,188499,3070,3,odd,True,False,,
3771,False,270174970,4399637,14,even,False,False,True,48.0
3772,False,737,12,4,even,True,True,,
3773,False,42007188955969037151,683880495553024040,44,even,False,False,True,152.0
3774,True,129443229199,2107067220,24,even,False,False,True,46.0
3775,False,5972991296311683199,97215027625580688,36,even,False,False,True,138.0
3776,False,631236232801,10272494715,24,even,False,False,True,76.0
3777,True,14263704354519650311173143,232091286666140074103868,44,even,False,False,True,210.0
3778,True,177902243,2894346,16,even,False,False,True,86.0
3779,True,6640384065823496752010,108020144228046897009,42,even,False,False,True,214.0
3780,False,275561,4482,6,even,False,False,True,32.0
3781,True,29248058750439799,475656797730780,26,even,False,False,True,120.0
3782,True,123,2,2,even,True,True,,
3783,True,10087,164,6,even,True,True,,
3784,False,45225786400145,735208574394,30,even,False,False,True,104.0
3785,True,3426006538494660129,55687182538036648,17,odd,False,False,True,58.0
3786,True,161404298468749,2623160063250,30,even,False,False,True,92.0
3787,True,623154676056950901151,10126239752578844520,42,even,False,False,True,188.0
3788,False,365021035614016222087,5930794931696739294,44,even,False,False,True,168.0
3789,False,3879474045914926879468217167061449,63024665317279673626833260235420,66,even,False,False,True,290.0
3790,True,2448423923552680501,39771045637353030,38,even,False,False,True,136.0
3791,True,185760,3017,8,even,False,False,True,70.0
3792,False,228151,3705,14,even,False,False,True,16.0
3793,True,887888458985316886484654246682316412422491047746105480560223102753,14416737456965210858877574296917961018397734836138930100249666984,65,odd,False,False,True,294.0
3794,True,13551,220,8,even,False,False,True,8.0
3795,True,17249,280,10,even,False,False,True,10.0
3796,False,609622436806639069525576201,9894590855758621516485870,54,even,False,False,True,248.0
3797,True,1936659849,31429180,13,odd,False,False,True,10.0
3798,False,7022501,113950,14,even,False,False,True,74.0
3799,True,128393599339926760929562900,2083093324163219614788099,56,even,False,False,True,214.0
3800,False,202501,3285,12,even,False,False,True,14.0
3801,True,1046500439977495,16974245552268,30,even,False,False,True,140.0
3802,True,238662570780108808725260140723,3870599695388115306842920458,33,odd,False,False,True,128.0
3803,True,34226,555,6,even,False,False,True,60.0
3804,False,100538522687243551,1630092485113820,36,even,False,False,True,116.0
3805,True,160498493441,2601918144,18,even,False,False,True,112.0
3806,True,981215175115,15904860498,24,even,False,False,True,72.0
3807,False,391124132351,6339035360,22,even,False,False,True,72.0
3808,False,11663,189,8,even,False,False,True,10.0
3809,True,1248993245468888577411477159201,20237394763586802976580766760,39,odd,False,False,True,80.0
3810,True,659039069,10676986,20,even,False,False,True,46.0
3811,True,926,15,6,even,True,True,,
3812,False,15090531843660371073,244415137683807688,42,even,False,False,True,146.0
3813,True,247,4,4,even,True,True,,
3814,True,4153445,67254,10,even,False,False,True,78.0
3815,True,63001,1020,10,even,False,False,True,8.0
3816,False,32080051,519315,18,even,False,False,True,26.0
3817,True,4884786509301654524448078948960189527,79065042288561846375583477384310628,80,even,False,False,True,322.0
3818,True,33784653,546766,16,even,False,False,True,34.0
3819,True,31826,515,8,even,False,False,True,24.0
3820,False,2095256249,33900450,16,even,False,False,True,56.0
3821,True,28768702532397465801,465405763084613860,27,odd,False,False,True,46.0
3822,False,595349,9630,14,even,False,False,True,16.0
3823,True,684476077955168625355292470941720998874596768,11070216778695248339422640601826616728595751,88,even,False,False,True,438.0
3824,False,76759023628799,1241282121240,24,even,False,False,True,90.0
3825,False,41270070401,667297488,20,even,False,False,True,72.0
3826,True,415361660968051702458738431977745,6715122267538570175204725387332,70,even,False,False,True,276.0
3827,True,9954026,160905,10,even,False,False,True,78.0
3828,False,14849,240,8,even,False,False,True,4.0
3829,True,4429414493673107506095825575293077172261760252218975,71581968817549680663171024798267885090447996771816,110,even,False,False,True,482.0
3830,True,336980251,5445090,18,even,False,False,True,54.0
3831,True,6901001057138494045324,111495160732553879885,42,even,False,False,True,164.0
3832,False,16762522330425599,270786257024280,32,even,False,False,True,102.0
3833,True,136772460480833929333714856548661535859233,2209170575668147328926301324449447518056,45,odd,False,False,True,158.0
3834,False,2796274207048751,45159976004300,32,even,False,False,True,100.0
3835,True,24575446,396843,14,even,False,False,True,48.0
3836,False,1843199,29760,8,even,False,False,True,4.0
3837,True,778001776828144055119351,12559856840090275822260,46,even,False,False,True,230.0
3838,True,386776738911448763317,6243208832821273026,36,even,False,False,True,164.0
3839,True,47586962820,768031321,18,even,False,False,True,88.0
3840,False,1921,31,4,even,True,True,,
3841,True,1883122993505637746305219852325249366015,30384810538284494342047755012293942592,74,even,False,False,True,352.0
3842,True,3843,62,4,even,True,True,,
3843,False,62,1,2,even,True,True,,
3845,True,7689,124,1,odd,True,True,,
3846,True,3845,62,2,even,True,True,,
3847,True,248840445836539903738125260563099912808,4011990330404946160419309499701634173,72,even,False,False,True,402.0
3848,False,1923,31,2,even,True,True,,
3849,True,612671139012459100385317974935,9875372063379966567874988876,64,even,False,False,True,254.0
3850,False,906954049,14616888,12,even,False,False,True,74.0
3851,True,49388972742621621487450285516069210,795872014821453486734138864131107,70,even,False,False,True,326.0
3852,False,1850887,29822,8,even,False,False,True,32.0
3853,True,31317246092500027273,504526590903473676,13,odd,False,False,True,122.0
3854,True,1703305015885455,27436996645684,24,even,False,False,True,170.0
3855,True,1603936,25833,10,even,False,False,True,32.0
3856,False,10085143557001249,162410301261150,26,even,False,False,True,110.0
3857,True,742793183,11960328,16,even,False,False,True,56.0
3858,True,8196282030222401,131958017499160,30,even,False,False,True,152.0
3859,True,2188087730,35223081,18,even,False,False,True,96.0
3860,False,446526729,7187102,14,even,False,False,True,68.0
3861,False,1524095,24528,8,even,False,False,True,24.0
3862,True,5965346351623981446559222310227876901,95990781933298770162394257846345570,78,even,False,False,True,366.0
3863,True,5920058591634888,95249707556731,36,even,False,False,True,134.0
3864,False,57499,925,6,even,False,False,True,16.0
3865,True,459649211688091839951763402153492295184716929,7393528826866690175521973089100735894738064,47,odd,False,False,True,152.0
3866,True,1297509672741277829587031132499,20867944801594990523715784850,31,odd,False,False,True,104.0
3867,True,2819042,45333,10,even,False,False,True,76.0
3868,False,43236306012409618808585905560978877567,695192934020163670257845644057142904,80,even,False,False,True,352.0
3869,True,452438213797449,7273775861020,9,odd,False,False,True,72.0
3870,False,2862251,46010,10,even,False,False,True,38.0
3871,False,2047760,32913,12,even,False,False,True,74.0
3872,False,19601,315,6,even,False,False,True,8.0
3873,True,4761631447,76512436,18,even,False,False,True,82.0
3874,True,3229891256360274142051,51892918039673924970,17,odd,False,False,True,70.0
3875,False,249,4,2,even,True,True,,
3876,False,13588951,218270,14,even,False,False,True,30.0
3877,True,450360073,7232892,7,odd,False,False,True,14.0
3878,True,12449487,199916,14,even,False,False,True,42.0
3879,False,45941303693836799,737638244123040,36,even,False,False,True,100.0
3880,False,215395035859,3457958901,18,even,False,False,True,90.0
3881,True,3046206682084678948866992262041685172473036801,48897600173742523039182107263733945136988160,49,odd,False,False,True,182.0
3882,True,2581481119151,41432504620,24,even,False,False,True,86.0
3883,True,3178,51,4,even,False,False,True,8.0
3884,False,311491154848256644549737799,4998113432672896204426290,56,even,False,False,True,224.0
3885,True,3269321,52452,8,even,False,False,True,36.0
3886,True,2318997741949707492520197353845,37200512890724364298233072678,62,even,False,False,True,258.0
3887,False,6099380351,97831440,18,even,False,False,True,44.0
3888,False,9863382151,158184065,20,even,False,False,True,58.0
3889,True,14302946860378170902910471606049,229354123990642437488825785560,31,odd,False,False,True,104.0
3890,True,41459619,664738,7,odd,False,False,True,10.0
3891,True,122148865,1958208,18,even,False,False,True,62.0
3892,False,903223,14478,12,even,False,False,True,20.0
3893,True,4364542601,69951420,18,even,False,False,True,74.0
3894,True,32449,520,6,even,False,False,True,20.0
3895,True,31116315239,498579516,20,even,False,False,True,72.0
3896,False,488825745235215,7831493592562,32,even,False,False,True,102.0
3897,False,104564907854286695713,1675022928278299912,38,even,False,False,True,144.0
3898,True,21898963,350754,5,odd,False,False,True,10.0
3899,True,979920523681695,15693298523624,30,even,False,False,True,98.0
3900,False,1249,20,4,even,True,True,,
3901,True,5748147049095545351905586396477471790556425435014523786335,92032219230966774224257115217399433513124573566147616568,118,even,False,False,True,532.0
3902,True,402707006463,6446820128,20,even,False,False,True,110.0
3903,True,520478118556708,8331116362489,26,even,False,False,True,110.0
3904,False,6239765965720528801,99865020720291255,40,even,False,False,True,134.0
3905,True,6249,100,4,even,True,True,,
3906,False,125,2,2,even,True,True,,
3907,True,158198090671884155770512949562,2530926493468163363989551057,54,even,False,False,True,340.0
3908,False,108832847723078562849,1740935637653235140,42,even,False,False,True,152.0
3909,True,53991039908294779727542221294111415,863552721454759297742698667903244,74,even,False,False,True,324.0
3910,True,44627028597829,713689968558,30,even,False,False,True,84.0
3911,True,29386954827722146159312200,469905661402258082369053,56,even,False,False,True,236.0
3912,False,118337,1892,10,even,False,False,True,24.0
3913,True,3664208992496599,58576755408060,28,even,False,False,True,152.0
3914,True,3103881614264902335,49612914204303304,40,even,False,False,True,130.0
3915,False,12448106,198947,16,even,False,False,True,36.0
3916,False,360449,5760,14,even,False,False,True,10.0
3917,True,2570019620134545290728450503450875960649,41063848887337030403396301714057685060,41,odd,False,False,True,176.0
3918,True,1940665067,31004046,16,even,False,False,True,56.0
3919,True,26044417810670200452762968076538502860962888222429200,416032273433305905585502728084820437793259823146889,112,even,False,False,True,514.0
3920,False,51841,828,12,even,False,False,True,10.0
3921,True,4867267113323905219558836227666788055,77729658492403544933265107663650388,80,even,False,False,True,318.0
3922,True,49195731098820827683,785549622669086898,19,odd,False,False,True,78.0
3923,True,1260934726236423002,20131839128128281,38,even,False,False,True,156.0
3924,False,158070671986249,2523404075850,34,even,False,False,True,70.0
3925,False,46698728731849,745392858444,13,odd,False,False,True,44.0
3926,True,583931887995,9319380518,26,even,False,False,True,74.0
3927,True,188,3,4,even,True,True,,
3928,False,8837,141,6,even,False,False,True,18.0
3929,True,36029592873227737901629528318184666309388895300380723201,574802092295106402220341628830724924454368781171504960,59,odd,False,False,True,230.0
3930,True,1101709,17574,10,even,False,False,True,34.0
3931,True,4487333686157443723906476241327235561313041461294998925426804850,71570960194412499518981861136598202607554300335006905765219477,130,even,False,False,True,608.0
3932,False,161411983487,2574121368,20,even,False,False,True,94.0
3933,False,42301601,674520,12,even,False,False,True,66.0
3934,True,301954646015,4814204544,28,even,False,False,True,100.0
3935,True,3854867793004,61452155337,28,even,False,False,True,70.0
3936,False,15772656049,251406955,20,even,False,False,True,68.0
3937,True,9051555617777728972560474847,144258202653075678919788072,56,even,False,False,True,246.0
3938,True,936242019217,14919362724,22,even,False,False,True,130.0
3939,True,242817535,3868896,16,even,False,False,True,38.0
3940,False,332929,5304,10,even,False,False,True,38.0
3941,True,90180215,1436508,12,even,False,False,True,78.0
3942,False,100614149,1602510,16,even,False,False,True,30.0
3943,True,9678321222349352194222547951077327806344001224,154129810218253204350601696325620383993071085,92,even,False,False,True,454.0
3944,False,49299,785,6,even,False,False,True,36.0
3945,True,377615411817641,6012100161372,34,even,False,False,True,88.0
3946,True,19183045268270831446823876298288209321299,305378889304044234032194346760755778630,33,odd,False,False,True,168.0
3947,True,54884775626,873611475,22,even,False,False,True,106.0
3948,False,377,6,4,even,True,True,,
3949,True,12479956244812838735848046871385904390208939089859822808839551,198595542202589951705080702065859382638056897769446677987280,128,even,False,False,True,552.0
3950,False,1856896782399,29545355224,28,even,False,False,True,74.0
3951,False,440,7,4,even,True,True,,
3952,False,14549450527,231439842,16,even,False,False,True,72.0
3953,True,8327173993068962967,132444592666895036,36,even,False,False,True,138.0
3954,True,6574567784465,104555979484,26,even,False,False,True,116.0
3955,True,566,9,4,even,True,True,,
3956,False,550271588560695,8748809267198,26,even,False,False,True,104.0
3957,True,1152597599,18322920,12,even,False,False,True,84.0
3958,True,5501782277,87451146,14,even,False,False,True,106.0
3959,True,84115115400025,1336845733044,32,even,False,False,True,94.0
3960,False,881,14,4,even,True,True,,
3961,True,1916587283085164874595556628648601515521280001,30452726425589109630230806274533983240993600,43,odd,False,False,True,174.0
3962,True,1133,18,4,even,True,True,,
3963,True,1322,21,4,even,True,True,,
3964,False,288065397114519999215772221121510725946342952839946398732799,4575349457429997391891575937207579910028267903198876333360,124,even,False,False,True,532.0
3965,True,124929,1984,6,even,False,False,True,2.0
3966,True,2645,42,4,even,True,True,,
3967,True,3968,63,4,even,True,True,,
3968,False,63,1,2,even,True,True,,
3970,True,7939,126,1,odd,True,True,,
3971,False,3970,63,2,even,True,True,,
3972,False,2647,42,2,even,True,True,,
3973,True,31309027849,496718460,5,odd,False,False,True,60.0
3974,True,1441122076237812937914142405,22860558678322999372646226,50,even,False,False,True,264.0
3975,False,1324,21,2,even,True,True,,
3976,False,1135,18,2,even,True,True,,
3977,True,1847347400454528710433,29293467207081295112,21,odd,False,False,True,70.0
3978,False,883,14,2,even,True,True,,
3979,True,149997999688710838259705,2377926889791375995316,46,even,False,False,True,184.0
3980,False,8835999,140060,8,even,False,False,True,36.0
3981,True,1163099575,18434052,10,even,False,False,True,104.0
3982,True,72474490268003744117,1148509367333405322,40,even,False,False,True,188.0
3983,True,568,9,2,even,True,True,,
3984,False,8553815,135519,12,even,False,False,True,32.0
3985,True,10433366221728547072854391061810531558256769,165276188540715393350595595628231937004176,41,odd,False,False,True,150.0
3986,True,899964062499,14254648750,11,odd,False,False,True,22.0
3987,False,442,7,2,even,True,True,,
3988,False,14418057673,228312234,22,even,False,False,True,68.0
3989,True,2489574099468737305876191605001,39417859660972040365509323300,21,odd,False,False,True,162.0
3990,True,379,6,2,even,True,True,,
3991,True,285984142932649574303357149060676,4526901964409006077825213929315,68,even,False,False,True,270.0
3992,False,984076901,15575205,14,even,False,False,True,64.0
3993,False,970614726270742103,15360212398662916,32,even,False,False,True,148.0
3994,True,334425963070514018862720269408212980876968520550125856798514537299,5291709031174723024227108953831224480295559459024277973512896210,67,odd,False,False,True,258.0
3995,True,71486,1131,8,even,False,False,True,18.0
3996,False,102688615,1624462,14,even,False,False,True,36.0
3997,True,92109151,1456920,10,even,False,False,True,76.0
3998,True,12925799920289343,204425954517224,28,even,False,False,True,168.0
3999,True,26876,425,6,even,False,False,True,12.0
4000,False,3117419602578001,49290731833017,28,even,False,False,True,118.0
4001,True,3974605393506435201,62836175188298480,13,odd,False,False,True,70.0
4002,True,5567,88,6,even,False,False,True,8.0
4003,True,10675090753927503722008879537371122,168724745136660516665415874096719,66,even,False,False,True,352.0
4004,False,1060905,16766,14,even,False,False,True,22.0
4005,False,43468489,686868,10,even,False,False,True,74.0
4006,True,3627681448972124688885752841837120064353235414365037445,57315709347413016502127480790113183410147231351775502,110,even,False,False,True,542.0
4007,True,7829026470560460024,123679605193772915,36,even,False,False,True,168.0
4008,False,206869247,3267624,16,even,False,False,True,32.0
4009,True,3799,60,4,even,True,True,,
4010,True,7219,114,4,even,False,False,True,12.0
4011,True,190,3,2,even,True,True,,
4012,False,162937351,2572410,12,even,False,False,True,68.0
4013,True,680250298015640073,10738266076189484,19,odd,False,False,True,50.0
4014,False,24273101721960449,383121559493120,28,even,False,False,True,126.0
4015,True,742212453896,11713467111,22,even,False,False,True,96.0
4016,False,27009633024199,426208229865,32,even,False,False,True,66.0
4017,True,13183,208,10,even,False,False,True,8.0
4018,False,5647081537,89087976,24,even,False,False,True,38.0
4019,True,1708604365567350951677221730,26951473159328913297971289,50,even,False,False,True,278.0
4020,False,2950149761,46529784,14,even,False,False,True,54.0
4021,True,137067718222878504169143817801,2161564237986730163450249940,27,odd,False,False,True,92.0
4022,True,899697265462117,14186503428702,30,even,False,False,True,148.0
4023,False,12966724,204435,14,even,False,False,True,30.0
4024,False,14125267563780214605455,222673070127787460874,40,even,False,False,True,158.0
4025,False,277301249,4370880,16,even,False,False,True,36.0
4026,True,84149464255,1326216632,28,even,False,False,True,52.0
4027,True,489926383300155323805655713528988632537844064331002,7720403744882820167494955973824537167233515551083,102,even,False,False,True,488.0
4028,False,453151,7140,8,even,False,False,True,30.0
4029,True,40692425,641084,14,even,False,False,True,38.0
4030,True,9579769109,150904614,22,even,False,False,True,54.0
4031,True,78541711170201,1237069102220,24,even,False,False,True,106.0
4032,False,127,2,2,even,True,True,,
4033,True,1183313728990084222121478786725505178753,18633129069962114596023657959628656976,35,odd,False,False,True,208.0
4034,True,18656897487784515,293745673232494,36,even,False,False,True,160.0
4035,True,711506,11201,8,even,False,False,True,46.0
4036,False,583201,9180,10,even,False,False,True,34.0
4037,True,2235709805703145399,35187309169758540,38,even,False,False,True,142.0
4038,True,325733,5126,8,even,False,False,True,54.0
4039,True,22288270864881375590235560,350702975339090911793571,52,even,False,False,True,294.0
4040,False,3395619,53423,14,even,False,False,True,48.0
4041,False,10310127120295675365715024803971201,162188327294782939531953399007920,80,even,False,False,True,276.0
4042,True,61255554861860333,963490248543642,32,even,False,False,True,128.0
4043,True,221686399,3486480,16,even,False,False,True,36.0
4044,False,141994951,2232890,16,even,False,False,True,60.0
4045,True,202249,3180,5,odd,True,False,,
4046,False,9743412645135,153178621412,28,even,False,False,True,120.0
4047,True,1781249,28000,16,even,False,False,True,22.0
4048,False,3222617399,50651055,22,even,False,False,True,64.0
4049,True,2961136453587513397317964548610024257266844801,46535515843436489689330555084695444735046480,49,odd,False,False,True,184.0
4050,False,19601,308,10,even,False,False,True,10.0
4051,True,5383417627373949351123839808517440621285033901490,84581805341317262274629872520787545399261115657,90,even,False,False,True,498.0
4052,False,309159979019115849,4856781334654730,38,even,False,False,True,134.0
4053,True,3483649,54720,10,even,False,False,True,36.0
4054,True,13971438861629094598893146979059394329145661881201019971365,219431646813187437183447298305437210029482532725398231934,114,even,False,False,True,572.0
4055,True,1298859976089,20397028612,28,even,False,False,True,78.0
4056,False,4656965,73123,12,even,False,False,True,34.0
4057,True,382725902503889297913541379676115186731788253687652856246148935722378237549603873,6008766835857783307255897900772197522343201654498602681868116689271634627022552,91,odd,False,False,True,360.0
4058,True,576078752499,9043277050,13,odd,False,False,True,18.0
4059,False,46471490,729419,14,even,False,False,True,86.0
4060,False,352871,5538,14,even,False,False,True,18.0
4061,True,18577348099802281296876218751,291519240741564348477958000,54,even,False,False,True,256.0
4062,True,1951781642507,30623954398,28,even,False,False,True,80.0
4063,True,7649,120,8,even,True,True,,
4064,False,255,4,4,even,True,True,,
4065,True,8671,136,6,even,False,False,True,8.0
4066,True,343977292342747234626065,5394436514982636408492,50,even,False,False,True,200.0
4067,False,361643617,5670792,16,even,False,False,True,34.0
4068,False,2900932297217,45482792496,24,even,False,False,True,80.0
4069,True,363483145,5698236,20,even,False,False,True,42.0
4070,True,18501,290,8,even,False,False,True,14.0
4071,True,96879480545,1518382712,22,even,False,False,True,66.0
4072,False,15155578752298003,237502749088167,34,even,False,False,True,122.0
4073,True,9543400575293275373815894331087003649,149536065050952394599162121793192320,35,odd,False,False,True,134.0
4074,True,154226701,2416290,18,even,False,False,True,44.0
4075,False,64080026,1003827,14,even,False,False,True,44.0
4076,False,74174332129101914180385799,1161813870115399424692470,52,even,False,False,True,228.0
4077,False,1653751,25900,14,even,False,False,True,20.0
4078,True,70221293770832713806532587704441992463,1099626547115668509621755638589441916,72,even,False,False,True,402.0
4079,True,189716843606453532684519911280,2970496451095500078889982759,56,even,False,False,True,280.0
4080,False,511,8,4,even,True,True,,
4081,True,604530652265,9463134852,24,even,False,False,True,68.0
4082,True,4268206348899,66804990610,9,odd,False,False,True,32.0
4083,True,40819384890026,638817442935,26,even,False,False,True,124.0
4084,False,198723867690977573219668252231077415636351801801,3109618879607381413593704751509716307988342270,106,even,False,False,True,428.0
4085,True,8801188553079,137703600188,26,even,False,False,True,116.0
4086,False,16916040084175685,264636366164922,30,even,False,False,True,180.0
4087,True,4601182724,71972595,16,even,False,False,True,118.0
4088,False,1023,16,4,even,True,True,,
4089,True,1285759776147201449,20107185282015420,30,even,False,False,True,148.0
4090,True,1251270322579,19565434194,20,even,False,False,True,106.0
4091,True,37831919632484839132490,591484868211020767467,46,even,False,False,True,224.0
4092,False,2047,32,4,even,True,True,,
4093,True,648608100085340746633,10138214969111225196,19,odd,False,False,True,128.0
4094,True,4095,64,4,even,True,True,,
4095,False,64,1,2,even,True,True,,
4097,True,8193,128,1,odd,True,True,,
4098,True,4097,64,2,even,True,True,,
4099,True,6290679704195680536253612607008970662569749959960678667690,98255894580947570793022586715791022877883393268276434001,114,even,False,False,True,576.0
4100,False,2049,32,2,even,True,True,,
4101,True,15038410460012428677053740572796415,234831877148720411637761404955232,72,even,False,False,True,324.0
4102,True,10141222990572827,158340679489542,36,even,False,False,True,120.0
4103,True,36076932,563221,10,even,False,False,True,54.0
4104,False,1025,16,2,even,True,True,,
4105,True,3830995270998176489,59793645893686188,36,even,False,False,True,128.0
4106,True,149378127699,2331189290,7,odd,False,False,True,30.0
4107,False,9863382151,153908820,18,even,False,False,True,78.0
4108,False,133150393,2077434,12,even,False,False,True,58.0
4109,True,46013140309107764048945975,717817105677092067911844,48,even,False,False,True,236.0
4110,True,244530751,3814280,14,even,False,False,True,38.0
4111,True,22600970918684145317406830884887526438186669303416178086560,352495322229152178879614940884523956622557436044222529897,124,even,False,False,True,578.0
4112,False,513,8,2,even,True,True,,
4113,False,6983244756398928218113,108887470523463284544,42,even,False,False,True,164.0
4114,False,839492675,13088346,14,even,False,False,True,48.0
4115,True,82702446,1289239,14,even,False,False,True,46.0
4116,False,97379496466615,1517853447942,30,even,False,False,True,104.0
4117,True,1837945102852582416613765930145532519988909151,28644556460037454057952889000429618179182680,86,even,False,False,True,424.0
4118,True,1893364361423,29504688036,24,even,False,False,True,84.0
4119,True,338590853596324,5275690702755,22,even,False,False,True,110.0
4120,False,884307011291,13776993717,26,even,False,False,True,70.0
4121,True,4850227375566665244801,75554579224619752240,25,odd,False,False,True,56.0
4122,False,1048728401,16334620,12,even,False,False,True,60.0
4123,True,34490562553,537147564,14,even,False,False,True,126.0
4124,False,849523403982641460728723279999,13228665032561244608342903400,56,even,False,False,True,258.0
4125,False,23400586355066999,364346635403604,30,even,False,False,True,132.0
4126,True,21463508140861728553057577651533912660709375,334145868438155779219711421198468455829568,84,even,False,False,True,464.0
4127,True,2826522857010387648,43998236250093167,32,even,False,False,True,182.0
4128,False,257,4,2,even,True,True,,
4129,True,4764726576922744102984571359612477560223126002281056165101651310774602699688985807569801249,74150749020124963306733757010403185701758477080059295307067580181294296734592311006361800,89,odd,False,False,True,410.0
4130,True,4064509,63246,14,even,False,False,True,26.0
4131,False,499850,7777,10,even,False,False,True,74.0
4132,False,69833593956354694952807071952492833,1086386191744902921165535640904228,70,even,False,False,True,326.0
4133,True,62648088393,974484916,7,odd,False,False,True,24.0
4134,True,69973806395,1088304094,22,even,False,False,True,62.0
4135,True,1874230971572396404,29146429030397403,40,even,False,False,True,140.0
4136,False,15885,247,6,even,False,False,True,14.0
4137,True,4496973089503,69916153672,24,even,False,False,True,74.0
4138,True,729046233628522149364384772900657683,11333389835944837583763268868111274,35,odd,False,False,True,152.0
4139,True,37250,579,6,even,False,False,True,66.0
4140,False,2535751,39410,8,even,False,False,True,54.0
4141,True,162267250027170273968445205418073637423098775985631608583049,2521611990381602965333531298891794957337725204918051507020,55,odd,False,False,True,260.0
4142,True,6524523,101378,16,even,False,False,True,26.0
4143,True,2114208499417,32846594404,26,even,False,False,True,96.0
4144,False,847225,13161,10,even,False,False,True,34.0
4145,True,249494661161,3875243436,26,even,False,False,True,78.0
4146,True,12778583277142710981185,198457747912327754312,42,even,False,False,True,204.0
4147,True,94627378,1469433,16,even,False,False,True,46.0
4148,False,8710152963849,135240388010,22,even,False,False,True,100.0
4149,False,2795911984444305802027420016801,43406201108963787457810483080,60,even,False,False,True,266.0
4150,False,5786139071247158449,89818297639168692,36,even,False,False,True,140.0
4151,True,203400,3157,8,even,False,False,True,72.0
4152,False,15404267,239063,12,even,False,False,True,32.0
4153,True,1916599612779560209557902914405290722142964324484199267444482089253674273,29740648250653061240852425711771486063436763063214863104698661480624376,79,odd,False,False,True,326.0
4154,True,41181951,638960,14,even,False,False,True,38.0
4155,True,379214,5883,12,even,False,False,True,20.0
4156,False,486481895944288701289625276844927549121653360703500799,7546210464069638231661211640210258675267960456275920,108,even,False,False,True,488.0
4157,True,103123625891102804292906249,1599440771355677463648500,25,odd,False,False,True,114.0
4158,False,317899,4930,8,even,False,False,True,30.0
4159,True,5414767271524082813120,83962494925794507231,40,even,False,False,True,216.0
4160,False,129,2,2,even,True,True,,
4161,True,11095,172,6,even,True,True,,
4162,True,75602028173705811683,1171878019769582982,40,even,False,False,True,196.0
4163,True,24208609726,375203295,20,even,False,False,True,60.0
4164,False,770918649927575,11946843971746,32,even,False,False,True,94.0
4165,False,285769,4428,10,even,False,False,True,16.0
4166,True,59418908613165155383083738565,920587423974469760615286642,54,even,False,False,True,284.0
4167,False,247512720456368,3834297208387,32,even,False,False,True,90.0
4168,False,1302499,20175,14,even,False,False,True,40.0
4169,True,17604635555034997944764892094999,272653508985316114448065655700,66,even,False,False,True,250.0
4170,True,26856191,415888,16,even,False,False,True,42.0
4171,True,775,12,6,even,True,True,,
4172,False,576927,8932,10,even,False,False,True,30.0
4173,True,16848649,260820,12,even,False,False,True,70.0
4174,True,1424156508991205142208681039557490896776199898778313581829510488975,22043547972406602245188180037336225229518423057650028204781695724,136,even,False,False,True,636.0
4175,False,18966024,293527,20,even,False,False,True,30.0
4176,False,192119201,2972970,20,even,False,False,True,38.0
4177,True,44292547942518779144450202494224889059611070169104663096428673,685327921774660535374479530024713742949913230202310151329808,61,odd,False,False,True,280.0
4178,True,263218177,4072224,14,even,False,False,True,88.0
4179,True,2677345,41416,14,even,False,False,True,56.0
4180,False,456191,7056,12,even,False,False,True,16.0
4181,True,478597038039566696511234146917608201,7401673482859530298834759919462620,35,odd,False,False,True,168.0
4182,True,37637,582,6,even,False,False,True,66.0
4183,True,317558171528,4909975899,20,even,False,False,True,120.0
4184,False,3987042510565,61638921081,26,even,False,False,True,74.0
4185,False,15990898437631,247186719456,24,even,False,False,True,92.0
4186,True,18855674947565,291435512322,24,even,False,False,True,94.0
4187,True,143493953718,2217594427,22,even,False,False,True,80.0
4188,False,136807,2114,10,even,False,False,True,50.0
4189,True,2348310155551200245641645845518123357620381521252013751,36282756659471626090344570914713715637788216718375900,110,even,False,False,True,504.0
4190,True,25491871648821,393817228654,30,even,False,False,True,76.0
4191,True,29371924,453705,14,even,False,False,True,40.0
4192,False,22041817899174577,340437014378103,36,even,False,False,True,118.0
4193,True,19167,296,6,even,False,False,True,22.0
4194,False,938319425,14488936,18,even,False,False,True,92.0
4195,True,45772086899846122191836963999,706699414022674604276153640,64,even,False,False,True,220.0
4196,False,4720747718766511296768801,72877430538193335610660,50,even,False,False,True,204.0
4197,True,2229399257939085408333751,34412669824993224540300,50,even,False,False,True,234.0
4198,True,113978639776334919899595657028901,1759147488675595201885659246810,62,even,False,False,True,340.0
4199,True,324,5,4,even,True,True,,
4200,False,8749,135,6,even,False,False,True,8.0
4201,True,15342165195784487937181167063910620379274871789035457823176568529478448214293546222453921580416801,236706570861604845270759494315006025078312806937322254908546450590640947579972569674113045597560,99,odd,False,False,True,446.0
4202,True,8607991437,132792578,22,even,False,False,True,68.0
4203,False,1625626,25075,10,even,False,False,True,32.0
4204,False,1825512460897583376717662517209872247435085310431124999,28154864923511321010688354478768406951703858826937750,116,even,False,False,True,500.0
4205,False,299537289,4619212,12,even,False,False,True,88.0
4206,True,1826014690238699,28155914188610,28,even,False,False,True,126.0
4207,True,383447171307218768,5911793862730983,28,even,False,False,True,252.0
4208,False,38713200767,596789556,20,even,False,False,True,72.0
4209,True,1222672005355632215,18846057234622156,36,even,False,False,True,174.0
4210,True,48062281124634499,740735794382310,17,odd,False,False,True,52.0
4211,True,174844298319090500142303314489781850,2694380047628390959995251257521897,74,even,False,False,True,336.0
4212,False,649,10,4,even,True,True,,
4213,True,19071901038149286317976796874999,293831434246702011246505462500,58,even,False,False,True,316.0
4214,False,4505948689285,69412706154,28,even,False,False,True,102.0
4215,True,844,13,4,even,True,True,,
4216,False,3355576256056895,51679322502708,28,even,False,False,True,108.0
4217,True,1234201021430800915937244912165153,19005710119463758154382245165432,31,odd,False,False,True,122.0
4218,True,231421901,3563290,18,even,False,False,True,52.0
4219,True,97368731966766164199033274737192581210,1499045280812594827427418555254641461,74,even,False,False,True,428.0
4220,False,1689,26,4,even,True,True,,
4221,False,137215,2112,6,even,False,False,True,2.0
4222,True,559884677381394885476016891268814708946565953599,8616670137323363145176951081959937441003890680,88,even,False,False,True,476.0
4223,True,4224,65,4,even,True,True,,
4224,False,65,1,2,even,True,True,,
4226,True,8451,130,1,odd,True,True,,
4227,True,4226,65,2,even,True,True,,
4228,False,239637339568529407,3685420100066496,30,even,False,False,True,178.0
4229,True,37763016201,580694660,5,odd,False,False,True,66.0
4230,False,1691,26,2,even,True,True,,
4231,True,1448005395154038127926578071623745469720,22261204914463309108155324946001318973,68,even,False,False,True,440.0
4232,False,131836323,2026573,16,even,False,False,True,64.0
4233,True,39016567127,599687396,20,even,False,False,True,68.0
4234,True,404699980122443661698351251,6219532709989911929797350,25,odd,False,False,True,108.0
4235,False,846,13,2,even,True,True,,
4236,False,71604224024098584199,1100172200669895410,40,even,False,False,True,156.0
4237,True,67008760418986958696434461874237094445151,1029443111985341797799944606703773530120,84,even,False,False,True,392.0
4238,True,651,10,2,even,True,True,,
4239,False,7838695,120396,10,even,False,False,True,30.0
4240,False,73738369,1132428,10,even,False,False,True,52.0
4241,True,1874971609173091637204298392650019925688492420310049,28791252598216053366957368719542322507429225929080,47,odd,False,False,True,206.0
4242,True,320573,4922,10,even,False,False,True,26.0
4243,True,71495387886939108299769509927142362,1097593460464898075426812651808199,62,even,False,False,True,388.0
4244,False,170800615664635332564330517881801,2621813191078083737460891337130,62,even,False,False,True,274.0
4245,True,303821441,4663152,10,even,False,False,True,84.0
4246,True,1036159035641953894068021395045,15901438855896510581442030162,54,even,False,False,True,356.0
4247,True,21409128,328517,8,even,False,False,True,92.0
4248,False,306917,4709,10,even,False,False,True,30.0
4249,True,1406721390390084009875311660957976221637955862015,21580660160397807236549009676230375609895828576,92,even,False,False,True,438.0
4250,False,71633100608499,1098801604186,11,odd,False,False,True,32.0
4251,True,326,5,2,even,True,True,,
4252,False,6092317532089106967495481012351,93429904039920864102405886440,52,even,False,False,True,302.0
4253,True,16112124032124491488315563849,247061517771859154991751460,25,odd,False,False,True,138.0
4254,True,1879917009784506005,28823049970624234,36,even,False,False,True,170.0
4255,True,24444979624,374748495,18,even,False,False,True,68.0
4256,False,938449,14385,8,even,False,False,True,42.0
4257,False,15137,232,4,even,False,False,True,18.0
4258,True,133197261443,2041232466,20,even,False,False,True,130.0
4259,True,200236646655773016130,3068242939661179281,38,even,False,False,True,210.0
4260,False,82667999,1266580,16,even,False,False,True,36.0
4261,True,487773692171836773724609849913554117111338210033172214202613754243355294551180678058174336686937984132269449,7472442916404366718042414428150210943686325241177441866467283025312332082757122658434098509179768961076260,107,odd,False,False,True,510.0
4262,True,911908936708901,13968338442630,30,even,False,False,True,134.0
4263,False,1567,24,4,even,False,False,True,2.0
4264,False,23597172197299,361369390935,26,even,False,False,True,98.0
4265,True,63457357881876356772528129,971678219662798523892224,31,odd,False,False,True,68.0
4266,False,29002323118011949,444040273216890,34,even,False,False,True,102.0
4267,True,424981762433,6505923792,24,even,False,False,True,62.0
4268,False,19207,294,4,even,False,False,True,34.0
4269,True,69744788185238404612918031666935,1067452803720808529835559078764,62,even,False,False,True,314.0
4270,True,5489,84,6,even,False,False,True,8.0
4271,True,1234320,18887,8,even,False,False,True,80.0
4272,False,11539207,176547,16,even,False,False,True,28.0
4273,True,21141751909673188224599970798390097292353994900204917977410792113131649,323425699296097444314333318890638436656435063061715291977916766062480,69,odd,False,False,True,314.0
4274,True,4237501963299,64817556290,11,odd,False,False,True,42.0
4275,False,57799,884,12,even,False,False,True,12.0
4276,False,742925865816843150858935268959512942700219559049,11361263456141505036160120355392731361759572870,94,even,False,False,True,440.0
4277,True,17482401,267320,10,even,False,False,True,74.0
4278,True,380927,5824,10,even,False,False,True,20.0
4279,True,4492490201,68677740,18,even,False,False,True,60.0
4280,False,2948491,45069,14,even,False,False,True,24.0
4281,True,3242990727575,49564769748,20,even,False,False,True,130.0
4282,True,430276920222724993868470303118671054963,6575438496687221861825403599073752982,37,odd,False,False,True,148.0
4283,True,346922,5301,6,even,False,False,True,74.0
4284,False,28799,440,8,even,False,False,True,8.0
4285,True,3299010111034016070952535152336459733832929929,50397411800115770613417751386967405602520788,45,odd,False,False,True,190.0
4286,True,580010189055,8859506672,20,even,False,False,True,120.0
4287,True,1856659687,28356692,18,even,False,False,True,80.0
4288,False,45526445508292066657,695242568908206189,40,even,False,False,True,162.0
4289,True,9950817865270864101090870147172511903859201,151943019982729350360724331953492473672160,47,odd,False,False,True,174.0
4290,True,131,2,2,even,True,True,,
4291,True,4532168345760066973943482724665,69187362629241754841897352108,66,even,False,False,True,272.0
4292,False,4116510849,62834680,18,even,False,False,True,82.0
4293,False,8777860001,133970200,18,even,False,False,True,50.0
4294,True,378769445,5780214,14,even,False,False,True,94.0
4295,True,910482345639,13892805164,20,even,False,False,True,92.0
4296,False,3489425,53238,10,even,False,False,True,36.0
4297,True,8188634905849994516050520990507605191704599727481941785633,124919095643684010495765085150574542783018505510792644248,57,odd,False,False,True,266.0
4298,True,10620973,162006,16,even,False,False,True,36.0
4299,True,5771445002054552513999330,88023947094490260086451,50,even,False,False,True,212.0
4300,False,57032515249947238998151,869737703808942722754,52,even,False,False,True,160.0
4301,True,952159246345,14518604268,26,even,False,False,True,102.0
4302,False,1617319577991743,24658158552632,36,even,False,False,True,84.0
4303,True,68052293272123172,1037425913523681,32,even,False,False,True,172.0
4304,False,13449,205,10,even,False,False,True,10.0
4305,True,5249,80,10,even,False,False,True,2.0
4306,True,32633156770317226683242696591299,497304139861593259920104984730,41,odd,False,False,True,88.0
4307,True,80838082,1231767,14,even,False,False,True,88.0
4308,False,23522399,358380,16,even,False,False,True,30.0
4309,True,31606044107117492065564284412616218425260286399382514551,481484038757125747386247094446645420403225797916861820,116,even,False,False,True,526.0
4310,True,447591232079,6817779252,24,even,False,False,True,70.0
4311,False,17873503027199,272220399360,28,even,False,False,True,78.0
4312,False,197,3,4,even,True,True,,
4313,True,788045621202748469015767,11999458032208557223524,44,even,False,False,True,184.0
4314,True,4875549054850291162799,74230683596273336860,44,even,False,False,True,164.0
4315,True,43445954316823546006,661392005585214267,38,even,False,False,True,164.0
4316,False,65216016291838751,992689774856700,40,even,False,False,True,102.0
4317,True,12535327583,190785192,20,even,False,False,True,86.0
4318,True,1373633,20904,12,even,False,False,True,22.0
4319,True,34210800,520561,16,even,False,False,True,86.0
4320,False,55989361,851851,16,even,False,False,True,70.0
4321,True,67049,1020,10,even,False,False,True,8.0
4322,True,4153443,63178,12,even,False,False,True,84.0
4323,True,263,4,4,even,True,True,,
4324,False,293215056101715119615,4459061109364003824,38,even,False,False,True,154.0
4325,False,2499849,38012,5,odd,False,False,True,8.0
4326,True,120595938049,1833535920,22,even,False,False,True,90.0
4327,True,4329187429727596204348807032540855344698587368,65813189903447616115842796215628380940240557,96,even,False,False,True,464.0
4328,False,3185797868403,48425553269,26,even,False,False,True,106.0
4329,False,1859131879201,28256372360,26,even,False,False,True,66.0
4330,True,145544140906477959553751539,2211825082779834332870238,25,odd,False,False,True,106.0
4331,True,153632710,2334477,14,even,False,False,True,70.0
4332,False,262087,3982,8,even,False,False,True,34.0
4333,True,5127697655922033287422869471583008668599,77898315326493545841703327048726091460,80,even,False,False,True,382.0
4334,True,395,6,4,even,True,True,,
4335,False,7380481,112096,14,even,False,False,True,30.0
4336,False,26900393642040537919999,408520635145463496600,44,even,False,False,True,154.0
4337,True,883281795288501612087700423578663510187183714593,13412340442886401936240539191065876960265516648,47,odd,False,False,True,190.0
4338,False,466577,7084,8,even,False,False,True,24.0
4339,True,21388845912565265365283599310924559907543316972291384810,324707654594357645931797703393486772535229862296036471,114,even,False,False,True,556.0
4340,False,17919,272,6,even,False,False,True,12.0
4341,True,4090148923962636091800219541695305354625655,62078930779046078343207677115795412707708,86,even,False,False,True,398.0
4342,True,2519369676651116251,38233758116391150,34,even,False,False,True,182.0
4343,True,8227444647,124844684,18,even,False,False,True,60.0
4344,False,725,11,4,even,True,True,,
4345,True,791,12,4,even,True,True,,
4346,True,177974132499,2699678350,7,odd,False,False,True,32.0
4347,False,42526,645,8,even,False,False,True,16.0
4348,False,2367487,35904,8,even,False,False,True,4.0
4349,True,49157847299639716933953985593480045276206297903561629298507595906249,745415042102741523222963610458789141537478054318772358952341890500,69,odd,False,False,True,304.0
4350,False,1451,22,4,even,True,True,,
4351,True,66017606646248095047416982119449,1000841336182292285864737304940,62,even,False,False,True,304.0
4352,False,2177,33,4,even,True,True,,
4353,True,2903,44,4,even,True,True,,
4354,True,4355,66,4,even,True,True,,
4355,True,66,1,2,even,True,True,,
4357,True,8713,132,1,odd,True,True,,
4358,True,4357,66,2,even,True,True,,
4359,True,2905,44,2,even,True,True,,
4360,False,2179,33,2,even,True,True,,
4361,False,500004000010000008000001,7571474000075714316000,48,even,False,False,True,186.0
4362,True,1453,22,2,even,True,True,,
4363,True,2126115375029342505341004003181226,32188016968778036561449612128195,66,even,False,False,True,374.0
4364,False,2376199,35970,8,even,False,False,True,30.0
4365,False,1877921,28424,8,even,False,False,True,44.0
4366,True,1602472386855726955,24252063069606642,30,even,False,False,True,188.0
4367,True,793,12,2,even,True,True,,
4368,False,727,11,2,even,True,True,,
4369,True,21711903468106532919260705,328478445735747503816136,46,even,False,False,True,194.0
4370,True,4332189,65534,10,even,False,False,True,32.0
4371,True,17534253574,265214265,16,even,False,False,True,62.0
4372,False,649296649,9819810,14,even,False,False,True,66.0
4373,True,9784223752097314022022555849,147957381666621072356360140,27,odd,False,False,True,118.0
4374,False,456335045,6899926,10,even,False,False,True,112.0
4375,False,543466014742175624,8216433834418053,26,even,False,False,True,144.0
4376,False,14898540581538085,225219023733957,34,even,False,False,True,114.0
4377,True,44788413053491717783936464727,676982436305117753992863292,54,even,False,False,True,246.0
4378,True,397,6,2,even,True,True,,
4379,True,239756504596375551,3623121730598720,36,even,False,False,True,142.0
4380,False,264991,4004,8,even,False,False,True,32.0
4381,True,5364766507967673500588545,81052086309048552406752,42,even,False,False,True,278.0
4382,True,59052888063,892082368,12,even,False,False,True,126.0
4383,False,51906073840568,784029574159,32,even,False,False,True,86.0
4384,False,31352097142801,473512363905,24,even,False,False,True,116.0
4385,True,21550687965457840929,325444053025763048,23,odd,False,False,True,48.0
4386,True,4826358785,72876128,14,even,False,False,True,104.0
4387,True,18082,273,6,even,False,False,True,12.0
4388,False,883619927128353,13339273954396,34,even,False,False,True,100.0
4389,True,265,4,2,even,True,True,,
4390,True,358110177866616482648163891919,5404859441184919627582287252,56,even,False,False,True,232.0
4391,True,14761361728850117453397896040,222763844413848059028928333,60,even,False,False,True,288.0
4392,False,118097,1782,8,even,False,False,True,22.0
4393,True,6611923558458073509488382270733865375841503,99757882564862612306762851683594726289416,84,even,False,False,True,384.0
4394,False,64599551024193895518338451,974539559886678823128010,23,odd,False,False,True,84.0
4395,True,43845986,661379,16,even,False,False,True,46.0
4396,False,5076341884928194064972551,76563542886513062628090,44,even,False,False,True,244.0
4397,True,3650694709357974448965319873067931849,55055065495714292063478365625389980,33,odd,False,False,True,168.0
4398,True,254049651623093,3830813340874,28,even,False,False,True,116.0
4399,True,31484386458134880046876,474698930835526196625,40,even,False,False,True,182.0
4400,False,199,3,2,even,True,True,,
4401,False,1750800640405608749851947047575,26391313916249309735379046468,58,even,False,False,True,250.0
4402,True,7638463,115128,10,even,False,False,True,30.0
4403,True,248898,3751,10,even,False,False,True,20.0
4404,False,24313015,366366,10,even,False,False,True,68.0
4405,True,1816831441153066131955082249,27374215419280725976296540,56,even,False,False,True,234.0
4406,True,1034674786992559935467845,15587684965022624903898,42,even,False,False,True,242.0
4407,True,10091353,152012,12,even,False,False,True,36.0
4408,False,11382443,171441,14,even,False,False,True,42.0
4409,True,220449,3320,3,odd,True,False,,
4410,False,1039681,15656,12,even,False,False,True,20.0
4411,True,22942393559396090,345438068447403,34,even,False,False,True,162.0
4412,False,11009710037155509353521151,165751752616742887692480,52,even,False,False,True,204.0
4413,True,187223392452151,2818338455940,22,even,False,False,True,156.0
4414,True,41412963797857009903593604103647473778878170580810394415763455,623333041253040855586397140112917131415841903435868382975296,124,even,False,False,True,612.0
4415,True,511363844,7695993,12,even,False,False,True,58.0
4416,False,7775,117,6,even,False,False,True,10.0
4417,True,827473900280606633688486831636112351,12450609288008889777143222741738040,78,even,False,False,True,314.0
4418,False,202605639573839043,3048166418070194,28,even,False,False,True,178.0
4419,False,93628044170,1408458161,22,even,False,False,True,114.0
4420,False,1623132289,24414216,18,even,False,False,True,74.0
4421,True,953119768266827005449,14334654165139716860,13,odd,False,False,True,92.0
4422,True,133,2,2,even,True,True,,
4423,True,2508906314776260617277955827128,37724715645658986567702541539,56,even,False,False,True,352.0
4424,False,5055,76,6,even,True,True,,
4425,False,972957569736599,14626393854156,30,even,False,False,True,90.0
4426,True,2392274509299659869315731206278544645152774755752643246451,35958809743336365917031745495328479100876180412609301230,59,odd,False,False,True,242.0
4427,True,1863,28,6,even,True,True,,
4428,False,105503093353351,1585482260670,28,even,False,False,True,120.0
4429,True,9092598859373815,136626578160684,34,even,False,False,True,124.0
4430,True,774224011,11632278,18,even,False,False,True,56.0
4431,True,479756185,7207252,14,even,False,False,True,72.0
4432,False,159150073798980475849,2390600293469506755,50,even,False,False,True,144.0
4433,True,220207543401,3307374140,22,even,False,False,True,60.0
4434,True,1281425,19244,10,even,False,False,True,76.0
4435,True,2946694047104394730126,44247448622910294345,38,even,False,False,True,172.0
4436,False,744702728637239515399291224201,11181168089544687124347970370,62,even,False,False,True,252.0
4437,False,935662752649,14046710340,22,even,False,False,True,110.0
4438,True,704224752474143379151,10571038069929815460,46,even,False,False,True,160.0
4439,True,4636824,69595,14,even,False,False,True,44.0
4440,False,1999,30,8,even,True,True,,
4441,True,80251076689920001,1204232881036800,23,odd,False,False,True,36.0
4442,True,16299138820117816794235443,244554343996121175138538,25,odd,False,False,True,88.0
4443,True,1150382808482,17258546869,26,even,False,False,True,122.0
4444,False,19999,300,8,even,False,False,True,28.0
4445,True,16001,240,6,even,False,False,True,22.0
4446,False,10668222449,159995340,16,even,False,False,True,54.0
4447,True,141155198359897378542057170327723913285926988147488,2116719505995393857046417129559580130876704730063,108,even,False,False,True,500.0
4448,False,12510001,187575,12,even,False,False,True,50.0
4449,True,51762301910478302918469654245016003977815,776036911603252165945401837994102606676,90,even,False,False,True,358.0
4450,False,1601,24,6,even,False,False,True,2.0
4451,True,3654082723779812248370,54770862229934724207,46,even,False,False,True,218.0
4452,False,702463,10528,16,even,False,False,True,18.0
4453,True,357951625630266921683401,5364113907104115104340,44,even,False,False,True,264.0
4454,True,267725526085,4011572766,26,even,False,False,True,106.0
4455,False,2819609,42244,10,even,False,False,True,44.0
4456,False,74707907636890165020962560915699,1119164644981593201044314416285,66,even,False,False,True,246.0
4457,True,257865434685013483729770273,3862529545034802873590152,23,odd,False,False,True,94.0
4458,True,248859648767,3727215056,20,even,False,False,True,74.0
4459,False,1531837734039370953797174,22940032413027646917165,54,even,False,False,True,220.0
4460,False,41589498271751,622753607190,32,even,False,False,True,90.0
4461,True,177773572737429116905135022956942175,2661650874238562247249634140442728,64,even,False,False,True,352.0
4462,True,136356796793404943,2041324309766052,28,even,False,False,True,250.0
4463,True,1128409251969153189024,16890915718751495705,36,even,False,False,True,208.0
4464,False,4620799,69160,12,even,False,False,True,26.0
4465,True,337816148176173079,5055564715778844,34,even,False,False,True,116.0
4466,True,5226495,78208,14,even,False,False,True,38.0
4467,True,23804642,356167,10,even,False,False,True,100.0
4468,False,87897747594260774254246835664214545379849,1314986105783231806074620727813086095110,82,even,False,False,True,378.0
4469,True,7122262882301310874364403345801,106540031802634506220621975420,25,odd,False,False,True,168.0
4470,True,73009,1092,6,even,False,False,True,22.0
4471,True,59176,885,8,even,False,False,True,14.0
4472,False,4213,63,6,even,True,True,,
4473,False,2889064721537,43197421296,28,even,False,False,True,70.0
4474,True,1732222655397408727390761453482911779145122059355687533299,25897373745061168088257688696329361669663744934738706710,57,odd,False,False,True,238.0
4475,False,35115719688199,524934424044,28,even,False,False,True,80.0
4476,False,31657255,473182,10,even,False,False,True,74.0
4477,False,33161365513,495608628,20,even,False,False,True,58.0
4478,True,11522923262214399,172195035009520,36,even,False,False,True,142.0
4479,True,2199569250676,32866019495,26,even,False,False,True,88.0
4480,False,31752504001,474393765,16,even,False,False,True,88.0
4481,True,4323933245322465640449,64593900257366205440,27,odd,False,False,True,68.0
4482,False,23241404969742401,347157419913080,26,even,False,False,True,180.0
4483,True,35069904978168463226,523781578010154255,34,even,False,False,True,266.0
4484,False,151985104364951,2269698779310,30,even,False,False,True,104.0
4485,True,150281,2244,6,even,True,True,,
4486,True,16133208167005702950089618527500638518654823862842384211845,240874653498782655935372826951351834752032412247514186722,118,even,False,False,True,578.0
4487,True,4488,67,4,even,True,True,,
4488,False,67,1,2,even,True,True,,
4490,True,8979,134,1,odd,True,True,,
4491,False,4490,67,2,even,True,True,,
4492,False,544938695460749216482179602960647,8130696945294459455225180501118,64,even,False,False,True,324.0
4493,True,45289664649,675664180,5,odd,False,False,True,64.0
4494,True,207926251,3101650,10,even,False,False,True,72.0
4495,True,867149366759,12933887028,16,even,False,False,True,114.0
4496,False,2262200630049,33737893870,18,even,False,False,True,90.0
4497,True,41982080443063231092168983,626040619715230176778852,48,even,False,False,True,216.0
4498,True,340790624968576483,5081336001433566,15,odd,False,False,True,62.0
4499,True,423922094650,6320159751,14,even,False,False,True,160.0
4500,False,1730726404001,25800145932,20,even,False,False,True,78.0
4501,True,30215708926147463095,450379154966232468,36,even,False,False,True,138.0
4502,True,617346257768391889703717,9200810256130213252638,46,even,False,False,True,228.0
4503,True,99438247,1481844,14,even,False,False,True,70.0
4504,False,91205,1359,6,even,False,False,True,24.0
4505,True,51422962209,766142744,9,odd,False,False,True,24.0
4506,True,349354687501,5204403750,14,even,False,False,True,82.0
4507,True,780478327361831846309355990987026,11625645311400303513583583104395,58,even,False,False,True,360.0
4508,False,6099380351,90843480,16,even,False,False,True,74.0
4509,False,11242731902975,167429406144,28,even,False,False,True,80.0
4510,True,47806710740821,711869839098,30,even,False,False,True,88.0
4511,True,24985,372,4,even,False,False,True,14.0
4512,False,2351,35,4,even,True,True,,
4513,True,2937225177063436709999743082645399579147734857113491422134584259713,43722458624396355128949493716386601526225064117216425602227656656,69,odd,False,False,True,304.0
4514,True,40789972010660451,607117330101910,19,odd,False,False,True,36.0
4515,True,10751,160,4,even,False,False,True,8.0
4516,False,56449,840,6,even,False,False,True,24.0
4517,True,16508345748902771170411995848649,245628361284807382107768383660,25,odd,False,False,True,150.0
4518,False,3832352837,57015426,22,even,False,False,True,94.0
4519,True,848247818120463021285124851606930862336855497344396380221506360,12618321268387781268413231790858143635939216630980890973034611,124,even,False,False,True,630.0
4520,False,381939,5681,6,even,False,False,True,46.0
4521,True,91340689174094999,1358460548846900,30,even,False,False,True,120.0
4522,True,143687501,2136750,14,even,False,False,True,42.0
4523,True,930393727314945033145202,13834181840015741762019,50,even,False,False,True,224.0
4524,False,368185,5474,8,even,False,False,True,20.0
4525,False,2469645423824185801,36713459736692388,34,even,False,False,True,164.0
4526,True,8433289622368680975,125354445643493468,48,even,False,False,True,152.0
4527,False,1215047807,18058768,16,even,False,False,True,50.0
4528,False,38239443505885447,568274743118181,36,even,False,False,True,106.0
4529,True,855537772996595350355455,12712706736520481090784,52,even,False,False,True,194.0
4530,True,4043260861,60073462,18,even,False,False,True,50.0
4531,True,2000272293075168006487124629625,29716118959015468960659096252,58,even,False,False,True,252.0
4532,False,514999,7650,6,even,False,False,True,20.0
4533,True,4178245618449447708492479342935259999,62058476099474951996375422601873400,72,even,False,False,True,330.0
4534,True,40805,606,6,even,False,False,True,68.0
4535,True,15076089604,223872147,20,even,False,False,True,62.0
4536,False,362074049,5376020,14,even,False,False,True,50.0
4537,True,16800177062917315732093072338120779921836033,249418963031170569826547831079332655701568,41,odd,False,False,True,208.0
4538,True,44765454948444180723,664524131910167734,15,odd,False,False,True,74.0
4539,True,8392610,124571,10,even,False,False,True,86.0
4540,False,225346045557118042330206751,3344429264184626145598620,56,even,False,False,True,182.0
4541,True,64250542797199083490595174199,953456864957772921307176260,58,even,False,False,True,260.0
4542,True,15264149,226490,12,even,False,False,True,62.0
4543,True,190523332,2826681,10,even,False,False,True,78.0
4544,False,24220799,359310,12,even,False,False,True,46.0
4545,False,809,12,4,even,True,True,,
4546,True,94991260351715,1408863553338,32,even,False,False,True,126.0
4547,True,1720494010053289010308156068122,25514713016240883113423806383,58,even,False,False,True,276.0
4548,False,650468934487,9645313146,22,even,False,False,True,98.0
4549,True,1137519905470712029552742904895572109039840141629134555584985135847213160285764535644698665801,16865570513612540176750318810766858998322327580957894937920975419322459735491354770797969780,93,odd,False,False,True,470.0
4550,False,78651,1166,8,even,False,False,True,20.0
4551,True,2187511705,32426268,20,even,False,False,True,50.0
4552,False,243198723043,3604625607,26,even,False,False,True,78.0
4553,True,35598774441249,527577446600,11,odd,False,False,True,36.0
4554,False,4049,60,4,even,True,True,,
4555,True,7289,108,4,even,True,True,,
4556,False,135,2,2,even,True,True,,
4557,False,12151,180,6,even,True,True,,
4558,True,32771052151296521771591893,485403859009338336642366,60,even,False,False,True,208.0
4559,True,589381505,8728944,18,even,False,False,True,44.0
4560,False,2431,36,6,even,True,True,,
4561,True,47388207439720057910539589091581234136127936204419300867157346055297037596874043191820733191273671201,701681852816353768053261208942820320581472902241922325347568663208649480240945177072379900143870280,97,odd,False,False,True,468.0
4562,True,770617601,11409360,18,even,False,False,True,88.0
4563,False,1351,20,6,even,True,True,,
4564,False,1036782394157223963237125215,15346692661382828598698604,62,even,False,False,True,246.0
4565,True,4205626175871,62245831984,24,even,False,False,True,116.0
4566,True,19500325967119400646544325,288585108852187497504842,50,even,False,False,True,246.0
4567,True,82076268218693069814120771897556088,1214512799882649510466208417020827,68,even,False,False,True,374.0
4568,False,906612101,13414005,18,even,False,False,True,64.0
4569,True,19556621483899492751854844034001175,289323194149567893225974773375564,64,even,False,False,True,304.0
4570,True,75225941359931539,1112780562659106,15,odd,False,False,True,80.0
4571,True,23324353311225,344988009388,30,even,False,False,True,90.0
4572,False,44757606858751,661932563200,32,even,False,False,True,92.0
4573,True,47746656498313,706061229204,15,odd,False,False,True,42.0
4574,True,30055896909975469428735,444407738075478042176,44,even,False,False,True,236.0
4575,False,462003751,6830460,16,even,False,False,True,36.0
4576,False,631317134449,9332641185,24,even,False,False,True,90.0
4577,True,1476827384552227049343,21829273419253668368,40,even,False,False,True,160.0
4578,True,11773,174,8,even,False,False,True,20.0
4579,True,41210,609,6,even,False,False,True,70.0
4580,False,3135009,46324,10,even,False,False,True,58.0
4581,False,196190009449289799941904851339620001,2898656427152112702255075596209800,72,even,False,False,True,310.0
4582,True,2843,42,6,even,False,False,True,6.0
4583,True,231039908800008,3412809726419,28,even,False,False,True,132.0
4584,False,3447551,50920,16,even,False,False,True,20.0
4585,True,193810658197866932942999,2862252783935637561780,48,even,False,False,True,158.0
4586,True,5732499,84650,7,odd,False,False,True,4.0
4587,True,555026,8195,10,even,False,False,True,74.0
4588,False,178497373838985546247,2635239710546894154,32,even,False,False,True,232.0
4589,True,819705642774721010443946585184201,12100376845682204451552319498660,33,odd,False,False,True,140.0
4590,False,271,4,4,even,True,True,,
4591,True,8206729280,121120167,20,even,False,False,True,106.0
4592,False,165887,2448,8,even,False,False,True,14.0
4593,True,2694951235085372753065531351,39765155800346868881989420,58,even,False,False,True,232.0
4594,True,640971759666626022629562499,9456782487812439696267750,29,odd,False,False,True,82.0
4595,True,1485473439,21914024,20,even,False,False,True,60.0
4596,False,7207295,106312,16,even,False,False,True,32.0
4597,True,758911034851849,11193183298980,11,odd,False,False,True,78.0
4598,False,1108490437,16347354,14,even,False,False,True,104.0
4599,False,4188548960,61763499,20,even,False,False,True,46.0
4600,False,1184384449,17462796,20,even,False,False,True,52.0
4601,True,289029478941964075981405845184215,4261044044370876818374452685732,74,even,False,False,True,272.0
4602,True,4758703,70148,14,even,False,False,True,28.0
4603,True,15307156914706802928575294692236683931832945589668202,225618156720756309327949976781404554685767245006549,98,even,False,False,True,526.0
4604,False,8687115161363537971199,128028872641964054880,44,even,False,False,True,194.0
4605,True,45949352164001,677118337560,26,even,False,False,True,132.0
4606,False,9187426914049,135372961680,28,even,False,False,True,72.0
4607,True,543,8,4,even,True,True,,
4608,False,665857,9809,8,even,False,False,True,36.0
4609,True,14859478542441508057804415825755620789959166551,218877044156100394775531604536232961984428780,98,even,False,False,True,418.0
4610,True,275366594499,4055653010,11,odd,False,False,True,24.0
4611,True,20326826,299345,12,even,False,False,True,50.0
4612,False,21002267655460685387089654909788673,309258424858514124420550194303888,70,even,False,False,True,320.0
4613,True,367141691258093151,5405575989635240,34,even,False,False,True,156.0
4614,True,459280000805,6761432854,18,even,False,False,True,162.0
4615,True,15009461822044,220942502037,24,even,False,False,True,92.0
4616,False,1155,17,4,even,True,True,,
4617,False,10446952837940835312151,153748078517612480020,52,even,False,False,True,168.0
4618,True,1313817000528196515358820321040893587388083,19333385601182416948505063138945299420254,47,odd,False,False,True,156.0
4619,True,148955001,2191700,10,even,False,False,True,70.0
4620,False,2311,34,4,even,True,True,,
4621,True,8784966228052956337831539614153017127496883947504004927423017979424284055063479878882987198859573520634598388198267578873801,129232608969077740795814231703764974438150305306333833482132886687546327961918802044374224308962502943121562397133146250340,125,odd,False,False,True,594.0
4622,True,4623,68,4,even,True,True,,
4623,True,68,1,2,even,True,True,,
4625,False,9249,136,1,odd,True,True,,
4626,False,4625,68,2,even,True,True,,
4627,True,1429983238007499902,21022346837639433,32,even,False,False,True,182.0
4628,False,2313,34,2,even,True,True,,
4629,True,3516183047258935,51680640251084,30,even,False,False,True,154.0
4630,True,1035777672251,15222151830,22,even,False,False,True,112.0
4631,True,34670972075636249,509481745110300,26,even,False,False,True,142.0
4632,False,1157,17,2,even,True,True,,
4633,True,2544431870910977,37381754131104,32,even,False,False,True,110.0
4634,True,87450237077295,1284644543156,34,even,False,False,True,90.0
4635,False,605937671,8900268,16,even,False,False,True,52.0
4636,False,1669145551424551,24514469287590,26,even,False,False,True,130.0
4637,True,16927299571191921871566745875859866249,248581687702547480691089625837214700,39,odd,False,False,True,154.0
4638,True,519722259851,7631430370,24,even,False,False,True,74.0
4639,True,3038436564712740143065718231393168916237674720,44610592097710753852782012819805266050072721,84,even,False,False,True,494.0
4640,False,670481,9843,8,even,False,False,True,34.0
4641,True,545,8,2,even,True,True,,
4642,True,785389834210883966440001,11527435677764495914200,46,even,False,False,True,226.0
4643,True,1714097536125823982962,25155687373365409551,34,even,False,False,True,218.0
4644,False,19153416854935,281060720486,22,even,False,False,True,94.0
4645,True,1098862607505289240922319694241,16123173824034353453539585752,62,even,False,False,True,258.0
4646,True,15943263695,233903988,14,even,False,False,True,84.0
4647,True,375267047527,5504959068,26,even,False,False,True,96.0
4648,False,22616173,331731,12,even,False,False,True,46.0
4649,True,9420195137863692801,138159300628153120,11,odd,False,False,True,84.0
4650,False,7501,110,4,even,False,False,True,8.0
4651,True,160017734091375890,2346361622289693,22,even,False,False,True,264.0
4652,False,3176818056164568007,46577104783574082,32,even,False,False,True,164.0
4653,False,590968985399,8663595420,18,even,False,False,True,104.0
4654,True,7078779885622101808036238549,103763644878709027311485490,58,even,False,False,True,250.0
4655,False,237159,3476,10,even,False,False,True,18.0
4656,False,168199,2465,8,even,False,False,True,18.0
4657,True,200701935223022590342088312477203698350637836387679676316705065033847417760618470889324673,2941023137113257556889756596366858535220211979540040597035457470077739565385246437662352,83,odd,False,False,True,410.0
4658,True,273,4,2,even,True,True,,
4659,True,4049961429423639009290,59334123594739115881,50,even,False,False,True,178.0
4660,False,17522747454441842569,256690173438614394,34,even,False,False,True,158.0
4661,True,774199,11340,10,even,False,False,True,16.0
4662,False,11205377,164112,16,even,False,False,True,30.0
4663,True,202502337307583851143390548574136013768,2965495931452003980059188669083476139,76,even,False,False,True,424.0
4664,False,660427701,9670435,12,even,False,False,True,60.0
4665,True,7276923901919,106542285608,20,even,False,False,True,82.0
4666,True,533102430262395380726164440951176332648679844715778550212611889299,7804377984212530223904955072164768356832866618968026531072095730,65,odd,False,False,True,270.0
4667,True,7970158,116667,10,even,False,False,True,34.0
4668,False,279494747167,4090799804,16,even,False,False,True,98.0
4669,True,4307255,63036,8,even,False,False,True,40.0
4670,True,16811,246,6,even,False,False,True,28.0
4671,False,13104001529699168041876,191733942056638714425,42,even,False,False,True,156.0
4672,False,2281249,33375,14,even,False,False,True,20.0
4673,True,62196912065683065151741235049785883396209250849,909852374838238645570507874972758676123860360,45,odd,False,False,True,182.0
4674,True,2051,30,6,even,True,True,,
4675,False,19034341226,278385777,22,even,False,False,True,64.0
4676,False,184235994983935,2694245914032,36,even,False,False,True,66.0
4677,True,2796250463,40887672,20,even,False,False,True,80.0
4678,True,33739440558982159421884774595635427621483931655877,493296198254012480627638643098219966907384794674,102,even,False,False,True,498.0
4679,True,362504918785116480848797400520,5299530320363998104246583709,56,even,False,False,True,296.0
4680,False,6499,95,6,even,False,False,True,6.0
4681,True,5590445260760825825033632937463930398745431551,81710351518659890783921836008773439415721760,92,even,False,False,True,414.0
4682,True,8142944897043,119005159642,11,odd,False,False,True,28.0
4683,True,4274017,62456,10,even,False,False,True,60.0
4684,False,5463987193904759553799,79836452241855122190,40,even,False,False,True,170.0
4685,True,67698249,989060,5,odd,False,False,True,8.0
4686,True,378005,5522,8,even,False,False,True,56.0
4687,True,238965417339133458151,3490499486011239180,30,even,False,False,True,214.0
4688,False,12320649,179945,14,even,False,False,True,32.0
4689,False,2172911933063025601400928478220801,31732333398385809630063976478880,68,even,False,False,True,274.0
4690,True,90673436376431,1324017281652,28,even,False,False,True,88.0
4691,True,513203446109801846220846539285799890,7493019235436775143682533704699383,78,even,False,False,True,346.0
4692,False,137,2,2,even,True,True,,
4693,False,6787570465375238075075157060001,99080701816742481851182747800,58,even,False,False,True,322.0
4694,True,415829397067499437869677485572878885,6069370450221309645377401001370114,66,even,False,False,True,350.0
4695,True,978124,14275,10,even,False,False,True,44.0
4696,False,4672442879206569303591365,68183604560683070337387,46,even,False,False,True,188.0
4697,True,11192046249,163304900,18,even,False,False,True,56.0
4698,False,19603,286,8,even,False,False,True,14.0
4699,True,1313453305,19160724,24,even,False,False,True,38.0
4700,False,391124132351,5705131824,20,even,False,False,True,92.0
4701,True,7602158272333482711224386544211534755683416055,110877080369225358529302071781197479181974668,94,even,False,False,True,432.0
4702,True,230399,3360,8,even,False,False,True,68.0
4703,True,1966229341728,28671253681,28,even,False,False,True,124.0
4704,False,4801,70,8,even,False,False,True,4.0
4705,True,608278366889,8867936148,24,even,False,False,True,74.0
4706,True,235299,3430,5,odd,True,False,,
4707,False,81810300626,1192438225,22,even,False,False,True,114.0
4708,False,9482010153904475351,138191773032889230,44,even,False,False,True,136.0
4709,True,961338349290797295451341906249,14009154409397145683145831500,33,odd,False,False,True,130.0
4710,True,36558079,532688,16,even,False,False,True,38.0
4711,True,269829866100824,3931275372435,30,even,False,False,True,114.0
4712,False,59583,868,10,even,False,False,True,14.0
4713,True,6312553736100912943092112599383,91950981266656629951206946524,64,even,False,False,True,266.0
4714,True,255939592624493225460600239758293268051,3727714862720804416067096478703943430,31,odd,False,False,True,172.0
4715,True,206,3,4,even,True,True,,
4716,False,225144199,3278490,12,even,False,False,True,74.0
4717,True,8212233269575715849,119571682134708180,40,even,False,False,True,166.0
4718,True,345087,5024,10,even,False,False,True,30.0
4719,False,7793761249,113454600,22,even,False,False,True,38.0
4720,False,2024999,29475,16,even,False,False,True,18.0
4721,True,2015088471612851438524544788846855562843781249,29327640105241305740457220619942483132822000,41,odd,False,False,True,184.0
4722,True,113208087897097217,1647458425621152,34,even,False,False,True,174.0
4723,True,269935075319219492291995696216304202493226,3927808879411109256790363339881410720055,82,even,False,False,True,426.0
4724,False,299819549856198391714823049,4362194273694234386836310,54,even,False,False,True,228.0
4725,False,6049,88,8,even,False,False,True,8.0
4726,True,3013278700049685989237821445,43832116634026962986091318,58,even,False,False,True,238.0
4727,True,7971033988,115936947,20,even,False,False,True,68.0
4728,False,27252587,396341,16,even,False,False,True,34.0
4729,True,466912095768279936226667730092083201,6789698159289119134886341626287040,43,odd,False,False,True,100.0
4730,True,2751,40,6,even,False,False,True,2.0
4731,True,6137625650,89232677,18,even,False,False,True,110.0
4732,False,34100354867927167,495720102195528,24,even,False,False,True,204.0
4733,True,56580810122720649,822433721789420,17,odd,False,False,True,44.0
4734,False,84056091546952933775,1221673252441431844,44,even,False,False,True,150.0
4735,True,781789956658484425947244,11361354087502060586841,52,even,False,False,True,194.0
4736,False,1497708451540801,21763133877285,32,even,False,False,True,124.0
4737,True,2781707197246798807,40416594940092852,42,even,False,False,True,150.0
4738,True,413,6,4,even,True,True,,
4739,True,273462438068574,3972412383745,28,even,False,False,True,88.0
4740,False,41418751,601600,18,even,False,False,True,30.0
4741,True,739031291449132980537222118686440057422892507587494022188585843551,10733166084409704363163870331403091508563188689857179240220758840,136,even,False,False,True,616.0
4742,True,12065457941787759264901,175211672518244379870,42,even,False,False,True,198.0
4743,False,557567,8096,12,even,False,False,True,26.0
4744,False,6320195,91761,8,even,False,False,True,48.0
4745,True,60504681249,878356600,13,odd,False,False,True,20.0
4746,True,31463931085,456719038,16,even,False,False,True,72.0
4747,True,175019914545804617927327,2540258139467269513032,42,even,False,False,True,182.0
4748,False,3056865514455568983751,44363007174135228150,40,even,False,False,True,184.0
4749,True,1990935935,28890576,12,even,False,False,True,94.0
4750,False,6095557949372399730460501,88443650468779218634494,48,even,False,False,True,202.0
4751,True,243596108531663468708673120,3534091837089186111975593,60,even,False,False,True,256.0
4752,False,48599,705,6,even,False,False,True,18.0
4753,False,124507355868174813917084187296257,1805972375881115666535769953504,64,even,False,False,True,294.0
4754,True,36500331863161251,529379627977550,17,odd,False,False,True,58.0
4755,True,1586,23,4,even,True,True,,
4756,False,143698819617947177389973449,2083686019131197610404010,50,even,False,False,True,226.0
4757,True,164151,2380,6,even,True,True,,
4758,True,3173,46,4,even,True,True,,
4759,True,4760,69,4,even,True,True,,
4760,False,69,1,2,even,True,True,,
4762,True,9523,138,1,odd,True,True,,
4763,True,4762,69,2,even,True,True,,
4764,False,3175,46,2,even,True,True,,
4765,True,54027104329,782672796,5,odd,False,False,True,70.0
4766,True,1573418482608286046884095,22791201900218366430992,48,even,False,False,True,248.0
4767,True,1588,23,2,even,True,True,,
4768,False,225085438258950617010001,3259712337158005572675,44,even,False,False,True,192.0
4769,True,622412677627818469773549515799,9012904488597268111605351940,54,even,False,False,True,248.0
4770,False,2242961,32476,8,even,False,False,True,46.0
4771,True,963973945,13955988,12,even,False,False,True,56.0
4772,False,1462023556679567649,21164311878579740,38,even,False,False,True,130.0
4773,True,2006047351,29036580,10,even,False,False,True,108.0
4774,True,3313895270874299,47962031717310,28,even,False,False,True,130.0
4775,False,161784071999999,2341256920800,24,even,False,False,True,84.0
4776,False,21647468749,313238375,22,even,False,False,True,52.0
4777,True,52952753794318849,766144926115680,21,odd,False,False,True,36.0
4778,True,40374099,584090,3,odd,False,False,True,12.0
4779,False,595506410,8614259,10,even,False,False,True,118.0
4780,False,4650060959,67258116,16,even,False,False,True,44.0
4781,True,129000959559528976970876970495,1865664590602095927934840352,58,even,False,False,True,272.0
4782,True,9701225867,140288422,20,even,False,False,True,68.0
4783,True,501072497351868469709693117115455757189644063168,7245199952416725212837969478953288149252705209,92,even,False,False,True,496.0
4784,False,415,6,2,even,True,True,,
4785,True,2205134249,31878220,18,even,False,False,True,42.0
4786,True,19270120998905353475077724225,278546749290708136742189928,58,even,False,False,True,244.0
4787,True,3653683154522,52807933047,22,even,False,False,True,128.0
4788,False,2588599,37410,8,even,False,False,True,26.0
4789,True,374308098275810082115773788370209230330090529219031272239912553103131951745022736992360918617477763508328965455430279885758005001,5408873254577040482265152887104956156875861356463842877898638121797514513018435325572914342180391820546453740627525040307724700,125,odd,False,False,True,616.0
4790,True,129081992041279,1865081877864,28,even,False,False,True,90.0
4791,True,10154010265,146698108,18,even,False,False,True,94.0
4792,False,4206256963502359251599,60762746491823158230,44,even,False,False,True,168.0
4793,True,2732286847867485417262353173056735233,39465951433608034511027297239267904,31,odd,False,False,True,138.0
4794,True,50207122175,725130736,18,even,False,False,True,56.0
4795,True,10965480686,158355579,12,even,False,False,True,70.0
4796,False,495565516167904799,7155854331414180,28,even,False,False,True,168.0
4797,False,11207993984605601,161824036517640,28,even,False,False,True,148.0
4798,True,6731165104815806567008363872463103,97176246791344382123515991894064,64,even,False,False,True,368.0
4799,True,3089010803297509275459582253600560,44590675574321070472639773735649,64,even,False,False,True,338.0
4800,False,3650401,52689,12,even,False,False,True,50.0
4801,True,87854013132174444328933644213624235901434167963506599866248447520891965168514684390501654742712449,1267931383973666765682790248834759737996563007240072221860137060333294115692347724742794794848240,99,odd,False,False,True,450.0
4802,False,5964153172084899,86067207184010,36,even,False,False,True,136.0
4803,True,22139952026,319462865,18,even,False,False,True,104.0
4804,False,124015777380821763117401108566632174583648616449,1789268188206437785719270733839861919088824320,86,even,False,False,True,460.0
4805,False,930249,13420,8,even,False,False,True,38.0
4806,False,199137001059298276325,2872500277191608602,34,even,False,False,True,234.0
4807,True,208,3,2,even,True,True,,
4808,False,10817,156,6,even,False,False,True,14.0
4809,True,7396714494301053655,106662428412696444,34,even,False,False,True,182.0
4810,True,3329,48,6,even,False,False,True,2.0
4811,True,47847341149420626010,689826907980715197,42,even,False,False,True,170.0
4812,False,377201711047,5437644922,20,even,False,False,True,108.0
4813,True,9024110188737654433782933231529033,130075785976238175141326776094724,33,odd,False,False,True,124.0
4814,True,3233690630805,46606385746,22,even,False,False,True,106.0
4815,False,1618804,23329,12,even,False,False,True,30.0
4816,False,5883392537695,84778277058,30,even,False,False,True,92.0
4817,True,17576037363812904270718938254045313,253240197758723866132164426807152,33,odd,False,False,True,134.0
4818,True,1392401,20060,10,even,False,False,True,74.0
4819,True,7650468609894886708284425904950,110207099985031869169943709561,54,even,False,False,True,314.0
4820,False,7174089,103334,12,even,False,False,True,50.0
4821,True,22587352415,325309512,16,even,False,False,True,94.0
4822,True,277566707717,3997180602,26,even,False,False,True,106.0
4823,True,153063,2204,8,even,False,False,True,16.0
4824,False,145925,2101,6,even,False,False,True,30.0
4825,False,6224323426849,89607320808,9,odd,False,False,True,34.0
4826,True,482201738415,6941208868,24,even,False,False,True,72.0
4827,True,973128026,14006555,10,even,False,False,True,106.0
4828,False,2690865930367,38726516136,20,even,False,False,True,114.0
4829,True,917619438206745128799,13204866110594572840,36,even,False,False,True,208.0
4830,True,139,2,2,even,True,True,,
4831,True,3007652599669044947731924090089426307152659110384456532480,43272217633712079631875313023619556326930866716738118927,112,even,False,False,True,602.0
4832,False,4276623,61523,12,even,False,False,True,50.0
4833,False,28466424793686622129334999,409472300369939098269900,48,even,False,False,True,192.0
4834,True,23918103056330398383688640047715,344011855562164379477951399094,64,even,False,False,True,290.0
4835,True,25065606,360479,14,even,False,False,True,36.0
4836,False,57029335,820078,14,even,False,False,True,72.0
4837,True,121159774548343,1742089298148,28,even,False,False,True,166.0
4838,True,391877,5634,10,even,False,False,True,74.0
4839,True,2122595649843984315676,30513319661064318405,38,even,False,False,True,162.0
4840,False,1499219281,21549762,18,even,False,False,True,56.0
4841,True,22902242815,329162592,22,even,False,False,True,52.0
4842,False,9536081203,137043218,26,even,False,False,True,52.0
4843,True,8351,120,8,even,False,False,True,2.0
4844,False,60551,870,8,even,False,False,True,34.0
4845,True,6059722591,87057432,20,even,False,False,True,92.0
4846,True,18053808100646951092220344502927726992568267491668375506740499108082575,259344544663416188690917791416072803638153621248382841266699972691788,152,even,False,False,True,682.0
4847,True,7863276,112945,20,even,False,False,True,22.0
4848,False,12741151,182990,16,even,False,False,True,28.0
4849,True,12366417996288232700163625,177589723028936049518676,48,even,False,False,True,232.0
4850,False,76049,1092,12,even,False,False,True,6.0
4851,False,3970,57,8,even,False,False,True,8.0
4852,False,9968927282677513,143115948103878,30,even,False,False,True,136.0
4853,True,4564351,65520,10,even,False,False,True,40.0
4854,True,102756872132765847845,1474894615421250066,38,even,False,False,True,216.0
4855,True,26184693821520011643316889,375796631496928624231428,52,even,False,False,True,214.0
4856,False,73150798374975,1049735130052,32,even,False,False,True,80.0
4857,True,547223,7852,8,even,False,False,True,56.0
4858,True,1216445848158809647,17452756328997876,34,even,False,False,True,150.0
4859,True,54213402457772090,777737814073269,30,even,False,False,True,182.0
4860,False,119071,1708,8,even,False,False,True,34.0
4861,True,11528406864151354745743592709050320024453682361850769249843760254138488675885373409330452597227977489028845001,165350870183997641437154581073138305989111930547667173013365085216825948812284142275299510964624203294717700,119,odd,False,False,True,530.0
4862,True,90507,1298,10,even,False,False,True,20.0
4863,True,54363272912857,779567024964,22,even,False,False,True,118.0
4864,False,89283516160768675201,1280190211410431685,40,even,False,False,True,162.0
4865,True,279,4,4,even,True,True,,
4866,True,132182707639563641491293185,1894910016382377748043808,54,even,False,False,True,234.0
4867,True,5023,72,6,even,False,False,True,6.0
4868,False,1526641059203073,21880722276064,34,even,False,False,True,102.0
4869,False,3707453360023867028800645599667005001,53131956573756703359062379591732300,70,even,False,False,True,326.0
4870,True,114997284860833691,1647870601900698,34,even,False,False,True,150.0
4871,True,55224613415137727966355886422306120,791268030991721212570358847559037,68,even,False,False,True,334.0
4872,False,349,5,4,even,True,True,,
4873,True,18061402049927613329981520477659302934999,258733852134447740092330109223423480900,90,even,False,False,True,362.0
4874,True,124863132294141145402046212006440051,1788510371468923501629863030925070,39,odd,False,False,True,130.0
4875,False,8550374,122461,14,even,False,False,True,32.0
4876,False,1437671502133796770516783181132551,20588647385349388883055926639010,64,even,False,False,True,274.0
4877,True,53480529923177583223559002608721543059849,765806986485704736902188297614875170420,43,odd,False,False,True,170.0
4878,False,36862840542977,527798193776,28,even,False,False,True,82.0
4879,True,46066613243120,659509226391,28,even,False,False,True,146.0
4880,False,489,7,4,even,True,True,,
4881,True,6140323831221044062531214092524416568535,87889475339706351050947088141116027052,70,even,False,False,True,360.0
4882,True,124247583289601,1778234625840,30,even,False,False,True,140.0
4883,True,72717054922,1040621799,22,even,False,False,True,112.0
4884,False,21385,306,8,even,False,False,True,10.0
4885,True,41513600901433838664817334643809101245451025929,593961262656104937181054062519768094596842652,45,odd,False,False,True,208.0
4886,True,699,10,4,even,True,True,,
4887,False,1199484084567015001,17158263000123700,34,even,False,False,True,130.0
4888,False,7734245409307,110624762061,26,even,False,False,True,92.0
4889,True,159987880449,2288110880,11,odd,False,False,True,28.0
4890,True,979,14,4,even,True,True,,
4891,True,35335212074,505252965,20,even,False,False,True,132.0
4892,False,2996351,42840,8,even,False,False,True,2.0
4893,True,1399,20,4,even,True,True,,
4894,True,23402368611180560915150125238357815409268209660928954656658340415,334524425196484338738834986339036989925030840584749069283709736,128,even,False,False,True,646.0
4895,True,1959,28,4,even,True,True,,
4896,False,2449,35,4,even,True,True,,
4897,True,548405164693140736300953219904408001833751,7836758870741393933962135842207324735300,84,even,False,False,True,378.0
4898,True,4899,70,4,even,True,True,,
4899,True,70,1,2,even,True,True,,
4901,False,9801,140,1,odd,True,True,,
4902,True,4901,70,2,even,True,True,,
4903,True,503652899701789055912983688,7192839871475509291647309,52,even,False,False,True,326.0
4904,False,2451,35,2,even,True,True,,
4905,False,1961,28,2,even,True,True,,
4906,True,393497103302773939089325,5617948681904637439002,46,even,False,False,True,194.0
4907,True,1401,20,2,even,True,True,,
4908,False,3006151,42910,8,even,False,False,True,36.0
4909,True,12165098448733217042597100360612188326460959169855150084680319775011277825702423512631542892425581209064381496987460168611374494519049,173627739800963200208721774390369072669151273741441279258971988046604638720745897758119752051570736240339161634844898670297075170540,141,odd,False,False,True,630.0
4910,True,981,14,2,even,True,True,,
4911,True,3190039584182270869003617676,45520927784382943654912465,54,even,False,False,True,210.0
4912,False,15674867542871047,223652985849753,28,even,False,False,True,116.0
4913,False,4261096989893599697435331978273,60792224810840071188975607816,25,odd,False,False,True,114.0
4914,False,701,10,2,even,True,True,,
4915,True,6221187475960098264534180304606,88738386526606555824270624153,66,even,False,False,True,244.0
4916,False,923640201,13173370,14,even,False,False,True,72.0
4917,True,19073,272,4,even,False,False,True,12.0
4918,True,19974008023383465409268741331281462535782285468260901,284820311967795050643694386464022154779472580430990,106,even,False,False,True,526.0
4919,True,1809338099956399320,25797719546469589,32,even,False,False,True,208.0
4920,False,491,7,2,even,True,True,,
4921,True,277878089217140165411912575,3961207761643162542469488,48,even,False,False,True,260.0
4922,True,3749130049773,53439169582,20,even,False,False,True,92.0
4923,False,160177601264642,2282899892891,30,even,False,False,True,140.0
4924,False,8419541392807773872360474485276915942049127679999,119985679203360972900451475172448296884274434400,100,even,False,False,True,472.0
4925,False,242792649,3459652,7,odd,False,False,True,14.0
4926,True,141107200007309877493451,2010490246189958501630,44,even,False,False,True,182.0
4927,True,9476,135,4,even,False,False,True,8.0
4928,False,351,5,2,even,True,True,,
4929,True,707372812330894931945,10075554458769857084,38,even,False,False,True,160.0
4930,True,13405249,190920,10,even,False,False,True,38.0
4931,True,49748176204195649017372176542210,708450747117826514436383929377,58,even,False,False,True,312.0
4932,False,74007554246657,1053815344992,32,even,False,False,True,82.0
4933,True,2851273,40596,3,odd,False,False,True,8.0
4934,True,5373125,76494,6,even,False,False,True,88.0
4935,True,281,4,2,even,True,True,,
4936,False,586327869067265,8345511536928,38,even,False,False,True,82.0
4937,True,10816062733669244756708657736279544830864645933167649,153935091410519657068840930993740461240753146804840,57,odd,False,False,True,204.0
4938,True,492916139149,7014512530,22,even,False,False,True,72.0
4939,True,290951,4140,10,even,False,False,True,16.0
4940,False,121031,1722,8,even,False,False,True,34.0
4941,False,1766319049,25128220,20,even,False,False,True,36.0
4942,True,82091704772249999,1167744697939500,28,even,False,False,True,172.0
4943,True,2536632755162363045946362928,36079647922990257956124041,56,even,False,False,True,264.0
4944,False,64202725495,913091361,22,even,False,False,True,54.0
4945,True,13048546222618475561,185557699825068564,34,even,False,False,True,142.0
4946,True,148343995032722065,2109322157486988,26,even,False,False,True,180.0
4947,True,44522,633,6,even,False,False,True,72.0
4948,False,2347849777171254083668416002496336649,33377627262131429019415545146485230,70,even,False,False,True,344.0
4949,False,13057603201,185611440,24,even,False,False,True,38.0
4950,False,30580901,434658,14,even,False,False,True,30.0
4951,True,1196867545034626391236630027378156811700697649152669203240829573521238520,17009816455766344033980504339896706830474783136086069058188581145632293,148,even,False,False,True,706.0
4952,False,902501,12825,10,even,False,False,True,26.0
4953,True,31712407,450604,14,even,False,False,True,60.0
4954,True,1674451,23790,5,odd,False,False,True,6.0
4955,True,3037700409,43154204,16,even,False,False,True,72.0
4956,False,61951,880,8,even,False,False,True,34.0
4957,True,703188740673772626865637347531589723171508240245797027302174942685741833277603015957764466249,9987630083880166005427153931575066647353177273907689914570850356734395450996237946882329700,89,odd,False,False,True,456.0
4958,True,120680533,1713894,16,even,False,False,True,54.0
4959,False,8380,119,8,even,False,False,True,10.0
4960,False,848719,12051,10,even,False,False,True,36.0
4961,False,2368108374136006451201,33621490304430065280,38,even,False,False,True,168.0
4962,True,64534808622737,916148018308,30,even,False,False,True,128.0
4963,True,20938998116180220677497,297223921754943613596,42,even,False,False,True,222.0
4964,False,2311324401362049,32805375855160,34,even,False,False,True,100.0
4965,True,137049136293272543311231,1944986881583814333552,46,even,False,False,True,186.0
4966,True,3518687951,49931820,20,even,False,False,True,40.0
4967,True,1927823273729013048,27353955685257197,36,even,False,False,True,192.0
4968,False,415151,5890,6,even,False,False,True,34.0
4969,True,1626563562626510213372630040555809763113291152754536940524746193424503264784577289656968552449,23074725371035972004398977389861848538187174778850936550475853344224806309900887804815396480,95,odd,False,False,True,432.0
4970,True,141,2,2,even,True,True,,
4971,True,13255,188,6,even,True,True,,
4972,False,59081343751,837885750,24,even,False,False,True,92.0
4973,True,4265535471900611289009776649,60487317983586033353120980,27,odd,False,False,True,130.0
4974,True,508719712625121365,7213161835264626,36,even,False,False,True,176.0
4975,False,529178298454520220799,7502490997454022192,44,even,False,False,True,164.0
4976,False,570130807708799,8082288030180,36,even,False,False,True,72.0
4977,False,624635837407,8854072568,30,even,False,False,True,62.0
4978,True,39932560618831110401,565978212831451440,38,even,False,False,True,202.0
4979,True,226684281394164374,3212553311793975,38,even,False,False,True,110.0
4980,False,7534241,106764,14,even,False,False,True,30.0
4981,True,16242330303794825,230138918138052,34,even,False,False,True,138.0
4982,True,847,12,6,even,True,True,,
4983,True,11442628,162099,14,even,False,False,True,42.0
4984,False,443896693148735,6287715643644,32,even,False,False,True,96.0
4985,True,16102604768066758034229249,228067578855232998297920,27,odd,False,False,True,66.0
4986,False,7382607301269655781201,104552309549631947780,48,even,False,False,True,172.0
4987,True,5118127609762203222991732874522,72475534312996368114299353803,66,even,False,False,True,362.0
4988,False,1726780678687,24449723844,24,even,False,False,True,106.0
4989,True,2547476030462150856121523889429542455,36066446456336846316033135905094396,78,even,False,False,True,354.0
4990,True,475033495955221,6724716207546,26,even,False,False,True,130.0
4991,True,1442400,20417,12,even,False,False,True,84.0
4992,False,63101377,893103,12,even,False,False,True,66.0
4993,True,203667074024198606471219657591775000843039818342706569573269133151983656322740518913,2882305703590826960866276081589618111319978226159758000157512208959750251493095424,85,odd,False,False,True,386.0
4994,True,44945,636,6,even,False,False,True,70.0
4995,False,23876559134,337834497,18,even,False,False,True,70.0
4996,False,170592135737332963602258146192126623188595201,2413502714182443116818113092958743435206320,94,even,False,False,True,426.0
4997,True,158413476054522316599,2240977257041063380,46,even,False,False,True,166.0
4998,False,4120901,58290,16,even,False,False,True,18.0
4999,True,36602597872432826422774598212839995768873090103501521163739417443181640,517690674949038127261225892293391610962526870191086544534450818687299,152,even,False,False,True,696.0
5000,False,152139002499,2151570407,22,even,False,False,True,82.0
5001,True,3509480115496136587702226332407575,49626581352106209709036040453932,76,even,False,False,True,298.0
5002,True,390401,5520,16,even,False,False,True,8.0
5003,True,48423659490675226,684608608130205,34,even,False,False,True,156.0
5004,False,12032115501124999,170091786144750,32,even,False,False,True,130.0
5005,True,44268809311,625742712,18,even,False,False,True,100.0
5006,True,48158641949558952251442749803488001841295,680657773686093065717523633838561099252,80,even,False,False,True,394.0
5007,True,217034724223897,3067188224212,34,even,False,False,True,112.0
5008,False,32188120829134849,454845039641040,38,even,False,False,True,102.0
5009,True,754682367921969429130320127864154620855710960099814496864813517312801,10663227809687076898395591777372183513500019124430822841430983544280,71,odd,False,False,True,296.0
5010,True,684031,9664,14,even,False,False,True,22.0
5011,True,1576004487359930,22263592706553,34,even,False,False,True,144.0
5012,False,2772351,39160,10,even,False,False,True,38.0
5013,False,1551133601,21907880,16,even,False,False,True,64.0
5014,True,25157598731408198132266996072608016699,355285121749346859670064114879166870,76,even,False,False,True,372.0
5015,True,4249,60,6,even,True,True,,
5016,False,362405,5117,10,even,False,False,True,32.0
5017,True,74400254699619404393,1050394337273772012,42,even,False,False,True,134.0
5018,True,13739283,193954,5,odd,False,False,True,12.0
5019,True,109115136670,1540197461,22,even,False,False,True,58.0
5020,False,31134002572889,439423317354,28,even,False,False,True,102.0
5021,True,4567839564133384813248201,64463774541785271371780,19,odd,False,False,True,90.0
5022,False,7937,112,6,even,False,False,True,2.0
5023,True,262651211423970166717203799863486758357432343008,3705935182493393334207534987381977802152854191,96,even,False,False,True,488.0
5024,False,308110930001,4346926425,20,even,False,False,True,88.0
5025,False,530645718049,7485772616,24,even,False,False,True,70.0
5026,True,1043204847875,14714935218,20,even,False,False,True,124.0
5027,True,1392425960122,19638923073,18,even,False,False,True,152.0
5028,False,101399,1430,8,even,True,True,,
5029,True,91059678760321912033649473475404820231735,1284059936934832497698286520584540355116,76,even,False,False,True,440.0
5030,True,25697199246840251,362327918745090,34,even,False,False,True,116.0
5031,False,506568295,7141852,12,even,False,False,True,58.0
5032,False,26297959123,370724877,18,even,False,False,True,90.0
5033,True,1237553622314329823,17444180045659704,32,even,False,False,True,134.0
5034,True,646660663843591585199,9114226940885505620,44,even,False,False,True,166.0
5035,True,2788140475126,39292975155,22,even,False,False,True,114.0
5036,False,24823994659119492914464992199,349807251713098296774073890,60,even,False,False,True,252.0
5037,True,178849,2520,6,even,False,False,True,2.0
5038,True,41471811002357,584283899514,20,even,False,False,True,162.0
5039,True,5040,71,4,even,True,True,,
5040,False,71,1,2,even,True,True,,
5042,True,10083,142,1,odd,True,True,,
5043,False,5042,71,2,even,True,True,,
5044,False,121645306092343879707029626249,1712804583974085402545439450,54,even,False,False,True,288.0
5045,True,64126399689,902830604,5,odd,False,False,True,72.0
5046,False,43374646022449,610607761660,22,even,False,False,True,118.0
5047,False,103537981567,1457414352,16,even,False,False,True,92.0
5048,False,61855669263,870602354,16,even,False,False,True,88.0
5049,False,571517253246778145,8043159114923576,34,even,False,False,True,134.0
5050,False,30729653461384352052499,432426174516854892270,19,odd,False,False,True,98.0
5051,True,19888215137098831204331127274450,279838281401562462581280432507,58,even,False,False,True,320.0
5052,False,142297,2002,6,even,True,True,,
5053,True,193399882066783,2720705633064,30,even,False,False,True,78.0
5054,False,291977237261249,4107063107400,22,even,False,False,True,104.0
5055,True,69437164,976633,10,even,False,False,True,54.0
5056,False,12799,180,4,even,True,True,,
5057,True,17739177,249452,10,even,False,False,True,42.0
5058,False,220938497,3106576,14,even,False,False,True,98.0
5059,True,7861175388095683510993718096242134014475170,110523631471908096357595246913049265441569,82,even,False,False,True,490.0
5060,False,206999,2910,6,even,False,False,True,20.0
5061,True,149084904533566230391735,2095634323233091498572,38,even,False,False,True,270.0
5062,True,13269138833223402948205313366431815596559557,186501215950563142121888562911191933679502,82,even,False,False,True,464.0
5063,True,5977,84,4,even,True,True,,
5064,False,533240465,7493354,14,even,False,False,True,58.0
5065,True,2001430984098077293440641361897224111925818397184129,28122303697830490651008442867955305796205291562416,45,odd,False,False,True,190.0
5066,True,4935475,69342,10,even,False,False,True,22.0
5067,False,68122,957,6,even,False,False,True,18.0
5068,False,782536684342298887,10992245081062674,28,even,False,False,True,216.0
5069,True,1193545,16764,8,even,False,False,True,30.0
5070,False,55989361,786324,14,even,False,False,True,36.0
5071,True,166420,2337,10,even,False,False,True,18.0
5072,False,248678907849,3491799745,22,even,False,False,True,78.0
5073,True,2849,40,4,even,False,False,True,2.0
5074,True,6948610614585441764473593889025,97548982544630385341332460976,66,even,False,False,True,260.0
5075,False,740601,10396,8,even,False,False,True,22.0
5076,False,3429215,48132,10,even,False,False,True,38.0
5077,True,1378531907569960780666249,19346982599563037199300,25,odd,False,False,True,88.0
5078,True,36875592335194597,517478912598894,38,even,False,False,True,142.0
5079,True,10822950672347972917163815,151864607719463265694484,54,even,False,False,True,196.0
5080,False,581837113691,8163371559,22,even,False,False,True,74.0
5081,True,1315978383380001,18461804938600,17,odd,False,False,True,36.0
5082,False,5896813,82718,10,even,False,False,True,46.0
5083,True,302685827833,4245531156,24,even,False,False,True,68.0
5084,False,32799,460,6,even,False,False,True,8.0
5085,False,435259412378569,6103833701316,26,even,False,False,True,140.0
5086,True,40649747826366232986892420951279873477215591314529966345408399116353535,569993204274597143628517250407924455081205201430994479312401162860672,140,even,False,False,True,706.0
5087,True,16889796629026050624,236806463164818575,32,even,False,False,True,188.0
5088,False,22897,321,4,even,False,False,True,38.0
5089,True,20546679098158975,288021834790896,28,even,False,False,True,138.0
5090,True,35408330499,496302610,9,odd,False,False,True,22.0
5091,True,2524438349549261172844610,35380439261774551863217,50,even,False,False,True,216.0
5092,False,183449440868134807,2570823107925738,30,even,False,False,True,182.0
5093,True,406622115495251103769399,5697760070699198771220,46,even,False,False,True,210.0
5094,False,95609285,1339586,14,even,False,False,True,94.0
5095,True,1713959,24012,12,even,False,False,True,38.0
5096,False,54100801,757860,16,even,False,False,True,24.0
5097,True,4695585219038687111593292068056151,65770691817474628845006669093220,62,even,False,False,True,292.0
5098,True,254899,3570,3,odd,True,False,,
5099,True,11214174610,157045251,14,even,False,False,True,106.0
5100,False,4999,70,6,even,False,False,True,4.0
5101,True,14794807065708502800277594820795245963345503675626759321673519927486108806939965091305673367688201,207148429137387108862781191631118018341001357820444495793735851294326750651074061923658931845420,95,odd,False,False,True,500.0
5102,True,249999,3500,8,even,False,False,True,72.0
5103,False,33165873224,464278585,22,even,False,False,True,64.0
5104,False,332911854336799,4659871351290,24,even,False,False,True,114.0
5105,True,9721961,136068,10,even,False,False,True,44.0
5106,True,2355199,32960,12,even,False,False,True,20.0
5107,True,159997202,2238873,10,even,False,False,True,92.0
5108,False,41741976277195612208649,584046684155382961370,42,even,False,False,True,182.0
5109,True,3145,44,4,even,True,True,,
5110,True,157532110469,2203731306,20,even,False,False,True,94.0
5111,True,1269337898980,17755148403,22,even,False,False,True,104.0
5112,False,143,2,2,even,True,True,,
5113,True,212733237563357562481139726706938389059857982687478070213797709723330664294433,2975071812756733642853877905331137448306534866699285049551336393266851086376,79,odd,False,False,True,358.0
5114,True,2277332480777010799080051,31845353821737837840970,23,odd,False,False,True,100.0
5115,True,3719,52,6,even,True,True,,
5116,False,15940430747557443671530166585491256465420742995071999999,222861364368613227299492024923356922280768485811496000,108,even,False,False,True,526.0
5117,True,617686399,8634960,16,even,False,False,True,86.0
5118,True,106493278384978658933,1488579576694155154,48,even,False,False,True,154.0
5119,True,415347262217633599232598201881168952868475859796895599689107591096040789200,5805221397505373833151811930251467257569851568099381397910630158336152961,156,even,False,False,True,736.0
5120,False,5374978561,75117609,20,even,False,False,True,68.0
5121,False,561826924556435303011324050769041011201,7851003306002713880125573822305193120,84,even,False,False,True,330.0
5122,True,2436998275396099,34051436258430,13,odd,False,False,True,48.0
5123,True,2551582,35649,16,even,False,False,True,24.0
5124,False,790329175,11040874,18,even,False,False,True,80.0
5125,False,1575689951139784122242249,22010191972314233025492,50,even,False,False,True,194.0
5126,True,1502529847005126565,20986199974649418,38,even,False,False,True,192.0
5127,True,764835648724,10681603755,26,even,False,False,True,76.0
5128,False,3410326403,47623569,24,even,False,False,True,50.0
5129,True,16582631468320027306289375,231545902268859045185784,58,even,False,False,True,206.0
5130,False,27870911,389128,16,even,False,False,True,40.0
5131,True,256076101574,3574934115,32,even,False,False,True,50.0
5132,False,6819228556034192223654151,95190130634805167540130,52,even,False,False,True,210.0
5133,True,34103,476,10,even,False,False,True,12.0
5134,True,43821803460545,611592730344,28,even,False,False,True,86.0
5135,True,9244,129,8,even,False,False,True,16.0
5136,False,215,3,4,even,True,True,,
5137,True,2839529371606495836951232258927703,39617911950120720942615939154572,66,even,False,False,True,310.0
5138,True,458751,6400,8,even,False,False,True,20.0
5139,False,181124355061630786130,2526606116876327529,46,even,False,False,True,174.0
5140,False,154066218432467100261106249,2148947786232470755088550,50,even,False,False,True,212.0
5141,True,11017211429385,153655419292,24,even,False,False,True,126.0
5142,True,59777768839745477,833630633174378,42,even,False,False,True,146.0
5143,True,3599399820583,50190535404,20,even,False,False,True,150.0
5144,False,25363110565,353632389,22,even,False,False,True,60.0
5145,False,12451301493161,173588943364,30,even,False,False,True,86.0
5146,True,5900885732651586303987717649669549,82258789436314903253370665291730,72,even,False,False,True,276.0
5147,True,902631173379035417132292802,12581523819763677714689493,54,even,False,False,True,254.0
5148,False,287,4,4,even,True,True,,
5149,True,4605983308186086989308261693896604874186856077477681452568257672675658551,64189044930448169148207289874159047882295753781953697592126773902566020,154,even,False,False,True,678.0
5150,False,7088832449,98780472,24,even,False,False,True,44.0
5151,True,1139570980,15877993,18,even,False,False,True,52.0
5152,False,208657,2907,8,even,False,False,True,38.0
5153,True,142625980473021950322730832502698261764918950383639073,1986865971250732300394127666016328795943901518594824,53,odd,False,False,True,216.0
5154,True,122946469179389460545,1712552341576294216,42,even,False,False,True,202.0
5155,True,5603349209359682740409,78042891987194355276,44,even,False,False,True,180.0
5156,False,180150127796503885363999220001,2508869779177583071932580700,58,even,False,False,True,254.0
5157,False,224726399,3129360,16,even,False,False,True,34.0
5158,True,2560970713110388546491618966610348517,35658571658545623784130850811035894,78,even,False,False,True,396.0
5159,True,779745,10856,10,even,False,False,True,34.0
5160,False,431,6,4,even,True,True,,
5161,True,5321752032855853380512721531189757221714766413759004801,74077736756528035981034883356885714993421260421808560,63,odd,False,False,True,246.0
5162,True,74590899,1038190,7,odd,False,False,True,10.0
5163,True,810466267082,11279345011,22,even,False,False,True,134.0
5164,False,1006404596467053724238474110565108547487446648475990125456199,14004883317508508487433316712158694520540007951254065355470,124,even,False,False,True,562.0
5165,True,1526989391588237794569,21247158466233968788,21,odd,False,False,True,106.0
5166,False,575,8,4,even,True,True,,
5167,True,4906404025889969135442117211754180048,68256509766200193631655372364432903,64,even,False,False,True,430.0
5168,False,647,9,4,even,True,True,,
5169,True,395764212679075858964248421054935,5504694913756459318822537963564,70,even,False,False,True,292.0
5170,True,979648700318749,13624641858450,32,even,False,False,True,92.0
5171,True,1573812626231986237789852031090,21885967819771821164929308537,54,even,False,False,True,302.0
5172,False,863,12,4,even,True,True,,
5173,True,300122999870033778856393837590759585313158751,4172804514488935578758979331205592540773400,86,even,False,False,True,440.0
5174,True,1942760186817969999,27008843143323700,40,even,False,False,True,112.0
5175,False,1151,16,4,even,True,True,,
5176,False,1295,18,4,even,True,True,,
5177,True,11328787639860825777718751,157450612146847256079000,48,even,False,False,True,194.0
5178,True,1727,24,4,even,True,True,,
5179,True,8024476552777067930775462038789750348745091724190412130,111504849763452950249246090018358673039757955145589541,110,even,False,False,True,578.0
5180,False,2591,36,4,even,True,True,,
5181,True,3455,48,4,even,True,True,,
5182,True,5183,72,4,even,True,True,,
5183,True,72,1,2,even,True,True,,
5185,True,10369,144,1,odd,True,True,,
5186,True,5185,72,2,even,True,True,,
5187,True,3457,48,2,even,True,True,,
5188,False,2593,36,2,even,True,True,,
5189,True,35372805334174341167659987836596971525553616745266311049,491052208605454302543738589300944835119030975571939940,51,odd,False,False,True,276.0
5190,True,1729,24,2,even,True,True,,
5191,True,110594345541816487236968608120621799,1534996567020063324809597638753020,72,even,False,False,True,302.0
5192,False,1297,18,2,even,True,True,,
5193,False,1153,16,2,even,True,True,,
5194,False,132058129474357985250451,1832374202396986314810,38,even,False,False,True,196.0
5195,True,10736772818559,148963884208,20,even,False,False,True,102.0
5196,False,865,12,2,even,True,True,,
5197,True,10464734044755643374881353,145161630290165563098492,17,odd,False,False,True,96.0
5198,True,392261710863,5440737596,16,even,False,False,True,146.0
5199,True,495388394320324,6870461641505,26,even,False,False,True,118.0
5200,False,649,9,2,even,True,True,,
5201,True,1709533232800506301208536466924415,23704681305491420878092229667632,66,even,False,False,True,282.0
5202,False,577,8,2,even,True,True,,
5203,False,168867574226,2341096695,22,even,False,False,True,110.0
5204,False,94454226249,1309340950,14,even,False,False,True,120.0
5205,True,66352814172161,919705915968,22,even,False,False,True,140.0
5206,True,58323505380785,808335284148,26,even,False,False,True,82.0
5207,True,158751,2200,8,even,False,False,True,14.0
5208,False,433,6,2,even,True,True,,
5209,True,2955610046581729929607660611707817279163611335775025080970135113601811951719514725940456860894130046473211424801,40951513331334705594468902633951674893319364513532578841999988935024470577074531707398081308337724158309918120,109,odd,False,False,True,524.0
5210,True,38772819,537166,5,odd,False,False,True,12.0
5211,False,228265345,3162128,14,even,False,False,True,40.0
5212,False,2672751616638385611397119427065945883858709922201727,37021703421393563794622484775418448722550513448488,104,even,False,False,True,488.0
5213,True,1106708410808649,15328136106020,9,odd,False,False,True,82.0
5214,True,446906635,6189154,16,even,False,False,True,42.0
5215,True,12338182352231,170853558348,22,even,False,False,True,112.0
5216,False,211249,2925,8,even,False,False,True,34.0
5217,True,571165151,7907720,18,even,False,False,True,34.0
5218,True,500384990221165763,6927112430921826,32,even,False,False,True,176.0
5219,True,9825,136,4,even,False,False,True,8.0
5220,False,289,4,2,even,True,True,,
5221,True,49202768066425270007620875286269549469786483895,680946025776470511660809587339602101437915188,92,even,False,False,True,482.0
5222,True,599718351,8299060,14,even,False,False,True,54.0
5223,True,62324256158907288487,862376852694791596,34,even,False,False,True,170.0
5224,False,194390104309027154137909530451,2689506317000817236277625335,58,even,False,False,True,240.0
5225,False,46551,644,8,even,False,False,True,18.0
5226,True,4272683860301,59103888910,28,even,False,False,True,72.0
5227,True,9683010307384024769296301997855230328026,133931935213815637500312521806479089805,86,even,False,False,True,416.0
5228,False,76634623213357447,1059881317706394,28,even,False,False,True,148.0
5229,False,152071153975,2102991516,16,even,False,False,True,116.0
5230,True,9616924921964234429410388494091,132979709887696141961579032806,62,even,False,False,True,260.0
5231,True,49511532302240969215247520,684563922149752195224473,48,even,False,False,True,288.0
5232,False,217,3,2,even,True,True,,
5233,True,8619100126891591924861508698854919033560420857526103443771442288371354571254913,119147945614993258159578754187281207492675694814946344181919042556965521026864,81,odd,False,False,True,370.0
5234,True,186935227316451,2583891607090,13,odd,False,False,True,36.0
5235,True,201721,2788,10,even,False,False,True,20.0
5236,False,803170174072265,11099610869022,30,even,False,False,True,98.0
5237,True,1143115500222153,15796061891828,21,odd,False,False,True,30.0
5238,False,28755649,397320,14,even,False,False,True,34.0
5239,False,1520,21,6,even,False,False,True,4.0
5240,False,125100021,1728191,18,even,False,False,True,34.0
5241,True,5045335,69692,10,even,False,False,True,66.0
5242,True,159420428301293245552154879198899,2201889209985356877411634888710,33,odd,False,False,True,124.0
5243,False,3561105626,49180725,18,even,False,False,True,40.0
5244,False,75132384799,1037518460,20,even,False,False,True,78.0
5245,True,11280620809,155761548,11,odd,False,False,True,16.0
5246,True,1811164299,25005970,14,even,False,False,True,78.0
5247,False,8429543,116372,14,even,False,False,True,30.0
5248,False,5647081537,77951979,20,even,False,False,True,68.0
5249,True,1449,20,4,even,True,True,,
5250,False,327690749,4522562,14,even,False,False,True,44.0
5251,True,415505666444226883908730439569120303010,5733976935455543959932119220342209793,78,even,False,False,True,368.0
5252,False,758913,10472,6,even,False,False,True,48.0
5253,True,25700004644599,354592463940,26,even,False,False,True,120.0
5254,True,197660437630361103927723538751,2726934574643540639107434600,58,even,False,False,True,288.0
5255,True,8409,116,4,even,True,True,,
5256,False,145,2,2,even,True,True,,
5257,True,5202834433488422124710158710909699967,71758114263000605546372872699578672,74,even,False,False,True,340.0
5258,True,12820935599,176811060,20,even,False,False,True,64.0
5259,True,22818217250,314651731,18,even,False,False,True,124.0
5260,False,1575353843571258631,21721271540791746,36,even,False,False,True,146.0
5261,True,551784201,7607380,7,odd,False,False,True,18.0
5262,True,432334414555349,5959974280670,32,even,False,False,True,112.0
5263,True,67033,924,10,even,False,False,True,12.0
5264,False,2376415,32754,14,even,False,False,True,24.0
5265,False,147451465208321,2032122594656,34,even,False,False,True,88.0
5266,True,54222538051,747204390,11,odd,False,False,True,20.0
5267,True,110612726,1524135,16,even,False,False,True,44.0
5268,False,37542877077093751,517254965340750,34,even,False,False,True,132.0
5269,True,859041497951,11834503560,24,even,False,False,True,112.0
5270,True,424389,5846,10,even,False,False,True,24.0
5271,True,43924,605,10,even,False,False,True,26.0
5272,False,11393611468262768176276517,156918339849770447897277,58,even,False,False,True,198.0
5273,True,1782273,24544,7,odd,False,False,True,6.0
5274,False,33867877212256207699,466356370686002770,38,even,False,False,True,130.0
5275,False,154962314660167628644999,2133609138389526859380,48,even,False,False,True,176.0
5276,False,2943025439498755199,40517405018891640,32,even,False,False,True,180.0
5277,True,689527,9492,10,even,False,False,True,56.0
5278,True,24464846251,336750150,22,even,False,False,True,62.0
5279,True,110497689076870567711671358898512285785120,1520818421263497481477711067615571301841,84,even,False,False,True,396.0
5280,False,23761,327,8,even,False,False,True,38.0
5281,True,7630352286649386867521564485831201,104999324637259163134994893238520,33,odd,False,False,True,132.0
5282,True,19695315601,270996540,14,even,False,False,True,134.0
5283,False,1907162,26239,10,even,False,False,True,88.0
5284,False,5714003133469398668515586785344107222143861249,78606610452984724779616828341251872585707600,90,even,False,False,True,446.0
5285,True,8307279893431,114271084044,22,even,False,False,True,124.0
5286,True,418465136481618658085,5755667565799353222,42,even,False,False,True,226.0
5287,True,2402971170290321650191224,33047902841336393406195,48,even,False,False,True,224.0
5288,False,1782164403,24507671,18,even,False,False,True,74.0
5289,True,22188748434568636220695,305102680270337373204,44,even,False,False,True,184.0
5290,False,4495316905044313921,61806261844343016,38,even,False,False,True,152.0
5291,True,65154374,895725,14,even,False,False,True,44.0
5292,False,3650401,50180,12,even,False,False,True,36.0
5293,True,17415776865457731932913030404087363362399,239382228019373872451980690151646142920,80,even,False,False,True,416.0
5294,True,5364361680452448431387003510773070705295,73726918600939874004977993139604382036,80,even,False,False,True,390.0
5295,True,57330376,787865,14,even,False,False,True,42.0
5296,False,15519021083817312418194098721799,213250635927676862251922187405,60,even,False,False,True,244.0
5297,True,17808513,244688,7,odd,False,False,True,10.0
5298,True,160672705601,2207425880,26,even,False,False,True,108.0
5299,True,87471812996966102707195705,1201631123062198611294924,54,even,False,False,True,262.0
5300,False,66249,910,6,even,False,False,True,34.0
5301,False,41423166067036218751,568937274354582000,40,even,False,False,True,176.0
5302,True,3865157,53082,10,even,False,False,True,84.0
5303,True,11103469128,152474731,20,even,False,False,True,118.0
5304,False,2549,35,6,even,True,True,,
5305,True,418041734689,5739538152,7,odd,False,False,True,38.0
5306,True,3161245692459916335,43398490874629748,38,even,False,False,True,130.0
5307,True,295508462,4056443,18,even,False,False,True,48.0
5308,False,8456241151,116067840,16,even,False,False,True,82.0
5309,True,101053895049,1386904940,9,odd,False,False,True,20.0
5310,False,66839921,917252,12,even,False,False,True,52.0
5311,True,2489970049255953825777440,34166931146854815833697,44,even,False,False,True,242.0
5312,False,361643617,4961943,20,even,False,False,True,66.0
5313,True,12156649,166780,10,even,False,False,True,36.0
5314,True,2654014353867326465,36407636991964896,38,even,False,False,True,190.0
5315,True,18105153126,248342225,22,even,False,False,True,58.0
5316,False,704641456388201495,9664417975467058,28,even,False,False,True,134.0
5317,True,114699624807122003388143912914615438911560989515640747849,1572999799004664503820318654592114917447142074984700020,55,odd,False,False,True,320.0
5318,True,296243537777108101,4062325500049470,30,even,False,False,True,174.0
5319,False,18190255247646076,249415705986315,34,even,False,False,True,110.0
5320,False,1246589,17091,10,even,False,False,True,40.0
5321,True,25463151695219936247242919873014049,349072412803599500387349112587080,31,odd,False,False,True,126.0
5322,True,1668788373390527,22875143661032,24,even,False,False,True,126.0
5323,True,27051595898643169137889082,370778598174271836164349,50,even,False,False,True,328.0
5324,False,19845115838503871664511224199,271978525444035241521360030,52,even,False,False,True,268.0
5325,False,194399,2664,6,even,False,False,True,2.0
5326,True,107228825486500840457129073738513668455784679714723215,1469301655708070109517793433835016740169781978950868,108,even,False,False,True,564.0
5327,True,5328,73,4,even,True,True,,
5328,False,73,1,2,even,True,True,,
5330,True,10659,146,1,odd,True,True,,
5331,True,5330,73,2,even,True,True,,
5332,False,330126493332151,4521008342070,22,even,False,False,True,166.0
5333,True,75752331849,1037313940,5,odd,False,False,True,70.0
5334,True,1275553201,17465140,10,even,False,False,True,88.0
5335,True,851138997479,11652880092,22,even,False,False,True,106.0
5336,False,3155972095,43204128,14,even,False,False,True,70.0
5337,False,1041175290897652972249601,14251981551629515852960,44,even,False,False,True,186.0
5338,True,747607001651,10232554710,22,even,False,False,True,68.0
5339,True,192758138555036210,2638048424572971,26,even,False,False,True,212.0
5340,False,4072350751,55728140,16,even,False,False,True,76.0
5341,False,158070671986249,2162917779300,22,even,False,False,True,116.0
5342,True,15375518538527295160959999,210367104531043754976800,48,even,False,False,True,240.0
5343,True,3820792,52271,10,even,False,False,True,34.0
5344,False,63804373719695,872804999811,36,even,False,False,True,72.0
5345,True,2402666289001,32863937820,26,even,False,False,True,78.0
5346,False,5299426504447595585,72479367751983112,38,even,False,False,True,182.0
5347,True,160142033921501859640374437941992150626,2190030927742561728221933414586389775,66,even,False,False,True,428.0
5348,False,1367431647,18698636,14,even,False,False,True,56.0
5349,True,12258596652569884920703642271994274751167755895,167611748516823846508189641747131204813647524,86,even,False,False,True,454.0
5350,False,967048806026304443011249,13221219090911701426620,44,even,False,False,True,188.0
5351,True,549498245443328775391560,7511883337827100738643,40,even,False,False,True,264.0
5352,False,17308813,236597,14,even,False,False,True,34.0
5353,True,219212041249,2996165400,5,odd,False,False,True,30.0
5354,True,347702750967232237299,4751918060929191010,17,odd,False,False,True,68.0
5355,False,18514,253,8,even,False,False,True,14.0
5356,False,150175,2052,8,even,False,False,True,14.0
5357,True,1480320820139316299465399,20225302421553460046340,50,even,False,False,True,218.0
5358,True,44651,610,4,even,False,False,True,28.0
5359,True,446107537641447935,6093933109170144,34,even,False,False,True,110.0
5360,False,729631,9966,12,even,False,False,True,22.0
5361,True,85826409812559761115141920536935575,1172190081858944379718522581181372,68,even,False,False,True,316.0
5362,True,16471820413,224945958,16,even,False,False,True,62.0
5363,True,333364633599,4552140160,18,even,False,False,True,60.0
5364,False,1331459723602089239201,18179571774338172660,48,even,False,False,True,120.0
5365,True,5823166502783880994249,79501321000641358260,15,odd,False,False,True,120.0
5366,True,40778074175477742050768429156401628645,556674563622199817061857451649005858,78,even,False,False,True,376.0
5367,True,5807365927,79270828,22,even,False,False,True,74.0
5368,False,1099,15,4,even,True,True,,
5369,True,99945,1364,10,even,False,False,True,18.0
5370,True,6967984909,95086762,18,even,False,False,True,62.0
5371,True,402165415912907690,5487532996435413,26,even,False,False,True,210.0
5372,False,301286688767,4110663648,16,even,False,False,True,106.0
5373,False,463287093751,6320359500,18,even,False,False,True,108.0
5374,True,7718455635425517995385384679124062066183699891775,105288655805437814478994643768356769564119052376,96,even,False,False,True,538.0
5375,False,2636956124,35967783,18,even,False,False,True,48.0
5376,False,73180801,998085,12,even,False,False,True,62.0
5377,True,393013872379509752572144160198157984147941143,5359667671190875748846958838278816033025668,98,even,False,False,True,410.0
5378,True,48401,660,6,even,False,False,True,68.0
5379,True,8801,120,6,even,False,False,True,8.0
5380,False,4841,66,6,even,False,False,True,8.0
5381,True,610455035990757105993083534637062692873610712718231493990711049,8321894098331594855045953267932781924022411692894530936316220,63,odd,False,False,True,286.0
5382,False,1574351,21460,10,even,False,False,True,20.0
5383,True,57108248,778371,12,even,False,False,True,94.0
5384,False,340550115,4641181,16,even,False,False,True,72.0
5385,True,3399181088296331999,46321375592426440,44,even,False,False,True,100.0
5386,True,64353506091435516767157911988119185038857072726369299,876877725956887318567248645385744909538949050903430,55,odd,False,False,True,216.0
5387,True,28579981514710202,389393283069213,30,even,False,False,True,182.0
5388,False,73124726418247,996208999546,24,even,False,False,True,128.0
5389,True,122870506958653470766976111645993256105826249,1673761439880715598154891768222736693926300,45,odd,False,False,True,196.0
5390,False,881,12,4,even,True,True,,
5391,False,1218834694718570634844060799,16600078516718384024197680,48,even,False,False,True,196.0
5392,False,2063810353129713793,28105728391441188,34,even,False,False,True,144.0
5393,True,460381681953508864755188247605027318913,6269065754965265207464307751104331824,35,odd,False,False,True,150.0
5394,True,26720759464445,363825660586,26,even,False,False,True,94.0
5395,True,401291561386,5463416409,26,even,False,False,True,70.0
5396,False,2039180665951,27760017420,22,even,False,False,True,96.0
5397,True,2057,28,4,even,True,True,,
5398,True,1666799908594013681331018290146762414550552379646277,22686475362507486704600538734311458284786690876406,106,even,False,False,True,526.0
5399,True,498093452812553502542481345012076015320,6778821051076189850936016022869626501,72,even,False,False,True,390.0
5400,False,470449,6402,8,even,False,False,True,36.0
5401,True,5061418407623774587880288022711478836004653309746762262551,68870803776749568870423476693520129563719312799716378740,120,even,False,False,True,532.0
5402,True,147,2,2,even,True,True,,
5403,True,14407,196,6,even,True,True,,
5404,False,6175,84,6,even,True,True,,
5405,True,244695715161907841,3328346368717776,34,even,False,False,True,176.0
5406,True,260535166475,3543466498,26,even,False,False,True,60.0
5407,True,189567313470304428303163377923920138078928,2578013994562177676493904138583524429713,80,even,False,False,True,440.0
5408,False,26102926097,354953001,20,even,False,False,True,86.0
5409,False,38902815462492318420311478049,528959647367296120086208360,58,even,False,False,True,238.0
5410,True,35513907305435445040579,482836201067012577342,19,odd,False,False,True,80.0
5411,True,79068647673126,1074893765825,28,even,False,False,True,86.0
5412,False,42982433,584268,16,even,False,False,True,28.0
5413,True,493953742477024478845545393916164930188537749893400483396748618022781861502737404892852549227403536649,6713782484269586058736380374598146531322215604815859517670005898531003884585500680535289896273353220,105,odd,False,False,True,500.0
5414,True,1300260519287857762881650245,17671411914246880975620546,58,even,False,False,True,266.0
5415,False,457470751,6216760,22,even,False,False,True,40.0
5416,False,346105897748788220212734451,4702942533589156599185145,62,even,False,False,True,196.0
5417,True,270849,3680,5,odd,True,False,,
5418,False,943937,12824,12,even,False,False,True,24.0
5419,True,293166554294671821203642171041113953036476721092454192662056794450,3982491404261617651744533620178812737331331438243173859520432611,122,even,False,False,True,680.0
5420,False,1823289,24766,16,even,False,False,True,42.0
5421,True,26472791305,359550612,20,even,False,False,True,104.0
5422,True,262417624453398572147098264229220624203085866240031503,3563799340112346333606505690397456062841164002608508,108,even,False,False,True,542.0
5423,True,2872,39,8,even,False,False,True,6.0
5424,False,19196241799,260649185,20,even,False,False,True,56.0
5425,False,227212113429087499999,3084832658754513000,50,even,False,False,True,126.0
5426,True,43987289706954051,597155324302090,19,odd,False,False,True,60.0
5427,False,48842,663,6,even,False,False,True,76.0
5428,False,355593479414372351,4826517321532320,30,even,False,False,True,130.0
5429,True,4331588211939544679395674829449,58787804644458496693345486780,23,odd,False,False,True,178.0
5430,True,8082011,109678,14,even,False,False,True,48.0
5431,True,3928205988642312440,53303331301361877,36,even,False,False,True,180.0
5432,False,2999823,40702,12,even,False,False,True,36.0
5433,True,58737107405005688400562244183,796879588320717743162345156,56,even,False,False,True,256.0
5434,True,160161299,2172690,16,even,False,False,True,46.0
5435,True,3260612333406,44228213029,30,even,False,False,True,84.0
5436,False,5972991296311683199,81012523021317240,44,even,False,False,True,118.0
5437,True,18676649026412865848996021477340354922606918269890490567323319315159657600649,253290727313321290003781965730512025690555506122578300346354433494387517740,69,odd,False,False,True,402.0
5438,True,71583879032211462399,970723686438854480,40,even,False,False,True,192.0
5439,False,295,4,4,even,True,True,,
5440,False,163327842721,2214423981,20,even,False,False,True,102.0
5441,True,284745469559747968078188219425546290661578969382646428537388807201,3860268029343541866722122834316751217505591343854067005646571720,63,odd,False,False,True,284.0
5442,True,69488897,941968,14,even,False,False,True,98.0
5443,True,6900195566373164706268747456995061742420585335915377378026,93528126002382423916493259114280483979177373717381292815,122,even,False,False,True,576.0
5444,False,351475875811710155440935201,4763612909294528672422540,50,even,False,False,True,226.0
5445,False,1730726404001,23454678120,20,even,False,False,True,116.0
5446,True,442152013722987258428228327003455,5991461718288870697361139219288,74,even,False,False,True,294.0
5447,True,20919833,283452,12,even,False,False,True,38.0
5448,False,1370184257,18563524,18,even,False,False,True,50.0
5449,True,146876921924309756629068956913478412272082585046338625494549164978406089936786570508474754587763061249,1989734629757051064873432484722152111513993133821301570343955510957355778918769429474356973929178400,99,odd,False,False,True,476.0
5450,False,8002075549230099,108393788622938,17,odd,False,False,True,38.0
5451,True,397454926,5383315,16,even,False,False,True,52.0
5452,False,23828824758151,322719122370,24,even,False,False,True,108.0
5453,True,18346824649,248452380,18,even,False,False,True,94.0
5454,False,42187499,571250,20,even,False,False,True,28.0
5455,True,13147016342922717891134489,178004026113890825446092,48,even,False,False,True,212.0
5456,False,10626551,143865,14,even,False,False,True,28.0
5457,True,2752405736965840001,37259367438993200,38,even,False,False,True,134.0
5458,True,68024565927402499,920765447181450,19,odd,False,False,True,38.0
5459,True,366399808627665174,4959052328127865,30,even,False,False,True,132.0
5460,False,25271,342,6,even,False,False,True,12.0
5461,True,11314511633642281304483575,153108649235038359143772,50,even,False,False,True,178.0
5462,True,1635014618278597,22123090301622,30,even,False,False,True,172.0
5463,False,164076033968,2219880261,28,even,False,False,True,64.0
5464,False,2291037052846189335142389540899525,30993938556064233965643242682021,70,even,False,False,True,264.0
5465,True,35503515408527835479169,480259842439995385072,19,odd,False,False,True,74.0
5466,True,88307499691199,1194435698440,24,even,False,False,True,104.0
5467,True,108041977,1461228,14,even,False,False,True,60.0
5468,False,3742847,50616,8,even,False,False,True,2.0
5469,True,361570338548937949932260268671848553784848213855,4889211608001211029263168805768392236892705064,96,even,False,False,True,462.0
5470,True,512421435130816737172780811,6928410724711492293373026,58,even,False,False,True,226.0
5471,True,675469514917880302197217492800,9132136533800778230791204913,60,even,False,False,True,326.0
5472,False,2737,37,4,even,True,True,,
5473,True,56795772156936811541450800830905473,767720759407904972986389438554544,27,odd,False,False,True,198.0
5474,True,5475,74,4,even,True,True,,
5475,False,74,1,2,even,True,True,,
5477,True,10953,148,1,odd,True,True,,
5478,True,5477,74,2,even,True,True,,
5479,True,526390466154859695340073420796013093718583953751080,7111436961396052976293895693534485050149827683309,92,even,False,False,True,566.0
5480,False,2739,37,2,even,True,True,,
5481,False,888836656602492415,12005826309545952,36,even,False,False,True,164.0
5482,True,54565573541904851124952590816898588856632086924120733363,736968981089015539488787004491307718345525444636823182,53,odd,False,False,True,236.0
5483,True,345715993072535445388517906042,4668854586408706567119821619,50,even,False,False,True,294.0
5484,False,3753799,50690,8,even,False,False,True,34.0
5485,True,21356863758940540884558590031679261669212252628906249,288369391645354940661915284147977490096607687307500,53,odd,False,False,True,220.0
5486,True,1148957473301,15512294910,26,even,False,False,True,68.0
5487,True,56013124,756175,10,even,False,False,True,54.0
5488,False,34100354867927167,460311523467276,36,even,False,False,True,108.0
5489,True,4262830746154989860072895476523859799,57537564417239717993980743455357940,78,even,False,False,True,308.0
5490,False,10323982819,139335282,18,even,False,False,True,60.0
5491,False,57799,780,6,even,False,False,True,12.0
5492,False,1288491849,17386670,14,even,False,False,True,76.0
5493,True,158129779317946053751,2133579674150888700,38,even,False,False,True,216.0
5494,True,11114999011187489620806245,149956432830085452487614,42,even,False,False,True,274.0
5495,True,1193984,16107,10,even,False,False,True,30.0
5496,False,153544325045,2071144537,20,even,False,False,True,70.0
5497,True,43874274571487,591762009288,22,even,False,False,True,94.0
5498,True,7358555487201267603,99240787368147986,17,odd,False,False,True,50.0
5499,False,236926,3195,8,even,False,False,True,16.0
5500,False,89330852249,1204536966,22,even,False,False,True,52.0
5501,True,25456243413969885641996822599285254471711338767622226249,343220715705478730488045133686919627206101238938403100,53,odd,False,False,True,264.0
5502,True,2553713,34428,10,even,False,False,True,26.0
5503,True,7898745122746008128,106477622115097281,36,even,False,False,True,194.0
5504,False,93768792007492801,1263918610263045,28,even,False,False,True,148.0
5505,True,308318331801641,4155475114676,26,even,False,False,True,112.0
5506,True,970832733015866614735524216976835,13083571353272288491441330447698,60,even,False,False,True,320.0
5507,True,156577045955626,2109942193425,30,even,False,False,True,136.0
5508,False,41270070401,556081240,22,even,False,False,True,68.0
5509,True,4989836350885127415131900685323019803896336298371989663486602571526135,67227957420709426330845170846122865414974231090264675972389106248444,136,even,False,False,True,668.0
5510,True,4514779,60822,14,even,False,False,True,24.0
5511,True,5345,72,4,even,False,False,True,6.0
5512,False,3663851203,49349553,10,even,False,False,True,94.0
5513,True,297,4,2,even,True,True,,
5514,True,551881765335938701,7432119156717710,34,even,False,False,True,128.0
5515,True,7138991707669819223389893646,96131145879005295705064461,58,even,False,False,True,228.0
5516,False,2517968895,33903008,22,even,False,False,True,50.0
5517,False,464018873584078278910994299849,6247181928277332626769594780,58,even,False,False,True,254.0
5518,True,13352668676847503,179753445975084,28,even,False,False,True,168.0
5519,True,19168673555322323674320,258025046108651774039,40,even,False,False,True,242.0
5520,False,6761,91,6,even,False,False,True,10.0
5521,True,197106601249,2652725400,11,odd,False,False,True,16.0
5522,True,193098817,2598552,10,even,False,False,True,98.0
5523,True,73042726,982855,14,even,False,False,True,32.0
5524,False,91889645003972654622127399341267476203024769394634584316300287049,1236345176387526768934070777989272059782345988671211537976369210,130,even,False,False,True,610.0
5525,False,5544449,74592,8,even,False,False,True,42.0
5526,False,348291186245,4685296118,14,even,False,False,True,176.0
5527,True,22978618568,309085893,16,even,False,False,True,142.0
5528,False,13003237,174891,14,even,False,False,True,40.0
5529,True,722455,9716,10,even,False,False,True,58.0
5530,True,3007651501,40445010,14,even,False,False,True,86.0
5531,True,764352339279432668588280497050,10277601389447120690342930373,54,even,False,False,True,328.0
5532,False,3353780645407,45091384308,28,even,False,False,True,88.0
5533,True,88866918774855528393689688932017978751,1194702540781627328319405331695601200,76,even,False,False,True,388.0
5534,True,407361929629808437236193376314520250781489215,5475967498248345568025942097141979293955256,84,even,False,False,True,434.0
5535,False,7626124,102505,12,even,False,False,True,48.0
5536,False,598510801,8044035,12,even,False,False,True,74.0
5537,False,6987493029899166849,93904007298729680,34,even,False,False,True,140.0
5538,True,16447036399,221009620,22,even,False,False,True,54.0
5539,True,29497307606246673262373582084950,396338895331527620542933937121,62,even,False,False,True,296.0
5540,False,21670288929,291145324,22,even,False,False,True,76.0
5541,True,1047045429593130823844821713036081014460741215,14066027117319311599131650869777116671053608,88,even,False,False,True,448.0
5542,True,448901,6030,6,even,False,False,True,76.0
5543,True,70778568,950669,16,even,False,False,True,96.0
5544,False,21295,286,6,even,False,False,True,14.0
5545,True,396889406880931909249528609,5329895968585307711446008,27,odd,False,False,True,74.0
5546,True,2254040532575374015,30267168096267912,34,even,False,False,True,140.0
5547,False,978122,13133,8,even,False,False,True,48.0
5548,False,4562870070727,61258996194,24,even,False,False,True,124.0
5549,True,11623179889902499436090271799,156033408976128628802555940,52,even,False,False,True,264.0
5550,False,149,2,2,even,True,True,,
5551,True,787687896027824,10572277606215,30,even,False,False,True,170.0
5552,False,823306252807,11049348843,24,even,False,False,True,86.0
5553,False,22627523984155578241334429047937,303649938265662238501158906416,68,even,False,False,True,260.0
5554,True,112706021325771145124027299,1512321690807332368728990,29,odd,False,False,True,70.0
5555,True,559952889,7512932,16,even,False,False,True,68.0
5556,False,625975,8398,10,even,False,False,True,62.0
5557,True,1185766432033020071113,15906658353587128332,15,odd,False,False,True,148.0
5558,True,20546789787,275603486,16,even,False,False,True,66.0
5559,True,11447952629824,153542810805,28,even,False,False,True,70.0
5560,False,2298622285432981,30826925803791,34,even,False,False,True,100.0
5561,True,4898828430789436921417317015,65692498846210708344935572,54,even,False,False,True,234.0
5562,False,4112641067149,55144895190,30,even,False,False,True,92.0
5563,True,754872955044816821026956620607612026,10120904715095345377391125223067285,70,even,False,False,True,404.0
5564,False,9081305,121746,16,even,False,False,True,28.0
5565,True,25946999,347820,12,even,False,False,True,80.0
5566,False,6645659421832501237722330049,89077184099473334658337080,58,even,False,False,True,286.0
5567,True,28409765278882852,380765012136903,38,even,False,False,True,98.0
5568,False,1567,21,8,even,False,False,True,4.0
5569,True,6591450059025300914681684787847954962166454932674339475814229535996671608908999013096275084506638965295046149704068661249,88326771601508772626954394922319732333777270219153376084857500682988235868271326284606365830345258349968597387565446400,123,odd,False,False,True,566.0
5570,True,381266499,5108590,11,odd,False,False,True,8.0
5571,False,517213510553282930,6929522060182913,38,even,False,False,True,170.0
5572,False,3583,48,8,even,False,False,True,2.0
5573,True,64005850798566813989052910637354574168032649,857383562892715400841700666667125344859420,45,odd,False,False,True,206.0
5574,True,2754026315353648092732839525,36887957049056409012398726,54,even,False,False,True,276.0
5575,False,224,3,4,even,True,True,,
5576,False,12545,168,6,even,False,False,True,16.0
5577,False,217188639383,2908283788,20,even,False,False,True,102.0
5578,True,31053863226675763,415792241096034,15,odd,False,False,True,38.0
5579,True,1081708326,14482115,16,even,False,False,True,58.0
5580,False,124001,1660,8,even,False,False,True,20.0
5581,True,5065413492004297293786670834239563360976354660700338075717614515045512437839424930580187005697127012583859257537495240624926470730836038037349449,67804558355933920050242671860286438602274953692771367876998863773967491275186751261118885324286697102666257050366348009171394559725797845518340,145,odd,False,False,True,698.0
5582,True,38117478359520399,510186833315660,32,even,False,False,True,158.0
5583,True,418046122087,5594874964,26,even,False,False,True,98.0
5584,False,169648201,2270265,18,even,False,False,True,38.0
5585,True,1321690118165415969,17685528978947576,23,odd,False,False,True,46.0
5586,False,4307559425,57634272,20,even,False,False,True,42.0
5587,True,54772775622820113770143,732783047746695609048,48,even,False,False,True,242.0
5588,False,16033248351,214483220,16,even,False,False,True,74.0
5589,False,7775,104,6,even,False,False,True,10.0
5590,True,119627795866879,1600022894736,24,even,False,False,True,100.0
5591,True,1462601730507656363456667923376287880,19560562375460575141396896757986917,72,even,False,False,True,356.0
5592,False,4866437,65077,14,even,False,False,True,40.0
5593,True,104568128399441961620351,1398224556634080817680,42,even,False,False,True,176.0
5594,True,81188962650736441520411656864543622451,1085514831032543692228324559931782890,41,odd,False,False,True,146.0
5595,True,374,5,4,even,True,True,,
5596,False,10445289050851422383810558997146914566953859199,139630923288343841189178669335158462337664360,92,even,False,False,True,468.0
5597,True,197546274939444177471020115849,2640530518485808924245633580,25,odd,False,False,True,154.0
5598,False,13804370063,184501604,24,even,False,False,True,50.0
5599,True,701927142046697261522845799,9380733588665595338840460,54,even,False,False,True,236.0
5600,False,449,6,4,even,True,True,,
5601,True,644577202576478160873524448296264359874455,8612756221687191126731578287138097331932,86,even,False,False,True,382.0
5602,True,2300420036626538137964739332963,30735167862569332666660803978,64,even,False,False,True,288.0
5603,True,5079545758,67860111,22,even,False,False,True,46.0
5604,False,1653779660151229685015,22091671816689248966,36,even,False,False,True,158.0
5605,True,708122249,9458460,12,even,False,False,True,102.0
5606,True,514212384500286507175521925,6867773844817977840753198,50,even,False,False,True,280.0
5607,False,778751,10400,8,even,False,False,True,26.0
5608,False,1729858406386491965718163,23099711395898987134761,46,even,False,False,True,210.0
5609,True,34503139949041374916991355337951,460697546870097867015462165240,62,even,False,False,True,268.0
5610,True,749,10,4,even,True,True,,
5611,True,11954870,159597,16,even,False,False,True,34.0
5612,False,11167950151,149078370,20,even,False,False,True,80.0
5613,True,3285359999,43851600,12,even,False,False,True,102.0
5614,True,217220095,2899104,18,even,False,False,True,56.0
5615,True,1124,15,4,even,True,True,,
5616,False,62425,833,8,even,False,False,True,18.0
5617,True,4850228433448821988483711048628353,64715748908441007457852006831632,37,odd,False,False,True,130.0
5618,False,233806732499933208099,3119364642222111710,19,odd,False,False,True,74.0
5619,True,1874,25,4,even,True,True,,
5620,False,2249,30,4,even,True,True,,
5621,True,210825,2812,6,even,True,True,,
5622,True,3749,50,4,even,True,True,,
5623,True,5624,75,4,even,True,True,,
5624,False,75,1,2,even,True,True,,
5626,True,11251,150,1,odd,True,True,,
5627,True,5626,75,2,even,True,True,,
5628,False,3751,50,2,even,True,True,,
5629,True,89084205001,1187367300,5,odd,False,False,True,76.0
5630,True,2251,30,2,even,True,True,,
5631,True,1876,25,2,even,True,True,,
5632,False,290347036464004160257,3868887260365889433,40,even,False,False,True,182.0
5633,True,940061094023762906903,12525244244591697276,44,even,False,False,True,158.0
5634,False,3130001,41700,8,even,False,False,True,44.0
5635,False,1126,15,2,even,True,True,,
5636,False,2515181276570874689623012210848801,33503007857331449644479571263460,66,even,False,False,True,298.0
5637,True,3306453751,44039100,10,even,False,False,True,122.0
5638,True,49223519313936764507566558757,655556496081549780865645014,50,even,False,False,True,364.0
5639,True,21126568207172338316507842379026440,281337684552075384874727639717629,64,even,False,False,True,358.0
5640,False,751,10,2,even,True,True,,
5641,True,256071032508491564035808258361846374219897955819175593680292288418846341476337680973997365145068466452379650049,3409434902626818837242169487276340229613334436977593588814848205156633222696119142368599318083144327829910080,117,odd,False,False,True,516.0
5642,True,35153,468,6,even,False,False,True,8.0
5643,False,981255626,13062525,10,even,False,False,True,122.0
5644,False,394398692255937799,5249790391907490,36,even,False,False,True,146.0
5645,True,715716001,9525960,10,even,False,False,True,104.0
5646,True,22373020609416245490130429451,297751656150874747007283030,56,even,False,False,True,222.0
5647,True,160803931955739588085058387867222869328,2139871871414633316872320858392338967,80,even,False,False,True,426.0
5648,False,10157115393,135152176,18,even,False,False,True,54.0
5649,True,2075890416744691049,27619679623124860,40,even,False,False,True,138.0
5650,False,451,6,2,even,True,True,,
5651,True,204417754596201341555547940190163050,2719292719119900483034738653261657,66,even,False,False,True,362.0
5652,False,46698728731849,621160715370,22,even,False,False,True,92.0
5653,True,170928970443811810639507332651317431111841167246888553338748434105066743434094048649,2273401718872542882573119947750534219558158531276926064926593655344234579889516220,79,odd,False,False,True,442.0
5654,True,61890225,823084,14,even,False,False,True,34.0
5655,True,376,5,2,even,True,True,,
5656,False,182475063042299,2426324155905,28,even,False,False,True,90.0
5657,True,3654037058517870044858129817538998280693001781249,48582499871858942111310973378223495257925408000,51,odd,False,False,True,194.0
5658,True,1284836351,17081120,18,even,False,False,True,36.0
5659,True,195430123069935441719200549858692559056731268384069980207576996852450,2597895385741870018792296296718301901243349977367115813264986476181,138,even,False,False,True,690.0
5660,False,970554034464031,12900647351484,32,even,False,False,True,102.0
5661,False,30378660542980001,403758839609400,28,even,False,False,True,160.0
5662,True,860886329123265877,11440918154046138,32,even,False,False,True,148.0
5663,True,25887,344,6,even,False,False,True,24.0
5664,False,258065,3429,10,even,False,False,True,20.0
5665,True,807310860286717221492516119,10726075206922178472415548,54,even,False,False,True,186.0
5666,True,685585,9108,10,even,False,False,True,80.0
5667,True,67988742998673122,903151079855343,30,even,False,False,True,164.0
5668,False,5380608104297224993,71468791857725244,34,even,False,False,True,226.0
5669,True,2518790841304704513801,33453293205459345020,21,odd,False,False,True,58.0
5670,False,63252251,840010,10,even,False,False,True,68.0
5671,True,481182877118361002618079248556436505,6389698126662041413583685136719612,72,even,False,False,True,304.0
5672,False,3026264403,40182667,10,even,False,False,True,100.0
5673,True,4727212567,62762284,14,even,False,False,True,92.0
5674,True,177573059751417958277405072473751577247568753822573443794322614572046559699,2357395294559555937246567186099984205922292102743933811486840903245267130,69,odd,False,False,True,318.0
5675,False,226,3,2,even,True,True,,
5676,False,326145799,4329030,12,even,False,False,True,80.0
5677,True,51597970550449399,684814856120340,28,even,False,False,True,110.0
5678,True,1994681678223,26471338676,20,even,False,False,True,136.0
5679,False,48961575312998650035560,649709845858383678809,44,even,False,False,True,162.0
5680,False,954809,12669,12,even,False,False,True,22.0
5681,True,338135454619438815,4486196742950248,44,even,False,False,True,92.0
5682,True,2242895719008401,29754898100820,30,even,False,False,True,140.0
5683,True,748843226,9933495,14,even,False,False,True,100.0
5684,False,9801,130,8,even,False,False,True,6.0
5685,True,26790751,355320,10,even,False,False,True,80.0
5686,True,38251748787556287323779751159527145749979202495448871383344290885,507280148454712641877985455172589398970302664344919981098520678,126,even,False,False,True,680.0
5687,False,4074651888,54031733,18,even,False,False,True,48.0
5688,False,119908097,1589896,20,even,False,False,True,38.0
5689,True,14879288641081320011055872611581526214219043947143140334097501836910596932479036726231180032801,197271434105693561224527569685086302714472511420263843261183827810538592770124759271179710520,89,odd,False,False,True,452.0
5690,True,7466419,98982,12,even,False,False,True,32.0
5691,True,5159790237895,68397110308,26,even,False,False,True,104.0
5692,False,460821932778381762637689673401573743845513814527,6108023445377135618002834853026344172285861872,100,even,False,False,True,470.0
5693,True,3345538421856839216559840885036847838421097687267146249,44339973579191485128272220167298717052667772248586700,53,odd,False,False,True,244.0
5694,True,93567605,1239986,12,even,False,False,True,78.0
5695,True,16587385605764,219801714951,26,even,False,False,True,88.0
5696,False,500001,6625,10,even,False,False,True,22.0
5697,False,440772247,5839708,14,even,False,False,True,52.0
5698,True,32908418047,435959136,22,even,False,False,True,74.0
5699,True,4024890951,53315660,16,even,False,False,True,80.0
5700,False,151,2,2,even,True,True,,
5701,True,1481287734425705080512883160251509339178216517359835647187416773925858633593802752958169422107897811437114965449,19618414505623097412989622442435119026952679925678026108794672189750424980140305368264583264599203877633042540,109,odd,False,False,True,564.0
5702,True,6219018521448517,82358465022162,26,even,False,False,True,186.0
5703,True,1323616434868,17527116171,22,even,False,False,True,96.0
5704,False,9860975,130566,14,even,False,False,True,32.0
5705,True,122575897961,1622845812,18,even,False,False,True,80.0
5706,False,8711856945587257031251,115330679753133453750,50,even,False,False,True,162.0
5707,True,14737203034248550206764694943,195079273949592889600684008,60,even,False,False,True,262.0
5708,False,175740705913151225287,2326110728304133914,40,even,False,False,True,170.0
5709,True,37224065,492656,16,even,False,False,True,30.0
5710,True,22433452240108333297900501,296878028522621371041090,58,even,False,False,True,204.0
5711,True,279840,3703,8,even,False,False,True,84.0
5712,False,3401,45,8,even,False,False,True,2.0
5713,True,421406065153,5575305504,11,odd,False,False,True,24.0
5714,True,69639534179450738065,921267476260855596,38,even,False,False,True,204.0
5715,False,31751,420,8,even,False,False,True,14.0
5716,False,22793644685449,301486356990,26,even,False,False,True,104.0
5717,True,550953192665721953133634066413639027849,7286695274483873350224999684852153980,41,odd,False,False,True,168.0
5718,True,3469916837,45887774,22,even,False,False,True,106.0
5719,True,491670203565799,6501504110940,30,even,False,False,True,166.0
5720,False,13311,176,10,even,False,False,True,8.0
5721,True,765970890541860703892530668593949512915366872535,10126894635498323972731359300890046302195515612,104,even,False,False,True,436.0
5722,True,480934099,6357870,9,odd,False,False,True,10.0
5723,True,62782787226482,829905646101,26,even,False,False,True,146.0
5724,False,3505951,46340,12,even,False,False,True,56.0
5725,False,5848201,77292,10,even,False,False,True,44.0
5726,True,390955069695,5166556432,16,even,False,False,True,176.0
5727,True,159527,2108,8,even,False,False,True,24.0
5728,False,62360855630612469610417,823968408175613506311,44,even,False,False,True,200.0
5729,True,23529464494882441134609022887201,310865575574298210389816774440,27,odd,False,False,True,120.0
5730,True,61003019759,805886764,24,even,False,False,True,56.0
5731,True,7480700897570,98815958223,30,even,False,False,True,124.0
5732,False,66524184290667832353,878671352297716588,42,even,False,False,True,150.0
5733,False,1419278889601,18744625680,24,even,False,False,True,112.0
5734,True,79055,1044,14,even,False,False,True,10.0
5735,True,294835204,3893253,16,even,False,False,True,56.0
5736,False,176669098751,2332684600,24,even,False,False,True,52.0
5737,True,35092423460565952694655603849321514171537567763877451904369526622109216666679065790680377633,463309213092801206768217705514937070025303244828331701451681317671182872731699200331231032,93,odd,False,False,True,432.0
5738,True,303,4,4,even,True,True,,
5739,True,11021684979229370,145488907107021,34,even,False,False,True,154.0
5740,False,1996185820231,26347840158,24,even,False,False,True,104.0
5741,True,456656951429088201,6026932112858020,13,odd,False,False,True,98.0
5742,False,42283,558,8,even,False,False,True,14.0
5743,True,3038048,40089,12,even,False,False,True,88.0
5744,False,259199,3420,12,even,False,False,True,12.0
5745,True,1649535579525625001,21762895212448500,34,even,False,False,True,132.0
5746,False,4111834950755,54244144338,26,even,False,False,True,82.0
5747,True,1364589984927,18000376168,22,even,False,False,True,80.0
5748,False,97359338210399,1284160282020,32,even,False,False,True,74.0
5749,True,9137372323047191894844293999858304110615765449,120510577395587655729372173579953491688392780,55,odd,False,False,True,222.0
5750,False,99830072251,1316520006,24,even,False,False,True,52.0
5751,False,56836246378886034307199,749469052478319550160,46,even,False,False,True,172.0
5752,False,15960728127743,210447253032,20,even,False,False,True,106.0
5753,True,651274163020887,8586509651516,32,even,False,False,True,108.0
5754,True,377384804845,4975073266,20,even,False,False,True,86.0
5755,True,17944354472420694271748971756409,236540317667346814847104510284,60,even,False,False,True,260.0
5756,False,330655565265441586621472416861591603199,4358283169121314207434882038044304160,76,even,False,False,True,350.0
5757,True,607,8,4,even,True,True,,
5758,True,2766918216738522289531457134404305485773356344858493889599,36463679650828863702772452462629632869309832458956216760,116,even,False,False,True,584.0
5759,True,1268498820185,16715390556,20,even,False,False,True,84.0
5760,False,1039681,13699,8,even,False,False,True,40.0
5761,True,506348650417819859435055383766700228224755903480512735,6671150205035149812824177514677683463591876027887128,114,even,False,False,True,506.0
5762,True,19282888332865601,254030263845240,30,even,False,False,True,180.0
5763,True,964040402,12699041,14,even,False,False,True,116.0
5764,False,841014472843068524054999,11077492979766555241350,56,even,False,False,True,194.0
5765,True,71767090937193145739770599369,945204295761683511563246188,27,odd,False,False,True,142.0
5766,False,4250272665676801,55973114508640,26,even,False,False,True,122.0
5767,True,475022024,6255165,12,even,False,False,True,120.0
5768,False,1443,19,4,even,True,True,,
5769,False,13618241717209693711236105370846248843548801,179296069424479716135292583647878745485520,96,even,False,False,True,374.0
5770,True,48139927009003714864339,633749341189338992886,19,odd,False,False,True,106.0
5771,True,1581627558293049,20819902260220,32,even,False,False,True,122.0
5772,False,2887,38,4,even,True,True,,
5773,True,185052532515107981271281419353134581131420599,2435534322563691164933583261871050977505660,88,even,False,False,True,440.0
5774,True,5775,76,4,even,True,True,,
5775,False,76,1,2,even,True,True,,
5777,True,11553,152,1,odd,True,True,,
5778,False,5777,76,2,even,True,True,,
5779,True,32686810212972846670152583936035629834003712638959385436754962530748121970,429977959309672521574537253502198065047380195265588887738192354145131159,154,even,False,False,True,750.0
5780,False,2889,38,2,even,True,True,,
5781,True,130889423718650033801,1721484318351190140,34,even,False,False,True,204.0
5782,False,70986173286526887819457,933543847847266559592,48,even,False,False,True,174.0
5783,True,886546434888300951768,11658022563622140859,44,even,False,False,True,210.0
5784,False,1445,19,2,even,True,True,,
5785,True,742567651729192500769,9763023723228869736,21,odd,False,False,True,72.0
5786,True,14980009200673442815,196934980985130528,36,even,False,False,True,144.0
5787,False,1988960193026,26145644395,22,even,False,False,True,136.0
5788,False,34013709258161658764622463655470207,447084623909394344512644745911864,64,even,False,False,True,364.0
5789,True,959703304575,12613488496,22,even,False,False,True,86.0
5790,True,110243531,1448818,12,even,False,False,True,56.0
5791,True,164712540605892090032719255385353868587893947985251104502348837470884320,2164461591038104003871176229289439229234124007836061975893684615444783,140,even,False,False,True,736.0
5792,False,1045457,13737,8,even,False,False,True,38.0
5793,True,2594435836093483319364438226583,34087187556816576687886727196,52,even,False,False,True,272.0
5794,True,2254845823988390581939235,29622902335205309839686,48,even,False,False,True,232.0
5795,True,609,8,2,even,True,True,,
5796,False,277301249,3642400,16,even,False,False,True,44.0
5797,True,316285001,4154100,10,even,False,False,True,46.0
5798,True,43707,574,6,even,False,False,True,16.0
5799,True,28592935,375476,14,even,False,False,True,70.0
5800,False,30131975818099,395652225969,22,even,False,False,True,118.0
5801,True,4228586500945624568183322632907088510634203526507875147389275090049,55519275009678737433448663500101178915792662337054289287112929680,63,odd,False,False,True,284.0
5802,True,77758670448264973,1020845371395458,38,even,False,False,True,102.0
5803,True,2375200835342,31179852189,20,even,False,False,True,162.0
5804,False,2113517742313002563398573143921799,27742282897232480500610308870710,64,even,False,False,True,306.0
5805,False,1024001,13440,6,even,False,False,True,36.0
5806,True,4292481128598838572683156053918329156045627318753761212629123215,56333907815072125104501215925326299040764703439001047590943252,128,even,False,False,True,656.0
5807,True,9895849118599658448,129860524308724423,36,even,False,False,True,210.0
5808,False,262087,3439,8,even,False,False,True,24.0
5809,True,4390978674025,57611693244,28,even,False,False,True,74.0
5810,True,67229,882,6,even,False,False,True,16.0
5811,True,2912598288926,38208074535,22,even,False,False,True,62.0
5812,False,410437909280225285392045277163541936816200282681664800649,5383747261824432247032487842141845121960415310317113510,110,even,False,False,True,530.0
5813,True,12043073739849,157956384340,11,odd,False,False,True,28.0
5814,False,305,4,2,even,True,True,,
5815,True,215384925932979198203404,2824492628835272209581,44,even,False,False,True,194.0
5816,False,366707758095,4808480942,20,even,False,False,True,78.0
5817,True,2621527,34372,10,even,False,False,True,62.0
5818,True,658098901166745133353266531635090201438402099,8627884193177947948425567362851235363147910,43,odd,False,False,True,196.0
5819,False,1987247624392801,26051204488680,26,even,False,False,True,118.0
5820,False,1129455391,14804972,12,even,False,False,True,82.0
5821,True,56799706723995716328440677320393368347477599049,744470157781699145583571485375403468566792420,43,odd,False,False,True,222.0
5822,True,39629661183,519378848,20,even,False,False,True,114.0
5823,False,28890006853534847,378594455820336,24,even,False,False,True,120.0
5824,False,49103078824801,643425162105,28,even,False,False,True,108.0
5825,False,4933228421439082410717282849,64637307897258817254897272,27,odd,False,False,True,82.0
5826,True,164939439038607425,2160922905781768,26,even,False,False,True,196.0
5827,True,52442,687,6,even,False,False,True,78.0
5828,False,7233162836703,94747655156,22,even,False,False,True,78.0
5829,True,2081395897366015,27261997053984,24,even,False,False,True,174.0
5830,True,1238441206661,16219636482,20,even,False,False,True,112.0
5831,False,22929570298367160,300278609000227,36,even,False,False,True,150.0
5832,False,30122754096401,394444512770,30,even,False,False,True,92.0
5833,True,4396242363823953646972316686927767886707280110715351,57561968667156868892890438421088408473760928753980,100,even,False,False,True,476.0
5834,True,97674966461376512890545876012051,1278792434838659559536146076570,35,odd,False,False,True,100.0
5835,True,60929865506,797645261,20,even,False,False,True,80.0
5836,False,19264472331348158830689907923912467728560910053240199,252173517444141181461747865385930040274592106483810,100,even,False,False,True,524.0
5837,True,291849,3820,3,odd,True,False,,
5838,True,2903153,37996,10,even,False,False,True,28.0
5839,True,59827757308149251468481464667240976415726470142937644483178536176183939520,782949021426621332678790825293417016017957507879898074795634142123226679,152,even,False,False,True,756.0
5840,False,23915529,312949,18,even,False,False,True,32.0
5841,False,1123593226162199,14701630698460,30,even,False,False,True,106.0
5842,True,18543904898653,242616545682,26,even,False,False,True,94.0
5843,True,9923438722202,129820790439,30,even,False,False,True,126.0
5844,False,416529161979728987575,5448667533292251114,38,even,False,False,True,172.0
5845,True,250000001,3270000,14,even,False,False,True,48.0
5846,True,34977996270073249699995,457473057347251317938,50,even,False,False,True,174.0
5847,True,7607407718109028,99487872988733,30,even,False,False,True,118.0
5848,False,2753,36,4,even,True,True,,
5849,True,7057615658848294081286011447323345667723369232384951015046032672327475201,92282041444668569195552929638574080608893213598156200186355571009407360,73,odd,False,False,True,318.0
5850,False,5201,68,4,even,True,True,,
5851,True,35122598051748062363124916203649634574966434947250,459167968946163979531069296870032412348383089707,94,even,False,False,True,566.0
5852,False,153,2,2,even,True,True,,
5853,True,15607,204,6,even,True,True,,
5854,True,254071599305400141691262744524653450603400543533759725760623513354495,3320700918577210486897585997971225393110153582129862289646072828816,140,even,False,False,True,712.0
5855,True,5684886489,74294788,16,even,False,False,True,76.0
5856,False,1648655611249,21544152325,28,even,False,False,True,90.0
5857,True,20963430436435770966977319256166707769839378070767611830226417099749012671152673,273920628621208350844173687782247745343415575150312368550749506898397339071752,77,odd,False,False,True,376.0
5858,True,350648163,4581386,7,odd,False,False,True,16.0
5859,False,20890956295,272927044,18,even,False,False,True,54.0
5860,False,1347185567591142710089249,17598619988975270677620,54,even,False,False,True,178.0
5861,True,7510155158697341663046169962289414346118612556376816232385088653684617753125001,98098654078655577487680858845958765758355611178249237808095245375068216902500,77,odd,False,False,True,378.0
5862,True,24228167717,316444582,22,even,False,False,True,112.0
5863,True,15242347600624,199063627725,32,even,False,False,True,74.0
5864,False,47033698184547699,614203302342955,42,even,False,False,True,114.0
5865,True,919,12,6,even,True,True,,
5866,True,644723878784098345336844330558345965,8417879919025378243495224091341942,64,even,False,False,True,306.0
5867,True,1475694124786841677072126090920226,19265855743613660998732862713635,70,even,False,False,True,310.0
5868,False,8212499464321351,107208767099170,32,even,False,False,True,142.0
5869,True,69297368586759137043131090913016384246251705760871583755374273959471520376646909938800412789628570114645001,904554396467043258626520360111593149788640014460315273373466046365783524669575696999057944873909949517100,111,odd,False,False,True,552.0
5870,True,428108491,5587722,18,even,False,False,True,64.0
5871,True,37590055,490588,18,even,False,False,True,64.0
5872,False,723520462813479285247,9441865183246117608,48,even,False,False,True,136.0
5873,True,15672898310111459508223,204512244633890674944,44,even,False,False,True,172.0
5874,True,283973883665,3705198076,22,even,False,False,True,124.0
5875,False,3293461126,42968343,20,even,False,False,True,48.0
5876,False,760265,9918,12,even,False,False,True,24.0
5877,False,220499435884807394516951183098910845601,2876269906204883276381971106934665160,80,even,False,False,True,342.0
5878,True,52901,690,6,even,False,False,True,74.0
5879,True,2289723519545040625033994118840,29862854278354478819246777291,64,even,False,False,True,314.0
5880,False,5291,69,6,even,False,False,True,10.0
5881,True,37983699728577972199585551296133946316050181143833341032821451027913744662271268201841451248969775610618059596396892449,495303816472548954339554626697321933666673024812122610379060576902275770232663994800728746900557038450947439887627640,119,odd,False,False,True,562.0
5882,True,25248190899,329206010,11,odd,False,False,True,14.0
5883,True,5968543,77816,12,even,False,False,True,38.0
5884,False,3043649726225345222036558842217869856447511122482662471666291199,39678782590840229689604643789801726089761130519867123157619920,128,even,False,False,True,616.0
5885,True,77426271,1009288,12,even,False,False,True,88.0
5886,False,2834887507034634541205,36950957886676727322,40,even,False,False,True,182.0
5887,False,34100354867927167,444438712313232,38,even,False,False,True,140.0
5888,False,1151,15,6,even,True,True,,
5889,True,83281995672397791717655,1085251379087845585404,54,even,False,False,True,164.0
5890,True,55342593472879,721110567324,30,even,False,False,True,88.0
5891,True,1677180732545256130,21851706225146367,30,even,False,False,True,206.0
5892,False,2658699293399,34636807110,24,even,False,False,True,72.0
5893,True,16230242303,211425216,18,even,False,False,True,56.0
5894,True,2527595367731945295,32923233718091164,38,even,False,False,True,162.0
5895,False,737709209,9608228,20,even,False,False,True,44.0
5896,False,54959576050729745,715755405489738,38,even,False,False,True,138.0
5897,True,1752207005912952585715329769379569159701633,22817594012114523579947391785040247059952,41,odd,False,False,True,166.0
5898,True,49151,640,8,even,False,False,True,26.0
5899,True,559448711864094094776783751355810,7284019170639899117873551470099,66,even,False,False,True,298.0
5900,False,561799,7314,10,even,False,False,True,20.0
5901,True,301674295,3927132,12,even,False,False,True,94.0
5902,True,5587449695182416907,72730073011069782,34,even,False,False,True,208.0
5903,True,29757024,387305,12,even,False,False,True,104.0
5904,False,8396801,109280,12,even,False,False,True,36.0
5905,True,3833627566711433704257603689,49888445106708679571256132,60,even,False,False,True,210.0
5906,True,28459091301699,370317561190,15,odd,False,False,True,26.0
5907,True,538,7,4,even,True,True,,
5908,False,10055043780174150436351,130816860607353111120,38,even,False,False,True,230.0
5909,True,19217954300230987927202691912951,250005844401398830298017031260,58,even,False,False,True,306.0
5910,True,50431,656,6,even,False,False,True,18.0
5911,True,631506892428575,8213866032072,30,even,False,False,True,94.0
5912,False,119717,1557,6,even,False,False,True,28.0
5913,False,47487364308614281249,617552844000089000,44,even,False,False,True,148.0
5914,True,191235256108323694730033035607231793715484032225276075567699,2486722372943433791780736855413288059086268672237982950830,57,odd,False,False,True,250.0
5915,False,846,11,4,even,True,True,,
5916,False,38797055898751,504411161400,24,even,False,False,True,100.0
5917,True,16882849,219480,14,even,False,False,True,32.0
5918,True,1077,14,4,even,True,True,,
5919,True,78420826759000679813778076,1019312257132721352819735,46,even,False,False,True,214.0
5920,False,91471343761,1188842181,20,even,False,False,True,104.0
5921,True,178786945366653522445151199,2323476443952078130623160,50,even,False,False,True,222.0
5922,False,1693,22,4,even,True,True,,
5923,True,75510369752148198950156106803612551902635123560442,981150728310408406277018626638102523865766035841,102,even,False,False,True,540.0
5924,False,3078401222921030518510235626262049,39996104826554143698424808522540,66,even,False,False,True,300.0
5925,False,228151,2964,6,even,True,True,,
5926,True,97153691535689599360673089053797085432018257041858871624354885,1262055586297400777640574467838071702819202475908074437998782,114,even,False,False,True,674.0
5927,True,5928,77,4,even,True,True,,
5928,False,77,1,2,even,True,True,,
5930,True,11859,154,1,odd,True,True,,
5931,False,5930,77,2,even,True,True,,
5932,False,50368770376982219624292435300635506230861726151,653974444496220755067687888101896612632943170,88,even,False,False,True,454.0
5933,True,104316675849,1354305260,5,odd,False,False,True,74.0
5934,True,1803985451,23418510,12,even,False,False,True,96.0
5935,True,9675652449180429783244,125594290941066499281,44,even,False,False,True,184.0
5936,False,1695,22,2,even,True,True,,
5937,True,96564233206691515053053596959353303,1253235740226938879556853563683372,68,even,False,False,True,312.0
5938,True,502835777,6525384,10,even,False,False,True,122.0
5939,True,413596533041712474130,5366859512896808121,34,even,False,False,True,238.0
5940,False,1079,14,2,even,True,True,,
5941,True,23066222221168171723182248605653233701161418865988177766407049,299258638355268720741090209317909289426923563891898019565180,55,odd,False,False,True,352.0
5942,True,4268352020055877,55372471168422,30,even,False,False,True,160.0
5943,True,848,11,2,even,True,True,,
5944,False,18974735,246114,12,even,False,False,True,46.0
5945,True,79636841,1032852,14,even,False,False,True,56.0
5946,True,899834693404321549,11669447139628170,34,even,False,False,True,136.0
5947,True,90458,1173,8,even,False,False,True,20.0
5948,False,125586652004351,1628388410880,24,even,False,False,True,122.0
5949,False,16421658242965910275055840472270471049,212909492705649953748930389172826860,74,even,False,False,True,336.0
5950,False,6345864809999,82268263980,24,even,False,False,True,76.0
5951,True,540,7,2,even,True,True,,
5952,False,295293601,3827565,16,even,False,False,True,62.0
5953,True,9605188343787624251574674125949606298540999982620997489946941825772661793,124490996667390864107762944732900000010551704214896536312965957891287096,67,odd,False,False,True,350.0
5954,True,16302051,211270,3,odd,False,False,True,12.0
5955,True,2734934,35441,8,even,False,False,True,36.0
5956,False,19794264626972449,256485033124140,30,even,False,False,True,116.0
5957,True,305978751,3964400,10,even,False,False,True,94.0
5958,False,1718102501,22258650,14,even,False,False,True,104.0
5959,True,250643514449569287778681076884180,3246906471361522268367010251381,58,even,False,False,True,298.0
5960,False,74499,965,6,even,False,False,True,42.0
5961,True,387129716115702796576741834465481395050775,5014145685308900994915804572444495785772,86,even,False,False,True,384.0
5962,True,2065809785599,26754346320,20,even,False,False,True,104.0
5963,True,619617,8024,10,even,False,False,True,22.0
5964,False,9310665799,120562410,16,even,False,False,True,68.0
5965,True,305293630944934137153624893066623331509876129302374939068018249,3952869894342540267960518527367334294543400084610714510508420,65,odd,False,False,True,268.0
5966,True,79512523966833996417301,1029423113020708072590,36,even,False,False,True,174.0
5967,False,4370599,56580,8,even,False,False,True,42.0
5968,False,52387849,678135,10,even,False,False,True,58.0
5969,True,30653636844585970354476255,396763048560377993793064,52,even,False,False,True,216.0
5970,True,108864541,1408962,18,even,False,False,True,32.0
5971,True,6082005494951453837271352097299854374,78708796634579887067128063013132775,84,even,False,False,True,326.0
5972,False,85729041586288866249,1109348675035802950,34,even,False,False,True,174.0
5973,True,79169399,1024380,10,even,False,False,True,84.0
5974,True,1855,24,4,even,False,False,True,2.0
5975,False,76759023628799,993025696992,28,even,False,False,True,78.0
5976,False,1700902565,22002607,14,even,False,False,True,60.0
5977,True,153959668241051417768311400136332041353751,1991431345262378848232718459456452469900,78,even,False,False,True,382.0
5978,False,27893802817,360769464,24,even,False,False,True,44.0
5979,True,25594727815,331006284,18,even,False,False,True,92.0
5980,False,26911,348,4,even,False,False,True,38.0
5981,True,49447301519108083059916338822438528867812995412232201,639375064223372562372604253622125798134124657047180,47,odd,False,False,True,264.0
5982,True,11302092369692752373,146128742839877598,44,even,False,False,True,152.0
5983,True,241982875232,3128420559,18,even,False,False,True,108.0
5984,False,22646449,292755,12,even,False,False,True,56.0
5985,False,376421921,4865672,16,even,False,False,True,50.0
5986,True,193420945,2499972,16,even,False,False,True,48.0
5987,True,110720120475093335668258282,1430941636335141255267777,54,even,False,False,True,254.0
5988,False,22516718751127,290980715466,30,even,False,False,True,118.0
5989,True,3925840666625,50728907904,26,even,False,False,True,66.0
5990,True,3171105521999,40972954620,28,even,False,False,True,66.0
5991,True,49924,645,6,even,False,False,True,26.0
5992,False,321700659967,4155909192,18,even,False,False,True,86.0
5993,True,12118038848536987262860847649,156534547297678804782043480,31,odd,False,False,True,78.0
5994,False,27365201,353460,14,even,False,False,True,46.0
5995,True,139278239,1798824,12,even,False,False,True,68.0
5996,False,18030936640059518302188222125944035879144199,232856022693229499641496618165313848622390,84,even,False,False,True,390.0
5997,True,71788087,927012,14,even,False,False,True,68.0
5998,True,1122466782724635217312200551106960143,14493399621812846519206257311433924,68,even,False,False,True,418.0
5999,True,1833493394514720,23672270712551,32,even,False,False,True,144.0
6000,False,457470751,5905922,16,even,False,False,True,44.0
