pa,qa,pb,qb,D,c1,c2,c3,d1,d2,d3,b2x,b2n,b3x,b3n,bmax,bmin,ft,target
-3,1,7,3,2,1,2,2,0,4,2,1,2,2,3,2,1,6,130
-3,1,8,3,2,1,5,2,0,2,2,4,0,5,1,4,0,6,130
-2,1,1,3,2,-1,2,10,2,3,2,-1,3,8,4,3,-1,7,130
-2,1,2,3,2,-1,18,2,2,2,2,15,2,16,3,15,2,15,130
-2,1,4,3,2,0,9,4,1,2,2,7,1,10,2,7,1,7,130
-2,1,5,3,2,1,2,3,0,3,6,1,1,3,6,1,1,6,130
-2,1,7,3,2,2,2,2,-1,4,2,2,1,3,2,2,1,7,130
-2,1,8,3,2,2,5,2,-1,2,2,5,-1,6,0,5,-1,6,130
-3,1,5,2,2,1,3,2,0,2,8,2,0,3,7,2,0,6,130
-2,1,1,2,2,-1,4,2,2,2,2,1,2,2,3,2,1,6,130
-2,1,3,2,2,1,2,2,0,9,2,1,7,2,8,7,1,7,130
-2,1,5,2,2,2,3,2,-1,2,8,3,-1,4,6,3,-1,6,130
-1,1,1,2,2,0,4,2,1,2,2,2,1,3,2,2,1,7,130
-1,1,3,2,2,2,2,2,-1,9,2,2,6,3,7,6,2,6,130
-1,1,5,2,2,3,3,2,-2,2,8,4,-2,5,5,4,-2,6,130
0,1,1,2,2,1,4,2,0,2,2,3,0,4,1,3,0,6,130
-2,1,3,1,2,3,2,2,-2,5,2,3,1,4,2,3,1,6,130
-1,1,1,1,2,1,2,4,0,3,2,1,1,4,2,1,1,6,130
-1,1,2,1,2,2,6,6,-1,2,2,6,-1,11,0,6,-1,6,130
-1,1,3,1,2,4,2,2,-3,5,2,4,0,5,1,4,0,7,130
0,1,1,1,2,2,2,4,-1,3,2,2,0,5,1,2,0,-1,130
0,1,2,1,2,3,6,6,-2,2,2,7,-2,12,-1,7,-2,-1,130
0,1,3,1,2,5,2,2,-4,5,2,5,-1,6,0,5,-1,-1,130
1,1,1,1,2,3,2,4,-2,3,2,3,-1,6,0,3,-1,6,130
-1,1,1,3,2,0,2,10,1,3,2,0,2,9,3,2,0,6,130
-1,1,2,3,2,0,18,2,1,2,2,16,1,17,2,16,1,16,130
-1,1,4,3,2,1,9,4,0,2,2,8,0,11,1,8,0,7,130
-1,1,5,3,2,2,2,3,-1,3,6,2,0,4,5,2,0,6,130
-1,1,7,3,2,3,2,2,-2,4,2,3,0,4,1,3,0,6,130
-1,1,8,3,2,3,5,2,-2,2,2,6,-2,7,-1,6,-2,6,130
0,1,1,3,2,1,2,10,0,3,2,1,1,10,2,1,1,6,130
0,1,2,3,2,1,18,2,0,2,2,17,0,18,1,17,0,16,130
-4,1,4,3,2,-2,9,4,3,2,2,5,3,8,4,5,3,6,130
-4,1,5,3,2,-1,2,3,2,3,6,-1,3,1,8,3,-1,6,130
-4,1,7,3,2,0,2,2,1,4,2,0,3,1,4,3,0,6,130
-4,1,8,3,2,0,5,2,1,2,2,3,1,4,2,3,1,6,130
-3,1,1,3,2,-2,2,10,3,3,2,-2,4,7,5,4,-2,6,130
-3,1,2,3,2,-2,18,2,3,2,2,14,3,15,4,14,3,14,130
-3,1,4,3,2,-1,9,4,2,2,2,6,2,9,3,6,2,6,130
-3,1,5,3,2,0,2,3,1,3,6,0,2,2,7,2,0,6,130
-4,1,1,1,2,-2,2,4,3,3,2,-2,4,1,5,4,-2,6,130
-4,1,2,1,2,-1,6,6,2,2,2,3,2,8,3,3,2,6,130
-4,1,3,1,2,1,2,2,0,5,2,1,3,2,4,3,1,6,130
-3,1,1,1,2,-1,2,4,2,3,2,-1,3,2,4,3,-1,6,130
-3,1,2,1,2,0,6,6,1,2,2,4,1,9,2,4,1,6,130
-3,1,3,1,2,2,2,2,-1,5,2,2,2,3,3,2,2,6,130
-2,1,1,1,2,0,2,4,1,3,2,0,2,3,3,2,0,6,130
-2,1,2,1,2,1,6,6,0,2,2,5,0,10,1,5,0,6,130
1,1,2,1,2,4,6,6,-3,2,2,8,-3,13,-2,8,-3,6,130
1,1,3,1,2,6,2,2,-5,5,2,6,-2,7,-1,6,-2,7,130
2,1,1,1,2,4,2,4,-3,3,2,4,-2,7,-1,4,-2,6,130
2,1,2,1,2,5,6,6,-4,2,2,9,-4,14,-3,9,-4,6,130
2,1,3,1,2,7,2,2,-6,5,2,7,-3,8,-2,7,-3,6,130
3,1,1,1,2,5,2,4,-4,3,2,5,-3,8,-2,5,-3,6,130
3,1,2,1,2,6,6,6,-5,2,2,10,-5,15,-4,10,-5,6,130
3,1,3,1,2,8,2,2,-7,5,2,8,-4,9,-3,8,-4,6,130
4,1,1,1,2,6,2,4,-5,3,2,6,-4,9,-3,6,-4,6,130
4,1,2,1,2,7,6,6,-6,2,2,11,-6,16,-5,11,-6,6,130
4,1,3,1,2,9,2,2,-8,5,2,9,-5,10,-4,9,-5,6,130
-4,1,1,2,2,-3,4,2,4,2,2,-1,4,0,5,4,-1,6,130
-4,1,3,2,2,-1,2,2,2,9,2,-1,9,0,10,9,-1,6,130
-4,1,5,2,2,0,3,2,1,2,8,1,1,2,8,1,1,6,130
-3,1,1,2,2,-2,4,2,3,2,2,0,3,1,4,3,0,6,130
-3,1,3,2,2,0,2,2,1,9,2,0,8,1,9,8,0,7,130
0,1,3,2,2,3,2,2,-2,9,2,3,5,4,6,5,3,6,130
0,1,5,2,2,4,3,2,-3,2,8,5,-3,6,4,5,-3,6,130
1,1,1,2,2,2,4,2,-1,2,2,4,-1,5,0,4,-1,7,130
1,1,3,2,2,4,2,2,-3,9,2,4,4,5,5,4,4,8,130
1,1,5,2,2,5,3,2,-4,2,8,6,-4,7,3,6,-4,6,130
2,1,1,2,2,3,4,2,-2,2,2,5,-2,6,-1,5,-2,6,130
2,1,3,2,2,5,2,2,-4,9,2,5,3,6,4,5,3,7,130
2,1,5,2,2,6,3,2,-5,2,8,7,-5,8,2,7,-5,6,130
3,1,1,2,2,4,4,2,-3,2,2,6,-3,7,-2,6,-3,6,130
3,1,3,2,2,6,2,2,-5,9,2,6,2,7,3,6,2,6,130
3,1,5,2,2,7,3,2,-6,2,8,8,-6,9,1,8,-6,6,130
4,1,1,2,2,5,4,2,-4,2,2,7,-4,8,-3,7,-4,6,130
4,1,3,2,2,7,2,2,-6,9,2,7,1,8,2,7,1,6,130
4,1,5,2,2,8,3,2,-7,2,8,9,-7,10,0,9,-7,6,130
-4,1,1,3,2,-3,2,10,4,3,2,-3,5,6,6,5,-3,6,130
-4,1,2,3,2,-3,18,2,4,2,2,13,4,14,5,13,4,13,130
-1,1,5,4,2,1,5,2,0,2,2,4,0,5,1,4,0,6,130
-1,1,7,4,2,2,2,11,-1,3,2,2,0,12,1,2,0,6,130
-1,1,9,4,2,3,2,2,-2,6,2,3,2,4,3,3,2,7,130
-1,1,11,4,2,3,10,2,-2,2,2,11,-2,12,-1,11,-2,6,130
0,1,1,4,2,1,2,3,0,3,6,1,1,3,6,1,1,6,130
0,1,3,4,2,2,2,2,-1,17,2,2,14,3,15,14,2,14,130
0,1,5,4,2,2,5,2,-1,2,2,5,-1,6,0,5,-1,6,130
0,1,7,4,2,3,2,11,-2,3,2,3,-1,13,0,3,-1,7,130
-4,1,9,4,2,0,2,2,1,6,2,0,5,1,6,5,0,6,130
-4,1,11,4,2,0,10,2,1,2,2,8,1,9,2,8,1,8,130
-3,1,1,4,2,-2,2,3,3,3,6,-2,4,0,9,4,-2,6,130
-3,1,3,4,2,-1,2,2,2,17,2,-1,17,0,18,17,-1,14,130
-3,1,5,4,2,-1,5,2,2,2,2,2,2,3,3,2,2,6,130
-3,1,7,4,2,0,2,11,1,3,2,0,2,10,3,2,0,6,130
-3,1,9,4,2,1,2,2,0,6,2,1,4,2,5,4,1,6,130
-3,1,11,4,2,1,10,2,0,2,2,9,0,10,1,9,0,8,130
1,1,7,3,2,5,2,2,-4,4,2,5,-2,6,-1,5,-2,6,130
1,1,8,3,2,5,5,2,-4,2,2,8,-4,9,-3,8,-4,6,130
2,1,1,3,2,3,2,10,-2,3,2,3,-1,12,0,3,-1,9,130
2,1,2,3,2,3,18,2,-2,2,2,19,-2,20,-1,19,-2,14,130
2,1,4,3,2,4,9,4,-3,2,2,11,-3,14,-2,11,-3,7,130
2,1,5,3,2,5,2,3,-4,3,6,5,-3,7,2,5,-3,6,130
2,1,7,3,2,6,2,2,-5,4,2,6,-3,7,-2,6,-3,6,130
2,1,8,3,2,6,5,2,-5,2,2,9,-5,10,-4,9,-5,6,130
3,1,1,3,2,4,2,10,-3,3,2,4,-2,13,-1,4,-2,7,130
3,1,2,3,2,4,18,2,-3,2,2,20,-3,21,-2,20,-3,13,130
3,1,4,3,2,5,9,4,-4,2,2,12,-4,15,-3,12,-4,6,130
3,1,5,3,2,6,2,3,-5,3,6,6,-4,8,1,6,-4,6,130
3,1,7,3,2,7,2,2,-6,4,2,7,-4,8,-3,7,-4,6,130
3,1,8,3,2,7,5,2,-6,2,2,10,-6,11,-5,10,-6,6,130
4,1,1,3,2,5,2,10,-4,3,2,5,-3,14,-2,5,-3,7,130
4,1,2,3,2,5,18,2,-4,2,2,21,-4,22,-3,21,-4,12,130
-2,1,1,4,2,-1,2,3,2,3,6,-1,3,1,8,3,-1,6,130
-2,1,3,4,2,0,2,2,1,17,2,0,16,1,17,16,0,15,130
-2,1,5,4,2,0,5,2,1,2,2,3,1,4,2,3,1,7,130
-2,1,7,4,2,1,2,11,0,3,2,1,1,11,2,1,1,6,130
-2,1,9,4,2,2,2,2,-1,6,2,2,3,3,4,3,2,6,130
-2,1,11,4,2,2,10,2,-1,2,2,10,-1,11,0,10,-1,7,130
-1,1,1,4,2,0,2,3,1,3,6,0,2,2,7,2,0,6,130
-1,1,3,4,2,1,2,2,0,17,2,1,15,2,16,15,1,15,130
2,1,1,4,2,3,2,3,-2,3,6,3,-1,5,4,3,-1,6,130
2,1,3,4,2,4,2,2,-3,17,2,4,12,5,13,12,4,12,130
2,1,5,4,2,4,5,2,-3,2,2,7,-3,8,-2,7,-3,6,130
2,1,7,4,2,5,2,11,-4,3,2,5,-3,15,-2,5,-3,6,130
2,1,9,4,2,6,2,2,-5,6,2,6,-1,7,0,6,-1,7,130
2,1,11,4,2,6,10,2,-5,2,2,14,-5,15,-4,14,-5,8,130
3,1,1,4,2,4,2,3,-3,3,6,4,-2,6,3,4,-2,6,130
3,1,3,4,2,5,2,2,-4,17,2,5,11,6,12,11,5,11,130
0,1,4,3,2,2,9,4,-1,2,2,9,-1,12,0,9,-1,6,130
0,1,5,3,2,3,2,3,-2,3,6,3,-1,5,4,3,-1,6,130
0,1,7,3,2,4,2,2,-3,4,2,4,-1,5,0,4,-1,6,130
0,1,8,3,2,4,5,2,-3,2,2,7,-3,8,-2,7,-3,6,130
1,1,1,3,2,2,2,10,-1,3,2,2,0,11,1,2,0,6,130
1,1,2,3,2,2,18,2,-1,2,2,18,-1,19,0,18,-1,15,130
1,1,4,3,2,3,9,4,-2,2,2,10,-2,13,-1,10,-2,6,130
1,1,5,3,2,4,2,3,-3,3,6,4,-2,6,3,4,-2,6,130
0,1,9,4,2,4,2,2,-3,6,2,4,1,5,2,4,1,6,130
0,1,11,4,2,4,10,2,-3,2,2,12,-3,13,-2,12,-3,7,130
1,1,1,4,2,2,2,3,-1,3,6,2,0,4,5,2,0,6,130
1,1,3,4,2,3,2,2,-2,17,2,3,13,4,14,13,3,13,130
1,1,5,4,2,3,5,2,-2,2,2,6,-2,7,-1,6,-2,6,130
1,1,7,4,2,4,2,11,-3,3,2,4,-2,14,-1,4,-2,6,130
1,1,9,4,2,5,2,2,-4,6,2,5,0,6,1,5,0,6,130
1,1,11,4,2,5,10,2,-4,2,2,13,-4,14,-3,13,-4,6,130
3,1,5,4,2,5,5,2,-4,2,2,8,-4,9,-3,8,-4,6,130
3,1,7,4,2,6,2,11,-5,3,2,6,-4,16,-3,6,-4,6,130
3,1,9,4,2,7,2,2,-6,6,2,7,-2,8,-1,7,-2,6,130
3,1,11,4,2,7,10,2,-6,2,2,15,-6,16,-5,15,-6,7,130
4,1,1,4,2,5,2,3,-4,3,6,5,-3,7,2,5,-3,6,130
4,1,3,4,2,6,2,2,-5,17,2,6,10,7,11,10,6,10,130
4,1,5,4,2,6,5,2,-5,2,2,9,-5,10,-4,9,-5,6,130
4,1,7,4,2,7,2,11,-6,3,2,7,-5,17,-4,7,-5,6,130
4,1,4,3,2,6,9,4,-5,2,2,13,-5,16,-4,13,-5,6,130
4,1,5,3,2,7,2,3,-6,3,6,7,-5,9,0,7,-5,6,130
4,1,7,3,2,8,2,2,-7,4,2,8,-5,9,-4,8,-5,6,130
4,1,8,3,2,8,5,2,-7,2,2,11,-7,12,-6,11,-7,6,130
-4,1,1,4,2,-3,2,3,4,3,6,-3,5,-1,10,5,-3,6,130
-4,1,3,4,2,-2,2,2,3,17,2,-2,18,-1,19,18,-2,13,130
-4,1,5,4,2,-2,5,2,3,2,2,1,3,2,4,3,1,6,130
-4,1,7,4,2,-1,2,11,2,3,2,-1,3,9,4,3,-1,7,130
-3,1,13,5,2,1,4,2,0,2,2,3,0,4,1,3,0,7,130
-3,1,14,5,2,1,25,8,0,2,2,24,0,31,1,24,0,23,130
-2,1,1,5,2,-1,2,2,2,4,3,-1,4,0,6,4,-1,6,130
-2,1,2,5,2,-1,3,2,2,2,5,0,2,1,6,2,0,6,130
-2,1,3,5,2,-1,7,3,2,2,2,4,2,6,3,4,2,6,130
-2,1,4,5,2,0,2,2,1,8,3,0,7,1,9,7,0,6,130
-2,1,6,5,2,0,4,2,1,2,2,2,1,3,2,2,1,6,130
-2,1,7,5,2,0,50,4,1,2,2,48,1,51,2,48,1,48,130
-4,1,8,5,2,-1,2,2,2,4,6,-1,4,0,9,4,-1,6,130
-4,1,9,5,2,-1,3,2,2,2,6,0,2,1,7,2,0,6,130
-4,1,11,5,2,0,2,2,1,9,78,0,8,1,85,8,0,7,130
-4,1,12,5,2,0,2,3,1,3,3,0,2,2,4,2,0,6,130
-4,1,13,5,2,0,4,2,1,2,2,2,1,3,2,2,1,7,130
-4,1,14,5,2,0,25,8,1,2,2,23,1,30,2,23,1,23,130
-3,1,1,5,2,-2,2,2,3,4,3,-2,5,-1,7,5,-2,6,130
-3,1,2,5,2,-2,3,2,3,2,5,-1,3,0,7,3,-1,6,130
-1,1,3,5,2,0,7,3,1,2,2,5,1,7,2,5,1,6,130
-1,1,4,5,2,1,2,2,0,8,3,1,6,2,8,6,1,6,130
-1,1,6,5,2,1,4,2,0,2,2,3,0,4,1,3,0,6,130
-1,1,7,5,2,1,50,4,0,2,2,49,0,52,1,49,0,48,130
-1,1,8,5,2,2,2,2,-1,4,6,2,1,3,6,2,1,6,130
-1,1,9,5,2,2,3,2,-1,2,6,3,-1,4,4,3,-1,7,130
-1,1,11,5,2,3,2,2,-2,9,78,3,5,4,82,5,3,6,130
-1,1,12,5,2,3,2,3,-2,3,3,3,-1,5,1,3,-1,6,130
-1,1,13,5,2,3,4,2,-2,2,2,5,-2,6,-1,5,-2,6,130
-1,1,14,5,2,3,25,8,-2,2,2,26,-2,33,-1,26,-2,21,130
0,1,1,5,2,1,2,2,0,4,3,1,2,2,4,2,1,6,130
0,1,2,5,2,1,3,2,0,2,5,2,0,3,4,2,0,6,130
0,1,3,5,2,1,7,3,0,2,2,6,0,8,1,6,0,6,130
0,1,4,5,2,2,2,2,-1,8,3,2,5,3,7,5,2,6,130
0,1,6,5,2,2,4,2,-1,2,2,4,-1,5,0,4,-1,6,130
0,1,7,5,2,2,50,4,-1,2,2,50,-1,53,0,50,-1,47,130
4,1,9,4,2,8,2,2,-7,6,2,8,-3,9,-2,8,-3,6,130
4,1,11,4,2,8,10,2,-7,2,2,16,-7,17,-6,16,-7,6,130
-4,1,1,5,2,-3,2,2,4,4,3,-3,6,-2,8,6,-3,6,130
-4,1,2,5,2,-3,3,2,4,2,5,-2,4,-1,8,4,-2,6,130
-4,1,3,5,2,-3,7,3,4,2,2,2,4,4,5,4,2,6,130
-4,1,4,5,2,-2,2,2,3,8,3,-2,9,-1,11,9,-2,6,130
-4,1,6,5,2,-2,4,2,3,2,2,0,3,1,4,3,0,6,130
-4,1,7,5,2,-2,50,4,3,2,2,46,3,49,4,46,3,46,130
-3,1,3,5,2,-2,7,3,3,2,2,3,3,5,4,3,3,6,130
-3,1,4,5,2,-1,2,2,2,8,3,-1,8,0,10,8,-1,6,130
-3,1,6,5,2,-1,4,2,2,2,2,1,2,2,3,2,1,6,130
-3,1,7,5,2,-1,50,4,2,2,2,47,2,50,3,47,2,47,130
-3,1,8,5,2,0,2,2,1,4,6,0,3,1,8,3,0,6,130
-3,1,9,5,2,0,3,2,1,2,6,1,1,2,6,1,1,6,130
-3,1,11,5,2,1,2,2,0,9,78,1,7,2,84,7,1,7,130
-3,1,12,5,2,1,2,3,0,3,3,1,1,3,3,1,1,6,130
-2,1,8,5,2,1,2,2,0,4,6,1,2,2,7,2,1,6,130
-2,1,9,5,2,1,3,2,0,2,6,2,0,3,5,2,0,6,130
-2,1,11,5,2,2,2,2,-1,9,78,2,6,3,83,6,2,6,130
-2,1,12,5,2,2,2,3,-1,3,3,2,0,4,2,2,0,6,130
-2,1,13,5,2,2,4,2,-1,2,2,4,-1,5,0,4,-1,6,130
-2,1,14,5,2,2,25,8,-1,2,2,25,-1,32,0,25,-1,22,130
-1,1,1,5,2,0,2,2,1,4,3,0,3,1,5,3,0,6,130
-1,1,2,5,2,0,3,2,1,2,5,1,1,2,5,1,1,6,130
1,1,3,5,2,2,7,3,-1,2,2,7,-1,9,0,7,-1,6,130
1,1,4,5,2,3,2,2,-2,8,3,3,4,4,6,4,3,6,130
1,1,6,5,2,3,4,2,-2,2,2,5,-2,6,-1,5,-2,6,130
1,1,7,5,2,3,50,4,-2,2,2,51,-2,54,-1,51,-2,46,130
1,1,8,5,2,4,2,2,-3,4,6,4,-1,5,4,4,-1,6,130
1,1,9,5,2,4,3,2,-3,2,6,5,-3,6,2,5,-3,6,130
1,1,11,5,2,5,2,2,-4,9,78,5,3,6,80,5,3,6,130
1,1,12,5,2,5,2,3,-4,3,3,5,-3,7,-1,5,-3,6,130
1,1,13,5,2,5,4,2,-4,2,2,7,-4,8,-3,7,-4,6,130
1,1,14,5,2,5,25,8,-4,2,2,28,-4,35,-3,28,-4,19,130
2,1,1,5,2,3,2,2,-2,4,3,3,0,4,2,3,0,6,130
2,1,2,5,2,3,3,2,-2,2,5,4,-2,5,2,4,-2,6,130
2,1,3,5,2,3,7,3,-2,2,2,8,-2,10,-1,8,-2,6,130
2,1,4,5,2,4,2,2,-3,8,3,4,3,5,5,4,3,6,130
2,1,6,5,2,4,4,2,-3,2,2,6,-3,7,-2,6,-3,6,130
2,1,7,5,2,4,50,4,-3,2,2,52,-3,55,-2,52,-3,45,130
0,1,8,5,2,3,2,2,-2,4,6,3,0,4,5,3,0,6,130
0,1,9,5,2,3,3,2,-2,2,6,4,-2,5,3,4,-2,6,130
0,1,11,5,2,4,2,2,-3,9,78,4,4,5,81,4,4,6,130
0,1,12,5,2,4,2,3,-3,3,3,4,-2,6,0,4,-2,6,130
0,1,13,5,2,4,4,2,-3,2,2,6,-3,7,-2,6,-3,6,130
0,1,14,5,2,4,25,8,-3,2,2,27,-3,34,-2,27,-3,20,130
1,1,1,5,2,2,2,2,-1,4,3,2,1,3,3,2,1,6,130
1,1,2,5,2,2,3,2,-1,2,5,3,-1,4,3,3,-1,7,130
-1,2,3,2,2,2,3,3,-1,2,3,3,-1,5,1,3,-1,6,130
-1,2,5,2,2,4,2,2,-3,29,2,4,24,5,25,24,4,24,130
1,2,1,2,2,2,2,2,-1,5,6,2,2,3,7,2,2,6,130
1,2,3,2,2,3,3,3,-2,2,3,4,-2,6,0,4,-2,6,130
1,2,5,2,2,5,2,2,-4,29,2,5,23,6,24,23,5,23,130
3,2,1,2,2,3,2,2,-2,5,6,3,1,4,6,3,1,6,130
3,2,3,2,2,4,3,3,-3,2,3,5,-3,7,-1,5,-3,6,130
3,2,5,2,2,6,2,2,-5,29,2,6,22,7,23,22,6,22,130
4,1,8,5,2,7,2,2,-6,4,6,7,-4,8,1,7,-4,6,130
4,1,9,5,2,7,3,2,-6,2,6,8,-6,9,-1,8,-6,6,130
4,1,11,5,2,8,2,2,-7,9,78,8,0,9,77,8,0,6,130
4,1,12,5,2,8,2,3,-7,3,3,8,-6,10,-4,8,-6,6,130
4,1,13,5,2,8,4,2,-7,2,2,10,-7,11,-6,10,-7,6,130
4,1,14,5,2,8,25,8,-7,2,2,31,-7,38,-6,31,-7,6,130
-7,2,1,1,2,-2,12,3,3,2,2,8,3,10,4,8,3,8,130
-7,2,2,1,2,0,2,2,1,4,2,0,3,1,4,3,0,7,130
5,2,1,1,2,4,12,3,-3,2,2,14,-3,16,-2,14,-3,7,130
5,2,2,1,2,6,2,2,-5,4,2,6,-3,7,-2,6,-3,6,130
5,2,3,1,2,7,4,9,-6,2,2,9,-6,17,-5,9,-6,6,130
7,2,1,1,2,5,12,3,-4,2,2,15,-4,17,-3,15,-4,6,130
7,2,2,1,2,7,2,2,-6,4,2,7,-4,8,-3,7,-4,6,130
7,2,3,1,2,8,4,9,-7,2,2,10,-7,18,-6,10,-7,6,130
-7,2,1,2,2,-2,2,2,3,5,6,-2,6,-1,11,6,-2,6,130
-7,2,3,2,2,-1,3,3,2,2,3,0,2,2,4,2,0,6,130
-1,2,2,1,2,3,2,2,-2,4,2,3,0,4,1,3,0,6,130
-1,2,3,1,2,4,4,9,-3,2,2,6,-3,14,-2,6,-3,6,130
1,2,1,1,2,2,12,3,-1,2,2,12,-1,14,0,12,-1,9,130
1,2,2,1,2,4,2,2,-3,4,2,4,-1,5,0,4,-1,6,130
1,2,3,1,2,5,4,9,-4,2,2,7,-4,15,-3,7,-4,6,130
3,2,1,1,2,3,12,3,-2,2,2,13,-2,15,-1,13,-2,8,130
3,2,2,1,2,5,2,2,-4,4,2,5,-2,6,-1,5,-2,8,130
3,2,3,1,2,6,4,9,-5,2,2,8,-5,16,-4,8,-5,6,130
-7,2,3,1,2,1,4,9,0,2,2,3,0,11,1,3,0,6,130
-5,2,1,1,2,-1,12,3,2,2,2,9,2,11,3,9,2,9,130
-5,2,2,1,2,1,2,2,0,4,2,1,2,2,3,2,1,7,130
-5,2,3,1,2,2,4,9,-1,2,2,4,-1,12,0,4,-1,6,130
-3,2,1,1,2,0,12,3,1,2,2,10,1,12,2,10,1,10,130
-3,2,2,1,2,2,2,2,-1,4,2,2,1,3,2,2,1,6,130
-3,2,3,1,2,3,4,9,-2,2,2,5,-2,13,-1,5,-2,6,130
-1,2,1,1,2,1,12,3,0,2,2,11,0,13,1,11,0,10,130
-7,2,5,2,2,1,2,2,0,29,2,1,27,2,28,27,1,27,130
-5,2,1,2,2,-1,2,2,2,5,6,-1,5,0,10,5,-1,6,130
-5,2,3,2,2,0,3,3,1,2,3,1,1,3,3,1,1,6,130
-5,2,5,2,2,2,2,2,-1,29,2,2,26,3,27,26,2,26,130
-3,2,1,2,2,0,2,2,1,5,6,0,4,1,9,4,0,6,130
-3,2,3,2,2,1,3,3,0,2,3,2,0,4,2,2,0,6,130
-3,2,5,2,2,3,2,2,-2,29,2,3,25,4,26,25,3,25,130
-1,2,1,2,2,1,2,2,0,5,6,1,3,2,8,3,1,6,130
3,1,13,5,2,7,4,2,-6,2,2,9,-6,10,-5,9,-6,6,130
3,1,14,5,2,7,25,8,-6,2,2,30,-6,37,-5,30,-6,7,130
4,1,1,5,2,5,2,2,-4,4,3,5,-2,6,0,5,-2,6,130
4,1,2,5,2,5,3,2,-4,2,5,6,-4,7,0,6,-4,6,130
4,1,3,5,2,5,7,3,-4,2,2,10,-4,12,-3,10,-4,6,130
4,1,4,5,2,6,2,2,-5,8,3,6,1,7,3,6,1,6,130
4,1,6,5,2,6,4,2,-5,2,2,8,-5,9,-4,8,-5,6,130
4,1,7,5,2,6,50,4,-5,2,2,54,-5,57,-4,54,-5,6,130
2,1,8,5,2,5,2,2,-4,4,6,5,-2,6,3,5,-2,6,130
2,1,9,5,2,5,3,2,-4,2,6,6,-4,7,1,6,-4,6,130
2,1,11,5,2,6,2,2,-5,9,78,6,2,7,79,6,2,10,130
2,1,12,5,2,6,2,3,-5,3,3,6,-4,8,-2,6,-4,6,130
2,1,13,5,2,6,4,2,-5,2,2,8,-5,9,-4,8,-5,6,130
2,1,14,5,2,6,25,8,-5,2,2,29,-5,36,-4,29,-5,6,130
3,1,1,5,2,4,2,2,-3,4,3,4,-1,5,1,4,-1,6,130
3,1,2,5,2,4,3,2,-3,2,5,5,-3,6,1,5,-3,6,130
3,1,3,5,2,4,7,3,-3,2,2,9,-3,11,-2,9,-3,6,130
3,1,4,5,2,5,2,2,-4,8,3,5,2,6,4,5,2,6,130
3,1,6,5,2,5,4,2,-4,2,2,7,-4,8,-3,7,-4,6,130
3,1,7,5,2,5,50,4,-4,2,2,53,-4,56,-3,53,-4,44,130
3,1,8,5,2,6,2,2,-5,4,6,6,-3,7,2,6,-3,6,130
3,1,9,5,2,6,3,2,-5,2,6,7,-5,8,0,7,-5,7,130
3,1,11,5,2,7,2,2,-6,9,78,7,1,8,78,7,1,9,130
3,1,12,5,2,7,2,3,-6,3,3,7,-5,9,-3,7,-5,6,130
5,2,1,2,2,4,2,2,-3,5,6,4,0,5,5,4,0,6,130
5,2,3,2,2,5,3,3,-4,2,3,6,-4,8,-2,6,-4,6,130
5,2,5,2,2,7,2,2,-6,29,2,7,21,8,22,21,7,21,130
7,2,1,2,2,5,2,2,-4,5,6,5,-1,6,4,5,-1,6,130
7,2,3,2,2,6,3,3,-5,2,3,7,-5,9,-3,7,-5,6,130
7,2,5,2,2,8,2,2,-7,29,2,8,20,9,21,20,8,6,130
-7,2,1,3,2,-3,35,34,4,2,2,30,4,63,5,30,4,30,130
-7,2,2,3,2,-2,2,5,3,3,2,-2,4,2,5,4,-2,6,130
-7,2,4,3,2,-1,2,3,2,3,3,-1,3,1,5,3,-1,6,130
-7,2,5,3,2,-1,7,170,2,2,2,4,2,173,3,4,2,6,130
-7,2,7,3,2,0,5,238,1,2,2,3,1,240,2,3,1,6,130
-7,2,8,3,2,1,2,2,0,4,4,1,2,2,5,2,1,6,130
-5,2,1,3,2,-2,35,34,3,2,2,31,3,64,4,31,3,31,130
-5,2,2,3,2,-1,2,5,2,3,2,-1,3,3,4,3,-1,6,130
-5,2,4,3,2,0,2,3,1,3,3,0,2,2,4,2,0,6,130
-5,2,5,3,2,0,7,170,1,2,2,5,1,174,2,5,1,6,130
-1,2,1,3,2,0,35,34,1,2,2,33,1,66,2,33,1,33,130
-1,2,2,3,2,1,2,5,0,3,2,1,1,5,2,1,1,6,130
-1,2,4,3,2,2,2,3,-1,3,3,2,0,4,2,2,0,6,130
-1,2,5,3,2,2,7,170,-1,2,2,7,-1,176,0,7,-1,7,130
-1,2,7,3,2,3,5,238,-2,2,2,6,-2,243,-1,6,-2,7,130
-1,2,8,3,2,4,2,2,-3,4,4,4,-1,5,2,4,-1,6,130
1,2,1,3,2,1,35,34,0,2,2,34,0,67,1,34,0,33,130
1,2,2,3,2,2,2,5,-1,3,2,2,0,6,1,2,0,6,130
1,2,4,3,2,3,2,3,-2,3,3,3,-1,5,1,3,-1,6,130
1,2,5,3,2,3,7,170,-2,2,2,8,-2,177,-1,8,-2,8,130
1,2,7,3,2,4,5,238,-3,2,2,7,-3,244,-2,7,-3,6,130
1,2,8,3,2,5,2,2,-4,4,4,5,-2,6,1,5,-2,6,130
3,2,1,3,2,2,35,34,-1,2,2,35,-1,68,0,35,-1,32,130
3,2,2,3,2,3,2,5,-2,3,2,3,-1,7,0,3,-1,6,130
3,2,4,3,2,4,2,3,-3,3,3,4,-2,6,0,4,-2,6,130
3,2,5,3,2,4,7,170,-3,2,2,9,-3,178,-2,9,-3,10,130
-5,2,7,3,2,1,5,238,0,2,2,4,0,241,1,4,0,6,130
-5,2,8,3,2,2,2,2,-1,4,4,2,1,3,4,2,1,6,130
-3,2,1,3,2,-1,35,34,2,2,2,32,2,65,3,32,2,32,130
-3,2,2,3,2,0,2,5,1,3,2,0,2,4,3,2,0,6,130
-3,2,4,3,2,1,2,3,0,3,3,1,1,3,3,1,1,6,130
-3,2,5,3,2,1,7,170,0,2,2,6,0,175,1,6,0,6,130
-3,2,7,3,2,2,5,238,-1,2,2,5,-1,242,0,5,-1,6,130
-3,2,8,3,2,3,2,2,-2,4,4,3,0,4,3,3,0,6,130
7,2,1,3,2,4,35,34,-3,2,2,37,-3,70,-2,37,-3,30,130
7,2,2,3,2,5,2,5,-4,3,2,5,-3,9,-2,5,-3,6,130
7,2,4,3,2,6,2,3,-5,3,3,6,-4,8,-2,6,-4,6,130
7,2,5,3,2,6,7,170,-5,2,2,11,-5,180,-4,11,-5,6,130
7,2,7,3,2,7,5,238,-6,2,2,10,-6,247,-5,10,-6,7,130
7,2,8,3,2,8,2,2,-7,4,4,8,-5,9,-2,8,-5,6,130
-7,2,1,4,2,-3,7,6,4,2,2,2,4,7,5,4,2,7,130
-7,2,3,4,2,-2,3,2,3,2,5,-1,3,0,7,3,-1,6,130
-5,2,9,4,2,1,4,2,0,2,2,3,0,4,1,3,0,7,130
-5,2,11,4,2,2,2,3,-1,3,3,2,0,4,2,2,0,6,130
-3,2,1,4,2,-1,7,6,2,2,2,4,2,9,3,4,2,6,130
-3,2,3,4,2,0,3,2,1,2,5,1,1,2,5,1,1,6,130
-3,2,5,4,2,1,2,2,0,4,4,1,2,2,5,2,1,6,130
-3,2,7,4,2,1,40,5,0,2,2,39,0,43,1,39,0,38,130
-3,2,9,4,2,2,4,2,-1,2,2,4,-1,5,0,4,-1,6,130
-3,2,11,4,2,3,2,3,-2,3,3,3,-1,5,1,3,-1,6,130
-7,2,5,4,2,-1,2,2,2,4,4,-1,4,0,7,4,-1,7,130
-7,2,7,4,2,-1,40,5,2,2,2,37,2,41,3,37,2,37,130
-7,2,9,4,2,0,4,2,1,2,2,2,1,3,2,2,1,7,130
-7,2,11,4,2,1,2,3,0,3,3,1,1,3,3,1,1,6,130
-5,2,1,4,2,-2,7,6,3,2,2,3,3,8,4,3,3,6,130
-5,2,3,4,2,-1,3,2,2,2,5,0,2,1,6,2,0,6,130
-5,2,5,4,2,0,2,2,1,4,4,0,3,1,6,3,0,6,130
-5,2,7,4,2,0,40,5,1,2,2,38,1,42,2,38,1,38,130
3,2,7,3,2,5,5,238,-4,2,2,8,-4,245,-3,8,-4,8,130
3,2,8,3,2,6,2,2,-5,4,4,6,-3,7,0,6,-3,6,130
5,2,1,3,2,3,35,34,-2,2,2,36,-2,69,-1,36,-2,31,130
5,2,2,3,2,4,2,5,-3,3,2,4,-2,8,-1,4,-2,6,130
5,2,4,3,2,5,2,3,-4,3,3,5,-3,7,-1,5,-3,6,130
5,2,5,3,2,5,7,170,-4,2,2,10,-4,179,-3,10,-4,8,130
5,2,7,3,2,6,5,238,-5,2,2,9,-5,246,-4,9,-5,6,130
5,2,8,3,2,7,2,2,-6,4,4,7,-4,8,-1,7,-4,6,130
-1,2,1,4,2,0,7,6,1,2,2,5,1,10,2,5,1,6,130
-1,2,3,4,2,1,3,2,0,2,5,2,0,3,4,2,0,6,130
-1,2,5,4,2,2,2,2,-1,4,4,2,1,3,4,2,1,6,130
-1,2,7,4,2,2,40,5,-1,2,2,40,-1,44,0,40,-1,37,130
-1,2,9,4,2,3,4,2,-2,2,2,5,-2,6,-1,5,-2,7,130
-1,2,11,4,2,4,2,3,-3,3,3,4,-2,6,0,4,-2,6,130
1,2,1,4,2,1,7,6,0,2,2,6,0,11,1,6,0,6,130
1,2,3,4,2,2,3,2,-1,2,5,3,-1,4,3,3,-1,6,130
1,2,5,4,2,3,2,2,-2,4,4,3,0,4,3,3,0,6,130
1,2,7,4,2,3,40,5,-2,2,2,41,-2,45,-1,41,-2,36,130
1,2,9,4,2,4,4,2,-3,2,2,6,-3,7,-2,6,-3,6,130
1,2,11,4,2,5,2,3,-4,3,3,5,-3,7,-1,5,-3,6,130
3,2,1,4,2,2,7,6,-1,2,2,7,-1,12,0,7,-1,7,130
3,2,3,4,2,3,3,2,-2,2,5,4,-2,5,2,4,-2,6,130
3,2,5,4,2,4,2,2,-3,4,4,4,-1,5,2,4,-1,6,130
3,2,7,4,2,4,40,5,-3,2,2,42,-3,46,-2,42,-3,35,130
3,2,9,4,2,5,4,2,-4,2,2,7,-4,8,-3,7,-4,6,130
3,2,11,4,2,6,2,3,-5,3,3,6,-4,8,-2,6,-4,6,130
5,2,1,4,2,3,7,6,-2,2,2,8,-2,13,-1,8,-2,9,130
5,2,3,4,2,4,3,2,-3,2,5,5,-3,6,1,5,-3,6,130
5,2,5,4,2,5,2,2,-4,4,4,5,-2,6,1,5,-2,6,130
5,2,7,4,2,5,40,5,-4,2,2,43,-4,47,-3,43,-4,34,130
5,2,9,4,2,6,4,2,-5,2,2,8,-5,9,-4,8,-5,6,130
5,2,11,4,2,7,2,3,-6,3,3,7,-5,9,-3,7,-5,6,130
-5,2,8,5,2,0,5,2,1,2,2,3,1,4,2,3,1,6,130
-5,2,9,5,2,1,2,2,0,22,16,1,20,2,35,20,1,20,130
-5,2,11,5,2,1,3,3,0,2,3,2,0,4,2,2,0,6,130
-5,2,12,5,2,1,10,2,0,2,2,9,0,10,1,9,0,8,130
-5,2,13,5,2,2,2,2,-1,6,3,2,3,3,5,3,2,6,130
-5,2,14,5,2,2,2,7,-1,3,2,2,0,8,1,2,0,6,130
-3,2,1,5,2,-1,5,3,2,2,2,2,2,4,3,2,2,6,130
-3,2,2,5,2,0,2,2,1,16,2,0,15,1,16,15,0,14,130
-7,2,13,5,2,1,2,2,0,6,3,1,4,2,6,4,1,6,130
-7,2,14,5,2,1,2,7,0,3,2,1,1,7,2,1,1,6,130
-5,2,1,5,2,-2,5,3,3,2,2,1,3,3,4,3,1,6,130
-5,2,2,5,2,-1,2,2,2,16,2,-1,16,0,17,16,-1,13,130
-5,2,3,5,2,-1,2,3,2,3,8,-1,3,1,10,3,-1,6,130
-5,2,4,5,2,-1,3,4,2,2,3,0,2,3,4,2,0,6,130
-5,2,6,5,2,0,2,2,1,6,2,0,5,1,6,5,0,7,130
-5,2,7,5,2,0,2,13,1,3,2,0,2,12,3,2,0,6,130
-7,2,3,5,2,-2,2,3,3,3,8,-2,4,0,11,4,-2,6,130
-7,2,4,5,2,-2,3,4,3,2,3,-1,3,2,5,3,-1,6,130
-7,2,6,5,2,-1,2,2,2,6,2,-1,6,0,7,6,-1,6,130
-7,2,7,5,2,-1,2,13,2,3,2,-1,3,11,4,3,-1,7,130
-7,2,8,5,2,-1,5,2,2,2,2,2,2,3,3,2,2,7,130
-7,2,9,5,2,0,2,2,1,22,16,0,21,1,36,21,0,20,130
-7,2,11,5,2,0,3,3,1,2,3,1,1,3,3,1,1,6,130
-7,2,12,5,2,0,10,2,1,2,2,8,1,9,2,8,1,8,130
7,2,1,4,2,4,7,6,-3,2,2,9,-3,14,-2,9,-3,7,130
7,2,3,4,2,5,3,2,-4,2,5,6,-4,7,0,6,-4,6,130
7,2,5,4,2,6,2,2,-5,4,4,6,-3,7,0,6,-3,6,130
7,2,7,4,2,6,40,5,-5,2,2,44,-5,48,-4,44,-5,6,130
7,2,9,4,2,7,4,2,-6,2,2,9,-6,10,-5,9,-6,6,130
7,2,11,4,2,8,2,3,-7,3,3,8,-6,10,-4,8,-6,6,130
-7,2,1,5,2,-3,5,3,4,2,2,0,4,2,5,4,0,6,130
-7,2,2,5,2,-2,2,2,3,16,2,-2,17,-1,18,17,-2,12,130
-3,2,13,5,2,3,2,2,-2,6,3,3,2,4,4,3,2,6,130
-3,2,14,5,2,3,2,7,-2,3,2,3,-1,9,0,3,-1,6,130
-1,2,1,5,2,0,5,3,1,2,2,3,1,5,2,3,1,6,130
-1,2,2,5,2,1,2,2,0,16,2,1,14,2,15,14,1,14,130
-1,2,3,5,2,1,2,3,0,3,8,1,1,3,8,1,1,6,130
-1,2,4,5,2,1,3,4,0,2,3,2,0,5,2,2,0,6,130
-1,2,6,5,2,2,2,2,-1,6,2,2,3,3,4,3,2,6,130
-1,2,7,5,2,2,2,13,-1,3,2,2,0,14,1,2,0,6,130
-3,2,3,5,2,0,2,3,1,3,8,0,2,2,9,2,0,6,130
-3,2,4,5,2,0,3,4,1,2,3,1,1,4,3,1,1,6,130
-3,2,6,5,2,1,2,2,0,6,2,1,4,2,5,4,1,7,130
-3,2,7,5,2,1,2,13,0,3,2,1,1,13,2,1,1,6,130
-3,2,8,5,2,1,5,2,0,2,2,4,0,5,1,4,0,6,130
-3,2,9,5,2,2,2,2,-1,22,16,2,19,3,34,19,2,19,130
-3,2,11,5,2,2,3,3,-1,2,3,3,-1,5,1,3,-1,6,130
-3,2,12,5,2,2,10,2,-1,2,2,10,-1,11,0,10,-1,7,130
-1,2,8,5,2,2,5,2,-1,2,2,5,-1,6,0,5,-1,7,130
-1,2,9,5,2,3,2,2,-2,22,16,3,18,4,33,18,3,18,130
-1,2,11,5,2,3,3,3,-2,2,3,4,-2,6,0,4,-2,6,130
-1,2,12,5,2,3,10,2,-2,2,2,11,-2,12,-1,11,-2,6,130
-1,2,13,5,2,4,2,2,-3,6,3,4,1,5,3,4,1,6,130
-1,2,14,5,2,4,2,7,-3,3,2,4,-2,10,-1,4,-2,6,130
1,2,1,5,2,1,5,3,0,2,2,4,0,6,1,4,0,6,130
1,2,2,5,2,2,2,2,-1,16,2,2,13,3,14,13,2,13,130
1,2,3,5,2,2,2,3,-1,3,8,2,0,4,7,2,0,6,130
1,2,4,5,2,2,3,4,-1,2,3,3,-1,6,1,3,-1,6,130
1,2,6,5,2,3,2,2,-2,6,2,3,2,4,3,3,2,8,130
1,2,7,5,2,3,2,13,-2,3,2,3,-1,15,0,3,-1,7,130
1,2,8,5,2,3,5,2,-2,2,2,6,-2,7,-1,6,-2,6,130
1,2,9,5,2,4,2,2,-3,22,16,4,17,5,32,17,4,17,130
1,2,11,5,2,4,3,3,-3,2,3,5,-3,7,-1,5,-3,6,130
1,2,12,5,2,4,10,2,-3,2,2,12,-3,13,-2,12,-3,7,130
1,2,13,5,2,5,2,2,-4,6,3,5,0,6,2,5,0,6,130
1,2,14,5,2,5,2,7,-4,3,2,5,-3,11,-2,5,-3,6,130
3,2,1,5,2,2,5,3,-1,2,2,5,-1,7,0,5,-1,6,130
3,2,2,5,2,3,2,2,-2,16,2,3,12,4,13,12,3,12,130
3,2,3,5,2,3,2,3,-2,3,8,3,-1,5,6,3,-1,6,130
3,2,4,5,2,3,3,4,-2,2,3,4,-2,7,0,4,-2,6,130
3,2,6,5,2,4,2,2,-3,6,2,4,1,5,2,4,1,6,130
3,2,7,5,2,4,2,13,-3,3,2,4,-2,16,-1,4,-2,6,130
-11,3,3,1,2,1,3,2,0,2,4,2,0,3,3,2,0,7,130
-10,3,1,1,2,-1,2,2,2,13,2,-1,13,0,14,13,-1,10,130
-10,3,2,1,2,0,2,52,1,3,2,0,2,51,3,2,0,6,130
-10,3,3,1,2,1,12,2,0,2,2,11,0,12,1,11,0,10,130
-8,3,1,1,2,-1,4,26,2,2,2,1,2,26,3,2,1,6,130
-8,3,2,1,2,1,2,2,0,7,2,1,5,2,6,5,1,6,130
-8,3,3,1,2,2,3,2,-1,2,4,3,-1,4,2,3,-1,6,130
-7,3,1,1,2,0,2,2,1,13,2,0,12,1,13,12,0,11,130
3,2,8,5,2,4,5,2,-3,2,2,7,-3,8,-2,7,-3,6,130
3,2,9,5,2,5,2,2,-4,22,16,5,16,6,31,16,5,16,130
3,2,11,5,2,5,3,3,-4,2,3,6,-4,8,-2,6,-4,6,130
3,2,12,5,2,5,10,2,-4,2,2,13,-4,14,-3,13,-4,6,130
3,2,13,5,2,6,2,2,-5,6,3,6,-1,7,1,6,-1,6,130
3,2,14,5,2,6,2,7,-5,3,2,6,-4,12,-3,6,-4,6,130
5,2,1,5,2,3,5,3,-2,2,2,6,-2,8,-1,6,-2,6,130
5,2,2,5,2,4,2,2,-3,16,2,4,11,5,12,11,4,11,130
5,2,3,5,2,4,2,3,-3,3,8,4,-2,6,5,4,-2,6,130
5,2,4,5,2,4,3,4,-3,2,3,5,-3,8,-1,5,-3,6,130
5,2,6,5,2,5,2,2,-4,6,2,5,0,6,1,5,0,6,130
5,2,7,5,2,5,2,13,-4,3,2,5,-3,17,-2,5,-3,6,130
5,2,8,5,2,5,5,2,-4,2,2,8,-4,9,-3,8,-4,6,130
5,2,9,5,2,6,2,2,-5,22,16,6,15,7,30,15,6,15,130
5,2,11,5,2,6,3,3,-5,2,3,7,-5,9,-3,7,-5,6,130
5,2,12,5,2,6,10,2,-5,2,2,14,-5,15,-4,14,-5,6,130
-7,3,2,1,2,1,2,52,0,3,2,1,1,52,2,1,1,6,130
-7,3,3,1,2,2,12,2,-1,2,2,12,-1,13,0,12,-1,9,130
-5,3,1,1,2,0,4,26,1,2,2,2,1,27,2,2,1,6,130
-5,3,2,1,2,2,2,2,-1,7,2,2,4,3,5,4,2,7,130
-5,3,3,1,2,3,3,2,-2,2,4,4,-2,5,1,4,-2,6,130
-4,3,1,1,2,1,2,2,0,13,2,1,11,2,12,11,1,11,130
-4,3,2,1,2,2,2,52,-1,3,2,2,0,53,1,2,0,6,130
-4,3,3,1,2,3,12,2,-2,2,2,13,-2,14,-1,13,-2,8,130
5,2,13,5,2,7,2,2,-6,6,3,7,-2,8,0,7,-2,6,130
5,2,14,5,2,7,2,7,-6,3,2,7,-5,13,-4,7,-5,6,130
7,2,1,5,2,4,5,3,-3,2,2,7,-3,9,-2,7,-3,6,130
7,2,2,5,2,5,2,2,-4,16,2,5,10,6,11,10,5,10,130
7,2,3,5,2,5,2,3,-4,3,8,5,-3,7,4,5,-3,6,130
7,2,4,5,2,5,3,4,-4,2,3,6,-4,9,-2,6,-4,6,130
7,2,6,5,2,6,2,2,-5,6,2,6,-1,7,0,6,-1,9,130
7,2,7,5,2,6,2,13,-5,3,2,6,-4,18,-3,6,-4,6,130
-2,3,1,1,2,1,4,26,0,2,2,3,0,28,1,3,0,6,130
-2,3,2,1,2,3,2,2,-2,7,2,3,3,4,4,3,3,8,130
-2,3,3,1,2,4,3,2,-3,2,4,5,-3,6,0,5,-3,6,130
-1,3,1,1,2,2,2,2,-1,13,2,2,10,3,11,10,2,10,130
-1,3,2,1,2,3,2,52,-2,3,2,3,-1,54,0,3,-1,7,130
-1,3,3,1,2,4,12,2,-3,2,2,14,-3,15,-2,14,-3,7,130
1,3,1,1,2,2,4,26,-1,2,2,4,-1,29,0,4,-1,6,130
1,3,2,1,2,4,2,2,-3,7,2,4,2,5,3,4,2,7,130
7,2,8,5,2,6,5,2,-5,2,2,9,-5,10,-4,9,-5,6,130
7,2,9,5,2,7,2,2,-6,22,16,7,14,8,29,14,7,14,130
7,2,11,5,2,7,3,3,-6,2,3,8,-6,10,-4,8,-6,6,130
7,2,12,5,2,7,10,2,-6,2,2,15,-6,16,-5,15,-6,6,130
7,2,13,5,2,8,2,2,-7,6,3,8,-3,9,-1,8,-3,6,130
7,2,14,5,2,8,2,7,-7,3,2,8,-6,14,-5,8,-6,6,130
-11,3,1,1,2,-2,4,26,3,2,2,0,3,25,4,3,0,6,130
-11,3,2,1,2,0,2,2,1,7,2,0,6,1,7,6,0,6,130
1,3,3,1,2,5,3,2,-4,2,4,6,-4,7,-1,6,-4,6,130
2,3,1,1,2,3,2,2,-2,13,2,3,9,4,10,9,3,9,130
2,3,2,1,2,4,2,52,-3,3,2,4,-2,55,-1,4,-2,6,130
2,3,3,1,2,5,12,2,-4,2,2,15,-4,16,-3,15,-4,6,130
4,3,1,1,2,3,4,26,-2,2,2,5,-2,30,-1,5,-2,6,130
4,3,2,1,2,5,2,2,-4,7,2,5,1,6,2,5,1,6,130
4,3,3,1,2,6,3,2,-5,2,4,7,-5,8,-2,7,-5,6,130
5,3,1,1,2,4,2,2,-3,13,2,4,8,5,9,8,4,8,130
5,3,2,1,2,5,2,52,-4,3,2,5,-3,56,-2,5,-3,6,130
5,3,3,1,2,6,12,2,-5,2,2,16,-5,17,-4,16,-5,6,130
7,3,1,1,2,4,4,26,-3,2,2,6,-3,31,-2,6,-3,6,130
7,3,2,1,2,6,2,2,-5,7,2,6,0,7,1,6,0,6,130
7,3,3,1,2,7,3,2,-6,2,4,8,-6,9,-3,8,-6,6,130
8,3,1,1,2,5,2,2,-4,13,2,5,7,6,8,7,5,7,130
8,3,2,1,2,6,2,52,-5,3,2,6,-4,57,-3,6,-4,6,130
8,3,3,1,2,7,12,2,-6,2,2,17,-6,18,-5,17,-6,6,130
10,3,1,1,2,5,4,26,-4,2,2,7,-4,32,-3,7,-4,6,130
10,3,2,1,2,7,2,2,-6,7,2,7,-1,8,0,7,-1,7,130
10,3,3,1,2,8,3,2,-7,2,4,9,-7,10,-4,9,-7,6,130
11,3,1,1,2,6,2,2,-5,13,2,6,6,7,7,6,6,6,130
11,3,2,1,2,7,2,52,-6,3,2,7,-5,58,-4,7,-5,6,130
11,3,3,1,2,8,12,2,-7,2,2,18,-7,19,-6,18,-7,8,130
-11,3,1,2,2,-2,2,2,3,25,4,-2,26,-1,29,26,-2,21,130
-11,3,3,2,2,-1,2,7,2,3,2,-1,3,5,4,3,-1,6,130
-7,3,3,2,2,0,5,4,1,2,2,3,1,6,2,3,1,7,130
-7,3,5,2,2,2,2,2,-1,5,19,2,2,3,20,2,2,6,130
-5,3,1,2,2,0,2,2,1,25,4,0,24,1,27,24,0,23,130
-5,3,3,2,2,1,2,7,0,3,2,1,1,7,2,1,1,6,130
-5,3,5,2,2,2,8,3,-1,2,2,8,-1,10,0,8,-1,6,130
-4,3,1,2,2,0,2,3,1,3,4,0,2,2,5,2,0,6,130
-4,3,3,2,2,1,5,4,0,2,2,4,0,7,1,4,0,6,130
-4,3,5,2,2,3,2,2,-2,5,19,3,1,4,19,3,1,6,130
-2,3,1,2,2,1,2,2,0,25,4,1,23,2,26,23,1,23,130
-2,3,3,2,2,2,2,7,-1,3,2,2,0,8,1,2,0,6,130
-2,3,5,2,2,3,8,3,-2,2,2,9,-2,11,-1,9,-2,6,130
-1,3,1,2,2,1,2,3,0,3,4,1,1,3,4,1,1,6,130
-1,3,3,2,2,2,5,4,-1,2,2,5,-1,8,0,5,-1,6,130
-1,3,5,2,2,4,2,2,-3,5,19,4,0,5,18,4,0,6,130
1,3,1,2,2,2,2,2,-1,25,4,2,22,3,25,22,2,22,130
1,3,3,2,2,3,2,7,-2,3,2,3,-1,9,0,3,-1,6,130
-11,3,5,2,2,0,8,3,1,2,2,6,1,8,2,6,1,6,130
-10,3,1,2,2,-2,2,3,3,3,4,-2,4,0,7,4,-2,6,130
-10,3,3,2,2,-1,5,4,2,2,2,2,2,5,3,2,2,6,130
-10,3,5,2,2,1,2,2,0,5,19,1,3,2,21,3,1,6,130
-8,3,1,2,2,-1,2,2,2,25,4,-1,25,0,28,25,-1,22,130
-8,3,3,2,2,0,2,7,1,3,2,0,2,6,3,2,0,6,130
-8,3,5,2,2,1,8,3,0,2,2,7,0,9,1,7,0,6,130
-7,3,1,2,2,-1,2,3,2,3,4,-1,3,1,6,3,-1,6,130
-10,3,7,3,2,0,30,7,1,2,2,28,1,34,2,28,1,28,130
-10,3,8,3,2,1,2,5,0,3,2,1,1,5,2,1,1,6,130
-8,3,1,3,2,-2,6,2,3,2,2,2,3,3,4,3,2,8,130
-8,3,2,3,2,-1,2,2,2,4,3,-1,4,0,6,4,-1,6,130
-8,3,4,3,2,0,2,2,1,5,3,0,4,1,6,4,0,6,130
-8,3,5,3,2,0,4,2,1,2,2,2,1,3,2,2,1,6,130
-8,3,7,3,2,1,3,4,0,2,3,2,0,5,2,2,0,6,130
-8,3,8,3,2,2,2,2,-1,10,3,2,7,3,9,7,2,7,130
1,3,5,2,2,4,8,3,-3,2,2,10,-3,12,-2,10,-3,6,130
2,3,1,2,2,2,2,3,-1,3,4,2,0,4,3,2,0,6,130
2,3,3,2,2,3,5,4,-2,2,2,6,-2,9,-1,6,-2,6,130
2,3,5,2,2,5,2,2,-4,5,19,5,-1,6,17,5,-1,6,130
4,3,1,2,2,3,2,2,-2,25,4,3,21,4,24,21,3,21,130
4,3,3,2,2,4,2,7,-3,3,2,4,-2,10,-1,4,-2,6,130
4,3,5,2,2,5,8,3,-4,2,2,11,-4,13,-3,11,-4,6,130
5,3,1,2,2,3,2,3,-2,3,4,3,-1,5,2,3,-1,6,130
-11,3,4,3,2,-1,2,2,2,5,3,-1,5,0,7,5,-1,6,130
-11,3,5,3,2,-1,4,2,2,2,2,1,2,2,3,2,1,6,130
-11,3,7,3,2,0,3,4,1,2,3,1,1,4,3,1,1,6,130
-11,3,8,3,2,1,2,2,0,10,3,1,8,2,10,8,1,8,130
-10,3,1,3,2,-2,2,2,3,8,2,-2,9,-1,10,9,-2,6,130
-10,3,2,3,2,-2,3,3,3,2,3,-1,3,1,5,3,-1,6,130
-10,3,4,3,2,-1,3,2,2,2,6,0,2,1,7,2,0,6,130
-10,3,5,3,2,0,2,2,1,43,2,0,42,1,43,42,0,41,130
10,3,1,2,2,5,2,2,-4,25,4,5,19,6,22,19,5,19,130
10,3,3,2,2,6,2,7,-5,3,2,6,-4,12,-3,6,-4,6,130
10,3,5,2,2,7,8,3,-6,2,2,13,-6,15,-5,13,-6,6,130
11,3,1,2,2,5,2,3,-4,3,4,5,-3,7,0,5,-3,6,130
11,3,3,2,2,6,5,4,-5,2,2,9,-5,12,-4,9,-5,6,130
11,3,5,2,2,8,2,2,-7,5,19,8,-4,9,14,8,-4,6,130
-11,3,1,3,2,-3,6,2,4,2,2,1,4,2,5,4,1,6,130
-11,3,2,3,2,-2,2,2,3,4,3,-2,5,-1,7,5,-2,6,130
5,3,3,2,2,4,5,4,-3,2,2,7,-3,10,-2,7,-3,6,130
5,3,5,2,2,6,2,2,-5,5,19,6,-2,7,16,6,-2,6,130
7,3,1,2,2,4,2,2,-3,25,4,4,20,5,23,20,4,20,130
7,3,3,2,2,5,2,7,-4,3,2,5,-3,11,-2,5,-3,6,130
7,3,5,2,2,6,8,3,-5,2,2,12,-5,14,-4,12,-5,6,130
8,3,1,2,2,4,2,3,-3,3,4,4,-2,6,1,4,-2,6,130
8,3,3,2,2,5,5,4,-4,2,2,8,-4,11,-3,8,-4,6,130
8,3,5,2,2,7,2,2,-6,5,19,7,-3,8,15,7,-3,6,130
-7,3,1,3,2,-1,2,2,2,8,2,-1,8,0,9,8,-1,7,130
-7,3,2,3,2,-1,3,3,2,2,3,0,2,2,4,2,0,6,130
-7,3,4,3,2,0,3,2,1,2,6,1,1,2,6,1,1,6,130
-7,3,5,3,2,1,2,2,0,43,2,1,41,2,42,41,1,41,130
-7,3,7,3,2,1,30,7,0,2,2,29,0,35,1,29,0,28,130
-7,3,8,3,2,2,2,5,-1,3,2,2,0,6,1,2,0,6,130
-5,3,1,3,2,-1,6,2,2,2,2,3,2,4,3,3,2,6,130
-5,3,2,3,2,0,2,2,1,4,3,0,3,1,5,3,0,6,130
-5,3,4,3,2,1,2,2,0,5,3,1,3,2,5,3,1,6,130
-5,3,5,3,2,1,4,2,0,2,2,3,0,4,1,3,0,6,130
-5,3,7,3,2,2,3,4,-1,2,3,3,-1,6,1,3,-1,6,130
-5,3,8,3,2,3,2,2,-2,10,3,3,6,4,8,6,3,6,130
-4,3,1,3,2,0,2,2,1,8,2,0,7,1,8,7,0,6,130
-4,3,2,3,2,0,3,3,1,2,3,1,1,3,3,1,1,6,130
-4,3,4,3,2,1,3,2,0,2,6,2,0,3,5,2,0,6,130
-4,3,5,3,2,2,2,2,-1,43,2,2,40,3,41,40,2,40,130
-1,3,1,3,2,1,2,2,0,8,2,1,6,2,7,6,1,6,130
-1,3,2,3,2,1,3,3,0,2,3,2,0,4,2,2,0,6,130
-1,3,4,3,2,2,3,2,-1,2,6,3,-1,4,4,3,-1,6,130
-1,3,5,3,2,3,2,2,-2,43,2,3,39,4,40,39,3,39,130
-1,3,7,3,2,3,30,7,-2,2,2,31,-2,37,-1,31,-2,26,130
-1,3,8,3,2,4,2,5,-3,3,2,4,-2,8,-1,4,-2,6,130
1,3,1,3,2,1,6,2,0,2,2,5,0,6,1,5,0,7,130
1,3,2,3,2,2,2,2,-1,4,3,2,1,3,3,2,1,6,130
-4,3,7,3,2,2,30,7,-1,2,2,30,-1,36,0,30,-1,27,130
-4,3,8,3,2,3,2,5,-2,3,2,3,-1,7,0,3,-1,6,130
-2,3,1,3,2,0,6,2,1,2,2,4,1,5,2,4,1,7,130
-2,3,2,3,2,1,2,2,0,4,3,1,2,2,4,2,1,6,130
-2,3,4,3,2,2,2,2,-1,5,3,2,2,3,4,2,2,6,130
-2,3,5,3,2,2,4,2,-1,2,2,4,-1,5,0,4,-1,6,130
-2,3,7,3,2,3,3,4,-2,2,3,4,-2,7,0,4,-2,6,130
-2,3,8,3,2,4,2,2,-3,10,3,4,5,5,7,5,4,6,130
1,3,4,3,2,3,2,2,-2,5,3,3,1,4,3,3,1,6,130
1,3,5,3,2,3,4,2,-2,2,2,5,-2,6,-1,5,-2,6,130
1,3,7,3,2,4,3,4,-3,2,3,5,-3,8,-1,5,-3,6,130
1,3,8,3,2,5,2,2,-4,10,3,5,4,6,6,5,4,6,130
2,3,1,3,2,2,2,2,-1,8,2,2,5,3,6,5,2,6,130
2,3,2,3,2,2,3,3,-1,2,3,3,-1,5,1,3,-1,6,130
2,3,4,3,2,3,3,2,-2,2,6,4,-2,5,3,4,-2,6,130
2,3,5,3,2,4,2,2,-3,43,2,4,38,5,39,38,4,38,130
5,3,1,3,2,3,2,2,-2,8,2,3,4,4,5,4,3,8,130
5,3,2,3,2,3,3,3,-2,2,3,4,-2,6,0,4,-2,6,130
5,3,4,3,2,4,3,2,-3,2,6,5,-3,6,2,5,-3,6,130
5,3,5,3,2,5,2,2,-4,43,2,5,37,6,38,37,5,37,130
5,3,7,3,2,5,30,7,-4,2,2,33,-4,39,-3,33,-4,24,130
5,3,8,3,2,6,2,5,-5,3,2,6,-4,10,-3,6,-4,6,130
7,3,1,3,2,3,6,2,-2,2,2,7,-2,8,-1,7,-2,8,130
7,3,2,3,2,4,2,2,-3,4,3,4,-1,5,1,4,-1,6,130
2,3,7,3,2,4,30,7,-3,2,2,32,-3,38,-2,32,-3,25,130
2,3,8,3,2,5,2,5,-4,3,2,5,-3,9,-2,5,-3,6,130
4,3,1,3,2,2,6,2,-1,2,2,6,-1,7,0,6,-1,6,130
4,3,2,3,2,3,2,2,-2,4,3,3,0,4,2,3,0,6,130
4,3,4,3,2,4,2,2,-3,5,3,4,0,5,2,4,0,6,130
4,3,5,3,2,4,4,2,-3,2,2,6,-3,7,-2,6,-3,6,130
4,3,7,3,2,5,3,4,-4,2,3,6,-4,9,-2,6,-4,6,130
4,3,8,3,2,6,2,2,-5,10,3,6,3,7,5,6,3,6,130
8,3,7,3,2,6,30,7,-5,2,2,34,-5,40,-4,34,-5,6,130
8,3,8,3,2,7,2,5,-6,3,2,7,-5,11,-4,7,-5,6,130
10,3,1,3,2,4,6,2,-3,2,2,8,-3,9,-2,8,-3,6,130
10,3,2,3,2,5,2,2,-4,4,3,5,-2,6,0,5,-2,6,130
10,3,4,3,2,6,2,2,-5,5,3,6,-2,7,0,6,-2,6,130
10,3,5,3,2,6,4,2,-5,2,2,8,-5,9,-4,8,-5,6,130
10,3,7,3,2,7,3,4,-6,2,3,8,-6,11,-4,8,-6,6,130
10,3,8,3,2,8,2,2,-7,10,3,8,1,9,3,8,1,6,130
11,3,1,3,2,5,2,2,-4,8,2,5,2,6,3,5,2,6,130
11,3,2,3,2,5,3,3,-4,2,3,6,-4,8,-2,6,-4,6,130
11,3,4,3,2,6,3,2,-5,2,6,7,-5,8,0,7,-5,6,130
11,3,5,3,2,7,2,2,-6,43,2,7,35,8,36,35,7,35,130
11,3,7,3,2,7,30,7,-6,2,2,35,-6,41,-5,35,-6,7,130
11,3,8,3,2,8,2,5,-7,3,2,8,-6,12,-5,8,-6,6,130
-11,3,1,4,2,-3,4,2,4,2,2,-1,4,0,5,4,-1,6,130
-11,3,3,4,2,-2,2,3,3,3,3,-2,4,0,6,4,-2,6,130
7,3,4,3,2,5,2,2,-4,5,3,5,-1,6,1,5,-1,6,130
7,3,5,3,2,5,4,2,-4,2,2,7,-4,8,-3,7,-4,6,130
7,3,7,3,2,6,3,4,-5,2,3,7,-5,10,-3,7,-5,6,130
7,3,8,3,2,7,2,2,-6,10,3,7,2,8,4,7,2,6,130
8,3,1,3,2,4,2,2,-3,8,2,4,3,5,4,4,3,7,130
8,3,2,3,2,4,3,3,-3,2,3,5,-3,7,-1,5,-3,6,130
8,3,4,3,2,5,3,2,-4,2,6,6,-4,7,1,6,-4,6,130
8,3,5,3,2,6,2,2,-5,43,2,6,36,7,37,36,6,36,130
-11,3,5,4,2,-1,2,2,2,10,10,-1,10,0,19,10,-1,7,130
-11,3,7,4,2,-1,6,2,2,2,2,3,2,4,3,3,2,6,130
-11,3,9,4,2,0,3,2,1,2,17,1,1,2,17,1,1,6,130
-11,3,11,4,2,1,2,2,0,5,2,1,3,2,4,3,1,6,130
-10,3,1,4,2,-2,2,2,3,50,2,-2,51,-1,52,51,-2,46,130
-10,3,3,4,2,-2,4,4,3,2,2,0,3,3,4,3,0,6,130
-10,3,5,4,2,-1,2,5,2,3,2,-1,3,3,4,3,-1,7,130
-10,3,7,4,2,0,2,2,1,8,2,0,7,1,8,7,0,6,130
-10,3,9,4,2,0,7,3,1,2,2,5,1,7,2,5,1,6,130
-10,3,11,4,2,1,3,2,0,2,5,2,0,3,4,2,0,6,130
-8,3,1,4,2,-2,4,2,3,2,2,0,3,1,4,3,0,6,130
-8,3,3,4,2,-1,2,3,2,3,3,-1,3,1,5,3,-1,6,130
-8,3,5,4,2,0,2,2,1,10,10,0,9,1,18,9,0,8,130
-8,3,7,4,2,0,6,2,1,2,2,4,1,5,2,4,1,7,130
-8,3,9,4,2,1,3,2,0,2,17,2,0,3,16,2,0,6,130
-8,3,11,4,2,2,2,2,-1,5,2,2,2,3,3,2,2,6,130
-7,3,1,4,2,-1,2,2,2,50,2,-1,50,0,51,50,-1,47,130
-7,3,3,4,2,-1,4,4,2,2,2,1,2,4,3,2,1,6,130
-7,3,5,4,2,0,2,5,1,3,2,0,2,4,3,2,0,6,130
-7,3,7,4,2,1,2,2,0,8,2,1,6,2,7,6,1,6,130
-7,3,9,4,2,1,7,3,0,2,2,6,0,8,1,6,0,6,130
-7,3,11,4,2,2,3,2,-1,2,5,3,-1,4,3,3,-1,6,130
-5,3,1,4,2,-1,4,2,2,2,2,1,2,2,3,2,1,7,130
-5,3,3,4,2,0,2,3,1,3,3,0,2,2,4,2,0,6,130
-5,3,5,4,2,1,2,2,0,10,10,1,8,2,17,8,1,8,130
-5,3,7,4,2,1,6,2,0,2,2,5,0,6,1,5,0,7,130
-5,3,9,4,2,2,3,2,-1,2,17,3,-1,4,15,3,-1,7,130
-5,3,11,4,2,3,2,2,-2,5,2,3,1,4,2,3,1,6,130
-4,3,1,4,2,0,2,2,1,50,2,0,49,1,50,49,0,48,130
-4,3,3,4,2,0,4,4,1,2,2,2,1,5,2,2,1,6,130
-4,3,5,4,2,1,2,5,0,3,2,1,1,5,2,1,1,6,130
-4,3,7,4,2,2,2,2,-1,8,2,2,5,3,6,5,2,6,130
-1,3,1,4,2,1,2,2,0,50,2,1,48,2,49,48,1,48,130
-1,3,3,4,2,1,4,4,0,2,2,3,0,6,1,3,0,6,130
-1,3,5,4,2,2,2,5,-1,3,2,2,0,6,1,2,0,6,130
-1,3,7,4,2,3,2,2,-2,8,2,3,4,4,5,4,3,9,130
-1,3,9,4,2,3,7,3,-2,2,2,8,-2,10,-1,8,-2,6,130
-1,3,11,4,2,4,3,2,-3,2,5,5,-3,6,1,5,-3,6,130
1,3,1,4,2,1,4,2,0,2,2,3,0,4,1,3,0,7,130
1,3,3,4,2,2,2,3,-1,3,3,2,0,4,2,2,0,6,130
1,3,5,4,2,3,2,2,-2,10,10,3,6,4,15,6,3,6,130
1,3,7,4,2,3,6,2,-2,2,2,7,-2,8,-1,7,-2,6,130
1,3,9,4,2,4,3,2,-3,2,17,5,-3,6,13,5,-3,6,130
1,3,11,4,2,5,2,2,-4,5,2,5,-1,6,0,5,-1,6,130
2,3,1,4,2,2,2,2,-1,50,2,2,47,3,48,47,2,47,130
2,3,3,4,2,2,4,4,-1,2,2,4,-1,7,0,4,-1,6,130
2,3,5,4,2,3,2,5,-2,3,2,3,-1,7,0,3,-1,6,130
2,3,7,4,2,4,2,2,-3,8,2,4,3,5,4,4,3,11,130
-4,3,9,4,2,2,7,3,-1,2,2,7,-1,9,0,7,-1,6,130
-4,3,11,4,2,3,3,2,-2,2,5,4,-2,5,2,4,-2,6,130
-2,3,1,4,2,0,4,2,1,2,2,2,1,3,2,2,1,7,130
-2,3,3,4,2,1,2,3,0,3,3,1,1,3,3,1,1,6,130
-2,3,5,4,2,2,2,2,-1,10,10,2,7,3,16,7,2,7,130
-2,3,7,4,2,2,6,2,-1,2,2,6,-1,7,0,6,-1,6,130
-2,3,9,4,2,3,3,2,-2,2,17,4,-2,5,14,4,-2,6,130
-2,3,11,4,2,4,2,2,-3,5,2,4,0,5,1,4,0,6,130
7,3,5,4,2,5,2,2,-4,10,10,5,4,6,13,5,4,6,130
7,3,7,4,2,5,6,2,-4,2,2,9,-4,10,-3,9,-4,6,130
7,3,9,4,2,6,3,2,-5,2,17,7,-5,8,11,7,-5,7,130
7,3,11,4,2,7,2,2,-6,5,2,7,-3,8,-2,7,-3,6,130
8,3,1,4,2,4,2,2,-3,50,2,4,45,5,46,45,4,45,130
8,3,3,4,2,4,4,4,-3,2,2,6,-3,9,-2,6,-3,7,130
8,3,5,4,2,5,2,5,-4,3,2,5,-3,9,-2,5,-3,6,130
8,3,7,4,2,6,2,2,-5,8,2,6,1,7,2,6,1,8,130
2,3,9,4,2,4,7,3,-3,2,2,9,-3,11,-2,9,-3,6,130
2,3,11,4,2,5,3,2,-4,2,5,6,-4,7,0,6,-4,6,130
4,3,1,4,2,2,4,2,-1,2,2,4,-1,5,0,4,-1,6,130
4,3,3,4,2,3,2,3,-2,3,3,3,-1,5,1,3,-1,6,130
4,3,5,4,2,4,2,2,-3,10,10,4,5,5,14,5,4,6,130
4,3,7,4,2,4,6,2,-3,2,2,8,-3,9,-2,8,-3,6,130
4,3,9,4,2,5,3,2,-4,2,17,6,-4,7,12,6,-4,6,130
4,3,11,4,2,6,2,2,-5,5,2,6,-2,7,-1,6,-2,6,130
5,3,1,4,2,3,2,2,-2,50,2,3,46,4,47,46,3,46,130
5,3,3,4,2,3,4,4,-2,2,2,5,-2,8,-1,5,-2,6,130
5,3,5,4,2,4,2,5,-3,3,2,4,-2,8,-1,4,-2,6,130
5,3,7,4,2,5,2,2,-4,8,2,5,2,6,3,5,2,9,130
5,3,9,4,2,5,7,3,-4,2,2,10,-4,12,-3,10,-4,6,130
5,3,11,4,2,6,3,2,-5,2,5,7,-5,8,-1,7,-5,6,130
7,3,1,4,2,3,4,2,-2,2,2,5,-2,6,-1,5,-2,6,130
7,3,3,4,2,4,2,3,-3,3,3,4,-2,6,0,4,-2,6,130
8,3,9,4,2,6,7,3,-5,2,2,11,-5,13,-4,11,-5,6,130
8,3,11,4,2,7,3,2,-6,2,5,8,-6,9,-2,8,-6,6,130
10,3,1,4,2,4,4,2,-3,2,2,6,-3,7,-2,6,-3,6,130
10,3,3,4,2,5,2,3,-4,3,3,5,-3,7,-1,5,-3,6,130
10,3,5,4,2,6,2,2,-5,10,10,6,3,7,12,6,3,6,130
10,3,7,4,2,6,6,2,-5,2,2,10,-5,11,-4,10,-5,8,130
10,3,9,4,2,7,3,2,-6,2,17,8,-6,9,10,8,-6,7,130
10,3,11,4,2,8,2,2,-7,5,2,8,-4,9,-3,8,-4,6,130
11,3,1,4,2,5,2,2,-4,50,2,5,44,6,45,44,5,44,130
11,3,3,4,2,5,4,4,-4,2,2,7,-4,10,-3,7,-4,6,130
11,3,5,4,2,6,2,5,-5,3,2,6,-4,10,-3,6,-4,6,130
11,3,7,4,2,7,2,2,-6,8,2,7,0,8,1,7,0,7,130
11,3,9,4,2,7,7,3,-6,2,2,12,-6,14,-5,12,-6,6,130
11,3,11,4,2,8,3,2,-7,2,5,9,-7,10,-3,9,-7,6,130
-11,3,1,5,2,-3,3,3,4,2,3,-2,4,0,6,4,-2,6,130
-11,3,2,5,2,-3,10,11,4,2,2,5,4,15,5,5,4,6,130
-11,3,13,5,2,1,2,2,0,98,2,1,96,2,97,96,1,96,130
-11,3,14,5,2,1,2,2,0,4,2,1,2,2,3,2,1,7,130
-10,3,1,5,2,-3,20,6,4,2,2,15,4,20,5,15,4,15,130
-10,3,2,5,2,-2,2,2,3,5,2,-2,6,-1,7,6,-2,6,130
-10,3,3,5,2,-2,3,2,3,2,17,-1,3,0,19,3,-1,7,130
-10,3,4,5,2,-2,5,21,3,2,2,1,3,21,4,3,1,6,130
-10,3,6,5,2,-1,2,3,2,3,4,-1,3,1,6,3,-1,6,130
-10,3,7,5,2,-1,3,6,2,2,3,0,2,5,4,2,0,6,130
-11,3,3,5,2,-2,2,2,3,6,2,-2,7,-1,8,7,-2,6,130
-11,3,4,5,2,-2,2,8,3,3,2,-2,4,5,5,4,-2,6,130
-11,3,6,5,2,-1,2,2,2,33,11,-1,33,0,43,33,-1,30,130
-11,3,7,5,2,-1,2,2,2,4,2,-1,4,0,5,4,-1,6,130
-11,3,8,5,2,-1,3,2,2,2,4,0,2,1,5,2,0,6,130
-11,3,9,5,2,-1,9,2,2,2,2,6,2,7,3,6,2,6,130
-11,3,11,5,2,0,2,6,1,3,2,0,2,5,3,2,0,6,130
-11,3,12,5,2,0,4,4,1,2,2,2,1,5,2,2,1,6,130
-10,3,8,5,2,-1,15,2,2,2,2,12,2,13,3,12,2,12,130
-10,3,9,5,2,0,2,2,1,5,4,0,4,1,7,4,0,6,130
-10,3,11,5,2,0,5,3,1,2,2,3,1,5,2,3,1,6,130
-10,3,12,5,2,1,2,2,0,17,2,1,15,2,16,15,1,15,130
-10,3,13,5,2,1,2,3,0,3,12,1,1,3,12,1,1,6,130
-10,3,14,5,2,1,3,4,0,2,3,2,0,5,2,2,0,6,130
-8,3,1,5,2,-2,3,3,3,2,3,-1,3,1,5,3,-1,6,130
-8,3,2,5,2,-2,10,11,3,2,2,6,3,16,4,6,3,6,130
-8,3,3,5,2,-1,2,2,2,6,2,-1,6,0,7,6,-1,6,130
-8,3,4,5,2,-1,2,8,2,3,2,-1,3,6,4,3,-1,6,130
-8,3,6,5,2,0,2,2,1,33,11,0,32,1,42,32,0,31,130
-8,3,7,5,2,0,2,2,1,4,2,0,3,1,4,3,0,7,130
-8,3,8,5,2,0,3,2,1,2,4,1,1,2,4,1,1,6,130
-8,3,9,5,2,0,9,2,1,2,2,7,1,8,2,7,1,7,130
-8,3,11,5,2,1,2,6,0,3,2,1,1,6,2,1,1,6,130
-8,3,12,5,2,1,4,4,0,2,2,3,0,6,1,3,0,6,130
-8,3,13,5,2,2,2,2,-1,98,2,2,95,3,96,95,2,95,130
-8,3,14,5,2,2,2,2,-1,4,2,2,1,3,2,2,1,6,130
-7,3,1,5,2,-2,20,6,3,2,2,16,3,21,4,16,3,16,130
-7,3,2,5,2,-1,2,2,2,5,2,-1,5,0,6,5,-1,6,130
-7,3,3,5,2,-1,3,2,2,2,17,0,2,1,18,2,0,6,130
-7,3,4,5,2,-1,5,21,2,2,2,2,2,22,3,2,2,6,130
-7,3,6,5,2,0,2,3,1,3,4,0,2,2,5,2,0,6,130
-7,3,7,5,2,0,3,6,1,2,3,1,1,6,3,1,1,6,130
-7,3,8,5,2,0,15,2,1,2,2,13,1,14,2,13,1,13,130
-7,3,9,5,2,1,2,2,0,5,4,1,3,2,6,3,1,7,130
-7,3,11,5,2,1,5,3,0,2,2,4,0,6,1,4,0,6,130
-7,3,12,5,2,2,2,2,-1,17,2,2,14,3,15,14,2,14,130
-7,3,13,5,2,2,2,3,-1,3,12,2,0,4,11,2,0,6,130
-7,3,14,5,2,2,3,4,-1,2,3,3,-1,6,1,3,-1,6,130
-5,3,1,5,2,-1,3,3,2,2,3,0,2,2,4,2,0,6,130
-5,3,2,5,2,-1,10,11,2,2,2,7,2,17,3,7,2,7,130
-5,3,3,5,2,0,2,2,1,6,2,0,5,1,6,5,0,6,130
-5,3,4,5,2,0,2,8,1,3,2,0,2,7,3,2,0,6,130
-5,3,6,5,2,1,2,2,0,33,11,1,31,2,41,31,1,31,130
-5,3,7,5,2,1,2,2,0,4,2,1,2,2,3,2,1,7,130
-5,3,8,5,2,1,3,2,0,2,4,2,0,3,3,2,0,6,130
-5,3,9,5,2,1,9,2,0,2,2,8,0,9,1,8,0,7,130
-5,3,11,5,2,2,2,6,-1,3,2,2,0,7,1,2,0,6,130
-5,3,12,5,2,2,4,4,-1,2,2,4,-1,7,0,4,-1,6,130
-5,3,13,5,2,3,2,2,-2,98,2,3,94,4,95,94,3,94,130
-5,3,14,5,2,3,2,2,-2,4,2,3,0,4,1,3,0,6,130
-4,3,1,5,2,-1,20,6,2,2,2,17,2,22,3,17,2,17,130
-4,3,2,5,2,0,2,2,1,5,2,0,4,1,5,4,0,6,130
-4,3,3,5,2,0,3,2,1,2,17,1,1,2,17,1,1,6,130
-4,3,4,5,2,0,5,21,1,2,2,3,1,23,2,3,1,6,130
-4,3,6,5,2,1,2,3,0,3,4,1,1,3,4,1,1,6,130
-4,3,7,5,2,1,3,6,0,2,3,2,0,7,2,2,0,6,130
-4,3,8,5,2,1,15,2,0,2,2,14,0,15,1,14,0,13,130
-4,3,9,5,2,2,2,2,-1,5,4,2,2,3,5,2,2,6,130
-4,3,11,5,2,2,5,3,-1,2,2,5,-1,7,0,5,-1,6,130
-4,3,12,5,2,3,2,2,-2,17,2,3,13,4,14,13,3,13,130
-4,3,13,5,2,3,2,3,-2,3,12,3,-1,5,10,3,-1,6,130
-4,3,14,5,2,3,3,4,-2,2,3,4,-2,7,0,4,-2,6,130
-2,3,1,5,2,0,3,3,1,2,3,1,1,3,3,1,1,6,130
-2,3,2,5,2,0,10,11,1,2,2,8,1,18,2,8,1,8,130
-2,3,3,5,2,1,2,2,0,6,2,1,4,2,5,4,1,6,130
-2,3,4,5,2,1,2,8,0,3,2,1,1,8,2,1,1,6,130
-2,3,6,5,2,2,2,2,-1,33,11,2,30,3,40,30,2,30,130
-2,3,7,5,2,2,2,2,-1,4,2,2,1,3,2,2,1,7,130
-2,3,8,5,2,2,3,2,-1,2,4,3,-1,4,2,3,-1,6,130
-2,3,9,5,2,2,9,2,-1,2,2,9,-1,10,0,9,-1,6,130
-2,3,11,5,2,3,2,6,-2,3,2,3,-1,8,0,3,-1,6,130
-2,3,12,5,2,3,4,4,-2,2,2,5,-2,8,-1,5,-2,6,130
-2,3,13,5,2,4,2,2,-3,98,2,4,93,5,94,93,4,93,130
-2,3,14,5,2,4,2,2,-3,4,2,4,-1,5,0,4,-1,6,130
-1,3,1,5,2,0,20,6,1,2,2,18,1,23,2,18,1,18,130
-1,3,2,5,2,1,2,2,0,5,2,1,3,2,4,3,1,7,130
-1,3,3,5,2,1,3,2,0,2,17,2,0,3,16,2,0,6,130
-1,3,4,5,2,1,5,21,0,2,2,4,0,24,1,4,0,6,130
-1,3,6,5,2,2,2,3,-1,3,4,2,0,4,3,2,0,6,130
-1,3,7,5,2,2,3,6,-1,2,3,3,-1,8,1,3,-1,6,130
-1,3,8,5,2,2,15,2,-1,2,2,15,-1,16,0,15,-1,12,130
-1,3,9,5,2,3,2,2,-2,5,4,3,1,4,4,3,1,6,130
-1,3,11,5,2,3,5,3,-2,2,2,6,-2,8,-1,6,-2,6,130
-1,3,12,5,2,4,2,2,-3,17,2,4,12,5,13,12,4,12,130
-1,3,13,5,2,4,2,3,-3,3,12,4,-2,6,9,4,-2,6,130
-1,3,14,5,2,4,3,4,-3,2,3,5,-3,8,-1,5,-3,6,130
1,3,1,5,2,1,3,3,0,2,3,2,0,4,2,2,0,6,130
1,3,2,5,2,1,10,11,0,2,2,9,0,19,1,9,0,8,130
1,3,3,5,2,2,2,2,-1,6,2,2,3,3,4,3,2,6,130
1,3,4,5,2,2,2,8,-1,3,2,2,0,9,1,2,0,7,130
1,3,6,5,2,3,2,2,-2,33,11,3,29,4,39,29,3,29,130
1,3,7,5,2,3,2,2,-2,4,2,3,0,4,1,3,0,6,130
1,3,8,5,2,3,3,2,-2,2,4,4,-2,5,1,4,-2,6,130
1,3,9,5,2,3,9,2,-2,2,2,10,-2,11,-1,10,-2,7,130
1,3,11,5,2,4,2,6,-3,3,2,4,-2,9,-1,4,-2,6,130
1,3,12,5,2,4,4,4,-3,2,2,6,-3,9,-2,6,-3,7,130
4,3,13,5,2,6,2,2,-5,98,2,6,91,7,92,91,6,91,130
4,3,14,5,2,6,2,2,-5,4,2,6,-3,7,-2,6,-3,6,130
5,3,1,5,2,2,20,6,-1,2,2,20,-1,25,0,20,-1,17,130
5,3,2,5,2,3,2,2,-2,5,2,3,1,4,2,3,1,6,130
5,3,3,5,2,3,3,2,-2,2,17,4,-2,5,14,4,-2,6,130
5,3,4,5,2,3,5,21,-2,2,2,6,-2,26,-1,6,-2,7,130
5,3,6,5,2,4,2,3,-3,3,4,4,-2,6,1,4,-2,6,130
5,3,7,5,2,4,3,6,-3,2,3,5,-3,10,-1,5,-3,6,130
1,3,13,5,2,5,2,2,-4,98,2,5,92,6,93,92,5,92,130
1,3,14,5,2,5,2,2,-4,4,2,5,-2,6,-1,5,-2,6,130
2,3,1,5,2,1,20,6,0,2,2,19,0,24,1,19,0,18,130
2,3,2,5,2,2,2,2,-1,5,2,2,2,3,3,2,2,6,130
2,3,3,5,2,2,3,2,-1,2,17,3,-1,4,15,3,-1,7,130
2,3,4,5,2,2,5,21,-1,2,2,5,-1,25,0,5,-1,6,130
2,3,6,5,2,3,2,3,-2,3,4,3,-1,5,2,3,-1,6,130
2,3,7,5,2,3,3,6,-2,2,3,4,-2,9,0,4,-2,6,130
2,3,8,5,2,3,15,2,-2,2,2,16,-2,17,-1,16,-2,11,130
2,3,9,5,2,4,2,2,-3,5,4,4,0,5,3,4,0,6,130
2,3,11,5,2,4,5,3,-3,2,2,7,-3,9,-2,7,-3,6,130
2,3,12,5,2,5,2,2,-4,17,2,5,11,6,12,11,5,11,130
2,3,13,5,2,5,2,3,-4,3,12,5,-3,7,8,5,-3,6,130
2,3,14,5,2,5,3,4,-4,2,3,6,-4,9,-2,6,-4,6,130
4,3,1,5,2,2,3,3,-1,2,3,3,-1,5,1,3,-1,6,130
4,3,2,5,2,2,10,11,-1,2,2,10,-1,20,0,10,-1,7,130
4,3,3,5,2,3,2,2,-2,6,2,3,2,4,3,3,2,7,130
4,3,4,5,2,3,2,8,-2,3,2,3,-1,10,0,3,-1,6,130
4,3,6,5,2,4,2,2,-3,33,11,4,28,5,38,28,4,28,130
4,3,7,5,2,4,2,2,-3,4,2,4,-1,5,0,4,-1,6,130
4,3,8,5,2,4,3,2,-3,2,4,5,-3,6,0,5,-3,6,130
4,3,9,5,2,4,9,2,-3,2,2,11,-3,12,-2,11,-3,6,130
4,3,11,5,2,5,2,6,-4,3,2,5,-3,10,-2,5,-3,6,130
4,3,12,5,2,5,4,4,-4,2,2,7,-4,10,-3,7,-4,6,130
7,3,3,5,2,4,2,2,-3,6,2,4,1,5,2,4,1,6,130
7,3,4,5,2,4,2,8,-3,3,2,4,-2,11,-1,4,-2,6,130
7,3,6,5,2,5,2,2,-4,33,11,5,27,6,37,27,5,27,130
7,3,7,5,2,5,2,2,-4,4,2,5,-2,6,-1,5,-2,6,130
7,3,8,5,2,5,3,2,-4,2,4,6,-4,7,-1,6,-4,6,130
7,3,9,5,2,5,9,2,-4,2,2,12,-4,13,-3,12,-4,6,130
7,3,11,5,2,6,2,6,-5,3,2,6,-4,11,-3,6,-4,6,130
7,3,12,5,2,6,4,4,-5,2,2,8,-5,11,-4,8,-5,6,130
5,3,8,5,2,4,15,2,-3,2,2,17,-3,18,-2,17,-3,10,130
5,3,9,5,2,5,2,2,-4,5,4,5,-1,6,2,5,-1,6,130
5,3,11,5,2,5,5,3,-4,2,2,8,-4,10,-3,8,-4,6,130
5,3,12,5,2,6,2,2,-5,17,2,6,10,7,11,10,6,10,130
5,3,13,5,2,6,2,3,-5,3,12,6,-4,8,7,6,-4,6,130
5,3,14,5,2,6,3,4,-5,2,3,7,-5,10,-3,7,-5,6,130
7,3,1,5,2,3,3,3,-2,2,3,4,-2,6,0,4,-2,6,130
7,3,2,5,2,3,10,11,-2,2,2,11,-2,21,-1,11,-2,6,130
7,3,13,5,2,7,2,2,-6,98,2,7,90,8,91,90,7,90,130
7,3,14,5,2,7,2,2,-6,4,2,7,-4,8,-3,7,-4,6,130
8,3,1,5,2,3,20,6,-2,2,2,21,-2,26,-1,21,-2,16,130
8,3,2,5,2,4,2,2,-3,5,2,4,0,5,1,4,0,7,130
8,3,3,5,2,4,3,2,-3,2,17,5,-3,6,13,5,-3,6,130
8,3,4,5,2,4,5,21,-3,2,2,7,-3,27,-2,7,-3,6,130
8,3,6,5,2,5,2,3,-4,3,4,5,-3,7,0,5,-3,6,130
8,3,7,5,2,5,3,6,-4,2,3,6,-4,11,-2,6,-4,6,130
8,3,8,5,2,5,15,2,-4,2,2,18,-4,19,-3,18,-4,9,130
8,3,9,5,2,6,2,2,-5,5,4,6,-2,7,1,6,-2,6,130
8,3,11,5,2,6,5,3,-5,2,2,9,-5,11,-4,9,-5,6,130
8,3,12,5,2,7,2,2,-6,17,2,7,9,8,10,9,7,9,130
8,3,13,5,2,7,2,3,-6,3,12,7,-5,9,6,7,-5,6,130
8,3,14,5,2,7,3,4,-6,2,3,8,-6,11,-4,8,-6,6,130
10,3,1,5,2,4,3,3,-3,2,3,5,-3,7,-1,5,-3,6,130
10,3,2,5,2,4,10,11,-3,2,2,12,-3,22,-2,12,-3,6,130
10,3,3,5,2,5,2,2,-4,6,2,5,0,6,1,5,0,6,130
10,3,4,5,2,5,2,8,-4,3,2,5,-3,12,-2,5,-3,6,130
10,3,6,5,2,6,2,2,-5,33,11,6,26,7,36,26,6,26,130
10,3,7,5,2,6,2,2,-5,4,2,6,-3,7,-2,6,-3,6,130
10,3,8,5,2,6,3,2,-5,2,4,7,-5,8,-2,7,-5,7,130
10,3,9,5,2,6,9,2,-5,2,2,13,-5,14,-4,13,-5,6,130
10,3,11,5,2,7,2,6,-6,3,2,7,-5,12,-4,7,-5,6,130
10,3,12,5,2,7,4,4,-6,2,2,9,-6,12,-5,9,-6,6,130
-15,4,3,1,2,1,2,35,0,3,2,1,1,35,2,1,1,6,130
-13,4,1,1,2,-1,2,2,2,7,2,-1,7,0,8,7,-1,6,130
-13,4,2,1,2,0,3,2,1,2,4,1,1,2,4,1,1,6,130
-13,4,3,1,2,1,136,9,0,2,2,135,0,143,1,135,0,-1,130
-11,4,1,1,2,-1,3,46,2,2,3,0,2,45,4,2,0,6,130
-11,4,2,1,2,1,2,2,0,13,5,1,11,2,15,11,1,11,130
-11,4,3,1,2,2,2,35,-1,3,2,2,0,36,1,2,0,6,130
-9,4,1,1,2,0,2,2,1,7,2,0,6,1,7,6,0,6,130
11,3,8,5,2,6,15,2,-5,2,2,19,-5,20,-4,19,-5,6,130
11,3,9,5,2,7,2,2,-6,5,4,7,-3,8,0,7,-3,6,130
11,3,11,5,2,7,5,3,-6,2,2,10,-6,12,-5,10,-6,6,130
11,3,12,5,2,8,2,2,-7,17,2,8,8,9,9,8,8,6,130
11,3,13,5,2,8,2,3,-7,3,12,8,-6,10,5,8,-6,6,130
11,3,14,5,2,8,3,4,-7,2,3,9,-7,12,-5,9,-7,6,130
-15,4,1,1,2,-2,3,46,3,2,3,-1,3,44,5,3,-1,6,130
-15,4,2,1,2,0,2,2,1,13,5,0,12,1,16,12,0,11,130
10,3,13,5,2,8,2,2,-7,98,2,8,89,9,90,89,8,6,130
10,3,14,5,2,8,2,2,-7,4,2,8,-5,9,-4,8,-5,6,130
11,3,1,5,2,4,20,6,-3,2,2,22,-3,27,-2,22,-3,15,130
11,3,2,5,2,5,2,2,-4,5,2,5,-1,6,0,5,-1,6,130
11,3,3,5,2,5,3,2,-4,2,17,6,-4,7,12,6,-4,6,130
11,3,4,5,2,5,5,21,-4,2,2,8,-4,28,-3,8,-4,8,130
11,3,6,5,2,6,2,3,-5,3,4,6,-4,8,-1,6,-4,6,130
11,3,7,5,2,6,3,6,-5,2,3,7,-5,12,-3,7,-5,6,130
-9,4,2,1,2,1,3,2,0,2,4,2,0,3,3,2,0,6,130
-9,4,3,1,2,2,136,9,-1,2,2,136,-1,144,0,136,-1,-1,130
-7,4,1,1,2,0,3,46,1,2,3,1,1,46,3,1,1,6,130
-7,4,2,1,2,2,2,2,-1,13,5,2,10,3,14,10,2,10,130
-7,4,3,1,2,3,2,35,-2,3,2,3,-1,37,0,3,-1,7,130
-5,4,1,1,2,1,2,2,0,7,2,1,5,2,6,5,1,6,130
-5,4,2,1,2,2,3,2,-1,2,4,3,-1,4,2,3,-1,6,130
-5,4,3,1,2,3,136,9,-2,2,2,137,-2,145,-1,137,-2,-1,130
-3,4,1,1,2,1,3,46,0,2,3,2,0,47,2,2,0,6,130
-3,4,2,1,2,3,2,2,-2,13,5,3,9,4,13,9,3,9,130
-3,4,3,1,2,4,2,35,-3,3,2,4,-2,38,-1,4,-2,6,130
-1,4,1,1,2,2,2,2,-1,7,2,2,4,3,5,4,2,7,130
-1,4,2,1,2,3,3,2,-2,2,4,4,-2,5,1,4,-2,6,130
-1,4,3,1,2,4,136,9,-3,2,2,138,-3,146,-2,138,-3,-1,130
1,4,1,1,2,2,3,46,-1,2,3,3,-1,48,1,3,-1,6,130
1,4,2,1,2,4,2,2,-3,13,5,4,8,5,12,8,4,8,130
1,4,3,1,2,5,2,35,-4,3,2,5,-3,39,-2,5,-3,6,130
3,4,1,1,2,3,2,2,-2,7,2,3,3,4,4,3,3,8,130
3,4,2,1,2,4,3,2,-3,2,4,5,-3,6,0,5,-3,6,130
3,4,3,1,2,5,136,9,-4,2,2,139,-4,147,-3,139,-4,130,130
5,4,1,1,2,3,3,46,-2,2,3,4,-2,49,0,4,-2,6,130
5,4,2,1,2,5,2,2,-4,13,5,5,7,6,11,7,5,7,130
5,4,3,1,2,6,2,35,-5,3,2,6,-4,40,-3,6,-4,6,130
7,4,1,1,2,4,2,2,-3,7,2,4,2,5,3,4,2,8,130
7,4,2,1,2,5,3,2,-4,2,4,6,-4,7,-1,6,-4,6,130
7,4,3,1,2,6,136,9,-5,2,2,140,-5,148,-4,140,-5,6,130
9,4,1,1,2,4,3,46,-3,2,3,5,-3,50,-1,5,-3,6,130
9,4,2,1,2,6,2,2,-5,13,5,6,6,7,10,6,6,6,130
9,4,3,1,2,7,2,35,-6,3,2,7,-5,41,-4,7,-5,6,130
11,4,1,1,2,5,2,2,-4,7,2,5,1,6,2,5,1,7,130
11,4,2,1,2,6,3,2,-5,2,4,7,-5,8,-2,7,-5,6,130
11,4,3,1,2,7,136,9,-6,2,2,141,-6,149,-5,141,-6,7,130
13,4,1,1,2,5,3,46,-4,2,3,6,-4,51,-2,6,-4,7,130
13,4,2,1,2,7,2,2,-6,13,5,7,5,8,9,7,5,6,130
13,4,3,1,2,8,2,35,-7,3,2,8,-6,42,-5,8,-6,7,130
15,4,1,1,2,6,2,2,-5,7,2,6,0,7,1,6,0,6,130
15,4,2,1,2,7,3,2,-6,2,4,8,-6,9,-3,8,-6,6,130
15,4,3,1,2,8,136,9,-7,2,2,142,-7,150,-6,142,-7,6,130
-15,4,1,2,2,-3,24,2,4,2,2,19,4,20,5,19,4,19,130
-15,4,3,2,2,-1,2,3,2,3,4,-1,3,1,6,3,-1,6,130
-9,4,3,2,2,0,8,5,1,2,2,6,1,10,2,6,1,6,130
-9,4,5,2,2,2,2,2,-1,4,3,2,1,3,3,2,1,6,130
-7,4,1,2,2,-1,24,2,2,2,2,21,2,22,3,21,2,21,130
-7,4,3,2,2,1,2,3,0,3,4,1,1,3,4,1,1,6,130
-7,4,5,2,2,2,5,3,-1,2,2,5,-1,7,0,5,-1,6,130
-5,4,1,2,2,0,2,7,1,3,2,0,2,6,3,2,0,6,130
-5,4,3,2,2,1,8,5,0,2,2,7,0,11,1,7,0,6,130
-5,4,5,2,2,3,2,2,-2,4,3,3,0,4,2,3,0,6,130
-15,4,5,2,2,0,5,3,1,2,2,3,1,5,2,3,1,6,130
-13,4,1,2,2,-2,2,7,3,3,2,-2,4,4,5,4,-2,6,130
-13,4,3,2,2,-1,8,5,2,2,2,5,2,9,3,5,2,6,130
-13,4,5,2,2,1,2,2,0,4,3,1,2,2,4,2,1,6,130
-11,4,1,2,2,-2,24,2,3,2,2,20,3,21,4,20,3,20,130
-11,4,3,2,2,0,2,3,1,3,4,0,2,2,5,2,0,6,130
-11,4,5,2,2,1,5,3,0,2,2,4,0,6,1,4,0,6,130
-9,4,1,2,2,-1,2,7,2,3,2,-1,3,5,4,3,-1,6,130
-3,4,1,2,2,0,24,2,1,2,2,22,1,23,2,22,1,22,130
-3,4,3,2,2,2,2,3,-1,3,4,2,0,4,3,2,0,6,130
-3,4,5,2,2,3,5,3,-2,2,2,6,-2,8,-1,6,-2,6,130
-1,4,1,2,2,1,2,7,0,3,2,1,1,7,2,1,1,6,130
-1,4,3,2,2,2,8,5,-1,2,2,8,-1,12,0,8,-1,6,130
-1,4,5,2,2,4,2,2,-3,4,3,4,-1,5,1,4,-1,6,130
1,4,1,2,2,1,24,2,0,2,2,23,0,24,1,23,0,22,130
1,4,3,2,2,3,2,3,-2,3,4,3,-1,5,2,3,-1,7,130
-15,4,4,3,2,-1,2,2,2,8,2,-1,8,0,9,8,-1,7,130
-15,4,5,3,2,-1,3,3,2,2,3,0,2,2,4,2,0,6,130
-15,4,7,3,2,0,3,2,1,2,6,1,1,2,6,1,1,6,130
-15,4,8,3,2,1,2,2,0,48,2,1,46,2,47,46,1,46,130
-13,4,1,3,2,-2,2,2,3,5,3,-2,6,-1,8,6,-2,6,130
-13,4,2,3,2,-2,4,2,3,2,2,0,3,1,4,3,0,7,130
-13,4,4,3,2,-1,3,4,2,2,3,0,2,3,4,2,0,6,130
-13,4,5,3,2,0,2,2,1,10,2,0,9,1,10,9,0,8,130
7,4,3,2,2,4,8,5,-3,2,2,10,-3,14,-2,10,-3,7,130
7,4,5,2,2,6,2,2,-5,4,3,6,-3,7,-1,6,-3,6,130
9,4,1,2,2,3,24,2,-2,2,2,25,-2,26,-1,25,-2,20,130
9,4,3,2,2,5,2,3,-4,3,4,5,-3,7,0,5,-3,6,130
9,4,5,2,2,6,5,3,-5,2,2,9,-5,11,-4,9,-5,6,130
11,4,1,2,2,4,2,7,-3,3,2,4,-2,10,-1,4,-2,6,130
11,4,3,2,2,5,8,5,-4,2,2,11,-4,15,-3,11,-4,6,130
11,4,5,2,2,7,2,2,-6,4,3,7,-4,8,-2,7,-4,6,130
1,4,5,2,2,4,5,3,-3,2,2,7,-3,9,-2,7,-3,6,130
3,4,1,2,2,2,2,7,-1,3,2,2,0,8,1,2,0,6,130
3,4,3,2,2,3,8,5,-2,2,2,9,-2,13,-1,9,-2,8,130
3,4,5,2,2,5,2,2,-4,4,3,5,-2,6,0,5,-2,6,130
5,4,1,2,2,2,24,2,-1,2,2,24,-1,25,0,24,-1,21,130
5,4,3,2,2,4,2,3,-3,3,4,4,-2,6,1,4,-2,6,130
5,4,5,2,2,5,5,3,-4,2,2,8,-4,10,-3,8,-4,6,130
7,4,1,2,2,3,2,7,-2,3,2,3,-1,9,0,3,-1,6,130
13,4,1,2,2,4,24,2,-3,2,2,26,-3,27,-2,26,-3,19,130
13,4,3,2,2,6,2,3,-5,3,4,6,-4,8,-1,6,-4,6,130
13,4,5,2,2,7,5,3,-6,2,2,10,-6,12,-5,10,-6,6,130
15,4,1,2,2,5,2,7,-4,3,2,5,-3,11,-2,5,-3,6,130
15,4,3,2,2,6,8,5,-5,2,2,12,-5,16,-4,12,-5,6,130
15,4,5,2,2,8,2,2,-7,4,3,8,-5,9,-3,8,-5,6,130
-15,4,1,3,2,-3,4,3,4,2,2,-1,4,1,5,4,-1,6,130
-15,4,2,3,2,-2,2,2,3,6,2,-2,7,-1,8,7,-2,7,130
-13,4,7,3,2,1,2,2,0,21,2,1,19,2,20,19,1,19,130
-13,4,8,3,2,1,3,2,0,2,13,2,0,3,12,2,0,6,130
-11,4,1,3,2,-2,4,3,3,2,2,0,3,2,4,3,0,6,130
-11,4,2,3,2,-1,2,2,2,6,2,-1,6,0,7,6,-1,6,130
-11,4,4,3,2,0,2,2,1,8,2,0,7,1,8,7,0,6,130
-11,4,5,3,2,0,3,3,1,2,3,1,1,3,3,1,1,6,130
-11,4,7,3,2,1,3,2,0,2,6,2,0,3,5,2,0,6,130
-11,4,8,3,2,2,2,2,-1,48,2,2,45,3,46,45,2,45,130
-9,4,1,3,2,-1,2,2,2,5,3,-1,5,0,7,5,-1,6,130
-9,4,2,3,2,-1,4,2,2,2,2,1,2,2,3,2,1,6,130
-9,4,4,3,2,0,3,4,1,2,3,1,1,4,3,1,1,6,130
-9,4,5,3,2,1,2,2,0,10,2,1,8,2,9,8,1,8,130
-9,4,7,3,2,2,2,2,-1,21,2,2,18,3,19,18,2,18,130
-9,4,8,3,2,2,3,2,-1,2,13,3,-1,4,11,3,-1,7,130
-7,4,1,3,2,-1,4,3,2,2,2,1,2,3,3,2,1,6,130
-7,4,2,3,2,0,2,2,1,6,2,0,5,1,6,5,0,7,130
-7,4,4,3,2,1,2,2,0,8,2,1,6,2,7,6,1,6,130
-7,4,5,3,2,1,3,3,0,2,3,2,0,4,2,2,0,6,130
-7,4,7,3,2,2,3,2,-1,2,6,3,-1,4,4,3,-1,6,130
-7,4,8,3,2,3,2,2,-2,48,2,3,44,4,45,44,3,44,130
-5,4,1,3,2,0,2,2,1,5,3,0,4,1,6,4,0,6,130
-5,4,2,3,2,0,4,2,1,2,2,2,1,3,2,2,1,6,130
-5,4,4,3,2,1,3,4,0,2,3,2,0,5,2,2,0,6,130
-5,4,5,3,2,2,2,2,-1,10,2,2,7,3,8,7,2,7,130
-5,4,7,3,2,3,2,2,-2,21,2,3,17,4,18,17,3,17,130
-5,4,8,3,2,3,3,2,-2,2,13,4,-2,5,10,4,-2,6,130
-3,4,1,3,2,0,4,3,1,2,2,2,1,4,2,2,1,6,130
-3,4,2,3,2,1,2,2,0,6,2,1,4,2,5,4,1,7,130
-3,4,4,3,2,2,2,2,-1,8,2,2,5,3,6,5,2,6,130
-3,4,5,3,2,2,3,3,-1,2,3,3,-1,5,1,3,-1,6,130
-3,4,7,3,2,3,3,2,-2,2,6,4,-2,5,3,4,-2,6,130
-3,4,8,3,2,4,2,2,-3,48,2,4,43,5,44,43,4,43,130
1,4,4,3,2,3,2,2,-2,8,2,3,4,4,5,4,3,6,130
1,4,5,3,2,3,3,3,-2,2,3,4,-2,6,0,4,-2,6,130
1,4,7,3,2,4,3,2,-3,2,6,5,-3,6,2,5,-3,6,130
1,4,8,3,2,5,2,2,-4,48,2,5,42,6,43,42,5,42,130
3,4,1,3,2,2,2,2,-1,5,3,2,2,3,4,2,2,6,130
3,4,2,3,2,2,4,2,-1,2,2,4,-1,5,0,4,-1,6,130
3,4,4,3,2,3,3,4,-2,2,3,4,-2,7,0,4,-2,6,130
3,4,5,3,2,4,2,2,-3,10,2,4,5,5,6,5,4,6,130
-1,4,1,3,2,1,2,2,0,5,3,1,3,2,5,3,1,6,130
-1,4,2,3,2,1,4,2,0,2,2,3,0,4,1,3,0,6,130
-1,4,4,3,2,2,3,4,-1,2,3,3,-1,6,1,3,-1,6,130
-1,4,5,3,2,3,2,2,-2,10,2,3,6,4,7,6,3,6,130
-1,4,7,3,2,4,2,2,-3,21,2,4,16,5,17,16,4,16,130
-1,4,8,3,2,4,3,2,-3,2,13,5,-3,6,9,5,-3,6,130
1,4,1,3,2,1,4,3,0,2,2,3,0,5,1,3,0,6,130
1,4,2,3,2,2,2,2,-1,6,2,2,3,3,4,3,2,6,130
3,4,7,3,2,5,2,2,-4,21,2,5,15,6,16,15,5,15,130
3,4,8,3,2,5,3,2,-4,2,13,6,-4,7,8,6,-4,6,130
5,4,1,3,2,2,4,3,-1,2,2,4,-1,6,0,4,-1,6,130
5,4,2,3,2,3,2,2,-2,6,2,3,2,4,3,3,2,7,130
5,4,4,3,2,4,2,2,-3,8,2,4,3,5,4,4,3,6,130
5,4,5,3,2,4,3,3,-3,2,3,5,-3,7,-1,5,-3,6,130
5,4,7,3,2,5,3,2,-4,2,6,6,-4,7,1,6,-4,7,130
5,4,8,3,2,6,2,2,-5,48,2,6,41,7,42,41,6,41,130
11,4,7,3,2,7,2,2,-6,21,2,7,13,8,14,13,7,13,130
11,4,8,3,2,7,3,2,-6,2,13,8,-6,9,6,8,-6,6,130
13,4,1,3,2,4,4,3,-3,2,2,6,-3,8,-2,6,-3,6,130
13,4,2,3,2,5,2,2,-4,6,2,5,0,6,1,5,0,6,130
13,4,4,3,2,6,2,2,-5,8,2,6,1,7,2,6,1,6,130
13,4,5,3,2,6,3,3,-5,2,3,7,-5,9,-3,7,-5,6,130
13,4,7,3,2,7,3,2,-6,2,6,8,-6,9,-1,8,-6,6,130
13,4,8,3,2,8,2,2,-7,48,2,8,39,9,40,39,8,6,130
9,4,4,3,2,5,2,2,-4,8,2,5,2,6,3,5,2,6,130
9,4,5,3,2,5,3,3,-4,2,3,6,-4,8,-2,6,-4,6,130
9,4,7,3,2,6,3,2,-5,2,6,7,-5,8,0,7,-5,6,130
9,4,8,3,2,7,2,2,-6,48,2,7,40,8,41,40,7,40,130
11,4,1,3,2,4,2,2,-3,5,3,4,0,5,2,4,0,6,130
11,4,2,3,2,4,4,2,-3,2,2,6,-3,7,-2,6,-3,6,130
11,4,4,3,2,5,3,4,-4,2,3,6,-4,9,-2,6,-4,6,130
11,4,5,3,2,6,2,2,-5,10,2,6,3,7,4,6,3,6,130
7,4,1,3,2,3,2,2,-2,5,3,3,1,4,3,3,1,6,130
7,4,2,3,2,3,4,2,-2,2,2,5,-2,6,-1,5,-2,7,130
7,4,4,3,2,4,3,4,-3,2,3,5,-3,8,-1,5,-3,6,130
7,4,5,3,2,5,2,2,-4,10,2,5,4,6,5,5,4,6,130
7,4,7,3,2,6,2,2,-5,21,2,6,14,7,15,14,6,14,130
7,4,8,3,2,6,3,2,-5,2,13,7,-5,8,7,7,-5,7,130
9,4,1,3,2,3,4,3,-2,2,2,5,-2,7,-1,5,-2,6,130
9,4,2,3,2,4,2,2,-3,6,2,4,1,5,2,4,1,7,130
15,4,1,3,2,5,2,2,-4,5,3,5,-1,6,1,5,-1,6,130
15,4,2,3,2,5,4,2,-4,2,2,7,-4,8,-3,7,-4,6,130
15,4,4,3,2,6,3,4,-5,2,3,7,-5,10,-3,7,-5,6,130
15,4,5,3,2,7,2,2,-6,10,2,7,2,8,3,7,2,6,130
15,4,7,3,2,8,2,2,-7,21,2,8,12,9,13,12,8,6,130
15,4,8,3,2,8,3,2,-7,2,13,9,-7,10,5,9,-7,6,130
-15,4,1,4,2,-3,3,3,4,2,3,-2,4,0,6,4,-2,6,130
-15,4,3,4,2,-2,2,2,3,4,2,-2,5,-1,6,5,-2,7,130
-15,4,5,4,2,-1,2,2,2,57,2,-1,57,0,58,57,-1,54,130
-15,4,7,4,2,-1,4,3,2,2,2,1,2,3,3,2,1,6,130
-15,4,9,4,2,0,2,5,1,3,2,0,2,4,3,2,0,6,130
-15,4,11,4,2,1,2,2,0,8,2,1,6,2,7,6,1,6,130
-13,4,1,4,2,-2,2,2,3,10,3,-2,11,-1,13,11,-2,6,130
-13,4,3,4,2,-2,6,2,3,2,2,2,3,3,4,3,2,6,130
-13,4,5,4,2,-1,3,2,2,2,15,0,2,1,16,2,0,6,130
-13,4,7,4,2,0,2,2,1,5,2,0,4,1,5,4,0,6,130
-13,4,9,4,2,0,15,4,1,2,2,13,1,16,2,13,1,13,130
-13,4,11,4,2,1,3,5,0,2,3,2,0,6,2,2,0,6,130
-11,4,1,4,2,-2,3,3,3,2,3,-1,3,1,5,3,-1,6,130
-11,4,3,4,2,-1,2,2,2,4,2,-1,4,0,5,4,-1,6,130
-11,4,5,4,2,0,2,2,1,57,2,0,56,1,57,56,0,55,130
-11,4,7,4,2,0,4,3,1,2,2,2,1,4,2,2,1,6,130
-11,4,9,4,2,1,2,5,0,3,2,1,1,5,2,1,1,6,130
-11,4,11,4,2,2,2,2,-1,8,2,2,5,3,6,5,2,6,130
-9,4,1,4,2,-1,2,2,2,10,3,-1,10,0,12,10,-1,7,130
-9,4,3,4,2,-1,6,2,2,2,2,3,2,4,3,3,2,6,130
-9,4,5,4,2,0,3,2,1,2,15,1,1,2,15,1,1,6,130
-9,4,7,4,2,1,2,2,0,5,2,1,3,2,4,3,1,6,130
-9,4,9,4,2,1,15,4,0,2,2,14,0,17,1,14,0,13,130
-9,4,11,4,2,2,3,5,-1,2,3,3,-1,7,1,3,-1,6,130
-7,4,1,4,2,-1,3,3,2,2,3,0,2,2,4,2,0,6,130
-7,4,3,4,2,0,2,2,1,4,2,0,3,1,4,3,0,6,130
-7,4,5,4,2,1,2,2,0,57,2,1,55,2,56,55,1,55,130
-7,4,7,4,2,1,4,3,0,2,2,3,0,5,1,3,0,6,130
-7,4,9,4,2,2,2,5,-1,3,2,2,0,6,1,2,0,6,130
-7,4,11,4,2,3,2,2,-2,8,2,3,4,4,5,4,3,9,130
-5,4,1,4,2,0,2,2,1,10,3,0,9,1,11,9,0,8,130
-5,4,3,4,2,0,6,2,1,2,2,4,1,5,2,4,1,8,130
-5,4,5,4,2,1,3,2,0,2,15,2,0,3,14,2,0,6,130
-5,4,7,4,2,2,2,2,-1,5,2,2,2,3,3,2,2,6,130
-5,4,9,4,2,2,15,4,-1,2,2,15,-1,18,0,15,-1,12,130
-5,4,11,4,2,3,3,5,-2,2,3,4,-2,8,0,4,-2,6,130
-3,4,1,4,2,0,3,3,1,2,3,1,1,3,3,1,1,6,130
-3,4,3,4,2,1,2,2,0,4,2,1,2,2,3,2,1,6,130
-3,4,5,4,2,2,2,2,-1,57,2,2,54,3,55,54,2,54,130
-3,4,7,4,2,2,4,3,-1,2,2,4,-1,6,0,4,-1,6,130
-3,4,9,4,2,3,2,5,-2,3,2,3,-1,7,0,3,-1,6,130
-3,4,11,4,2,4,2,2,-3,8,2,4,3,5,4,4,3,8,130
-1,4,1,4,2,1,2,2,0,10,3,1,8,2,10,8,1,8,130
-1,4,3,4,2,1,6,2,0,2,2,5,0,6,1,5,0,7,130
-1,4,5,4,2,2,3,2,-1,2,15,3,-1,4,13,3,-1,7,130
-1,4,7,4,2,3,2,2,-2,5,2,3,1,4,2,3,1,6,130
-1,4,9,4,2,3,15,4,-2,2,2,16,-2,19,-1,16,-2,11,130
-1,4,11,4,2,4,3,5,-3,2,3,5,-3,9,-1,5,-3,6,130
1,4,1,4,2,1,3,3,0,2,3,2,0,4,2,2,0,6,130
1,4,3,4,2,2,2,2,-1,4,2,2,1,3,2,2,1,6,130
3,4,9,4,2,4,15,4,-3,2,2,17,-3,20,-2,17,-3,10,130
3,4,11,4,2,5,3,5,-4,2,3,6,-4,10,-2,6,-4,6,130
5,4,1,4,2,2,3,3,-1,2,3,3,-1,5,1,3,-1,6,130
5,4,3,4,2,3,2,2,-2,4,2,3,0,4,1,3,0,6,130
5,4,5,4,2,4,2,2,-3,57,2,4,52,5,53,52,4,52,130
5,4,7,4,2,4,4,3,-3,2,2,6,-3,8,-2,6,-3,6,130
5,4,9,4,2,5,2,5,-4,3,2,5,-3,9,-2,5,-3,6,130
5,4,11,4,2,6,2,2,-5,8,2,6,1,7,2,6,1,6,130
7,4,1,4,2,3,2,2,-2,10,3,3,6,4,8,6,3,6,130
7,4,3,4,2,3,6,2,-2,2,2,7,-2,8,-1,7,-2,6,130
7,4,5,4,2,4,3,2,-3,2,15,5,-3,6,11,5,-3,6,130
7,4,7,4,2,5,2,2,-4,5,2,5,-1,6,0,5,-1,6,130
7,4,9,4,2,5,15,4,-4,2,2,18,-4,21,-3,18,-4,9,130
7,4,11,4,2,6,3,5,-5,2,3,7,-5,11,-3,7,-5,6,130
9,4,1,4,2,3,3,3,-2,2,3,4,-2,6,0,4,-2,6,130
9,4,3,4,2,4,2,2,-3,4,2,4,-1,5,0,4,-1,6,130
1,4,5,4,2,3,2,2,-2,57,2,3,53,4,54,53,3,53,130
1,4,7,4,2,3,4,3,-2,2,2,5,-2,7,-1,5,-2,6,130
1,4,9,4,2,4,2,5,-3,3,2,4,-2,8,-1,4,-2,6,130
1,4,11,4,2,5,2,2,-4,8,2,5,2,6,3,5,2,7,130
3,4,1,4,2,2,2,2,-1,10,3,2,7,3,9,7,2,7,130
3,4,3,4,2,2,6,2,-1,2,2,6,-1,7,0,6,-1,6,130
3,4,5,4,2,3,3,2,-2,2,15,4,-2,5,12,4,-2,6,130
3,4,7,4,2,4,2,2,-3,5,2,4,0,5,1,4,0,6,130
9,4,5,4,2,5,2,2,-4,57,2,5,51,6,52,51,5,51,130
9,4,7,4,2,5,4,3,-4,2,2,7,-4,9,-3,7,-4,6,130
9,4,9,4,2,6,2,5,-5,3,2,6,-4,10,-3,6,-4,6,130
9,4,11,4,2,7,2,2,-6,8,2,7,0,8,1,7,0,6,130
11,4,1,4,2,4,2,2,-3,10,3,4,5,5,7,5,4,6,130
11,4,3,4,2,4,6,2,-3,2,2,8,-3,9,-2,8,-3,7,130
11,4,5,4,2,5,3,2,-4,2,15,6,-4,7,10,6,-4,6,130
11,4,7,4,2,6,2,2,-5,5,2,6,-2,7,-1,6,-2,6,130
11,4,9,4,2,6,15,4,-5,2,2,19,-5,22,-4,19,-5,6,130
11,4,11,4,2,7,3,5,-6,2,3,8,-6,12,-4,8,-6,6,130
13,4,1,4,2,4,3,3,-3,2,3,5,-3,7,-1,5,-3,6,130
13,4,3,4,2,5,2,2,-4,4,2,5,-2,6,-1,5,-2,7,130
13,4,5,4,2,6,2,2,-5,57,2,6,50,7,51,50,6,50,130
13,4,7,4,2,6,4,3,-5,2,2,8,-5,10,-4,8,-5,6,130
13,4,9,4,2,7,2,5,-6,3,2,7,-5,11,-4,7,-5,6,130
13,4,11,4,2,8,2,2,-7,8,2,8,-1,9,0,8,-1,7,130
15,4,1,4,2,5,2,2,-4,10,3,5,4,6,6,5,4,6,130
15,4,3,4,2,5,6,2,-4,2,2,9,-4,10,-3,9,-4,6,130
15,4,5,4,2,6,3,2,-5,2,15,7,-5,8,9,7,-5,7,130
15,4,7,4,2,7,2,2,-6,5,2,7,-3,8,-2,7,-3,6,130
15,4,9,4,2,7,15,4,-6,2,2,20,-6,23,-5,20,-6,7,130
15,4,11,4,2,8,3,5,-7,2,3,9,-7,13,-5,9,-7,6,130
-15,4,1,5,2,-3,3,2,4,2,9,-2,4,-1,12,4,-2,6,130
-15,4,2,5,2,-3,6,2,4,2,2,1,4,2,5,4,1,6,130
-15,4,3,5,2,-2,2,2,3,11,2,-2,12,-1,13,12,-2,7,130
-15,4,4,5,2,-2,2,3,3,3,3,-2,4,0,6,4,-2,6,130
-15,4,6,5,2,-2,19,9,3,2,2,15,3,23,4,15,3,15,130
-15,4,7,5,2,-1,2,2,2,5,2,-1,5,0,6,5,-1,6,130
-15,4,8,5,2,-1,3,2,2,2,21,0,2,1,22,2,0,6,130
-15,4,9,5,2,-1,5,10,2,2,2,2,2,11,3,2,2,6,130
-15,4,11,5,2,0,2,3,1,3,5,0,2,2,6,2,0,6,130
-15,4,12,5,2,0,3,6,1,2,3,1,1,6,3,1,1,6,130
-15,4,13,5,2,0,14,4,1,2,2,12,1,15,2,12,1,12,130
-15,4,14,5,2,1,2,2,0,5,5,1,3,2,7,3,1,6,130
-13,4,1,5,2,-2,2,2,3,31,2,-2,32,-1,33,32,-2,27,130
-13,4,2,5,2,-2,2,2,3,4,2,-2,5,-1,6,5,-2,6,130
-13,4,3,5,2,-2,3,2,3,2,4,-1,3,0,6,3,-1,6,130
-13,4,4,5,2,-2,9,2,3,2,2,5,3,6,4,5,3,6,130
-13,4,6,5,2,-1,2,6,2,3,2,-1,3,4,4,3,-1,6,130
-13,4,7,5,2,-1,4,4,2,2,2,1,2,4,3,2,1,6,130
-13,4,8,5,2,0,2,2,1,79,2,0,78,1,79,78,0,77,130
-13,4,9,5,2,0,2,2,1,4,2,0,3,1,4,3,0,6,130
-13,4,11,5,2,0,8,2,1,2,2,6,1,7,2,6,1,6,130
-13,4,12,5,2,1,2,2,0,7,17,1,5,2,21,5,1,6,130
-13,4,13,5,2,1,2,4,0,3,2,1,1,4,2,1,1,6,130
-13,4,14,5,2,1,4,2,0,2,2,3,0,4,1,3,0,7,130
-11,4,1,5,2,-2,3,2,3,2,9,-1,3,0,11,3,-1,6,130
-11,4,2,5,2,-2,6,2,3,2,2,2,3,3,4,3,2,6,130
-11,4,3,5,2,-1,2,2,2,11,2,-1,11,0,12,11,-1,8,130
-11,4,4,5,2,-1,2,3,2,3,3,-1,3,1,5,3,-1,6,130
-11,4,6,5,2,-1,19,9,2,2,2,16,2,24,3,16,2,16,130
-11,4,7,5,2,0,2,2,1,5,2,0,4,1,5,4,0,6,130
-11,4,8,5,2,0,3,2,1,2,21,1,1,2,21,1,1,6,130
-11,4,9,5,2,0,5,10,1,2,2,3,1,12,2,3,1,6,130
-11,4,11,5,2,1,2,3,0,3,5,1,1,3,5,1,1,6,130
-11,4,12,5,2,1,3,6,0,2,3,2,0,7,2,2,0,6,130
-11,4,13,5,2,1,14,4,0,2,2,13,0,16,1,13,0,12,130
-11,4,14,5,2,2,2,2,-1,5,5,2,2,3,6,2,2,6,130
-9,4,1,5,2,-1,2,2,2,31,2,-1,31,0,32,31,-1,28,130
-9,4,2,5,2,-1,2,2,2,4,2,-1,4,0,5,4,-1,6,130
-9,4,3,5,2,-1,3,2,2,2,4,0,2,1,5,2,0,6,130
-9,4,4,5,2,-1,9,2,2,2,2,6,2,7,3,6,2,6,130
-9,4,6,5,2,0,2,6,1,3,2,0,2,5,3,2,0,6,130
-9,4,7,5,2,0,4,4,1,2,2,2,1,5,2,2,1,6,130
-7,4,3,5,2,0,2,2,1,11,2,0,10,1,11,10,0,9,130
-7,4,4,5,2,0,2,3,1,3,3,0,2,2,4,2,0,6,130
-7,4,6,5,2,0,19,9,1,2,2,17,1,25,2,17,1,17,130
-7,4,7,5,2,1,2,2,0,5,2,1,3,2,4,3,1,6,130
-7,4,8,5,2,1,3,2,0,2,21,2,0,3,20,2,0,6,130
-7,4,9,5,2,1,5,10,0,2,2,4,0,13,1,4,0,6,130
-7,4,11,5,2,2,2,3,-1,3,5,2,0,4,4,2,0,6,130
-7,4,12,5,2,2,3,6,-1,2,3,3,-1,8,1,3,-1,6,130
-9,4,8,5,2,1,2,2,0,79,2,1,77,2,78,77,1,77,130
-9,4,9,5,2,1,2,2,0,4,2,1,2,2,3,2,1,6,130
-9,4,11,5,2,1,8,2,0,2,2,7,0,8,1,7,0,6,130
-9,4,12,5,2,2,2,2,-1,7,17,2,4,3,20,4,2,6,130
-9,4,13,5,2,2,2,4,-1,3,2,2,0,5,1,2,0,6,130
-9,4,14,5,2,2,4,2,-1,2,2,4,-1,5,0,4,-1,6,130
-7,4,1,5,2,-1,3,2,2,2,9,0,2,1,10,2,0,6,130
-7,4,2,5,2,-1,6,2,2,2,2,3,2,4,3,3,2,6,130
-7,4,13,5,2,2,14,4,-1,2,2,14,-1,17,0,14,-1,11,130
-7,4,14,5,2,3,2,2,-2,5,5,3,1,4,5,3,1,6,130
-5,4,1,5,2,0,2,2,1,31,2,0,30,1,31,30,0,29,130
-5,4,2,5,2,0,2,2,1,4,2,0,3,1,4,3,0,7,130
-5,4,3,5,2,0,3,2,1,2,4,1,1,2,4,1,1,6,130
-5,4,4,5,2,0,9,2,1,2,2,7,1,8,2,7,1,7,130
-5,4,6,5,2,1,2,6,0,3,2,1,1,6,2,1,1,6,130
-5,4,7,5,2,1,4,4,0,2,2,3,0,6,1,3,0,6,130
-5,4,8,5,2,2,2,2,-1,79,2,2,76,3,77,76,2,76,130
-5,4,9,5,2,2,2,2,-1,4,2,2,1,3,2,2,1,6,130
-5,4,11,5,2,2,8,2,-1,2,2,8,-1,9,0,8,-1,7,130
-5,4,12,5,2,3,2,2,-2,7,17,3,3,4,19,3,3,6,130
-5,4,13,5,2,3,2,4,-2,3,2,3,-1,6,0,3,-1,6,130
-5,4,14,5,2,3,4,2,-2,2,2,5,-2,6,-1,5,-2,6,130
-3,4,1,5,2,0,3,2,1,2,9,1,1,2,9,1,1,6,130
-3,4,2,5,2,0,6,2,1,2,2,4,1,5,2,4,1,6,130
-3,4,3,5,2,1,2,2,0,11,2,1,9,2,10,9,1,9,130
-3,4,4,5,2,1,2,3,0,3,3,1,1,3,3,1,1,6,130
-3,4,6,5,2,1,19,9,0,2,2,18,0,26,1,18,0,17,130
-3,4,7,5,2,2,2,2,-1,5,2,2,2,3,3,2,2,6,130
-3,4,8,5,2,2,3,2,-1,2,21,3,-1,4,19,3,-1,7,130
-3,4,9,5,2,2,5,10,-1,2,2,5,-1,14,0,5,-1,6,130
-3,4,11,5,2,3,2,3,-2,3,5,3,-1,5,3,3,-1,6,130
-3,4,12,5,2,3,3,6,-2,2,3,4,-2,9,0,4,-2,6,130
-3,4,13,5,2,3,14,4,-2,2,2,15,-2,18,-1,15,-2,10,130
-3,4,14,5,2,4,2,2,-3,5,5,4,0,5,4,4,0,6,130
-1,4,1,5,2,1,2,2,0,31,2,1,29,2,30,29,1,29,130
-1,4,2,5,2,1,2,2,0,4,2,1,2,2,3,2,1,7,130
-1,4,3,5,2,1,3,2,0,2,4,2,0,3,3,2,0,6,130
-1,4,4,5,2,1,9,2,0,2,2,8,0,9,1,8,0,7,130
-1,4,6,5,2,2,2,6,-1,3,2,2,0,7,1,2,0,6,130
-1,4,7,5,2,2,4,4,-1,2,2,4,-1,7,0,4,-1,6,130
-1,4,8,5,2,3,2,2,-2,79,2,3,75,4,76,75,3,75,130
-1,4,9,5,2,3,2,2,-2,4,2,3,0,4,1,3,0,6,130
-1,4,11,5,2,3,8,2,-2,2,2,9,-2,10,-1,9,-2,6,130
-1,4,12,5,2,4,2,2,-3,7,17,4,2,5,18,4,2,8,130
-1,4,13,5,2,4,2,4,-3,3,2,4,-2,7,-1,4,-2,6,130
-1,4,14,5,2,4,4,2,-3,2,2,6,-3,7,-2,6,-3,6,130
1,4,1,5,2,1,3,2,0,2,9,2,0,3,8,2,0,6,130
1,4,2,5,2,1,6,2,0,2,2,5,0,6,1,5,0,6,130
1,4,3,5,2,2,2,2,-1,11,2,2,8,3,9,8,2,8,130
1,4,4,5,2,2,2,3,-1,3,3,2,0,4,2,2,0,6,130
1,4,6,5,2,2,19,9,-1,2,2,19,-1,27,0,19,-1,16,130
1,4,7,5,2,3,2,2,-2,5,2,3,1,4,2,3,1,6,130
1,4,8,5,2,3,3,2,-2,2,21,4,-2,5,18,4,-2,6,130
1,4,9,5,2,3,5,10,-2,2,2,6,-2,15,-1,6,-2,7,130
1,4,11,5,2,4,2,3,-3,3,5,4,-2,6,2,4,-2,6,130
1,4,12,5,2,4,3,6,-3,2,3,5,-3,10,-1,5,-3,6,130
1,4,13,5,2,4,14,4,-3,2,2,16,-3,19,-2,16,-3,9,130
1,4,14,5,2,5,2,2,-4,5,5,5,-1,6,3,5,-1,6,130
3,4,1,5,2,2,2,2,-1,31,2,2,28,3,29,28,2,28,130
3,4,2,5,2,2,2,2,-1,4,2,2,1,3,2,2,1,7,130
3,4,3,5,2,2,3,2,-1,2,4,3,-1,4,2,3,-1,6,130
3,4,4,5,2,2,9,2,-1,2,2,9,-1,10,0,9,-1,6,130
3,4,6,5,2,3,2,6,-2,3,2,3,-1,8,0,3,-1,6,130
3,4,7,5,2,3,4,4,-2,2,2,5,-2,8,-1,5,-2,6,130
5,4,3,5,2,3,2,2,-2,11,2,3,7,4,8,7,3,7,130
5,4,4,5,2,3,2,3,-2,3,3,3,-1,5,1,3,-1,6,130
5,4,6,5,2,3,19,9,-2,2,2,20,-2,28,-1,20,-2,15,130
5,4,7,5,2,4,2,2,-3,5,2,4,0,5,1,4,0,6,130
5,4,8,5,2,4,3,2,-3,2,21,5,-3,6,17,5,-3,6,130
5,4,9,5,2,4,5,10,-3,2,2,7,-3,16,-2,7,-3,6,130
5,4,11,5,2,5,2,3,-4,3,5,5,-3,7,1,5,-3,6,130
5,4,12,5,2,5,3,6,-4,2,3,6,-4,11,-2,6,-4,6,130
5,4,13,5,2,5,14,4,-4,2,2,17,-4,20,-3,17,-4,8,130
5,4,14,5,2,6,2,2,-5,5,5,6,-2,7,2,6,-2,6,130
7,4,1,5,2,3,2,2,-2,31,2,3,27,4,28,27,3,27,130
7,4,2,5,2,3,2,2,-2,4,2,3,0,4,1,3,0,6,130
7,4,3,5,2,3,3,2,-2,2,4,4,-2,5,1,4,-2,6,130
7,4,4,5,2,3,9,2,-2,2,2,10,-2,11,-1,10,-2,7,130
7,4,6,5,2,4,2,6,-3,3,2,4,-2,9,-1,4,-2,6,130
7,4,7,5,2,4,4,4,-3,2,2,6,-3,9,-2,6,-3,6,130
3,4,8,5,2,4,2,2,-3,79,2,4,74,5,75,74,4,74,130
3,4,9,5,2,4,2,2,-3,4,2,4,-1,5,0,4,-1,6,130
3,4,11,5,2,4,8,2,-3,2,2,10,-3,11,-2,10,-3,6,130
3,4,12,5,2,5,2,2,-4,7,17,5,1,6,17,5,1,7,130
3,4,13,5,2,5,2,4,-4,3,2,5,-3,8,-2,5,-3,6,130
3,4,14,5,2,5,4,2,-4,2,2,7,-4,8,-3,7,-4,6,130
5,4,1,5,2,2,3,2,-1,2,9,3,-1,4,7,3,-1,7,130
5,4,2,5,2,2,6,2,-1,2,2,6,-1,7,0,6,-1,6,130
7,4,8,5,2,5,2,2,-4,79,2,5,73,6,74,73,5,73,130
7,4,9,5,2,5,2,2,-4,4,2,5,-2,6,-1,5,-2,6,130
7,4,11,5,2,5,8,2,-4,2,2,11,-4,12,-3,11,-4,6,130
7,4,12,5,2,6,2,2,-5,7,17,6,0,7,16,6,0,6,130
7,4,13,5,2,6,2,4,-5,3,2,6,-4,9,-3,6,-4,6,130
7,4,14,5,2,6,4,2,-5,2,2,8,-5,9,-4,8,-5,6,130
9,4,1,5,2,3,3,2,-2,2,9,4,-2,5,6,4,-2,6,130
9,4,2,5,2,3,6,2,-2,2,2,7,-2,8,-1,7,-2,6,130
9,4,3,5,2,4,2,2,-3,11,2,4,6,5,7,6,4,6,130
9,4,4,5,2,4,2,3,-3,3,3,4,-2,6,0,4,-2,6,130
9,4,6,5,2,4,19,9,-3,2,2,21,-3,29,-2,21,-3,14,130
9,4,7,5,2,5,2,2,-4,5,2,5,-1,6,0,5,-1,6,130
9,4,8,5,2,5,3,2,-4,2,21,6,-4,7,16,6,-4,6,130
9,4,9,5,2,5,5,10,-4,2,2,8,-4,17,-3,8,-4,9,130
9,4,11,5,2,6,2,3,-5,3,5,6,-4,8,0,6,-4,6,130
9,4,12,5,2,6,3,6,-5,2,3,7,-5,12,-3,7,-5,6,130
9,4,13,5,2,6,14,4,-5,2,2,18,-5,21,-4,18,-5,6,130
9,4,14,5,2,7,2,2,-6,5,5,7,-3,8,1,7,-3,6,130
11,4,1,5,2,4,2,2,-3,31,2,4,26,5,27,26,4,26,130
11,4,2,5,2,4,2,2,-3,4,2,4,-1,5,0,4,-1,6,130
11,4,3,5,2,4,3,2,-3,2,4,5,-3,6,0,5,-3,6,130
11,4,4,5,2,4,9,2,-3,2,2,11,-3,12,-2,11,-3,6,130
11,4,6,5,2,5,2,6,-4,3,2,5,-3,10,-2,5,-3,6,130
11,4,7,5,2,5,4,4,-4,2,2,7,-4,10,-3,7,-4,6,130
11,4,8,5,2,6,2,2,-5,79,2,6,72,7,73,72,6,72,130
11,4,9,5,2,6,2,2,-5,4,2,6,-3,7,-2,6,-3,6,130
11,4,11,5,2,6,8,2,-5,2,2,12,-5,13,-4,12,-5,6,130
11,4,12,5,2,7,2,2,-6,7,17,7,-1,8,15,7,-1,6,130
11,4,13,5,2,7,2,4,-6,3,2,7,-5,10,-4,7,-5,6,130
11,4,14,5,2,7,4,2,-6,2,2,9,-6,10,-5,9,-6,6,130
13,4,1,5,2,4,3,2,-3,2,9,5,-3,6,5,5,-3,6,130
13,4,2,5,2,4,6,2,-3,2,2,8,-3,9,-2,8,-3,6,130
13,4,3,5,2,5,2,2,-4,11,2,5,5,6,6,5,5,6,130
13,4,4,5,2,5,2,3,-4,3,3,5,-3,7,-1,5,-3,6,130
13,4,6,5,2,5,19,9,-4,2,2,22,-4,30,-3,22,-4,13,130
13,4,7,5,2,6,2,2,-5,5,2,6,-2,7,-1,6,-2,6,130
13,4,8,5,2,6,3,2,-5,2,21,7,-5,8,15,7,-5,7,130
13,4,9,5,2,6,5,10,-5,2,2,9,-5,18,-4,9,-5,6,130
13,4,11,5,2,7,2,3,-6,3,5,7,-5,9,-1,7,-5,6,130
13,4,12,5,2,7,3,6,-6,2,3,8,-6,13,-4,8,-6,6,130
13,4,13,5,2,7,14,4,-6,2,2,19,-6,22,-5,19,-6,6,130
13,4,14,5,2,8,2,2,-7,5,5,8,-4,9,0,8,-4,6,130
15,4,1,5,2,5,2,2,-4,31,2,5,25,6,26,25,5,25,130
15,4,2,5,2,5,2,2,-4,4,2,5,-2,6,-1,5,-2,6,130
15,4,3,5,2,5,3,2,-4,2,4,6,-4,7,-1,6,-4,6,130
15,4,4,5,2,5,9,2,-4,2,2,12,-4,13,-3,12,-4,7,130
15,4,6,5,2,6,2,6,-5,3,2,6,-4,11,-3,6,-4,6,130
15,4,7,5,2,6,4,4,-5,2,2,8,-5,11,-4,8,-5,6,130
15,4,8,5,2,7,2,2,-6,79,2,7,71,8,72,71,7,71,130
15,4,9,5,2,7,2,2,-6,4,2,7,-4,8,-3,7,-4,6,130
15,4,11,5,2,7,8,2,-6,2,2,13,-6,14,-5,13,-6,6,130
15,4,12,5,2,8,2,2,-7,7,17,8,-2,9,14,8,-2,6,130
15,4,13,5,2,8,2,4,-7,3,2,8,-6,11,-5,8,-6,6,130
15,4,14,5,2,8,4,2,-7,2,2,10,-7,11,-6,10,-7,6,130
-19,5,1,1,2,-2,3,3,3,2,3,-1,3,1,5,3,-1,6,130
-19,5,2,1,2,0,2,2,1,36,2,0,35,1,36,35,0,34,130
-16,5,2,1,2,0,3,4,1,2,3,1,1,4,3,1,1,6,130
-16,5,3,1,2,2,2,2,-1,24,2,2,21,3,22,21,2,21,130
-14,5,1,1,2,-1,3,3,2,2,3,0,2,2,4,2,0,6,130
-14,5,2,1,2,1,2,2,0,36,2,1,34,2,35,34,1,34,130
-14,5,3,1,2,2,2,5,-1,3,2,2,0,6,1,2,0,6,130
-13,5,1,1,2,-1,6,2,2,2,2,3,2,4,3,3,2,6,130
-13,5,2,1,2,1,2,2,0,5,2,1,3,2,4,3,1,6,130
-13,5,3,1,2,2,3,5,-1,2,3,3,-1,7,1,3,-1,6,130
-12,5,1,1,2,0,2,2,1,71,2,0,70,1,71,70,0,69,130
-12,5,2,1,2,1,2,4,0,3,2,1,1,4,2,1,1,6,130
-12,5,3,1,2,2,7,2,-1,2,2,7,-1,8,0,7,-1,6,130
-11,5,1,1,2,0,2,2,1,5,4,0,4,1,7,4,0,6,130
-11,5,2,1,2,1,3,4,0,2,3,2,0,5,2,2,0,6,130
-11,5,3,1,2,3,2,2,-2,24,2,3,20,4,21,20,3,20,130
-9,5,1,1,2,0,3,3,1,2,3,1,1,3,3,1,1,6,130
-9,5,2,1,2,2,2,2,-1,36,2,2,33,3,34,33,2,33,130
-19,5,3,1,2,1,2,5,0,3,2,1,1,5,2,1,1,6,130
-18,5,1,1,2,-2,6,2,3,2,2,2,3,3,4,3,2,6,130
-18,5,2,1,2,0,2,2,1,5,2,0,4,1,5,4,0,6,130
-18,5,3,1,2,1,3,5,0,2,3,2,0,6,2,2,0,6,130
-17,5,1,1,2,-1,2,2,2,71,2,-1,71,0,72,71,-1,68,130
-17,5,2,1,2,0,2,4,1,3,2,0,2,3,3,2,0,7,130
-17,5,3,1,2,1,7,2,0,2,2,6,0,7,1,6,0,6,130
-16,5,1,1,2,-1,2,2,2,5,4,-1,5,0,8,5,-1,7,130
-9,5,3,1,2,3,2,5,-2,3,2,3,-1,7,0,3,-1,6,130
-8,5,1,1,2,0,6,2,1,2,2,4,1,5,2,4,1,6,130
-8,5,2,1,2,2,2,2,-1,5,2,2,2,3,3,2,2,6,130
-8,5,3,1,2,3,3,5,-2,2,3,4,-2,8,0,4,-2,6,130
-7,5,1,1,2,1,2,2,0,71,2,1,69,2,70,69,1,69,130
-7,5,2,1,2,2,2,4,-1,3,2,2,0,5,1,2,0,6,130
-7,5,3,1,2,3,7,2,-2,2,2,8,-2,9,-1,8,-2,6,130
-6,5,1,1,2,1,2,2,0,5,4,1,3,2,6,3,1,7,130
-6,5,2,1,2,2,3,4,-1,2,3,3,-1,6,1,3,-1,6,130
-6,5,3,1,2,4,2,2,-3,24,2,4,19,5,20,19,4,19,130
-4,5,1,1,2,1,3,3,0,2,3,2,0,4,2,2,0,6,130
-4,5,2,1,2,3,2,2,-2,36,2,3,32,4,33,32,3,32,130
-4,5,3,1,2,4,2,5,-3,3,2,4,-2,8,-1,4,-2,6,130
-3,5,1,1,2,1,6,2,0,2,2,5,0,6,1,5,0,6,130
-3,5,2,1,2,3,2,2,-2,5,2,3,1,4,2,3,1,6,130
-3,5,3,1,2,4,3,5,-3,2,3,5,-3,9,-1,5,-3,6,130
-2,5,1,1,2,2,2,2,-1,71,2,2,68,3,69,68,2,68,130
-2,5,2,1,2,3,2,4,-2,3,2,3,-1,6,0,3,-1,6,130
-2,5,3,1,2,4,7,2,-3,2,2,9,-3,10,-2,9,-3,7,130
-1,5,1,1,2,2,2,2,-1,5,4,2,2,3,5,2,2,6,130
-1,5,2,1,2,3,3,4,-2,2,3,4,-2,7,0,4,-2,6,130
-1,5,3,1,2,5,2,2,-4,24,2,5,18,6,19,18,5,18,130
1,5,1,1,2,2,3,3,-1,2,3,3,-1,5,1,3,-1,6,130
1,5,2,1,2,4,2,2,-3,36,2,4,31,5,32,31,4,31,130
1,5,3,1,2,5,2,5,-4,3,2,5,-3,9,-2,5,-3,6,130
2,5,1,1,2,2,6,2,-1,2,2,6,-1,7,0,6,-1,8,130
2,5,2,1,2,4,2,2,-3,5,2,4,0,5,1,4,0,6,130
2,5,3,1,2,5,3,5,-4,2,3,6,-4,10,-2,6,-4,6,130
3,5,1,1,2,3,2,2,-2,71,2,3,67,4,68,67,3,67,130
3,5,2,1,2,4,2,4,-3,3,2,4,-2,7,-1,4,-2,6,130
3,5,3,1,2,5,7,2,-4,2,2,10,-4,11,-3,10,-4,6,130
4,5,1,1,2,3,2,2,-2,5,4,3,1,4,4,3,1,6,130
8,5,1,1,2,4,2,2,-3,71,2,4,66,5,67,66,4,66,130
8,5,2,1,2,5,2,4,-4,3,2,5,-3,8,-2,5,-3,6,130
8,5,3,1,2,6,7,2,-5,2,2,11,-5,12,-4,11,-5,6,130
9,5,1,1,2,4,2,2,-3,5,4,4,0,5,3,4,0,6,130
9,5,2,1,2,5,3,4,-4,2,3,6,-4,9,-2,6,-4,6,130
9,5,3,1,2,7,2,2,-6,24,2,7,16,8,17,16,7,16,130
11,5,1,1,2,4,3,3,-3,2,3,5,-3,7,-1,5,-3,6,130
11,5,2,1,2,6,2,2,-5,36,2,6,29,7,30,29,6,29,130
4,5,2,1,2,4,3,4,-3,2,3,5,-3,8,-1,5,-3,6,130
4,5,3,1,2,6,2,2,-5,24,2,6,17,7,18,17,6,17,130
6,5,1,1,2,3,3,3,-2,2,3,4,-2,6,0,4,-2,6,130
6,5,2,1,2,5,2,2,-4,36,2,5,30,6,31,30,5,30,130
6,5,3,1,2,6,2,5,-5,3,2,6,-4,10,-3,6,-4,6,130
7,5,1,1,2,3,6,2,-2,2,2,7,-2,8,-1,7,-2,6,130
7,5,2,1,2,5,2,2,-4,5,2,5,-1,6,0,5,-1,6,130
7,5,3,1,2,6,3,5,-5,2,3,7,-5,11,-3,7,-5,6,130
11,5,3,1,2,7,2,5,-6,3,2,7,-5,11,-4,7,-5,6,130
12,5,1,1,2,4,6,2,-3,2,2,8,-3,9,-2,8,-3,6,130
12,5,2,1,2,6,2,2,-5,5,2,6,-2,7,-1,6,-2,6,130
12,5,3,1,2,7,3,5,-6,2,3,8,-6,12,-4,8,-6,6,130
13,5,1,1,2,5,2,2,-4,71,2,5,65,6,66,65,5,65,130
13,5,2,1,2,6,2,4,-5,3,2,6,-4,9,-3,6,-4,6,130
13,5,3,1,2,7,7,2,-6,2,2,12,-6,13,-5,12,-6,7,130
14,5,1,1,2,5,2,2,-4,5,4,5,-1,6,2,5,-1,6,130
-19,5,5,2,2,0,4,5,1,2,2,2,1,6,2,2,1,6,130
-18,5,1,2,2,-2,2,2,3,10,2,-2,11,-1,12,11,-2,6,130
-18,5,3,2,2,-1,3,2,2,2,13,0,2,1,14,2,0,6,130
-18,5,5,2,2,0,16,3,1,2,2,14,1,16,2,14,1,14,130
-17,5,1,2,2,-2,2,2,3,4,2,-2,5,-1,6,5,-2,7,130
-17,5,3,2,2,-1,4,3,2,2,2,1,2,3,3,2,1,6,130
-17,5,5,2,2,1,2,2,0,8,2,1,6,2,7,6,1,6,130
-16,5,1,2,2,-2,3,2,3,2,36,-1,3,0,38,3,-1,7,130
18,5,1,1,2,6,2,2,-5,71,2,6,64,7,65,64,6,64,130
18,5,2,1,2,7,2,4,-6,3,2,7,-5,10,-4,7,-5,6,130
18,5,3,1,2,8,7,2,-7,2,2,13,-7,14,-6,13,-7,6,130
19,5,1,1,2,6,2,2,-5,5,4,6,-2,7,1,6,-2,6,130
19,5,2,1,2,7,3,4,-6,2,3,8,-6,11,-4,8,-6,6,130
19,5,3,1,2,9,2,2,-8,24,2,9,14,10,15,14,9,6,130
-19,5,1,2,2,-3,11,5,4,2,2,6,4,10,5,6,4,6,130
-19,5,3,2,2,-1,2,2,2,4,2,-1,4,0,5,4,-1,6,130
14,5,2,1,2,6,3,4,-5,2,3,7,-5,10,-3,7,-5,6,130
14,5,3,1,2,8,2,2,-7,24,2,8,15,9,16,15,8,6,130
16,5,1,1,2,5,3,3,-4,2,3,6,-4,8,-2,6,-4,6,130
16,5,2,1,2,7,2,2,-6,36,2,7,28,8,29,28,7,28,130
16,5,3,1,2,8,2,5,-7,3,2,8,-6,12,-5,8,-6,6,130
17,5,1,1,2,5,6,2,-4,2,2,9,-4,10,-3,9,-4,6,130
17,5,2,1,2,7,2,2,-6,5,2,7,-3,8,-2,7,-3,6,130
17,5,3,1,2,8,3,5,-7,2,3,9,-7,13,-5,9,-7,6,130
-16,5,3,2,2,-1,13,4,2,2,2,10,2,13,3,10,2,10,130
-16,5,5,2,2,1,2,3,0,3,51,1,1,3,51,1,1,6,130
-14,5,1,2,2,-2,11,5,3,2,2,7,3,11,4,7,3,7,130
-14,5,3,2,2,0,2,2,1,4,2,0,3,1,4,3,0,7,130
-14,5,5,2,2,1,4,5,0,2,2,3,0,7,1,3,0,6,130
-13,5,1,2,2,-1,2,2,2,10,2,-1,10,0,11,10,-1,7,130
-13,5,3,2,2,0,3,2,1,2,13,1,1,2,13,1,1,6,130
-13,5,5,2,2,1,16,3,0,2,2,15,0,17,1,15,0,14,130
-12,5,1,2,2,-1,2,2,2,4,2,-1,4,0,5,4,-1,6,130
-12,5,3,2,2,0,4,3,1,2,2,2,1,4,2,2,1,6,130
-12,5,5,2,2,2,2,2,-1,8,2,2,5,3,6,5,2,6,130
-11,5,1,2,2,-1,3,2,2,2,36,0,2,1,37,2,0,6,130
-11,5,3,2,2,0,13,4,1,2,2,11,1,14,2,11,1,11,130
-11,5,5,2,2,2,2,3,-1,3,51,2,0,4,50,2,0,6,130
-9,5,1,2,2,-1,11,5,2,2,2,8,2,12,3,8,2,8,130
-9,5,3,2,2,1,2,2,0,4,2,1,2,2,3,2,1,7,130
-9,5,5,2,2,2,4,5,-1,2,2,4,-1,8,0,4,-1,6,130
-8,5,1,2,2,0,2,2,1,10,2,0,9,1,10,9,0,8,130
-8,5,3,2,2,1,3,2,0,2,13,2,0,3,12,2,0,6,130
-8,5,5,2,2,2,16,3,-1,2,2,16,-1,18,0,16,-1,13,130
-7,5,1,2,2,0,2,2,1,4,2,0,3,1,4,3,0,6,130
-7,5,3,2,2,1,4,3,0,2,2,3,0,5,1,3,0,6,130
-7,5,5,2,2,3,2,2,-2,8,2,3,4,4,5,4,3,6,130
-6,5,1,2,2,0,3,2,1,2,36,1,1,2,36,1,1,6,130
-6,5,3,2,2,1,13,4,0,2,2,12,0,15,1,12,0,11,130
-6,5,5,2,2,3,2,3,-2,3,51,3,-1,5,49,3,-1,6,130
-4,5,1,2,2,0,11,5,1,2,2,9,1,13,2,9,1,9,130
-4,5,3,2,2,2,2,2,-1,4,2,2,1,3,2,2,1,6,130
-4,5,5,2,2,3,4,5,-2,2,2,5,-2,9,-1,5,-2,6,130
-3,5,1,2,2,1,2,2,0,10,2,1,8,2,9,8,1,8,130
-3,5,3,2,2,2,3,2,-1,2,13,3,-1,4,11,3,-1,7,130
-3,5,5,2,2,3,16,3,-2,2,2,17,-2,19,-1,17,-2,12,130
-2,5,1,2,2,1,2,2,0,4,2,1,2,2,3,2,1,6,130
-2,5,3,2,2,2,4,3,-1,2,2,4,-1,6,0,4,-1,6,130
-2,5,5,2,2,4,2,2,-3,8,2,4,3,5,4,4,3,6,130
-1,5,1,2,2,1,3,2,0,2,36,2,0,3,35,2,0,6,130
-1,5,3,2,2,2,13,4,-1,2,2,13,-1,16,0,13,-1,10,130
-1,5,5,2,2,4,2,3,-3,3,51,4,-2,6,48,4,-2,6,130
1,5,1,2,2,1,11,5,0,2,2,10,0,14,1,10,0,9,130
1,5,3,2,2,3,2,2,-2,4,2,3,0,4,1,3,0,6,130
1,5,5,2,2,4,4,5,-3,2,2,6,-3,10,-2,6,-3,6,130
2,5,1,2,2,2,2,2,-1,10,2,2,7,3,8,7,2,7,130
2,5,3,2,2,3,3,2,-2,2,13,4,-2,5,10,4,-2,6,130
2,5,5,2,2,4,16,3,-3,2,2,18,-3,20,-2,18,-3,11,130
3,5,1,2,2,2,2,2,-1,4,2,2,1,3,2,2,1,6,130
3,5,3,2,2,3,4,3,-2,2,2,5,-2,7,-1,5,-2,6,130
3,5,5,2,2,5,2,2,-4,8,2,5,2,6,3,5,2,6,130
4,5,1,2,2,2,3,2,-1,2,36,3,-1,4,34,3,-1,7,130
4,5,3,2,2,3,13,4,-2,2,2,14,-2,17,-1,14,-2,9,130
4,5,5,2,2,5,2,3,-4,3,51,5,-3,7,47,5,-3,6,130
6,5,1,2,2,2,11,5,-1,2,2,11,-1,15,0,11,-1,8,130
6,5,3,2,2,4,2,2,-3,4,2,4,-1,5,0,4,-1,6,130
6,5,5,2,2,5,4,5,-4,2,2,7,-4,11,-3,7,-4,6,130
7,5,1,2,2,3,2,2,-2,10,2,3,6,4,7,6,3,6,130
7,5,3,2,2,4,3,2,-3,2,13,5,-3,6,9,5,-3,6,130
7,5,5,2,2,5,16,3,-4,2,2,19,-4,21,-3,19,-4,10,130
8,5,1,2,2,3,2,2,-2,4,2,3,0,4,1,3,0,7,130
8,5,3,2,2,4,4,3,-3,2,2,6,-3,8,-2,6,-3,6,130
8,5,5,2,2,6,2,2,-5,8,2,6,1,7,2,6,1,6,130
9,5,1,2,2,3,3,2,-2,2,36,4,-2,5,33,4,-2,6,130
9,5,3,2,2,4,13,4,-3,2,2,15,-3,18,-2,15,-3,8,130
9,5,5,2,2,6,2,3,-5,3,51,6,-4,8,46,6,-4,6,130
11,5,1,2,2,3,11,5,-2,2,2,12,-2,16,-1,12,-2,7,130
11,5,3,2,2,5,2,2,-4,4,2,5,-2,6,-1,5,-2,6,130
11,5,5,2,2,6,4,5,-5,2,2,8,-5,12,-4,8,-5,6,130
12,5,1,2,2,4,2,2,-3,10,2,4,5,5,6,5,4,6,130
12,5,3,2,2,5,3,2,-4,2,13,6,-4,7,8,6,-4,6,130
12,5,5,2,2,6,16,3,-5,2,2,20,-5,22,-4,20,-5,6,130
13,5,1,2,2,4,2,2,-3,4,2,4,-1,5,0,4,-1,6,130
13,5,3,2,2,5,4,3,-4,2,2,7,-4,9,-3,7,-4,6,130
13,5,5,2,2,7,2,2,-6,8,2,7,0,8,1,7,0,6,130
14,5,1,2,2,4,3,2,-3,2,36,5,-3,6,32,5,-3,6,130
14,5,3,2,2,5,13,4,-4,2,2,16,-4,19,-3,16,-4,7,130
14,5,5,2,2,7,2,3,-6,3,51,7,-5,9,45,7,-5,6,130
16,5,1,2,2,4,11,5,-3,2,2,13,-3,17,-2,13,-3,6,130
16,5,3,2,2,6,2,2,-5,4,2,6,-3,7,-2,6,-3,6,130
16,5,5,2,2,7,4,5,-6,2,2,9,-6,13,-5,9,-6,6,130
17,5,1,2,2,5,2,2,-4,10,2,5,4,6,5,5,4,6,130
17,5,3,2,2,6,3,2,-5,2,13,7,-5,8,7,7,-5,7,130
17,5,5,2,2,7,16,3,-6,2,2,21,-6,23,-5,21,-6,7,130
-19,5,4,3,2,-1,2,2,2,12,4,-1,12,0,15,12,-1,9,130
-19,5,5,3,2,-1,3,2,2,2,5,0,2,1,6,2,0,6,130
-19,5,7,3,2,0,2,1486,1,3,2,0,2,1485,3,2,0,6,130
-19,5,8,3,2,0,35,5,1,2,2,33,1,37,2,33,1,33,130
-18,5,1,3,2,-3,8,5,4,2,2,3,4,7,5,4,3,6,130
-18,5,2,3,2,-2,2,3,3,3,13,-2,4,0,16,4,-2,6,130
-18,5,4,3,2,-1,2,2,2,4,3,-1,4,0,6,4,-1,6,130
-18,5,5,3,2,-1,5,2,2,2,2,2,2,3,3,2,2,6,130
18,5,1,2,2,5,2,2,-4,4,2,5,-2,6,-1,5,-2,6,130
18,5,3,2,2,6,4,3,-5,2,2,8,-5,10,-4,8,-5,6,130
18,5,5,2,2,8,2,2,-7,8,2,8,-1,9,0,8,-1,6,130
19,5,1,2,2,5,3,2,-4,2,36,6,-4,7,31,6,-4,6,130
19,5,3,2,2,6,13,4,-5,2,2,17,-5,20,-4,17,-5,6,130
19,5,5,2,2,8,2,3,-7,3,51,8,-6,10,44,8,-6,6,130
-19,5,1,3,2,-3,4,2,4,2,2,-1,4,0,5,4,-1,6,130
-19,5,2,3,2,-2,2,2,3,8,2,-2,9,-1,10,9,-2,6,130
-16,5,1,3,2,-2,2,2,3,4,4,-2,5,-1,8,5,-2,6,130
-16,5,2,3,2,-2,4,9,3,2,2,0,3,8,4,3,0,6,130
-16,5,4,3,2,-1,4,2,2,2,2,1,2,2,3,2,1,7,130
-16,5,5,3,2,0,2,2,1,7,2,0,6,1,7,6,0,6,130
-16,5,7,3,2,1,2,2,0,11,2,1,9,2,10,9,1,9,130
-16,5,8,3,2,1,3,2,0,2,5,2,0,3,4,2,0,6,130
-14,5,1,3,2,-2,4,2,3,2,2,0,3,1,4,3,0,6,130
-14,5,2,3,2,-1,2,2,2,8,2,-1,8,0,9,8,-1,7,130
-18,5,7,3,2,0,4,2,1,2,2,2,1,3,2,2,1,6,130
-18,5,8,3,2,1,2,2,0,6,7,1,4,2,10,4,1,6,130
-17,5,1,3,2,-2,2,2,3,15,2,-2,16,-1,17,16,-2,11,130
-17,5,2,3,2,-2,3,2,3,2,7,-1,3,0,9,3,-1,6,130
-17,5,4,3,2,-1,2,18,2,3,2,-1,3,16,4,3,-1,7,130
-17,5,5,3,2,-1,24,2,2,2,2,21,2,22,3,21,2,21,130
-17,5,7,3,2,0,10,60,1,2,2,8,1,67,2,8,1,8,130
-17,5,8,3,2,1,2,3,0,3,4,1,1,3,4,1,1,6,130
-11,5,1,3,2,-1,2,2,2,4,4,-1,4,0,7,4,-1,6,130
-11,5,2,3,2,-1,4,9,2,2,2,1,2,9,3,2,1,6,130
-11,5,4,3,2,0,4,2,1,2,2,2,1,3,2,2,1,7,130
-11,5,5,3,2,1,2,2,0,7,2,1,5,2,6,5,1,6,130
-11,5,7,3,2,2,2,2,-1,11,2,2,8,3,9,8,2,8,130
-11,5,8,3,2,2,3,2,-1,2,5,3,-1,4,3,3,-1,6,130
-9,5,1,3,2,-1,4,2,2,2,2,1,2,2,3,2,1,6,130
-9,5,2,3,2,0,2,2,1,8,2,0,7,1,8,7,0,6,130
-14,5,4,3,2,0,2,2,1,12,4,0,11,1,14,11,0,10,130
-14,5,5,3,2,0,3,2,1,2,5,1,1,2,5,1,1,6,130
-14,5,7,3,2,1,2,1486,0,3,2,1,1,1486,2,1,1,6,130
-14,5,8,3,2,1,35,5,0,2,2,34,0,38,1,34,0,33,130
-13,5,1,3,2,-2,8,5,3,2,2,4,3,8,4,4,3,6,130
-13,5,2,3,2,-1,2,3,2,3,13,-1,3,1,15,3,-1,6,130
-13,5,4,3,2,0,2,2,1,4,3,0,3,1,5,3,0,6,130
-13,5,5,3,2,0,5,2,1,2,2,3,1,4,2,3,1,6,130
-9,5,4,3,2,1,2,2,0,12,4,1,10,2,13,10,1,10,130
-9,5,5,3,2,1,3,2,0,2,5,2,0,3,4,2,0,6,130
-9,5,7,3,2,2,2,1486,-1,3,2,2,0,1487,1,2,0,6,130
-9,5,8,3,2,2,35,5,-1,2,2,35,-1,39,0,35,-1,32,130
-8,5,1,3,2,-1,8,5,2,2,2,5,2,9,3,5,2,6,130
-8,5,2,3,2,0,2,3,1,3,13,0,2,2,14,2,0,6,130
-8,5,4,3,2,1,2,2,0,4,3,1,2,2,4,2,1,6,130
-8,5,5,3,2,1,5,2,0,2,2,4,0,5,1,4,0,6,130
-6,5,1,3,2,0,2,2,1,4,4,0,3,1,6,3,0,6,130
-6,5,2,3,2,0,4,9,1,2,2,2,1,10,2,2,1,6,130
-6,5,4,3,2,1,4,2,0,2,2,3,0,4,1,3,0,7,130
-6,5,5,3,2,2,2,2,-1,7,2,2,4,3,5,4,2,6,130
-6,5,7,3,2,3,2,2,-2,11,2,3,7,4,8,7,3,7,130
-6,5,8,3,2,3,3,2,-2,2,5,4,-2,5,2,4,-2,6,130
-4,5,1,3,2,0,4,2,1,2,2,2,1,3,2,2,1,7,130
-4,5,2,3,2,1,2,2,0,8,2,1,6,2,7,6,1,6,130
-13,5,7,3,2,1,4,2,0,2,2,3,0,4,1,3,0,6,130
-13,5,8,3,2,2,2,2,-1,6,7,2,3,3,9,3,2,6,130
-12,5,1,3,2,-1,2,2,2,15,2,-1,15,0,16,15,-1,12,130
-12,5,2,3,2,-1,3,2,2,2,7,0,2,1,8,2,0,6,130
-12,5,4,3,2,0,2,18,1,3,2,0,2,17,3,2,0,6,130
-12,5,5,3,2,0,24,2,1,2,2,22,1,23,2,22,1,22,130
-12,5,7,3,2,1,10,60,0,2,2,9,0,68,1,9,0,8,130
-12,5,8,3,2,2,2,3,-1,3,4,2,0,4,3,2,0,6,130
-4,5,4,3,2,2,2,2,-1,12,4,2,9,3,12,9,2,9,130
-4,5,5,3,2,2,3,2,-1,2,5,3,-1,4,3,3,-1,6,130
-4,5,7,3,2,3,2,1486,-2,3,2,3,-1,1488,0,3,-1,7,130
-4,5,8,3,2,3,35,5,-2,2,2,36,-2,40,-1,36,-2,31,130
-3,5,1,3,2,0,8,5,1,2,2,6,1,10,2,6,1,6,130
-3,5,2,3,2,1,2,3,0,3,13,1,1,3,13,1,1,6,130
-3,5,4,3,2,2,2,2,-1,4,3,2,1,3,3,2,1,6,130
-3,5,5,3,2,2,5,2,-1,2,2,5,-1,6,0,5,-1,6,130
-8,5,7,3,2,2,4,2,-1,2,2,4,-1,5,0,4,-1,6,130
-8,5,8,3,2,3,2,2,-2,6,7,3,2,4,8,3,2,8,130
-7,5,1,3,2,0,2,2,1,15,2,0,14,1,15,14,0,13,130
-7,5,2,3,2,0,3,2,1,2,7,1,1,2,7,1,1,6,130
-7,5,4,3,2,1,2,18,0,3,2,1,1,18,2,1,1,6,130
-7,5,5,3,2,1,24,2,0,2,2,23,0,24,1,23,0,22,130
-7,5,7,3,2,2,10,60,-1,2,2,10,-1,69,0,10,-1,7,130
-7,5,8,3,2,3,2,3,-2,3,4,3,-1,5,2,3,-1,7,130
-1,5,1,3,2,1,2,2,0,4,4,1,2,2,5,2,1,6,130
-1,5,2,3,2,1,4,9,0,2,2,3,0,11,1,3,0,6,130
-1,5,4,3,2,2,4,2,-1,2,2,4,-1,5,0,4,-1,6,130
-1,5,5,3,2,3,2,2,-2,7,2,3,3,4,4,3,3,6,130
-1,5,7,3,2,4,2,2,-3,11,2,4,6,5,7,6,4,6,130
-1,5,8,3,2,4,3,2,-3,2,5,5,-3,6,1,5,-3,6,130
1,5,1,3,2,1,4,2,0,2,2,3,0,4,1,3,0,7,130
1,5,2,3,2,2,2,2,-1,8,2,2,5,3,6,5,2,6,130
-3,5,7,3,2,3,4,2,-2,2,2,5,-2,6,-1,5,-2,6,130
-3,5,8,3,2,4,2,2,-3,6,7,4,1,5,7,4,1,6,130
-2,5,1,3,2,1,2,2,0,15,2,1,13,2,14,13,1,13,130
-2,5,2,3,2,1,3,2,0,2,7,2,0,3,6,2,0,6,130
-2,5,4,3,2,2,2,18,-1,3,2,2,0,19,1,2,0,6,130
-2,5,5,3,2,2,24,2,-1,2,2,24,-1,25,0,24,-1,21,130
-2,5,7,3,2,3,10,60,-2,2,2,11,-2,70,-1,11,-2,6,130
-2,5,8,3,2,4,2,3,-3,3,4,4,-2,6,1,4,-2,6,130
1,5,4,3,2,3,2,2,-2,12,4,3,8,4,11,8,3,8,130
1,5,5,3,2,3,3,2,-2,2,5,4,-2,5,2,4,-2,6,130
1,5,7,3,2,4,2,1486,-3,3,2,4,-2,1489,-1,4,-2,6,130
1,5,8,3,2,4,35,5,-3,2,2,37,-3,41,-2,37,-3,30,130
2,5,1,3,2,1,8,5,0,2,2,7,0,11,1,7,0,6,130
2,5,2,3,2,2,2,3,-1,3,13,2,0,4,12,2,0,6,130
2,5,4,3,2,3,2,2,-2,4,3,3,0,4,2,3,0,6,130
2,5,5,3,2,3,5,2,-2,2,2,6,-2,7,-1,6,-2,6,130
4,5,1,3,2,2,2,2,-1,4,4,2,1,3,4,2,1,6,130
4,5,2,3,2,2,4,9,-1,2,2,4,-1,12,0,4,-1,6,130
4,5,4,3,2,3,4,2,-2,2,2,5,-2,6,-1,5,-2,6,130
4,5,5,3,2,4,2,2,-3,7,2,4,2,5,3,4,2,6,130
4,5,7,3,2,5,2,2,-4,11,2,5,5,6,6,5,5,6,130
4,5,8,3,2,5,3,2,-4,2,5,6,-4,7,0,6,-4,6,130
6,5,1,3,2,2,4,2,-1,2,2,4,-1,5,0,4,-1,6,130
6,5,2,3,2,3,2,2,-2,8,2,3,4,4,5,4,3,9,130
6,5,4,3,2,4,2,2,-3,12,4,4,7,5,10,7,4,7,130
6,5,5,3,2,4,3,2,-3,2,5,5,-3,6,1,5,-3,6,130
6,5,7,3,2,5,2,1486,-4,3,2,5,-3,1490,-2,5,-3,6,130
6,5,8,3,2,5,35,5,-4,2,2,38,-4,42,-3,38,-4,29,130
7,5,1,3,2,2,8,5,-1,2,2,8,-1,12,0,8,-1,6,130
7,5,2,3,2,3,2,3,-2,3,13,3,-1,5,11,3,-1,6,130
7,5,4,3,2,4,2,2,-3,4,3,4,-1,5,1,4,-1,6,130
7,5,5,3,2,4,5,2,-3,2,2,7,-3,8,-2,7,-3,6,130
9,5,1,3,2,3,2,2,-2,4,4,3,0,4,3,3,0,6,130
9,5,2,3,2,3,4,9,-2,2,2,5,-2,13,-1,5,-2,6,130
9,5,4,3,2,4,4,2,-3,2,2,6,-3,7,-2,6,-3,6,130
9,5,5,3,2,5,2,2,-4,7,2,5,1,6,2,5,1,6,130
9,5,7,3,2,6,2,2,-5,11,2,6,4,7,5,6,4,14,130
9,5,8,3,2,6,3,2,-5,2,5,7,-5,8,-1,7,-5,6,130
11,5,1,3,2,3,4,2,-2,2,2,5,-2,6,-1,5,-2,6,130
11,5,2,3,2,4,2,2,-3,8,2,4,3,5,4,4,3,11,130
2,5,7,3,2,4,4,2,-3,2,2,6,-3,7,-2,6,-3,6,130
2,5,8,3,2,5,2,2,-4,6,7,5,0,6,6,5,0,6,130
3,5,1,3,2,2,2,2,-1,15,2,2,12,3,13,12,2,12,130
3,5,2,3,2,2,3,2,-1,2,7,3,-1,4,5,3,-1,6,130
3,5,4,3,2,3,2,18,-2,3,2,3,-1,20,0,3,-1,7,130
3,5,5,3,2,3,24,2,-2,2,2,25,-2,26,-1,25,-2,20,130
3,5,7,3,2,4,10,60,-3,2,2,12,-3,71,-2,12,-3,6,130
3,5,8,3,2,5,2,3,-4,3,4,5,-3,7,0,5,-3,6,130
11,5,4,3,2,5,2,2,-4,12,4,5,6,6,9,6,5,6,130
11,5,5,3,2,5,3,2,-4,2,5,6,-4,7,0,6,-4,6,130
11,5,7,3,2,6,2,1486,-5,3,2,6,-4,1491,-3,6,-4,6,130
11,5,8,3,2,6,35,5,-5,2,2,39,-5,43,-4,39,-5,6,130
12,5,1,3,2,3,8,5,-2,2,2,9,-2,13,-1,9,-2,8,130
12,5,2,3,2,4,2,3,-3,3,13,4,-2,6,10,4,-2,6,130
12,5,4,3,2,5,2,2,-4,4,3,5,-2,6,0,5,-2,6,130
12,5,5,3,2,5,5,2,-4,2,2,8,-4,9,-3,8,-4,6,130
7,5,7,3,2,5,4,2,-4,2,2,7,-4,8,-3,7,-4,6,130
7,5,8,3,2,6,2,2,-5,6,7,6,-1,7,5,6,-1,6,130
8,5,1,3,2,3,2,2,-2,15,2,3,11,4,12,11,3,11,130
8,5,2,3,2,3,3,2,-2,2,7,4,-2,5,4,4,-2,6,130
8,5,4,3,2,4,2,18,-3,3,2,4,-2,21,-1,4,-2,6,130
8,5,5,3,2,4,24,2,-3,2,2,26,-3,27,-2,26,-3,19,130
8,5,7,3,2,5,10,60,-4,2,2,13,-4,72,-3,13,-4,13,130
8,5,8,3,2,6,2,3,-5,3,4,6,-4,8,-1,6,-4,6,130
14,5,1,3,2,4,2,2,-3,4,4,4,-1,5,2,4,-1,6,130
14,5,2,3,2,4,4,9,-3,2,2,6,-3,14,-2,6,-3,6,130
14,5,4,3,2,5,4,2,-4,2,2,7,-4,8,-3,7,-4,7,130
14,5,5,3,2,6,2,2,-5,7,2,6,0,7,1,6,0,6,130
14,5,7,3,2,7,2,2,-6,11,2,7,3,8,4,7,3,13,130
14,5,8,3,2,7,3,2,-6,2,5,8,-6,9,-2,8,-6,6,130
16,5,1,3,2,4,4,2,-3,2,2,6,-3,7,-2,6,-3,6,130
16,5,2,3,2,5,2,2,-4,8,2,5,2,6,3,5,2,9,130
16,5,4,3,2,6,2,2,-5,12,4,6,5,7,8,6,5,6,130
16,5,5,3,2,6,3,2,-5,2,5,7,-5,8,-1,7,-5,6,130
16,5,7,3,2,7,2,1486,-6,3,2,7,-5,1492,-4,7,-5,6,130
16,5,8,3,2,7,35,5,-6,2,2,40,-6,44,-5,40,-6,7,130
17,5,1,3,2,4,8,5,-3,2,2,10,-3,14,-2,10,-3,7,130
17,5,2,3,2,5,2,3,-4,3,13,5,-3,7,9,5,-3,6,130
17,5,4,3,2,6,2,2,-5,4,3,6,-3,7,-1,6,-3,6,130
17,5,5,3,2,6,5,2,-5,2,2,9,-5,10,-4,9,-5,6,130
12,5,7,3,2,6,4,2,-5,2,2,8,-5,9,-4,8,-5,6,130
12,5,8,3,2,7,2,2,-6,6,7,7,-2,8,4,7,-2,6,130
13,5,1,3,2,4,2,2,-3,15,2,4,10,5,11,10,4,10,130
13,5,2,3,2,4,3,2,-3,2,7,5,-3,6,3,5,-3,6,130
13,5,4,3,2,5,2,18,-4,3,2,5,-3,22,-2,5,-3,6,130
13,5,5,3,2,5,24,2,-4,2,2,27,-4,28,-3,27,-4,18,130
13,5,7,3,2,6,10,60,-5,2,2,14,-5,73,-4,14,-5,6,130
13,5,8,3,2,7,2,3,-6,3,4,7,-5,9,-2,7,-5,6,130
19,5,1,3,2,5,2,2,-4,4,4,5,-2,6,1,5,-2,6,130
19,5,2,3,2,5,4,9,-4,2,2,7,-4,15,-3,7,-4,6,130
19,5,4,3,2,6,4,2,-5,2,2,8,-5,9,-4,8,-5,6,130
19,5,5,3,2,7,2,2,-6,7,2,7,-1,8,0,7,-1,6,130
19,5,7,3,2,8,2,2,-7,11,2,8,2,9,3,8,2,6,130
19,5,8,3,2,8,3,2,-7,2,5,9,-7,10,-3,9,-7,6,130
-19,5,1,4,2,-3,3,2,4,2,6,-2,4,-1,9,4,-2,6,130
-19,5,3,4,2,-2,2,2,3,4,7,-2,5,-1,11,5,-2,6,130
-19,5,5,4,2,-2,32,2,3,2,2,28,3,29,4,28,3,28,130
-19,5,7,4,2,-1,4,2,2,2,2,1,2,2,3,2,1,6,130
-19,5,9,4,2,0,2,3,1,3,3,0,2,2,4,2,0,6,130
-19,5,11,4,2,1,2,2,0,12,2,1,10,2,11,10,1,10,130
-18,5,1,4,2,-3,5,2,4,2,2,0,4,1,5,4,0,7,130
-18,5,3,4,2,-2,2,7,3,3,2,-2,4,4,5,4,-2,6,130
-18,5,5,4,2,-1,2,2,2,6,26,-1,6,0,31,6,-1,6,130
-18,5,7,4,2,-1,8,124,2,2,2,5,2,128,3,5,2,6,130
-16,5,1,4,2,-2,2,2,3,7,3,-2,8,-1,10,8,-2,6,130
-16,5,3,4,2,-2,8,2,3,2,2,4,3,5,4,4,3,9,130
-16,5,5,4,2,-1,3,2,2,2,5,0,2,1,6,2,0,6,130
-16,5,7,4,2,0,2,2,1,4,3,0,3,1,5,3,0,6,130
-16,5,9,4,2,0,56,2,1,2,2,54,1,55,2,54,1,54,130
-16,5,11,4,2,1,4,2,0,2,2,3,0,4,1,3,0,6,130
-14,5,1,4,2,-2,3,2,3,2,6,-1,3,0,8,3,-1,6,130
-14,5,3,4,2,-1,2,2,2,4,7,-1,4,0,10,4,-1,6,130
-18,5,9,4,2,0,3,2,1,2,4,1,1,2,4,1,1,6,130
-18,5,11,4,2,1,2,2,0,4,2,1,2,2,3,2,1,6,130
-17,5,1,4,2,-3,22,3,4,2,2,17,4,19,5,17,4,17,130
-17,5,3,4,2,-2,3,19,3,2,3,-1,3,17,5,3,-1,6,130
-17,5,5,4,2,-1,2,3,2,3,4,-1,3,1,6,3,-1,6,130
-17,5,7,4,2,0,2,2,1,14,2,0,13,1,14,13,0,12,130
-17,5,9,4,2,0,5,3,1,2,2,3,1,5,2,3,1,6,130
-17,5,11,4,2,1,2,24,0,3,2,1,1,24,2,1,1,6,130
17,5,7,3,2,7,4,2,-6,2,2,9,-6,10,-5,9,-6,6,130
17,5,8,3,2,8,2,2,-7,6,7,8,-3,9,3,8,-3,6,130
18,5,1,3,2,5,2,2,-4,15,2,5,9,6,10,9,5,9,130
18,5,2,3,2,5,3,2,-4,2,7,6,-4,7,2,6,-4,6,130
18,5,4,3,2,6,2,18,-5,3,2,6,-4,23,-3,6,-4,6,130
18,5,5,3,2,6,24,2,-5,2,2,28,-5,29,-4,28,-5,6,130
18,5,7,3,2,7,10,60,-6,2,2,15,-6,74,-5,15,-6,7,130
18,5,8,3,2,8,2,3,-7,3,4,8,-6,10,-3,8,-6,6,130
-14,5,5,4,2,-1,32,2,2,2,2,29,2,30,3,29,2,29,130
-14,5,7,4,2,0,4,2,1,2,2,2,1,3,2,2,1,7,130
-14,5,9,4,2,1,2,3,0,3,3,1,1,3,3,1,1,6,130
-14,5,11,4,2,2,2,2,-1,12,2,2,9,3,10,9,2,9,130
-13,5,1,4,2,-2,5,2,3,2,2,1,3,2,4,3,1,6,130
-13,5,3,4,2,-1,2,7,2,3,2,-1,3,5,4,3,-1,6,130
-13,5,5,4,2,0,2,2,1,6,26,0,5,1,30,5,0,6,130
-13,5,7,4,2,0,8,124,1,2,2,6,1,129,2,6,1,6,130
-13,5,9,4,2,1,3,2,0,2,4,2,0,3,3,2,0,6,130
-13,5,11,4,2,2,2,2,-1,4,2,2,1,3,2,2,1,6,130
-12,5,1,4,2,-2,22,3,3,2,2,18,3,20,4,18,3,18,130
-12,5,3,4,2,-1,3,19,2,2,3,0,2,18,4,2,0,6,130
-12,5,5,4,2,0,2,3,1,3,4,0,2,2,5,2,0,6,130
-12,5,7,4,2,1,2,2,0,14,2,1,12,2,13,12,1,12,130
-12,5,9,4,2,1,5,3,0,2,2,4,0,6,1,4,0,6,130
-12,5,11,4,2,2,2,24,-1,3,2,2,0,25,1,2,0,6,130
-11,5,1,4,2,-1,2,2,2,7,3,-1,7,0,9,7,-1,6,130
-11,5,3,4,2,-1,8,2,2,2,2,5,2,6,3,5,2,6,130
-11,5,5,4,2,0,3,2,1,2,5,1,1,2,5,1,1,6,130
-11,5,7,4,2,1,2,2,0,4,3,1,2,2,4,2,1,6,130
-11,5,9,4,2,1,56,2,0,2,2,55,0,56,1,55,0,54,130
-11,5,11,4,2,2,4,2,-1,2,2,4,-1,5,0,4,-1,6,130
-9,5,1,4,2,-1,3,2,2,2,6,0,2,1,7,2,0,6,130
-9,5,3,4,2,0,2,2,1,4,7,0,3,1,9,3,0,6,130
-9,5,5,4,2,0,32,2,1,2,2,30,1,31,2,30,1,30,130
-9,5,7,4,2,1,4,2,0,2,2,3,0,4,1,3,0,7,130
-9,5,9,4,2,2,2,3,-1,3,3,2,0,4,2,2,0,6,130
-9,5,11,4,2,3,2,2,-2,12,2,3,8,4,9,8,3,8,130
-8,5,1,4,2,-1,5,2,2,2,2,2,2,3,3,2,2,6,130
-8,5,3,4,2,0,2,7,1,3,2,0,2,6,3,2,0,6,130
-8,5,5,4,2,1,2,2,0,6,26,1,4,2,29,4,1,6,130
-8,5,7,4,2,1,8,124,0,2,2,7,0,130,1,7,0,6,130
-8,5,9,4,2,2,3,2,-1,2,4,3,-1,4,2,3,-1,6,130
-8,5,11,4,2,3,2,2,-2,4,2,3,0,4,1,3,0,6,130
-7,5,1,4,2,-1,22,3,2,2,2,19,2,21,3,19,2,19,130
-7,5,3,4,2,0,3,19,1,2,3,1,1,19,3,1,1,6,130
-7,5,5,4,2,1,2,3,0,3,4,1,1,3,4,1,1,6,130
-7,5,7,4,2,2,2,2,-1,14,2,2,11,3,12,11,2,11,130
-7,5,9,4,2,2,5,3,-1,2,2,5,-1,7,0,5,-1,6,130
-7,5,11,4,2,3,2,24,-2,3,2,3,-1,26,0,3,-1,7,130
-6,5,1,4,2,0,2,2,1,7,3,0,6,1,8,6,0,6,130
-6,5,3,4,2,0,8,2,1,2,2,6,1,7,2,6,1,6,130
-6,5,5,4,2,1,3,2,0,2,5,2,0,3,4,2,0,6,130
-6,5,7,4,2,2,2,2,-1,4,3,2,1,3,3,2,1,6,130
-6,5,9,4,2,2,56,2,-1,2,2,56,-1,57,0,56,-1,53,130
-6,5,11,4,2,3,4,2,-2,2,2,5,-2,6,-1,5,-2,8,130
-4,5,1,4,2,0,3,2,1,2,6,1,1,2,6,1,1,6,130
-4,5,3,4,2,1,2,2,0,4,7,1,2,2,8,2,1,6,130
-4,5,5,4,2,1,32,2,0,2,2,31,0,32,1,31,0,30,130
-4,5,7,4,2,2,4,2,-1,2,2,4,-1,5,0,4,-1,6,130
-4,5,9,4,2,3,2,3,-2,3,3,3,-1,5,1,3,-1,6,130
-4,5,11,4,2,4,2,2,-3,12,2,4,7,5,8,7,4,7,130
-3,5,1,4,2,0,5,2,1,2,2,3,1,4,2,3,1,6,130
-3,5,3,4,2,1,2,7,0,3,2,1,1,7,2,1,1,6,130
-3,5,5,4,2,2,2,2,-1,6,26,2,3,3,28,3,2,6,130
-3,5,7,4,2,2,8,124,-1,2,2,8,-1,131,0,8,-1,6,130
-3,5,9,4,2,3,3,2,-2,2,4,4,-2,5,1,4,-2,6,130
-3,5,11,4,2,4,2,2,-3,4,2,4,-1,5,0,4,-1,6,130
-2,5,1,4,2,0,22,3,1,2,2,20,1,22,2,20,1,20,130
-2,5,3,4,2,1,3,19,0,2,3,2,0,20,2,2,0,6,130
-2,5,5,4,2,2,2,3,-1,3,4,2,0,4,3,2,0,6,130
-2,5,7,4,2,3,2,2,-2,14,2,3,10,4,11,10,3,10,130
-2,5,9,4,2,3,5,3,-2,2,2,6,-2,8,-1,6,-2,6,130
-2,5,11,4,2,4,2,24,-3,3,2,4,-2,27,-1,4,-2,6,130
-1,5,1,4,2,1,2,2,0,7,3,1,5,2,7,5,1,6,130
-1,5,3,4,2,1,8,2,0,2,2,7,0,8,1,7,0,6,130
-1,5,5,4,2,2,3,2,-1,2,5,3,-1,4,3,3,-1,6,130
-1,5,7,4,2,3,2,2,-2,4,3,3,0,4,2,3,0,6,130
-1,5,9,4,2,3,56,2,-2,2,2,57,-2,58,-1,57,-2,52,130
-1,5,11,4,2,4,4,2,-3,2,2,6,-3,7,-2,6,-3,6,130
1,5,1,4,2,1,3,2,0,2,6,2,0,3,5,2,0,6,130
1,5,3,4,2,2,2,2,-1,4,7,2,1,3,7,2,1,6,130
1,5,5,4,2,2,32,2,-1,2,2,32,-1,33,0,32,-1,29,130
1,5,7,4,2,3,4,2,-2,2,2,5,-2,6,-1,5,-2,6,130
1,5,9,4,2,4,2,3,-3,3,3,4,-2,6,0,4,-2,6,130
1,5,11,4,2,5,2,2,-4,12,2,5,6,6,7,6,5,6,130
2,5,1,4,2,1,5,2,0,2,2,4,0,5,1,4,0,6,130
2,5,3,4,2,2,2,7,-1,3,2,2,0,8,1,2,0,6,130
2,5,5,4,2,3,2,2,-2,6,26,3,2,4,27,3,2,8,130
2,5,7,4,2,3,8,124,-2,2,2,9,-2,132,-1,9,-2,9,130
2,5,9,4,2,4,3,2,-3,2,4,5,-3,6,0,5,-3,6,130
2,5,11,4,2,5,2,2,-4,4,2,5,-2,6,-1,5,-2,6,130
3,5,1,4,2,1,22,3,0,2,2,21,0,23,1,21,0,20,130
3,5,3,4,2,2,3,19,-1,2,3,3,-1,21,1,3,-1,6,130
3,5,5,4,2,3,2,3,-2,3,4,3,-1,5,2,3,-1,6,130
3,5,7,4,2,4,2,2,-3,14,2,4,9,5,10,9,4,9,130
3,5,9,4,2,4,5,3,-3,2,2,7,-3,9,-2,7,-3,6,130
3,5,11,4,2,5,2,24,-4,3,2,5,-3,28,-2,5,-3,6,130
4,5,1,4,2,2,2,2,-1,7,3,2,4,3,6,4,2,6,130
4,5,3,4,2,2,8,2,-1,2,2,8,-1,9,0,8,-1,7,130
4,5,5,4,2,3,3,2,-2,2,5,4,-2,5,2,4,-2,6,130
4,5,7,4,2,4,2,2,-3,4,3,4,-1,5,1,4,-1,6,130
4,5,9,4,2,4,56,2,-3,2,2,58,-3,59,-2,58,-3,51,130
4,5,11,4,2,5,4,2,-4,2,2,7,-4,8,-3,7,-4,6,130
6,5,1,4,2,2,3,2,-1,2,6,3,-1,4,4,3,-1,6,130
6,5,3,4,2,3,2,2,-2,4,7,3,0,4,6,3,0,6,130
6,5,5,4,2,3,32,2,-2,2,2,33,-2,34,-1,33,-2,28,130
6,5,7,4,2,4,4,2,-3,2,2,6,-3,7,-2,6,-3,6,130
6,5,9,4,2,5,2,3,-4,3,3,5,-3,7,-1,5,-3,6,130
6,5,11,4,2,6,2,2,-5,12,2,6,5,7,6,6,5,6,130
7,5,1,4,2,2,5,2,-1,2,2,5,-1,6,0,5,-1,6,130
7,5,3,4,2,3,2,7,-2,3,2,3,-1,9,0,3,-1,6,130
7,5,5,4,2,4,2,2,-3,6,26,4,1,5,26,4,1,6,130
7,5,7,4,2,4,8,124,-3,2,2,10,-3,133,-2,10,-3,10,130
7,5,9,4,2,5,3,2,-4,2,4,6,-4,7,-1,6,-4,6,130
7,5,11,4,2,6,2,2,-5,4,2,6,-3,7,-2,6,-3,6,130
8,5,1,4,2,2,22,3,-1,2,2,22,-1,24,0,22,-1,19,130
8,5,3,4,2,3,3,19,-2,2,3,4,-2,22,0,4,-2,6,130
8,5,5,4,2,4,2,3,-3,3,4,4,-2,6,1,4,-2,6,130
8,5,7,4,2,5,2,2,-4,14,2,5,8,6,9,8,5,8,130
8,5,9,4,2,5,5,3,-4,2,2,8,-4,10,-3,8,-4,6,130
8,5,11,4,2,6,2,24,-5,3,2,6,-4,29,-3,6,-4,6,130
9,5,1,4,2,3,2,2,-2,7,3,3,3,4,5,3,3,6,130
9,5,3,4,2,3,8,2,-2,2,2,9,-2,10,-1,9,-2,6,130
9,5,5,4,2,4,3,2,-3,2,5,5,-3,6,1,5,-3,6,130
9,5,7,4,2,5,2,2,-4,4,3,5,-2,6,0,5,-2,6,130
9,5,9,4,2,5,56,2,-4,2,2,59,-4,60,-3,59,-4,50,130
9,5,11,4,2,6,4,2,-5,2,2,8,-5,9,-4,8,-5,6,130
11,5,1,4,2,3,3,2,-2,2,6,4,-2,5,3,4,-2,6,130
11,5,3,4,2,4,2,2,-3,4,7,4,-1,5,5,4,-1,6,130
11,5,5,4,2,4,32,2,-3,2,2,34,-3,35,-2,34,-3,27,130
11,5,7,4,2,5,4,2,-4,2,2,7,-4,8,-3,7,-4,6,130
11,5,9,4,2,6,2,3,-5,3,3,6,-4,8,-2,6,-4,6,130
11,5,11,4,2,7,2,2,-6,12,2,7,4,8,5,7,4,8,130
12,5,1,4,2,3,5,2,-2,2,2,6,-2,7,-1,6,-2,6,130
12,5,3,4,2,4,2,7,-3,3,2,4,-2,10,-1,4,-2,6,130
12,5,5,4,2,5,2,2,-4,6,26,5,0,6,25,5,0,6,130
12,5,7,4,2,5,8,124,-4,2,2,11,-4,134,-3,11,-4,10,130
12,5,9,4,2,6,3,2,-5,2,4,7,-5,8,-2,7,-5,6,130
12,5,11,4,2,7,2,2,-6,4,2,7,-4,8,-3,7,-4,6,130
13,5,1,4,2,3,22,3,-2,2,2,23,-2,25,-1,23,-2,18,130
13,5,3,4,2,4,3,19,-3,2,3,5,-3,23,-1,5,-3,6,130
13,5,5,4,2,5,2,3,-4,3,4,5,-3,7,0,5,-3,6,130
13,5,7,4,2,6,2,2,-5,14,2,6,7,7,8,7,6,7,130
13,5,9,4,2,6,5,3,-5,2,2,9,-5,11,-4,9,-5,6,130
13,5,11,4,2,7,2,24,-6,3,2,7,-5,30,-4,7,-5,6,130
14,5,1,4,2,4,2,2,-3,7,3,4,2,5,4,4,2,6,130
14,5,3,4,2,4,8,2,-3,2,2,10,-3,11,-2,10,-3,6,130
14,5,5,4,2,5,3,2,-4,2,5,6,-4,7,0,6,-4,6,130
14,5,7,4,2,6,2,2,-5,4,3,6,-3,7,-1,6,-3,6,130
14,5,9,4,2,6,56,2,-5,2,2,60,-5,61,-4,60,-5,6,130
14,5,11,4,2,7,4,2,-6,2,2,9,-6,10,-5,9,-6,6,130
16,5,1,4,2,4,3,2,-3,2,6,5,-3,6,2,5,-3,6,130
16,5,3,4,2,5,2,2,-4,4,7,5,-2,6,4,5,-2,6,130
-19,5,3,5,2,-2,2,2,3,21,3,-2,22,-1,24,22,-2,17,130
-19,5,4,5,2,-2,2,2,3,4,2,-2,5,-1,6,5,-2,6,130
-19,5,6,5,2,-2,10,4,3,2,2,6,3,9,4,6,3,6,130
-19,5,7,5,2,-1,2,2,2,6,3,-1,6,0,8,6,-1,6,130
-19,5,8,5,2,-1,2,8,2,3,2,-1,3,6,4,3,-1,6,130
-19,5,9,5,2,-1,4,15,2,2,2,1,2,15,3,2,1,6,130
-19,5,11,5,2,0,2,2,1,4,2,0,3,1,4,3,0,6,130
-19,5,12,5,2,0,3,2,1,2,4,1,1,2,4,1,1,6,130
16,5,5,4,2,5,32,2,-4,2,2,35,-4,36,-3,35,-4,26,130
16,5,7,4,2,6,4,2,-5,2,2,8,-5,9,-4,8,-5,6,130
16,5,9,4,2,7,2,3,-6,3,3,7,-5,9,-3,7,-5,6,130
16,5,11,4,2,8,2,2,-7,12,2,8,3,9,4,8,3,6,130
17,5,1,4,2,4,5,2,-3,2,2,7,-3,8,-2,7,-3,6,130
17,5,3,4,2,5,2,7,-4,3,2,5,-3,11,-2,5,-3,6,130
17,5,5,4,2,6,2,2,-5,6,26,6,-1,7,24,6,-1,6,130
17,5,7,4,2,6,8,124,-5,2,2,12,-5,135,-4,12,-5,6,130
17,5,9,4,2,7,3,2,-6,2,4,8,-6,9,-3,8,-6,6,130
17,5,11,4,2,8,2,2,-7,4,2,8,-5,9,-4,8,-5,6,130
18,5,1,4,2,4,22,3,-3,2,2,24,-3,26,-2,24,-3,17,130
18,5,3,4,2,5,3,19,-4,2,3,6,-4,24,-2,6,-4,7,130
18,5,5,4,2,6,2,3,-5,3,4,6,-4,8,-1,6,-4,6,130
18,5,7,4,2,7,2,2,-6,14,2,7,6,8,7,7,6,6,130
18,5,9,4,2,7,5,3,-6,2,2,10,-6,12,-5,10,-6,6,130
18,5,11,4,2,8,2,24,-7,3,2,8,-6,31,-5,8,-6,7,130
19,5,1,4,2,5,2,2,-4,7,3,5,1,6,3,5,1,6,130
19,5,3,4,2,5,8,2,-4,2,2,11,-4,12,-3,11,-4,8,130
19,5,5,4,2,6,3,2,-5,2,5,7,-5,8,-1,7,-5,6,130
19,5,7,4,2,7,2,2,-6,4,3,7,-4,8,-2,7,-4,6,130
19,5,9,4,2,7,56,2,-6,2,2,61,-6,62,-5,61,-6,7,130
19,5,11,4,2,8,4,2,-7,2,2,10,-7,11,-6,10,-7,6,130
-19,5,1,5,2,-3,2,16,4,3,2,-3,5,12,6,5,-3,6,130
-19,5,2,5,2,-3,5,2,4,2,2,0,4,1,5,4,0,7,130
-18,5,8,5,2,-1,3,29,2,2,3,0,2,28,4,2,0,6,130
-18,5,9,5,2,-1,19,2,2,2,2,16,2,17,3,16,2,16,130
-18,5,11,5,2,0,3,2,1,2,23,1,1,2,23,1,1,6,130
-18,5,12,5,2,0,5,7,1,2,2,3,1,9,2,3,1,6,130
-18,5,13,5,2,1,2,2,0,13,184,1,11,2,194,11,1,11,130
-18,5,14,5,2,1,2,3,0,3,5,1,1,3,5,1,1,6,130
-17,5,1,5,2,-3,9,3,4,2,2,4,4,6,5,4,4,6,130
-17,5,2,5,2,-2,2,2,3,7,2,-2,8,-1,9,8,-2,6,130
-19,5,13,5,2,0,9,2,1,2,2,7,1,8,2,7,1,7,130
-19,5,14,5,2,1,2,2,0,7,2,1,5,2,6,5,1,6,130
-18,5,1,5,2,-3,4,2,4,2,2,-1,4,0,5,4,-1,6,130
-18,5,2,5,2,-3,30,2,4,2,2,25,4,26,5,25,4,25,130
-18,5,3,5,2,-2,2,2,3,5,2,-2,6,-1,7,6,-2,6,130
-18,5,4,5,2,-2,3,2,3,2,9,-1,3,0,11,3,-1,6,130
-18,5,6,5,2,-1,2,2,2,11,2,-1,11,0,12,11,-1,8,130
-18,5,7,5,2,-1,2,3,2,3,3,-1,3,1,5,3,-1,6,130
-17,5,3,5,2,-2,2,6,3,3,2,-2,4,3,5,4,-2,6,130
-17,5,4,5,2,-2,4,4,3,2,2,0,3,3,4,3,0,6,130
-17,5,6,5,2,-1,2,2,2,4,2,-1,4,0,5,4,-1,7,130
-17,5,7,5,2,-1,3,2,2,2,4,0,2,1,5,2,0,6,130
-17,5,8,5,2,-1,8,2,2,2,2,5,2,6,3,5,2,6,130
-17,5,9,5,2,0,2,2,1,7,8,0,6,1,13,6,0,6,130
-17,5,11,5,2,0,4,2,1,2,2,2,1,3,2,2,1,6,130
-17,5,12,5,2,0,170,7,1,2,2,168,1,174,2,168,1,-1,130
-17,5,13,5,2,1,2,2,0,4,3,1,2,2,4,2,1,6,130
-17,5,14,5,2,1,3,2,0,2,5,2,0,3,4,2,0,6,130
-16,5,1,5,2,-2,2,2,3,13,2,-2,14,-1,15,14,-2,9,130
-16,5,2,5,2,-2,2,3,3,3,4,-2,4,0,7,4,-2,6,130
-16,5,3,5,2,-2,3,7,3,2,3,-1,3,5,5,3,-1,6,130
-16,5,4,5,2,-2,15,3,3,2,2,11,3,13,4,11,3,11,130
-16,5,6,5,2,-1,2,86,2,3,2,-1,3,84,4,3,-1,7,130
-16,5,7,5,2,-1,5,3,2,2,2,2,2,4,3,2,2,6,130
-16,5,8,5,2,0,2,2,1,16,17,0,15,1,31,15,0,14,130
-16,5,9,5,2,0,2,3,1,3,10,0,2,2,11,2,0,6,130
-16,5,11,5,2,0,12,2,1,2,2,10,1,11,2,10,1,10,130
-16,5,12,5,2,1,2,2,0,6,2,1,4,2,5,4,1,7,130
-16,5,13,5,2,1,2,12,0,3,2,1,1,12,2,1,1,6,130
-16,5,14,5,2,1,5,2,0,2,2,4,0,5,1,4,0,6,130
-14,5,1,5,2,-2,2,16,3,3,2,-2,4,13,5,4,-2,6,130
-14,5,2,5,2,-2,5,2,3,2,2,1,3,2,4,3,1,6,130
-14,5,3,5,2,-1,2,2,2,21,3,-1,21,0,23,21,-1,18,130
-14,5,4,5,2,-1,2,2,2,4,2,-1,4,0,5,4,-1,6,130
-14,5,6,5,2,-1,10,4,2,2,2,7,2,10,3,7,2,7,130
-14,5,7,5,2,0,2,2,1,6,3,0,5,1,7,5,0,6,130
-14,5,8,5,2,0,2,8,1,3,2,0,2,7,3,2,0,6,130
-14,5,9,5,2,0,4,15,1,2,2,2,1,16,2,2,1,6,130
-14,5,11,5,2,1,2,2,0,4,2,1,2,2,3,2,1,6,130
-14,5,12,5,2,1,3,2,0,2,4,2,0,3,3,2,0,6,130
-13,5,8,5,2,0,3,29,1,2,3,1,1,29,3,1,1,6,130
-13,5,9,5,2,0,19,2,1,2,2,17,1,18,2,17,1,17,130
-13,5,11,5,2,1,3,2,0,2,23,2,0,3,22,2,0,6,130
-13,5,12,5,2,1,5,7,0,2,2,4,0,10,1,4,0,6,130
-13,5,13,5,2,2,2,2,-1,13,184,2,10,3,193,10,2,10,130
-13,5,14,5,2,2,2,3,-1,3,5,2,0,4,4,2,0,6,130
-12,5,1,5,2,-2,9,3,3,2,2,5,3,7,4,5,3,6,130
-12,5,2,5,2,-1,2,2,2,7,2,-1,7,0,8,7,-1,6,130
-12,5,3,5,2,-1,2,6,2,3,2,-1,3,4,4,3,-1,6,130
-12,5,4,5,2,-1,4,4,2,2,2,1,2,4,3,2,1,6,130
-12,5,6,5,2,0,2,2,1,4,2,0,3,1,4,3,0,6,130
-12,5,7,5,2,0,3,2,1,2,4,1,1,2,4,1,1,6,130
-12,5,8,5,2,0,8,2,1,2,2,6,1,7,2,6,1,6,130
-12,5,9,5,2,1,2,2,0,7,8,1,5,2,12,5,1,6,130
-12,5,11,5,2,1,4,2,0,2,2,3,0,4,1,3,0,7,130
-12,5,12,5,2,1,170,7,0,2,2,169,0,175,1,169,0,-1,130
-14,5,13,5,2,1,9,2,0,2,2,8,0,9,1,8,0,7,130
-14,5,14,5,2,2,2,2,-1,7,2,2,4,3,5,4,2,7,130
-13,5,1,5,2,-2,4,2,3,2,2,0,3,1,4,3,0,7,130
-13,5,2,5,2,-2,30,2,3,2,2,26,3,27,4,26,3,26,130
-13,5,3,5,2,-1,2,2,2,5,2,-1,5,0,6,5,-1,6,130
-13,5,4,5,2,-1,3,2,2,2,9,0,2,1,10,2,0,6,130
-13,5,6,5,2,0,2,2,1,11,2,0,10,1,11,10,0,9,130
-13,5,7,5,2,0,2,3,1,3,3,0,2,2,4,2,0,6,130
-12,5,13,5,2,2,2,2,-1,4,3,2,1,3,3,2,1,6,130
-12,5,14,5,2,2,3,2,-1,2,5,3,-1,4,3,3,-1,6,130
-11,5,1,5,2,-1,2,2,2,13,2,-1,13,0,14,13,-1,10,130
-11,5,2,5,2,-1,2,3,2,3,4,-1,3,1,6,3,-1,6,130
-11,5,3,5,2,-1,3,7,2,2,3,0,2,6,4,2,0,6,130
-11,5,4,5,2,-1,15,3,2,2,2,12,2,14,3,12,2,12,130
-11,5,6,5,2,0,2,86,1,3,2,0,2,85,3,2,0,6,130
-11,5,7,5,2,0,5,3,1,2,2,3,1,5,2,3,1,6,130
-11,5,8,5,2,1,2,2,0,16,17,1,14,2,30,14,1,14,130
-11,5,9,5,2,1,2,3,0,3,10,1,1,3,10,1,1,6,130
-11,5,11,5,2,1,12,2,0,2,2,11,0,12,1,11,0,10,130
-11,5,12,5,2,2,2,2,-1,6,2,2,3,3,4,3,2,6,130
-11,5,13,5,2,2,2,12,-1,3,2,2,0,13,1,2,0,6,130
-11,5,14,5,2,2,5,2,-1,2,2,5,-1,6,0,5,-1,6,130
-9,5,1,5,2,-1,2,16,2,3,2,-1,3,14,4,3,-1,7,130
-9,5,2,5,2,-1,5,2,2,2,2,2,2,3,3,2,2,6,130
-9,5,3,5,2,0,2,2,1,21,3,0,20,1,22,20,0,19,130
-9,5,4,5,2,0,2,2,1,4,2,0,3,1,4,3,0,7,130
-9,5,6,5,2,0,10,4,1,2,2,8,1,11,2,8,1,8,130
-9,5,7,5,2,1,2,2,0,6,3,1,4,2,6,4,1,6,130
-9,5,8,5,2,1,2,8,0,3,2,1,1,8,2,1,1,6,130
-9,5,9,5,2,1,4,15,0,2,2,3,0,17,1,3,0,6,130
-9,5,11,5,2,2,2,2,-1,4,2,2,1,3,2,2,1,6,130
-9,5,12,5,2,2,3,2,-1,2,4,3,-1,4,2,3,-1,6,130
-9,5,13,5,2,2,9,2,-1,2,2,9,-1,10,0,9,-1,6,130
-9,5,14,5,2,3,2,2,-2,7,2,3,3,4,4,3,3,6,130
-8,5,1,5,2,-1,4,2,2,2,2,1,2,2,3,2,1,6,130
-8,5,2,5,2,-1,30,2,2,2,2,27,2,28,3,27,2,27,130
-8,5,3,5,2,0,2,2,1,5,2,0,4,1,5,4,0,6,130
-8,5,4,5,2,0,3,2,1,2,9,1,1,2,9,1,1,6,130
-8,5,6,5,2,1,2,2,0,11,2,1,9,2,10,9,1,9,130
-8,5,7,5,2,1,2,3,0,3,3,1,1,3,3,1,1,6,130
-8,5,8,5,2,1,3,29,0,2,3,2,0,30,2,2,0,6,130
-8,5,9,5,2,1,19,2,0,2,2,18,0,19,1,18,0,17,130
-8,5,11,5,2,2,3,2,-1,2,23,3,-1,4,21,3,-1,7,130
-8,5,12,5,2,2,5,7,-1,2,2,5,-1,11,0,5,-1,6,130
-8,5,13,5,2,3,2,2,-2,13,184,3,9,4,192,9,3,9,130
-8,5,14,5,2,3,2,3,-2,3,5,3,-1,5,3,3,-1,6,130
-7,5,1,5,2,-1,9,3,2,2,2,6,2,8,3,6,2,6,130
-7,5,2,5,2,0,2,2,1,7,2,0,6,1,7,6,0,6,130
-7,5,3,5,2,0,2,6,1,3,2,0,2,5,3,2,0,6,130
-7,5,4,5,2,0,4,4,1,2,2,2,1,5,2,2,1,6,130
-7,5,6,5,2,1,2,2,0,4,2,1,2,2,3,2,1,6,130
-7,5,7,5,2,1,3,2,0,2,4,2,0,3,3,2,0,6,130
-7,5,8,5,2,1,8,2,0,2,2,7,0,8,1,7,0,6,130
-7,5,9,5,2,2,2,2,-1,7,8,2,4,3,11,4,2,6,130
-7,5,11,5,2,2,4,2,-1,2,2,4,-1,5,0,4,-1,6,130
-7,5,12,5,2,2,170,7,-1,2,2,170,-1,176,0,170,-1,-1,130
-7,5,13,5,2,3,2,2,-2,4,3,3,0,4,2,3,0,6,130
-7,5,14,5,2,3,3,2,-2,2,5,4,-2,5,2,4,-2,6,130
-6,5,1,5,2,0,2,2,1,13,2,0,12,1,13,12,0,11,130
-6,5,2,5,2,0,2,3,1,3,4,0,2,2,5,2,0,6,130
-6,5,3,5,2,0,3,7,1,2,3,1,1,7,3,1,1,6,130
-6,5,4,5,2,0,15,3,1,2,2,13,1,15,2,13,1,13,130
-6,5,6,5,2,1,2,86,0,3,2,1,1,86,2,1,1,6,130
-6,5,7,5,2,1,5,3,0,2,2,4,0,6,1,4,0,6,130
-6,5,8,5,2,2,2,2,-1,16,17,2,13,3,29,13,2,13,130
-6,5,9,5,2,2,2,3,-1,3,10,2,0,4,9,2,0,6,130
-6,5,11,5,2,2,12,2,-1,2,2,12,-1,13,0,12,-1,9,130
-6,5,12,5,2,3,2,2,-2,6,2,3,2,4,3,3,2,8,130
-6,5,13,5,2,3,2,12,-2,3,2,3,-1,14,0,3,-1,7,130
-6,5,14,5,2,3,5,2,-2,2,2,6,-2,7,-1,6,-2,6,130
-4,5,1,5,2,0,2,16,1,3,2,0,2,15,3,2,0,6,130
-4,5,2,5,2,0,5,2,1,2,2,3,1,4,2,3,1,7,130
-4,5,13,5,2,3,9,2,-2,2,2,10,-2,11,-1,10,-2,7,130
-4,5,14,5,2,4,2,2,-3,7,2,4,2,5,3,4,2,6,130
-3,5,1,5,2,0,4,2,1,2,2,2,1,3,2,2,1,7,130
-3,5,2,5,2,0,30,2,1,2,2,28,1,29,2,28,1,28,130
-3,5,3,5,2,1,2,2,0,5,2,1,3,2,4,3,1,6,130
-3,5,4,5,2,1,3,2,0,2,9,2,0,3,8,2,0,6,130
-3,5,6,5,2,2,2,2,-1,11,2,2,8,3,9,8,2,8,130
-3,5,7,5,2,2,2,3,-1,3,3,2,0,4,2,2,0,6,130
-4,5,3,5,2,1,2,2,0,21,3,1,19,2,21,19,1,19,130
-4,5,4,5,2,1,2,2,0,4,2,1,2,2,3,2,1,7,130
-4,5,6,5,2,1,10,4,0,2,2,9,0,12,1,9,0,8,130
-4,5,7,5,2,2,2,2,-1,6,3,2,3,3,5,3,2,6,130
-4,5,8,5,2,2,2,8,-1,3,2,2,0,9,1,2,0,8,130
-4,5,9,5,2,2,4,15,-1,2,2,4,-1,18,0,4,-1,6,130
-4,5,11,5,2,3,2,2,-2,4,2,3,0,4,1,3,0,6,130
-4,5,12,5,2,3,3,2,-2,2,4,4,-2,5,1,4,-2,6,130
-3,5,8,5,2,2,3,29,-1,2,3,3,-1,31,1,3,-1,6,130
-3,5,9,5,2,2,19,2,-1,2,2,19,-1,20,0,19,-1,16,130
-3,5,11,5,2,3,3,2,-2,2,23,4,-2,5,20,4,-2,6,130
-3,5,12,5,2,3,5,7,-2,2,2,6,-2,12,-1,6,-2,7,130
-3,5,13,5,2,4,2,2,-3,13,184,4,8,5,191,8,4,8,130
-3,5,14,5,2,4,2,3,-3,3,5,4,-2,6,2,4,-2,6,130
-2,5,1,5,2,0,9,3,1,2,2,7,1,9,2,7,1,7,130
-2,5,2,5,2,1,2,2,0,7,2,1,5,2,6,5,1,6,130
-2,5,3,5,2,1,2,6,0,3,2,1,1,6,2,1,1,6,130
-2,5,4,5,2,1,4,4,0,2,2,3,0,6,1,3,0,6,130
-2,5,6,5,2,2,2,2,-1,4,2,2,1,3,2,2,1,6,130
-2,5,7,5,2,2,3,2,-1,2,4,3,-1,4,2,3,-1,6,130
-2,5,8,5,2,2,8,2,-1,2,2,8,-1,9,0,8,-1,7,130
-2,5,9,5,2,3,2,2,-2,7,8,3,3,4,10,3,3,6,130
-2,5,11,5,2,3,4,2,-2,2,2,5,-2,6,-1,5,-2,6,130
-2,5,12,5,2,3,170,7,-2,2,2,171,-2,177,-1,171,-2,-1,130
-2,5,13,5,2,4,2,2,-3,4,3,4,-1,5,1,4,-1,6,130
-2,5,14,5,2,4,3,2,-3,2,5,5,-3,6,1,5,-3,6,130
-1,5,1,5,2,1,2,2,0,13,2,1,11,2,12,11,1,11,130
-1,5,2,5,2,1,2,3,0,3,4,1,1,3,4,1,1,6,130
-1,5,3,5,2,1,3,7,0,2,3,2,0,8,2,2,0,6,130
-1,5,4,5,2,1,15,3,0,2,2,14,0,16,1,14,0,13,130
-1,5,6,5,2,2,2,86,-1,3,2,2,0,87,1,2,0,6,130
-1,5,7,5,2,2,5,3,-1,2,2,5,-1,7,0,5,-1,6,130
-1,5,8,5,2,3,2,2,-2,16,17,3,12,4,28,12,3,12,130
-1,5,9,5,2,3,2,3,-2,3,10,3,-1,5,8,3,-1,6,130
-1,5,11,5,2,3,12,2,-2,2,2,13,-2,14,-1,13,-2,8,130
-1,5,12,5,2,4,2,2,-3,6,2,4,1,5,2,4,1,6,130
-1,5,13,5,2,4,2,12,-3,3,2,4,-2,15,-1,4,-2,6,130
-1,5,14,5,2,4,5,2,-3,2,2,7,-3,8,-2,7,-3,6,130
1,5,1,5,2,1,2,16,0,3,2,1,1,16,2,1,1,6,130
1,5,2,5,2,1,5,2,0,2,2,4,0,5,1,4,0,6,130
1,5,3,5,2,2,2,2,-1,21,3,2,18,3,20,18,2,18,130
1,5,4,5,2,2,2,2,-1,4,2,2,1,3,2,2,1,6,130
1,5,6,5,2,2,10,4,-1,2,2,10,-1,13,0,10,-1,7,130
1,5,7,5,2,3,2,2,-2,6,3,3,2,4,4,3,2,6,130
1,5,8,5,2,3,2,8,-2,3,2,3,-1,10,0,3,-1,6,130
1,5,9,5,2,3,4,15,-2,2,2,5,-2,19,-1,5,-2,6,130
1,5,11,5,2,4,2,2,-3,4,2,4,-1,5,0,4,-1,6,130
1,5,12,5,2,4,3,2,-3,2,4,5,-3,6,0,5,-3,6,130
1,5,13,5,2,4,9,2,-3,2,2,11,-3,12,-2,11,-3,6,130
1,5,14,5,2,5,2,2,-4,7,2,5,1,6,2,5,1,6,130
2,5,1,5,2,1,4,2,0,2,2,3,0,4,1,3,0,7,130
2,5,2,5,2,1,30,2,0,2,2,29,0,30,1,29,0,28,130
2,5,3,5,2,2,2,2,-1,5,2,2,2,3,3,2,2,6,130
2,5,4,5,2,2,3,2,-1,2,9,3,-1,4,7,3,-1,7,130
2,5,6,5,2,3,2,2,-2,11,2,3,7,4,8,7,3,7,130
2,5,7,5,2,3,2,3,-2,3,3,3,-1,5,1,3,-1,6,130
2,5,8,5,2,3,3,29,-2,2,3,4,-2,32,0,4,-2,6,130
2,5,9,5,2,3,19,2,-2,2,2,20,-2,21,-1,20,-2,15,130
2,5,11,5,2,4,3,2,-3,2,23,5,-3,6,19,5,-3,6,130
2,5,12,5,2,4,5,7,-3,2,2,7,-3,13,-2,7,-3,7,130
2,5,13,5,2,5,2,2,-4,13,184,5,7,6,190,7,5,7,130
2,5,14,5,2,5,2,3,-4,3,5,5,-3,7,1,5,-3,6,130
3,5,1,5,2,1,9,3,0,2,2,8,0,10,1,8,0,7,130
3,5,2,5,2,2,2,2,-1,7,2,2,4,3,5,4,2,7,130
3,5,3,5,2,2,2,6,-1,3,2,2,0,7,1,2,0,7,130
3,5,4,5,2,2,4,4,-1,2,2,4,-1,7,0,4,-1,6,130
3,5,6,5,2,3,2,2,-2,4,2,3,0,4,1,3,0,6,130
3,5,7,5,2,3,3,2,-2,2,4,4,-2,5,1,4,-2,6,130
3,5,8,5,2,3,8,2,-2,2,2,9,-2,10,-1,9,-2,6,130
3,5,9,5,2,4,2,2,-3,7,8,4,2,5,9,4,2,8,130
3,5,11,5,2,4,4,2,-3,2,2,6,-3,7,-2,6,-3,6,130
3,5,12,5,2,4,170,7,-3,2,2,172,-3,178,-2,172,-3,-1,130
3,5,13,5,2,5,2,2,-4,4,3,5,-2,6,0,5,-2,6,130
3,5,14,5,2,5,3,2,-4,2,5,6,-4,7,0,6,-4,6,130
4,5,1,5,2,2,2,2,-1,13,2,2,10,3,11,10,2,10,130
4,5,2,5,2,2,2,3,-1,3,4,2,0,4,3,2,0,6,130
4,5,3,5,2,2,3,7,-1,2,3,3,-1,9,1,3,-1,6,130
4,5,4,5,2,2,15,3,-1,2,2,15,-1,17,0,15,-1,12,130
4,5,6,5,2,3,2,86,-2,3,2,3,-1,88,0,3,-1,7,130
4,5,7,5,2,3,5,3,-2,2,2,6,-2,8,-1,6,-2,6,130
4,5,8,5,2,4,2,2,-3,16,17,4,11,5,27,11,4,11,130
4,5,9,5,2,4,2,3,-3,3,10,4,-2,6,7,4,-2,6,130
4,5,11,5,2,4,12,2,-3,2,2,14,-3,15,-2,14,-3,7,130
4,5,12,5,2,5,2,2,-4,6,2,5,0,6,1,5,0,6,130
4,5,13,5,2,5,2,12,-4,3,2,5,-3,16,-2,5,-3,6,130
4,5,14,5,2,5,5,2,-4,2,2,8,-4,9,-3,8,-4,7,130
6,5,1,5,2,2,2,16,-1,3,2,2,0,17,1,2,0,6,130
6,5,2,5,2,2,5,2,-1,2,2,5,-1,6,0,5,-1,6,130
6,5,3,5,2,3,2,2,-2,21,3,3,17,4,19,17,3,17,130
6,5,4,5,2,3,2,2,-2,4,2,3,0,4,1,3,0,6,130
6,5,6,5,2,3,10,4,-2,2,2,11,-2,14,-1,11,-2,6,130
6,5,7,5,2,4,2,2,-3,6,3,4,1,5,3,4,1,6,130
6,5,8,5,2,4,2,8,-3,3,2,4,-2,11,-1,4,-2,6,130
6,5,9,5,2,4,4,15,-3,2,2,6,-3,20,-2,6,-3,6,130
6,5,11,5,2,5,2,2,-4,4,2,5,-2,6,-1,5,-2,6,130
6,5,12,5,2,5,3,2,-4,2,4,6,-4,7,-1,6,-4,6,130
6,5,13,5,2,5,9,2,-4,2,2,12,-4,13,-3,12,-4,6,130
6,5,14,5,2,6,2,2,-5,7,2,6,0,7,1,6,0,6,130
7,5,1,5,2,2,4,2,-1,2,2,4,-1,5,0,4,-1,6,130
7,5,2,5,2,2,30,2,-1,2,2,30,-1,31,0,30,-1,27,130
7,5,3,5,2,3,2,2,-2,5,2,3,1,4,2,3,1,6,130
7,5,4,5,2,3,3,2,-2,2,9,4,-2,5,6,4,-2,6,130
7,5,6,5,2,4,2,2,-3,11,2,4,6,5,7,6,4,6,130
7,5,7,5,2,4,2,3,-3,3,3,4,-2,6,0,4,-2,6,130
7,5,8,5,2,4,3,29,-3,2,3,5,-3,33,-1,5,-3,6,130
7,5,9,5,2,4,19,2,-3,2,2,21,-3,22,-2,21,-3,14,130
7,5,11,5,2,5,3,2,-4,2,23,6,-4,7,18,6,-4,6,130
7,5,12,5,2,5,5,7,-4,2,2,8,-4,14,-3,8,-4,6,130
7,5,13,5,2,6,2,2,-5,13,184,6,6,7,189,6,6,6,130
7,5,14,5,2,6,2,3,-5,3,5,6,-4,8,0,6,-4,6,130
8,5,1,5,2,2,9,3,-1,2,2,9,-1,11,0,9,-1,6,130
8,5,2,5,2,3,2,2,-2,7,2,3,3,4,4,3,3,8,130
8,5,3,5,2,3,2,6,-2,3,2,3,-1,8,0,3,-1,6,130
8,5,4,5,2,3,4,4,-2,2,2,5,-2,8,-1,5,-2,6,130
8,5,6,5,2,4,2,2,-3,4,2,4,-1,5,0,4,-1,6,130
8,5,7,5,2,4,3,2,-3,2,4,5,-3,6,0,5,-3,6,130
8,5,8,5,2,4,8,2,-3,2,2,10,-3,11,-2,10,-3,6,130
8,5,9,5,2,5,2,2,-4,7,8,5,1,6,8,5,1,7,130
8,5,11,5,2,5,4,2,-4,2,2,7,-4,8,-3,7,-4,6,130
8,5,12,5,2,5,170,7,-4,2,2,173,-4,179,-3,173,-4,-1,130
8,5,13,5,2,6,2,2,-5,4,3,6,-3,7,-1,6,-3,6,130
8,5,14,5,2,6,3,2,-5,2,5,7,-5,8,-1,7,-5,6,130
9,5,1,5,2,3,2,2,-2,13,2,3,9,4,10,9,3,9,130
9,5,2,5,2,3,2,3,-2,3,4,3,-1,5,2,3,-1,6,130
9,5,3,5,2,3,3,7,-2,2,3,4,-2,10,0,4,-2,6,130
9,5,4,5,2,3,15,3,-2,2,2,16,-2,18,-1,16,-2,11,130
9,5,6,5,2,4,2,86,-3,3,2,4,-2,89,-1,4,-2,6,130
9,5,7,5,2,4,5,3,-3,2,2,7,-3,9,-2,7,-3,6,130
11,5,3,5,2,4,2,2,-3,21,3,4,16,5,18,16,4,16,130
11,5,4,5,2,4,2,2,-3,4,2,4,-1,5,0,4,-1,6,130
11,5,6,5,2,4,10,4,-3,2,2,12,-3,15,-2,12,-3,6,130
11,5,7,5,2,5,2,2,-4,6,3,5,0,6,2,5,0,6,130
11,5,8,5,2,5,2,8,-4,3,2,5,-3,12,-2,5,-3,6,130
11,5,9,5,2,5,4,15,-4,2,2,7,-4,21,-3,7,-4,6,130
11,5,11,5,2,6,2,2,-5,4,2,6,-3,7,-2,6,-3,6,130
11,5,12,5,2,6,3,2,-5,2,4,7,-5,8,-2,7,-5,6,130
9,5,8,5,2,5,2,2,-4,16,17,5,10,6,26,10,5,10,130
9,5,9,5,2,5,2,3,-4,3,10,5,-3,7,6,5,-3,6,130
9,5,11,5,2,5,12,2,-4,2,2,15,-4,16,-3,15,-4,6,130
9,5,12,5,2,6,2,2,-5,6,2,6,-1,7,0,6,-1,6,130
9,5,13,5,2,6,2,12,-5,3,2,6,-4,17,-3,6,-4,9,130
9,5,14,5,2,6,5,2,-5,2,2,9,-5,10,-4,9,-5,6,130
11,5,1,5,2,3,2,16,-2,3,2,3,-1,18,0,3,-1,7,130
11,5,2,5,2,3,5,2,-2,2,2,6,-2,7,-1,6,-2,6,130
11,5,13,5,2,6,9,2,-5,2,2,13,-5,14,-4,13,-5,6,130
11,5,14,5,2,7,2,2,-6,7,2,7,-1,8,0,7,-1,6,130
12,5,1,5,2,3,4,2,-2,2,2,5,-2,6,-1,5,-2,7,130
12,5,2,5,2,3,30,2,-2,2,2,31,-2,32,-1,31,-2,26,130
12,5,3,5,2,4,2,2,-3,5,2,4,0,5,1,4,0,7,130
12,5,4,5,2,4,3,2,-3,2,9,5,-3,6,5,5,-3,6,130
12,5,6,5,2,5,2,2,-4,11,2,5,5,6,6,5,5,6,130
12,5,7,5,2,5,2,3,-4,3,3,5,-3,7,-1,5,-3,6,130
12,5,8,5,2,5,3,29,-4,2,3,6,-4,34,-2,6,-4,7,130
12,5,9,5,2,5,19,2,-4,2,2,22,-4,23,-3,22,-4,13,130
12,5,11,5,2,6,3,2,-5,2,23,7,-5,8,17,7,-5,7,130
12,5,12,5,2,6,5,7,-5,2,2,9,-5,15,-4,9,-5,6,130
12,5,13,5,2,7,2,2,-6,13,184,7,5,8,188,7,5,6,130
12,5,14,5,2,7,2,3,-6,3,5,7,-5,9,-1,7,-5,6,130
13,5,1,5,2,3,9,3,-2,2,2,10,-2,12,-1,10,-2,6,130
13,5,2,5,2,4,2,2,-3,7,2,4,2,5,3,4,2,8,130
13,5,3,5,2,4,2,6,-3,3,2,4,-2,9,-1,4,-2,6,130
13,5,4,5,2,4,4,4,-3,2,2,6,-3,9,-2,6,-3,6,130
13,5,6,5,2,5,2,2,-4,4,2,5,-2,6,-1,5,-2,6,130
13,5,7,5,2,5,3,2,-4,2,4,6,-4,7,-1,6,-4,6,130
13,5,8,5,2,5,8,2,-4,2,2,11,-4,12,-3,11,-4,6,130
13,5,9,5,2,6,2,2,-5,7,8,6,0,7,7,6,0,6,130
13,5,11,5,2,6,4,2,-5,2,2,8,-5,9,-4,8,-5,6,130
13,5,12,5,2,6,170,7,-5,2,2,174,-5,180,-4,174,-5,6,130
13,5,13,5,2,7,2,2,-6,4,3,7,-4,8,-2,7,-4,6,130
13,5,14,5,2,7,3,2,-6,2,5,8,-6,9,-2,8,-6,6,130
14,5,1,5,2,4,2,2,-3,13,2,4,8,5,9,8,4,8,130
14,5,2,5,2,4,2,3,-3,3,4,4,-2,6,1,4,-2,6,130
14,5,3,5,2,4,3,7,-3,2,3,5,-3,11,-1,5,-3,6,130
14,5,4,5,2,4,15,3,-3,2,2,17,-3,19,-2,17,-3,10,130
14,5,6,5,2,5,2,86,-4,3,2,5,-3,90,-2,5,-3,6,130
14,5,7,5,2,5,5,3,-4,2,2,8,-4,10,-3,8,-4,8,130
14,5,8,5,2,6,2,2,-5,16,17,6,9,7,25,9,6,9,130
14,5,9,5,2,6,2,3,-5,3,10,6,-4,8,5,6,-4,6,130
14,5,11,5,2,6,12,2,-5,2,2,16,-5,17,-4,16,-5,6,130
14,5,12,5,2,7,2,2,-6,6,2,7,-2,8,-1,7,-2,6,130
14,5,13,5,2,7,2,12,-6,3,2,7,-5,18,-4,7,-5,6,130
14,5,14,5,2,7,5,2,-6,2,2,10,-6,11,-5,10,-6,6,130
16,5,1,5,2,4,2,16,-3,3,2,4,-2,19,-1,4,-2,6,130
16,5,2,5,2,4,5,2,-3,2,2,7,-3,8,-2,7,-3,8,130
16,5,3,5,2,5,2,2,-4,21,3,5,15,6,17,15,5,15,130
16,5,4,5,2,5,2,2,-4,4,2,5,-2,6,-1,5,-2,8,130
16,5,6,5,2,5,10,4,-4,2,2,13,-4,16,-3,13,-4,7,130
16,5,7,5,2,6,2,2,-5,6,3,6,-1,7,1,6,-1,6,130
16,5,8,5,2,6,2,8,-5,3,2,6,-4,13,-3,6,-4,6,130
16,5,9,5,2,6,4,15,-5,2,2,8,-5,22,-4,8,-5,8,130
16,5,11,5,2,7,2,2,-6,4,2,7,-4,8,-3,7,-4,6,130
16,5,12,5,2,7,3,2,-6,2,4,8,-6,9,-3,8,-6,6,130
16,5,13,5,2,7,9,2,-6,2,2,14,-6,15,-5,14,-6,6,130
16,5,14,5,2,8,2,2,-7,7,2,8,-2,9,-1,8,-2,6,130
17,5,1,5,2,4,4,2,-3,2,2,6,-3,7,-2,6,-3,6,130
17,5,2,5,2,4,30,2,-3,2,2,32,-3,33,-2,32,-3,25,130
17,5,3,5,2,5,2,2,-4,5,2,5,-1,6,0,5,-1,7,130
17,5,4,5,2,5,3,2,-4,2,9,6,-4,7,4,6,-4,6,130
17,5,6,5,2,6,2,2,-5,11,2,6,4,7,5,6,4,7,130
17,5,7,5,2,6,2,3,-5,3,3,6,-4,8,-2,6,-4,6,130
17,5,8,5,2,6,3,29,-5,2,3,7,-5,35,-3,7,-5,7,130
17,5,9,5,2,6,19,2,-5,2,2,23,-5,24,-4,23,-5,6,130
17,5,11,5,2,7,3,2,-6,2,23,8,-6,9,16,8,-6,7,130
17,5,12,5,2,7,5,7,-6,2,2,10,-6,16,-5,10,-6,6,130
17,5,13,5,2,8,2,2,-7,13,184,8,4,9,187,8,4,6,130
17,5,14,5,2,8,2,3,-7,3,5,8,-6,10,-2,8,-6,6,130
18,5,1,5,2,4,9,3,-3,2,2,11,-3,13,-2,11,-3,6,130
18,5,2,5,2,5,2,2,-4,7,2,5,1,6,2,5,1,7,130
18,5,3,5,2,5,2,6,-4,3,2,5,-3,10,-2,5,-3,6,130
18,5,4,5,2,5,4,4,-4,2,2,7,-4,10,-3,7,-4,6,130
18,5,6,5,2,6,2,2,-5,4,2,6,-3,7,-2,6,-3,6,130
18,5,7,5,2,6,3,2,-5,2,4,7,-5,8,-2,7,-5,6,130
18,5,8,5,2,6,8,2,-5,2,2,12,-5,13,-4,12,-5,6,130
18,5,9,5,2,7,2,2,-6,7,8,7,-1,8,6,7,-1,6,130
18,5,11,5,2,7,4,2,-6,2,2,9,-6,10,-5,9,-6,6,130
18,5,12,5,2,7,170,7,-6,2,2,175,-6,181,-5,175,-6,7,130
18,5,13,5,2,8,2,2,-7,4,3,8,-5,9,-3,8,-5,6,130
18,5,14,5,2,8,3,2,-7,2,5,9,-7,10,-3,9,-7,6,130
19,5,1,5,2,5,2,2,-4,13,2,5,7,6,8,7,5,7,130
19,5,2,5,2,5,2,3,-4,3,4,5,-3,7,0,5,-3,6,130
19,5,3,5,2,5,3,7,-4,2,3,6,-4,12,-2,6,-4,6,130
19,5,4,5,2,5,15,3,-4,2,2,18,-4,20,-3,18,-4,9,130
19,5,6,5,2,6,2,86,-5,3,2,6,-4,91,-3,6,-4,6,130
19,5,7,5,2,6,5,3,-5,2,2,9,-5,11,-4,9,-5,6,130
19,5,8,5,2,7,2,2,-6,16,17,7,8,8,24,8,7,8,130
19,5,9,5,2,7,2,3,-6,3,10,7,-5,9,4,7,-5,6,130
19,5,11,5,2,7,12,2,-6,2,2,17,-6,18,-5,17,-6,6,130
19,5,12,5,2,8,2,2,-7,6,2,8,-3,9,-2,8,-3,6,130
19,5,13,5,2,8,2,12,-7,3,2,8,-6,19,-5,8,-6,6,130
19,5,14,5,2,8,5,2,-7,2,2,11,-7,12,-6,11,-7,6,130
-4,1,1,1,3,-2,4,4,3,2,2,0,3,3,4,3,0,6,130
-4,1,2,1,3,0,2,8,1,3,2,0,2,7,3,2,0,6,130
-4,1,3,1,3,2,2,2,-1,6,2,2,3,3,4,3,2,6,130
-3,1,1,1,3,-1,4,4,2,2,2,1,2,4,3,2,1,6,130
-3,1,2,1,3,1,2,8,0,3,2,1,1,8,2,1,1,6,130
-3,1,3,1,3,3,2,2,-2,6,2,3,2,4,3,3,2,8,130
-2,1,1,1,3,0,4,4,1,2,2,2,1,5,2,2,1,6,130
-2,1,2,1,3,2,2,8,-1,3,2,2,0,9,1,2,0,9,130
-2,1,3,1,3,4,2,2,-3,6,2,4,1,5,2,4,1,6,130
-1,1,1,1,3,1,4,4,0,2,2,3,0,6,1,3,0,6,130
-1,1,2,1,3,3,2,8,-2,3,2,3,-1,10,0,3,-1,6,130
-1,1,3,1,3,5,2,2,-4,6,2,5,0,6,1,5,0,6,130
0,1,1,1,3,2,4,4,-1,2,2,4,-1,7,0,4,-1,-1,130
0,1,2,1,3,4,2,8,-3,3,2,4,-2,11,-1,4,-2,-1,130
0,1,3,1,3,6,2,2,-5,6,2,6,-1,7,0,6,-1,-1,130
1,1,1,1,3,3,4,4,-2,2,2,5,-2,8,-1,5,-2,6,130
1,1,2,1,3,5,2,8,-4,3,2,5,-3,12,-2,5,-3,6,130
1,1,3,1,3,7,2,2,-6,6,2,7,-2,8,-1,7,-2,9,130
2,1,1,1,3,4,4,4,-3,2,2,6,-3,9,-2,6,-3,6,130
2,1,2,1,3,6,2,8,-5,3,2,6,-4,13,-3,6,-4,9,130
2,1,3,1,3,8,2,2,-7,6,2,8,-3,9,-2,8,-3,6,130
3,1,1,1,3,5,4,4,-4,2,2,7,-4,10,-3,7,-4,6,130
3,1,2,1,3,7,2,8,-6,3,2,7,-5,14,-4,7,-5,6,130
3,1,3,1,3,9,2,2,-8,6,2,9,-4,10,-3,9,-4,6,130
4,1,1,1,3,6,4,4,-5,2,2,8,-5,11,-4,8,-5,6,130
4,1,2,1,3,8,2,8,-7,3,2,8,-6,15,-5,8,-6,6,130
4,1,3,1,3,10,2,2,-9,6,2,10,-5,11,-4,10,-5,7,130
-4,1,1,2,3,-3,8,2,4,2,2,3,4,4,5,4,3,6,130
-4,1,3,2,3,-1,3,2,2,2,4,0,2,1,5,2,0,6,130
-4,1,5,2,3,1,2,2,0,4,2,1,2,2,3,2,1,7,130
-3,1,1,2,3,-2,8,2,3,2,2,4,3,5,4,4,3,6,130
-3,1,3,2,3,0,3,2,1,2,4,1,1,2,4,1,1,6,130
-3,1,5,2,3,2,2,2,-1,4,2,2,1,3,2,2,1,6,130
-2,1,1,2,3,-1,8,2,2,2,2,5,2,6,3,5,2,6,130
-2,1,3,2,3,1,3,2,0,2,4,2,0,3,3,2,0,6,130
-2,1,5,2,3,3,2,2,-2,4,2,3,0,4,1,3,0,6,130
-1,1,1,2,3,0,8,2,1,2,2,6,1,7,2,6,1,6,130
-1,1,3,2,3,2,3,2,-1,2,4,3,-1,4,2,3,-1,6,130
-1,1,5,2,3,4,2,2,-3,4,2,4,-1,5,0,4,-1,6,130
0,1,1,2,3,1,8,2,0,2,2,7,0,8,1,7,0,6,130
0,1,3,2,3,3,3,2,-2,2,4,4,-2,5,1,4,-2,6,130
0,1,5,2,3,5,2,2,-4,4,2,5,-2,6,-1,5,-2,8,130
1,1,1,2,3,2,8,2,-1,2,2,8,-1,9,0,8,-1,7,130
1,1,3,2,3,4,3,2,-3,2,4,5,-3,6,0,5,-3,6,130
1,1,5,2,3,6,2,2,-5,4,2,6,-3,7,-2,6,-3,6,130
2,1,1,2,3,3,8,2,-2,2,2,9,-2,10,-1,9,-2,6,130
2,1,3,2,3,5,3,2,-4,2,4,6,-4,7,-1,6,-4,6,130
2,1,5,2,3,7,2,2,-6,4,2,7,-4,8,-3,7,-4,6,130
3,1,1,2,3,4,8,2,-3,2,2,10,-3,11,-2,10,-3,7,130
3,1,3,2,3,6,3,2,-5,2,4,7,-5,8,-2,7,-5,7,130
-4,1,7,3,3,1,2,2,0,25,2,1,23,2,24,23,1,23,130
-4,1,8,3,3,1,3,3,0,2,3,2,0,4,2,2,0,6,130
-3,1,1,3,3,-2,3,2,3,2,4,-1,3,0,6,3,-1,6,130
-3,1,2,3,3,-1,2,2,2,7,2,-1,7,0,8,7,-1,6,130
-3,1,4,3,3,0,2,2,1,4,2,0,3,1,4,3,0,6,130
-3,1,5,3,3,0,9,6,1,2,2,7,1,12,2,7,1,7,130
-3,1,7,3,3,2,2,2,-1,25,2,2,22,3,23,22,2,22,130
-3,1,8,3,3,2,3,3,-1,2,3,3,-1,5,1,3,-1,6,130
3,1,5,2,3,8,2,2,-7,4,2,8,-5,9,-4,8,-5,6,130
4,1,1,2,3,5,8,2,-4,2,2,11,-4,12,-3,11,-4,6,130
4,1,3,2,3,7,3,2,-6,2,4,8,-6,9,-3,8,-6,6,130
4,1,5,2,3,9,2,2,-8,4,2,9,-6,10,-5,9,-6,7,130
-4,1,1,3,3,-3,3,2,4,2,4,-2,4,-1,7,4,-2,6,130
-4,1,2,3,3,-2,2,2,3,7,2,-2,8,-1,9,8,-2,7,130
-4,1,4,3,3,-1,2,2,2,4,2,-1,4,0,5,4,-1,6,130
-4,1,5,3,3,-1,9,6,2,2,2,6,2,11,3,6,2,6,130
-2,1,1,3,3,-1,3,2,2,2,4,0,2,1,5,2,0,6,130
-2,1,2,3,3,0,2,2,1,7,2,0,6,1,7,6,0,6,130
-2,1,4,3,3,1,2,2,0,4,2,1,2,2,3,2,1,6,130
-2,1,5,3,3,1,9,6,0,2,2,8,0,13,1,8,0,7,130
-2,1,7,3,3,3,2,2,-2,25,2,3,21,4,22,21,3,21,130
-2,1,8,3,3,3,3,3,-2,2,3,4,-2,6,0,4,-2,6,130
-1,1,1,3,3,0,3,2,1,2,4,1,1,2,4,1,1,6,130
-1,1,2,3,3,1,2,2,0,7,2,1,5,2,6,5,1,6,130
-1,1,4,3,3,2,2,2,-1,4,2,2,1,3,2,2,1,6,130
-1,1,5,3,3,2,9,6,-1,2,2,9,-1,14,0,9,-1,6,130
-1,1,7,3,3,4,2,2,-3,25,2,4,20,5,21,20,4,20,130
-1,1,8,3,3,4,3,3,-3,2,3,5,-3,7,-1,5,-3,6,130
0,1,1,3,3,1,3,2,0,2,4,2,0,3,3,2,0,6,130
0,1,2,3,3,2,2,2,-1,7,2,2,4,3,5,4,2,6,130
0,1,4,3,3,3,2,2,-2,4,2,3,0,4,1,3,0,6,130
0,1,5,3,3,3,9,6,-2,2,2,10,-2,15,-1,10,-2,6,130
0,1,7,3,3,5,2,2,-4,25,2,5,19,6,20,19,5,19,130
0,1,8,3,3,5,3,3,-4,2,3,6,-4,8,-2,6,-4,6,130
1,1,1,3,3,2,3,2,-1,2,4,3,-1,4,2,3,-1,6,130
1,1,2,3,3,3,2,2,-2,7,2,3,3,4,4,3,3,6,130
1,1,4,3,3,4,2,2,-3,4,2,4,-1,5,0,4,-1,6,130
1,1,5,3,3,4,9,6,-3,2,2,11,-3,16,-2,11,-3,9,130
1,1,7,3,3,6,2,2,-5,25,2,6,18,7,19,18,6,18,130
1,1,8,3,3,6,3,3,-5,2,3,7,-5,9,-3,7,-5,6,130
2,1,1,3,3,3,3,2,-2,2,4,4,-2,5,1,4,-2,7,130
2,1,2,3,3,4,2,2,-3,7,2,4,2,5,3,4,2,7,130
2,1,4,3,3,5,2,2,-4,4,2,5,-2,6,-1,5,-2,8,130
2,1,5,3,3,5,9,6,-4,2,2,12,-4,17,-3,12,-4,8,130
2,1,7,3,3,7,2,2,-6,25,2,7,17,8,18,17,7,17,130
2,1,8,3,3,7,3,3,-6,2,3,8,-6,10,-4,8,-6,6,130
3,1,1,3,3,4,3,2,-3,2,4,5,-3,6,0,5,-3,6,130
3,1,2,3,3,5,2,2,-4,7,2,5,1,6,2,5,1,6,130
4,1,7,3,3,9,2,2,-8,25,2,9,15,10,16,15,9,6,130
4,1,8,3,3,9,3,3,-8,2,3,10,-8,12,-6,10,-8,6,130
-4,1,1,4,3,-3,2,5,4,3,2,-3,5,1,6,5,-3,6,130
-4,1,3,4,3,-2,2,2,3,4,2,-2,5,-1,6,5,-2,8,130
-4,1,5,4,3,-1,2,2,2,7,2,-1,7,0,8,7,-1,6,130
-4,1,7,4,3,0,2,2,1,33,2,0,32,1,33,32,0,31,130
-4,1,9,4,3,0,10,4,1,2,2,8,1,11,2,8,1,8,130
-4,1,11,4,3,1,5,2,0,2,2,4,0,5,1,4,0,6,130
3,1,4,3,3,6,2,2,-5,4,2,6,-3,7,-2,6,-3,6,130
3,1,5,3,3,6,9,6,-5,2,2,13,-5,18,-4,13,-5,6,130
3,1,7,3,3,8,2,2,-7,25,2,8,16,9,17,16,8,6,130
3,1,8,3,3,8,3,3,-7,2,3,9,-7,11,-5,9,-7,6,130
4,1,1,3,3,5,3,2,-4,2,4,6,-4,7,-1,6,-4,6,130
4,1,2,3,3,6,2,2,-5,7,2,6,0,7,1,6,0,6,130
4,1,4,3,3,7,2,2,-6,4,2,7,-4,8,-3,7,-4,6,130
4,1,5,3,3,7,9,6,-6,2,2,14,-6,19,-5,14,-6,6,130
-3,1,1,4,3,-2,2,5,3,3,2,-2,4,2,5,4,-2,6,130
-3,1,3,4,3,-1,2,2,2,4,2,-1,4,0,5,4,-1,6,130
-3,1,5,4,3,0,2,2,1,7,2,0,6,1,7,6,0,6,130
-3,1,7,4,3,1,2,2,0,33,2,1,31,2,32,31,1,31,130
-3,1,9,4,3,1,10,4,0,2,2,9,0,12,1,9,0,8,130
-3,1,11,4,3,2,5,2,-1,2,2,5,-1,6,0,5,-1,7,130
-2,1,1,4,3,-1,2,5,2,3,2,-1,3,3,4,3,-1,6,130
-2,1,3,4,3,0,2,2,1,4,2,0,3,1,4,3,0,6,130
-2,1,5,4,3,1,2,2,0,7,2,1,5,2,6,5,1,6,130
-2,1,7,4,3,2,2,2,-1,33,2,2,30,3,31,30,2,30,130
-2,1,9,4,3,2,10,4,-1,2,2,10,-1,13,0,10,-1,7,130
-2,1,11,4,3,3,5,2,-2,2,2,6,-2,7,-1,6,-2,6,130
-1,1,1,4,3,0,2,5,1,3,2,0,2,4,3,2,0,6,130
-1,1,3,4,3,1,2,2,0,4,2,1,2,2,3,2,1,6,130
-1,1,5,4,3,2,2,2,-1,7,2,2,4,3,5,4,2,7,130
-1,1,7,4,3,3,2,2,-2,33,2,3,29,4,30,29,3,29,130
-1,1,9,4,3,3,10,4,-2,2,2,11,-2,14,-1,11,-2,6,130
-1,1,11,4,3,4,5,2,-3,2,2,7,-3,8,-2,7,-3,6,130
0,1,1,4,3,1,2,5,0,3,2,1,1,5,2,1,1,6,130
0,1,3,4,3,2,2,2,-1,4,2,2,1,3,2,2,1,7,130
0,1,5,4,3,3,2,2,-2,7,2,3,3,4,4,3,3,8,130
0,1,7,4,3,4,2,2,-3,33,2,4,28,5,29,28,4,28,130
0,1,9,4,3,4,10,4,-3,2,2,12,-3,15,-2,12,-3,6,130
0,1,11,4,3,5,5,2,-4,2,2,8,-4,9,-3,8,-4,6,130
1,1,1,4,3,2,2,5,-1,3,2,2,0,6,1,2,0,6,130
1,1,3,4,3,3,2,2,-2,4,2,3,0,4,1,3,0,6,130
1,1,5,4,3,4,2,2,-3,7,2,4,2,5,3,4,2,8,130
1,1,7,4,3,5,2,2,-4,33,2,5,27,6,28,27,5,27,130
1,1,9,4,3,5,10,4,-4,2,2,13,-4,16,-3,13,-4,7,130
1,1,11,4,3,6,5,2,-5,2,2,9,-5,10,-4,9,-5,6,130
2,1,1,4,3,3,2,5,-2,3,2,3,-1,7,0,3,-1,6,130
2,1,3,4,3,4,2,2,-3,4,2,4,-1,5,0,4,-1,6,130
2,1,5,4,3,5,2,2,-4,7,2,5,1,6,2,5,1,7,130
2,1,7,4,3,6,2,2,-5,33,2,6,26,7,27,26,6,26,130
2,1,9,4,3,6,10,4,-5,2,2,14,-5,17,-4,14,-5,6,130
2,1,11,4,3,7,5,2,-6,2,2,10,-6,11,-5,10,-6,6,130
3,1,1,4,3,4,2,5,-3,3,2,4,-2,8,-1,4,-2,6,130
3,1,3,4,3,5,2,2,-4,4,2,5,-2,6,-1,5,-2,6,130
3,1,5,4,3,6,2,2,-5,7,2,6,0,7,1,6,0,6,130
3,1,7,4,3,7,2,2,-6,33,2,7,25,8,26,25,7,25,130
3,1,9,4,3,7,10,4,-6,2,2,15,-6,18,-5,15,-6,6,130
3,1,11,4,3,8,5,2,-7,2,2,11,-7,12,-6,11,-7,6,130
4,1,1,4,3,5,2,5,-4,3,2,5,-3,9,-2,5,-3,6,130
4,1,3,4,3,6,2,2,-5,4,2,6,-3,7,-2,6,-3,6,130
4,1,5,4,3,7,2,2,-6,7,2,7,-1,8,0,7,-1,6,130
4,1,7,4,3,8,2,2,-7,33,2,8,24,9,25,24,8,6,130
4,1,9,4,3,8,10,4,-7,2,2,16,-7,19,-6,16,-7,6,130
4,1,11,4,3,9,5,2,-8,2,2,12,-8,13,-7,12,-8,6,130
-4,1,1,5,3,-3,2,3,4,3,9,-3,5,-1,13,5,-3,6,130
-4,1,2,5,3,-3,4,2,4,2,2,-1,4,0,5,4,-1,6,130
-4,1,3,5,3,-2,2,2,3,26,2,-2,27,-1,28,27,-2,22,130
-4,1,4,5,3,-2,2,3,3,3,3,-2,4,0,6,4,-2,6,130
-4,1,6,5,3,-1,2,2,2,13,4,-1,13,0,16,13,-1,10,130
-4,1,7,5,3,-1,2,4,2,3,2,-1,3,2,4,3,-1,7,130
-4,1,8,5,3,-1,5,2,2,2,2,2,2,3,3,2,2,6,130
-4,1,9,5,3,0,2,2,1,9,2,0,8,1,9,8,0,7,130
-4,1,11,5,3,0,6,2,1,2,2,4,1,5,2,4,1,8,130
-4,1,12,5,3,1,2,2,0,7,2,1,5,2,6,5,1,6,130
-4,1,13,5,3,1,3,2,0,2,76,2,0,3,75,2,0,6,130
-4,1,14,5,3,1,7,3,0,2,2,6,0,8,1,6,0,6,130
-3,1,1,5,3,-2,2,3,3,3,9,-2,4,0,12,4,-2,6,130
-3,1,2,5,3,-2,4,2,3,2,2,0,3,1,4,3,0,7,130
-3,1,3,5,3,-1,2,2,2,26,2,-1,26,0,27,26,-1,23,130
-3,1,4,5,3,-1,2,3,2,3,3,-1,3,1,5,3,-1,6,130
-3,1,6,5,3,0,2,2,1,13,4,0,12,1,15,12,0,11,130
-3,1,7,5,3,0,2,4,1,3,2,0,2,3,3,2,0,7,130
-3,1,8,5,3,0,5,2,1,2,2,3,1,4,2,3,1,6,130
-3,1,9,5,3,1,2,2,0,9,2,1,7,2,8,7,1,7,130
-3,1,11,5,3,1,6,2,0,2,2,5,0,6,1,5,0,7,130
-3,1,12,5,3,2,2,2,-1,7,2,2,4,3,5,4,2,6,130
-3,1,13,5,3,2,3,2,-1,2,76,3,-1,4,74,3,-1,7,130
-3,1,14,5,3,2,7,3,-1,2,2,7,-1,9,0,7,-1,6,130
-2,1,1,5,3,-1,2,3,2,3,9,-1,3,1,11,3,-1,6,130
-2,1,2,5,3,-1,4,2,2,2,2,1,2,2,3,2,1,6,130
-2,1,3,5,3,0,2,2,1,26,2,0,25,1,26,25,0,24,130
-2,1,4,5,3,0,2,3,1,3,3,0,2,2,4,2,0,6,130
-2,1,6,5,3,1,2,2,0,13,4,1,11,2,14,11,1,11,130
-2,1,7,5,3,1,2,4,0,3,2,1,1,4,2,1,1,6,130
-2,1,8,5,3,1,5,2,0,2,2,4,0,5,1,4,0,6,130
-2,1,9,5,3,2,2,2,-1,9,2,2,6,3,7,6,2,6,130
-2,1,11,5,3,2,6,2,-1,2,2,6,-1,7,0,6,-1,6,130
-2,1,12,5,3,3,2,2,-2,7,2,3,3,4,4,3,3,6,130
-2,1,13,5,3,3,3,2,-2,2,76,4,-2,5,73,4,-2,6,130
-2,1,14,5,3,3,7,3,-2,2,2,8,-2,10,-1,8,-2,6,130
-1,1,1,5,3,0,2,3,1,3,9,0,2,2,10,2,0,6,130
-1,1,2,5,3,0,4,2,1,2,2,2,1,3,2,2,1,6,130
-1,1,3,5,3,1,2,2,0,26,2,1,24,2,25,24,1,24,130
-1,1,4,5,3,1,2,3,0,3,3,1,1,3,3,1,1,6,130
-1,1,6,5,3,2,2,2,-1,13,4,2,10,3,13,10,2,10,130
-1,1,7,5,3,2,2,4,-1,3,2,2,0,5,1,2,0,6,130
-1,1,8,5,3,2,5,2,-1,2,2,5,-1,6,0,5,-1,6,130
-1,1,9,5,3,3,2,2,-2,9,2,3,5,4,6,5,3,6,130
-1,1,11,5,3,3,6,2,-2,2,2,7,-2,8,-1,7,-2,6,130
-1,1,12,5,3,4,2,2,-3,7,2,4,2,5,3,4,2,6,130
-1,1,13,5,3,4,3,2,-3,2,76,5,-3,6,72,5,-3,6,130
-1,1,14,5,3,4,7,3,-3,2,2,9,-3,11,-2,9,-3,6,130
0,1,1,5,3,1,2,3,0,3,9,1,1,3,9,1,1,6,130
0,1,2,5,3,1,4,2,0,2,2,3,0,4,1,3,0,6,130
0,1,3,5,3,2,2,2,-1,26,2,2,23,3,24,23,2,23,130
0,1,4,5,3,2,2,3,-1,3,3,2,0,4,2,2,0,6,130
0,1,6,5,3,3,2,2,-2,13,4,3,9,4,12,9,3,9,130
0,1,7,5,3,3,2,4,-2,3,2,3,-1,6,0,3,-1,6,130
0,1,8,5,3,3,5,2,-2,2,2,6,-2,7,-1,6,-2,6,130
0,1,9,5,3,4,2,2,-3,9,2,4,4,5,5,4,4,6,130
0,1,11,5,3,4,6,2,-3,2,2,8,-3,9,-2,8,-3,7,130
0,1,12,5,3,5,2,2,-4,7,2,5,1,6,2,5,1,6,130
0,1,13,5,3,5,3,2,-4,2,76,6,-4,7,71,6,-4,6,130
0,1,14,5,3,5,7,3,-4,2,2,10,-4,12,-3,10,-4,6,130
1,1,1,5,3,2,2,3,-1,3,9,2,0,4,8,2,0,6,130
1,1,2,5,3,2,4,2,-1,2,2,4,-1,5,0,4,-1,6,130
1,1,3,5,3,3,2,2,-2,26,2,3,22,4,23,22,3,22,130
1,1,4,5,3,3,2,3,-2,3,3,3,-1,5,1,3,-1,6,130
1,1,6,5,3,4,2,2,-3,13,4,4,8,5,11,8,4,8,130
1,1,7,5,3,4,2,4,-3,3,2,4,-2,7,-1,4,-2,6,130
1,1,8,5,3,4,5,2,-3,2,2,7,-3,8,-2,7,-3,6,130
1,1,9,5,3,5,2,2,-4,9,2,5,3,6,4,5,3,6,130
1,1,11,5,3,5,6,2,-4,2,2,9,-4,10,-3,9,-4,6,130
1,1,12,5,3,6,2,2,-5,7,2,6,0,7,1,6,0,6,130
1,1,13,5,3,6,3,2,-5,2,76,7,-5,8,70,7,-5,7,130
1,1,14,5,3,6,7,3,-5,2,2,11,-5,13,-4,11,-5,6,130
2,1,1,5,3,3,2,3,-2,3,9,3,-1,5,7,3,-1,6,130
2,1,2,5,3,3,4,2,-2,2,2,5,-2,6,-1,5,-2,7,130
2,1,3,5,3,4,2,2,-3,26,2,4,21,5,22,21,4,21,130
2,1,4,5,3,4,2,3,-3,3,3,4,-2,6,0,4,-2,6,130
2,1,6,5,3,5,2,2,-4,13,4,5,7,6,10,7,5,7,130
2,1,7,5,3,5,2,4,-4,3,2,5,-3,8,-2,5,-3,6,130
2,1,8,5,3,5,5,2,-4,2,2,8,-4,9,-3,8,-4,6,130
2,1,9,5,3,6,2,2,-5,9,2,6,2,7,3,6,2,7,130
2,1,11,5,3,6,6,2,-5,2,2,10,-5,11,-4,10,-5,6,130
2,1,12,5,3,7,2,2,-6,7,2,7,-1,8,0,7,-1,6,130
2,1,13,5,3,7,3,2,-6,2,76,8,-6,9,69,8,-6,7,130
2,1,14,5,3,7,7,3,-6,2,2,12,-6,14,-5,12,-6,6,130
3,1,1,5,3,4,2,3,-3,3,9,4,-2,6,6,4,-2,6,130
3,1,2,5,3,4,4,2,-3,2,2,6,-3,7,-2,6,-3,6,130
3,1,3,5,3,5,2,2,-4,26,2,5,20,6,21,20,5,20,130
3,1,4,5,3,5,2,3,-4,3,3,5,-3,7,-1,5,-3,6,130
4,1,1,5,3,5,2,3,-4,3,9,5,-3,7,5,5,-3,6,130
4,1,2,5,3,5,4,2,-4,2,2,7,-4,8,-3,7,-4,6,130
4,1,3,5,3,6,2,2,-5,26,2,6,19,7,20,19,6,19,130
4,1,4,5,3,6,2,3,-5,3,3,6,-4,8,-2,6,-4,6,130
4,1,6,5,3,7,2,2,-6,13,4,7,5,8,8,7,5,6,130
4,1,7,5,3,7,2,4,-6,3,2,7,-5,10,-4,7,-5,6,130
4,1,8,5,3,7,5,2,-6,2,2,10,-6,11,-5,10,-6,6,130
4,1,9,5,3,8,2,2,-7,9,2,8,0,9,1,8,0,6,130
3,1,6,5,3,6,2,2,-5,13,4,6,6,7,9,6,6,6,130
3,1,7,5,3,6,2,4,-5,3,2,6,-4,9,-3,6,-4,6,130
3,1,8,5,3,6,5,2,-5,2,2,9,-5,10,-4,9,-5,6,130
3,1,9,5,3,7,2,2,-6,9,2,7,1,8,2,7,1,6,130
3,1,11,5,3,7,6,2,-6,2,2,11,-6,12,-5,11,-6,6,130
3,1,12,5,3,8,2,2,-7,7,2,8,-2,9,-1,8,-2,6,130
3,1,13,5,3,8,3,2,-7,2,76,9,-7,10,68,9,-7,6,130
3,1,14,5,3,8,7,3,-7,2,2,13,-7,15,-6,13,-7,6,130
4,1,11,5,3,8,6,2,-7,2,2,12,-7,13,-6,12,-7,6,130
4,1,12,5,3,9,2,2,-8,7,2,9,-3,10,-2,9,-3,6,130
4,1,13,5,3,9,3,2,-8,2,76,10,-8,11,67,10,-8,6,130
4,1,14,5,3,9,7,3,-8,2,2,14,-8,16,-7,14,-8,6,130
-7,2,1,1,3,-1,2,2,2,5,2,-1,5,0,6,5,-1,6,130
-7,2,2,1,3,0,28,7,1,2,2,26,1,32,2,26,1,26,130
-7,2,3,1,3,2,4,2,-1,2,2,4,-1,5,0,4,-1,6,130
-5,2,1,1,3,0,2,2,1,5,2,0,4,1,5,4,0,6,130
-5,2,2,1,3,1,28,7,0,2,2,27,0,33,1,27,0,26,130
-5,2,3,1,3,3,4,2,-2,2,2,5,-2,6,-1,5,-2,6,130
-3,2,1,1,3,1,2,2,0,5,2,1,3,2,4,3,1,7,130
-3,2,2,1,3,2,28,7,-1,2,2,28,-1,34,0,28,-1,25,130
-3,2,3,1,3,4,4,2,-3,2,2,6,-3,7,-2,6,-3,6,130
-1,2,1,1,3,2,2,2,-1,5,2,2,2,3,3,2,2,6,130
-1,2,2,1,3,3,28,7,-2,2,2,29,-2,35,-1,29,-2,24,130
-1,2,3,1,3,5,4,2,-4,2,2,7,-4,8,-3,7,-4,6,130
1,2,1,1,3,3,2,2,-2,5,2,3,1,4,2,3,1,6,130
1,2,2,1,3,4,28,7,-3,2,2,30,-3,36,-2,30,-3,23,130
1,2,3,1,3,6,4,2,-5,2,2,8,-5,9,-4,8,-5,6,130
3,2,1,1,3,4,2,2,-3,5,2,4,0,5,1,4,0,6,130
3,2,2,1,3,5,28,7,-4,2,2,31,-4,37,-3,31,-4,22,130
3,2,3,1,3,7,4,2,-6,2,2,9,-6,10,-5,9,-6,6,130
5,2,1,1,3,5,2,2,-4,5,2,5,-1,6,0,5,-1,6,130
5,2,2,1,3,6,28,7,-5,2,2,32,-5,38,-4,32,-5,6,130
5,2,3,1,3,8,4,2,-7,2,2,10,-7,11,-6,10,-7,6,130
7,2,1,1,3,6,2,2,-5,5,2,6,-2,7,-1,6,-2,6,130
7,2,2,1,3,7,28,7,-6,2,2,33,-6,39,-5,33,-6,7,130
7,2,3,1,3,9,4,2,-8,2,2,11,-8,12,-7,11,-8,6,130
-7,2,1,2,3,-2,2,3,3,3,4,-2,4,0,7,4,-2,6,130
-7,2,3,2,3,0,2,2,1,11,2,0,10,1,11,10,0,9,130
-7,2,5,2,3,1,6,9,0,2,2,5,0,13,1,5,0,6,130
-5,2,1,2,3,-1,2,3,2,3,4,-1,3,1,6,3,-1,6,130
-5,2,3,2,3,1,2,2,0,11,2,1,9,2,10,9,1,9,130
-5,2,5,2,3,2,6,9,-1,2,2,6,-1,14,0,6,-1,6,130
-3,2,1,2,3,0,2,3,1,3,4,0,2,2,5,2,0,6,130
-3,2,3,2,3,2,2,2,-1,11,2,2,8,3,9,8,2,8,130
-3,2,5,2,3,3,6,9,-2,2,2,7,-2,15,-1,7,-2,7,130
-1,2,1,2,3,1,2,3,0,3,4,1,1,3,4,1,1,6,130
-1,2,3,2,3,3,2,2,-2,11,2,3,7,4,8,7,3,7,130
-1,2,5,2,3,4,6,9,-3,2,2,8,-3,16,-2,8,-3,7,130
1,2,1,2,3,2,2,3,-1,3,4,2,0,4,3,2,0,6,130
1,2,3,2,3,4,2,2,-3,11,2,4,6,5,7,6,4,6,130
1,2,5,2,3,5,6,9,-4,2,2,9,-4,17,-3,9,-4,6,130
3,2,1,2,3,3,2,3,-2,3,4,3,-1,5,2,3,-1,6,130
3,2,3,2,3,5,2,2,-4,11,2,5,5,6,6,5,5,6,130
3,2,5,2,3,6,6,9,-5,2,2,10,-5,18,-4,10,-5,7,130
5,2,1,2,3,4,2,3,-3,3,4,4,-2,6,1,4,-2,6,130
5,2,3,2,3,6,2,2,-5,11,2,6,4,7,5,6,4,9,130
5,2,5,2,3,7,6,9,-6,2,2,11,-6,19,-5,11,-6,6,130
7,2,1,2,3,5,2,3,-4,3,4,5,-3,7,0,5,-3,6,130
7,2,3,2,3,7,2,2,-6,11,2,7,3,8,4,7,3,8,130
7,2,5,2,3,8,6,9,-7,2,2,12,-7,20,-6,12,-7,6,130
-7,2,1,3,3,-2,2,2,3,13,14,-2,14,-1,27,14,-2,9,130
-7,2,2,3,3,-2,3,10,3,2,3,-1,3,8,5,3,-1,6,130
-7,2,4,3,3,-1,6,2,2,2,2,3,2,4,3,3,2,6,130
-7,2,5,3,3,0,2,3,1,3,3,0,2,2,4,2,0,6,130
-7,2,7,3,3,1,3,2,0,2,7,2,0,3,6,2,0,6,130
-7,2,8,3,3,2,2,2,-1,9,2,2,6,3,7,6,2,6,130
-5,2,1,3,3,-1,2,2,2,13,14,-1,13,0,26,13,-1,10,130
-5,2,2,3,3,-1,3,10,2,2,3,0,2,9,4,2,0,6,130
-5,2,4,3,3,0,6,2,1,2,2,4,1,5,2,4,1,7,130
-5,2,5,3,3,1,2,3,0,3,3,1,1,3,3,1,1,6,130
-5,2,7,3,3,2,3,2,-1,2,7,3,-1,4,5,3,-1,6,130
-5,2,8,3,3,3,2,2,-2,9,2,3,5,4,6,5,3,6,130
-3,2,1,3,3,0,2,2,1,13,14,0,12,1,25,12,0,11,130
-3,2,2,3,3,0,3,10,1,2,3,1,1,10,3,1,1,6,130
-3,2,4,3,3,1,6,2,0,2,2,5,0,6,1,5,0,7,130
-3,2,5,3,3,2,2,3,-1,3,3,2,0,4,2,2,0,6,130
-3,2,7,3,3,3,3,2,-2,2,7,4,-2,5,4,4,-2,6,130
-3,2,8,3,3,4,2,2,-3,9,2,4,4,5,5,4,4,6,130
-1,2,1,3,3,1,2,2,0,13,14,1,11,2,24,11,1,11,130
-1,2,2,3,3,1,3,10,0,2,3,2,0,11,2,2,0,6,130
-1,2,4,3,3,2,6,2,-1,2,2,6,-1,7,0,6,-1,6,130
-1,2,5,3,3,3,2,3,-2,3,3,3,-1,5,1,3,-1,6,130
-1,2,7,3,3,4,3,2,-3,2,7,5,-3,6,3,5,-3,6,130
-1,2,8,3,3,5,2,2,-4,9,2,5,3,6,4,5,3,6,130
1,2,1,3,3,2,2,2,-1,13,14,2,10,3,23,10,2,10,130
1,2,2,3,3,2,3,10,-1,2,3,3,-1,12,1,3,-1,6,130
1,2,4,3,3,3,6,2,-2,2,2,7,-2,8,-1,7,-2,6,130
1,2,5,3,3,4,2,3,-3,3,3,4,-2,6,0,4,-2,6,130
1,2,7,3,3,5,3,2,-4,2,7,6,-4,7,2,6,-4,6,130
1,2,8,3,3,6,2,2,-5,9,2,6,2,7,3,6,2,6,130
3,2,1,3,3,3,2,2,-2,13,14,3,9,4,22,9,3,9,130
3,2,2,3,3,3,3,10,-2,2,3,4,-2,13,0,4,-2,6,130
3,2,4,3,3,4,6,2,-3,2,2,8,-3,9,-2,8,-3,6,130
3,2,5,3,3,5,2,3,-4,3,3,5,-3,7,-1,5,-3,6,130
3,2,7,3,3,6,3,2,-5,2,7,7,-5,8,1,7,-5,6,130
3,2,8,3,3,7,2,2,-6,9,2,7,1,8,2,7,1,6,130
5,2,1,3,3,4,2,2,-3,13,14,4,8,5,21,8,4,8,130
5,2,2,3,3,4,3,10,-3,2,3,5,-3,14,-1,5,-3,6,130
5,2,4,3,3,5,6,2,-4,2,2,9,-4,10,-3,9,-4,6,130
5,2,5,3,3,6,2,3,-5,3,3,6,-4,8,-2,6,-4,6,130
5,2,7,3,3,7,3,2,-6,2,7,8,-6,9,0,8,-6,6,130
5,2,8,3,3,8,2,2,-7,9,2,8,0,9,1,8,0,6,130
7,2,1,3,3,5,2,2,-4,13,14,5,7,6,20,7,5,7,130
7,2,2,3,3,5,3,10,-4,2,3,6,-4,15,-2,6,-4,6,130
7,2,4,3,3,6,6,2,-5,2,2,10,-5,11,-4,10,-5,6,130
7,2,5,3,3,7,2,3,-6,3,3,7,-5,9,-3,7,-5,6,130
7,2,7,3,3,8,3,2,-7,2,7,9,-7,10,-1,9,-7,6,130
7,2,8,3,3,9,2,2,-8,9,2,9,-1,10,0,9,-1,6,130
-7,2,1,4,3,-3,15,14,4,2,2,10,4,23,5,10,4,10,130
-7,2,3,4,3,-2,5,42,3,2,2,1,3,42,4,3,1,6,130
-7,2,5,4,3,-1,3,70,2,2,3,0,2,69,4,2,0,6,130
-7,2,7,4,3,0,3,2,1,2,9,1,1,2,9,1,1,6,130
-7,2,9,4,3,1,2,3,0,3,3,1,1,3,3,1,1,6,130
-7,2,11,4,3,2,2,2,-1,4,6,2,1,3,6,2,1,6,130
-5,2,1,4,3,-2,15,14,3,2,2,11,3,24,4,11,3,11,130
-5,2,3,4,3,-1,5,42,2,2,2,2,2,43,3,2,2,6,130
-5,2,5,4,3,0,3,70,1,2,3,1,1,70,3,1,1,6,130
-5,2,7,4,3,1,3,2,0,2,9,2,0,3,8,2,0,6,130
-5,2,9,4,3,2,2,3,-1,3,3,2,0,4,2,2,0,6,130
-5,2,11,4,3,3,2,2,-2,4,6,3,0,4,5,3,0,6,130
-3,2,1,4,3,-1,15,14,2,2,2,12,2,25,3,12,2,12,130
-3,2,3,4,3,0,5,42,1,2,2,3,1,44,2,3,1,6,130
-3,2,5,4,3,1,3,70,0,2,3,2,0,71,2,2,0,6,130
-3,2,7,4,3,2,3,2,-1,2,9,3,-1,4,7,3,-1,7,130
-3,2,9,4,3,3,2,3,-2,3,3,3,-1,5,1,3,-1,6,130
-3,2,11,4,3,4,2,2,-3,4,6,4,-1,5,4,4,-1,6,130
-1,2,1,4,3,0,15,14,1,2,2,13,1,26,2,13,1,13,130
-1,2,3,4,3,1,5,42,0,2,2,4,0,45,1,4,0,6,130
1,2,9,4,3,5,2,3,-4,3,3,5,-3,7,-1,5,-3,6,130
1,2,11,4,3,6,2,2,-5,4,6,6,-3,7,2,6,-3,6,130
3,2,1,4,3,2,15,14,-1,2,2,15,-1,28,0,15,-1,12,130
3,2,3,4,3,3,5,42,-2,2,2,6,-2,47,-1,6,-2,7,130
3,2,5,4,3,4,3,70,-3,2,3,5,-3,74,-1,5,-3,6,130
3,2,7,4,3,5,3,2,-4,2,9,6,-4,7,4,6,-4,6,130
3,2,9,4,3,6,2,3,-5,3,3,6,-4,8,-2,6,-4,6,130
3,2,11,4,3,7,2,2,-6,4,6,7,-4,8,1,7,-4,6,130
-1,2,5,4,3,2,3,70,-1,2,3,3,-1,72,1,3,-1,6,130
-1,2,7,4,3,3,3,2,-2,2,9,4,-2,5,6,4,-2,6,130
-1,2,9,4,3,4,2,3,-3,3,3,4,-2,6,0,4,-2,6,130
-1,2,11,4,3,5,2,2,-4,4,6,5,-2,6,3,5,-2,6,130
1,2,1,4,3,1,15,14,0,2,2,14,0,27,1,14,0,13,130
1,2,3,4,3,2,5,42,-1,2,2,5,-1,46,0,5,-1,6,130
1,2,5,4,3,3,3,70,-2,2,3,4,-2,73,0,4,-2,6,130
1,2,7,4,3,4,3,2,-3,2,9,5,-3,6,5,5,-3,6,130
5,2,1,4,3,3,15,14,-2,2,2,16,-2,29,-1,16,-2,11,130
5,2,3,4,3,4,5,42,-3,2,2,7,-3,48,-2,7,-3,6,130
5,2,5,4,3,5,3,70,-4,2,3,6,-4,75,-2,6,-4,7,130
5,2,7,4,3,6,3,2,-5,2,9,7,-5,8,3,7,-5,7,130
5,2,9,4,3,7,2,3,-6,3,3,7,-5,9,-3,7,-5,6,130
5,2,11,4,3,8,2,2,-7,4,6,8,-5,9,0,8,-5,6,130
7,2,1,4,3,4,15,14,-3,2,2,17,-3,30,-2,17,-3,10,130
7,2,3,4,3,5,5,42,-4,2,2,8,-4,49,-3,8,-4,8,130
7,2,5,4,3,6,3,70,-5,2,3,7,-5,76,-3,7,-5,7,130
7,2,7,4,3,7,3,2,-6,2,9,8,-6,9,2,8,-6,6,130
7,2,9,4,3,8,2,3,-7,3,3,8,-6,10,-4,8,-6,6,130
7,2,11,4,3,9,2,2,-8,4,6,9,-6,10,-1,9,-6,6,130
-7,2,1,5,3,-3,7,3,4,2,2,2,4,4,5,4,2,6,130
-7,2,2,5,3,-2,2,2,3,6,2,-2,7,-1,8,7,-2,7,130
-7,2,3,5,3,-2,3,2,3,2,7,-1,3,0,9,3,-1,6,130
-7,2,4,5,3,-2,9,4,3,2,2,5,3,8,4,5,3,6,130
-7,2,6,5,3,-1,3,2,2,2,4,0,2,1,5,2,0,6,130
-7,2,7,5,3,-1,14,2,2,2,2,11,2,12,3,11,2,11,130
-7,2,8,5,3,0,2,2,1,4,4,0,3,1,6,3,0,6,130
-7,2,9,5,3,0,3,3,1,2,3,1,1,3,3,1,1,6,130
-7,2,11,5,3,1,2,2,0,4,2,1,2,2,3,2,1,6,130
-7,2,12,5,3,1,3,12,0,2,3,2,0,13,2,2,0,6,130
-7,2,13,5,3,2,2,2,-1,301,2,2,298,3,299,298,2,-1,130
-7,2,14,5,3,2,2,3,-1,3,8,2,0,4,7,2,0,6,130
-5,2,11,5,3,2,2,2,-1,4,2,2,1,3,2,2,1,6,130
-5,2,12,5,3,2,3,12,-1,2,3,3,-1,14,1,3,-1,6,130
-5,2,13,5,3,3,2,2,-2,301,2,3,297,4,298,297,3,-1,130
-5,2,14,5,3,3,2,3,-2,3,8,3,-1,5,6,3,-1,6,130
-3,2,1,5,3,-1,7,3,2,2,2,4,2,6,3,4,2,6,130
-3,2,2,5,3,0,2,2,1,6,2,0,5,1,6,5,0,7,130
-3,2,3,5,3,0,3,2,1,2,7,1,1,2,7,1,1,6,130
-3,2,4,5,3,0,9,4,1,2,2,7,1,10,2,7,1,7,130
-5,2,1,5,3,-2,7,3,3,2,2,3,3,5,4,3,3,6,130
-5,2,2,5,3,-1,2,2,2,6,2,-1,6,0,7,6,-1,6,130
-5,2,3,5,3,-1,3,2,2,2,7,0,2,1,8,2,0,6,130
-5,2,4,5,3,-1,9,4,2,2,2,6,2,9,3,6,2,6,130
-5,2,6,5,3,0,3,2,1,2,4,1,1,2,4,1,1,6,130
-5,2,7,5,3,0,14,2,1,2,2,12,1,13,2,12,1,12,130
-5,2,8,5,3,1,2,2,0,4,4,1,2,2,5,2,1,6,130
-5,2,9,5,3,1,3,3,0,2,3,2,0,4,2,2,0,6,130
-3,2,6,5,3,1,3,2,0,2,4,2,0,3,3,2,0,6,130
-3,2,7,5,3,1,14,2,0,2,2,13,0,14,1,13,0,12,130
-3,2,8,5,3,2,2,2,-1,4,4,2,1,3,4,2,1,6,130
-3,2,9,5,3,2,3,3,-1,2,3,3,-1,5,1,3,-1,6,130
-3,2,11,5,3,3,2,2,-2,4,2,3,0,4,1,3,0,6,130
-3,2,12,5,3,3,3,12,-2,2,3,4,-2,15,0,4,-2,6,130
-3,2,13,5,3,4,2,2,-3,301,2,4,296,5,297,296,4,-1,130
-3,2,14,5,3,4,2,3,-3,3,8,4,-2,6,5,4,-2,6,130
-1,2,1,5,3,0,7,3,1,2,2,5,1,7,2,5,1,6,130
-1,2,2,5,3,1,2,2,0,6,2,1,4,2,5,4,1,7,130
-1,2,3,5,3,1,3,2,0,2,7,2,0,3,6,2,0,6,130
-1,2,4,5,3,1,9,4,0,2,2,8,0,11,1,8,0,7,130
-1,2,6,5,3,2,3,2,-1,2,4,3,-1,4,2,3,-1,6,130
-1,2,7,5,3,2,14,2,-1,2,2,14,-1,15,0,14,-1,11,130
-1,2,8,5,3,3,2,2,-2,4,4,3,0,4,3,3,0,6,130
-1,2,9,5,3,3,3,3,-2,2,3,4,-2,6,0,4,-2,6,130
-1,2,11,5,3,4,2,2,-3,4,2,4,-1,5,0,4,-1,6,130
-1,2,12,5,3,4,3,12,-3,2,3,5,-3,16,-1,5,-3,6,130
-1,2,13,5,3,5,2,2,-4,301,2,5,295,6,296,295,5,-1,130
-1,2,14,5,3,5,2,3,-4,3,8,5,-3,7,4,5,-3,6,130
1,2,1,5,3,1,7,3,0,2,2,6,0,8,1,6,0,6,130
1,2,2,5,3,2,2,2,-1,6,2,2,3,3,4,3,2,6,130
1,2,3,5,3,2,3,2,-1,2,7,3,-1,4,5,3,-1,6,130
1,2,4,5,3,2,9,4,-1,2,2,9,-1,12,0,9,-1,6,130
1,2,6,5,3,3,3,2,-2,2,4,4,-2,5,1,4,-2,6,130
1,2,7,5,3,3,14,2,-2,2,2,15,-2,16,-1,15,-2,10,130
1,2,8,5,3,4,2,2,-3,4,4,4,-1,5,2,4,-1,6,130
1,2,9,5,3,4,3,3,-3,2,3,5,-3,7,-1,5,-3,6,130
1,2,11,5,3,5,2,2,-4,4,2,5,-2,6,-1,5,-2,7,130
1,2,12,5,3,5,3,12,-4,2,3,6,-4,17,-2,6,-4,7,130
1,2,13,5,3,6,2,2,-5,301,2,6,294,7,295,294,6,-1,130
1,2,14,5,3,6,2,3,-5,3,8,6,-4,8,3,6,-4,6,130
3,2,1,5,3,2,7,3,-1,2,2,7,-1,9,0,7,-1,6,130
3,2,2,5,3,3,2,2,-2,6,2,3,2,4,3,3,2,7,130
3,2,3,5,3,3,3,2,-2,2,7,4,-2,5,4,4,-2,6,130
3,2,4,5,3,3,9,4,-2,2,2,10,-2,13,-1,10,-2,6,130
3,2,6,5,3,4,3,2,-3,2,4,5,-3,6,0,5,-3,6,130
3,2,7,5,3,4,14,2,-3,2,2,16,-3,17,-2,16,-3,9,130
3,2,8,5,3,5,2,2,-4,4,4,5,-2,6,1,5,-2,6,130
3,2,9,5,3,5,3,3,-4,2,3,6,-4,8,-2,6,-4,6,130
3,2,11,5,3,6,2,2,-5,4,2,6,-3,7,-2,6,-3,6,130
3,2,12,5,3,6,3,12,-5,2,3,7,-5,18,-3,7,-5,9,130
3,2,13,5,3,7,2,2,-6,301,2,7,293,8,294,293,7,-1,130
3,2,14,5,3,7,2,3,-6,3,8,7,-5,9,2,7,-5,6,130
5,2,1,5,3,3,7,3,-2,2,2,8,-2,10,-1,8,-2,6,130
5,2,2,5,3,4,2,2,-3,6,2,4,1,5,2,4,1,7,130
5,2,3,5,3,4,3,2,-3,2,7,5,-3,6,3,5,-3,6,130
5,2,4,5,3,4,9,4,-3,2,2,11,-3,14,-2,11,-3,7,130
5,2,6,5,3,5,3,2,-4,2,4,6,-4,7,-1,6,-4,6,130
5,2,7,5,3,5,14,2,-4,2,2,17,-4,18,-3,17,-4,8,130
5,2,8,5,3,6,2,2,-5,4,4,6,-3,7,0,6,-3,6,130
5,2,9,5,3,6,3,3,-5,2,3,7,-5,9,-3,7,-5,6,130
5,2,11,5,3,7,2,2,-6,4,2,7,-4,8,-3,7,-4,6,130
5,2,12,5,3,7,3,12,-6,2,3,8,-6,19,-4,8,-6,6,130
5,2,13,5,3,8,2,2,-7,301,2,8,292,9,293,292,8,6,130
5,2,14,5,3,8,2,3,-7,3,8,8,-6,10,1,8,-6,6,130
7,2,1,5,3,4,7,3,-3,2,2,9,-3,11,-2,9,-3,6,130
7,2,2,5,3,5,2,2,-4,6,2,5,0,6,1,5,0,6,130
7,2,3,5,3,5,3,2,-4,2,7,6,-4,7,2,6,-4,7,130
7,2,4,5,3,5,9,4,-4,2,2,12,-4,15,-3,12,-4,6,130
7,2,6,5,3,6,3,2,-5,2,4,7,-5,8,-2,7,-5,6,130
7,2,7,5,3,6,14,2,-5,2,2,18,-5,19,-4,18,-5,6,130
7,2,8,5,3,7,2,2,-6,4,4,7,-4,8,-1,7,-4,6,130
7,2,9,5,3,7,3,3,-6,2,3,8,-6,10,-4,8,-6,6,130
7,2,11,5,3,8,2,2,-7,4,2,8,-5,9,-4,8,-5,6,130
7,2,12,5,3,8,3,12,-7,2,3,9,-7,20,-5,9,-7,6,130
7,2,13,5,3,9,2,2,-8,301,2,9,291,10,292,291,9,6,130
7,2,14,5,3,9,2,3,-8,3,8,9,-7,11,0,9,-7,6,130
-11,3,1,1,3,-1,2,2,2,16,2,-1,16,0,17,16,-1,13,130
-11,3,2,1,3,0,5,16,1,2,2,3,1,18,2,3,1,6,130
-11,3,3,1,3,2,3,2,-1,2,9,3,-1,4,7,3,-1,7,130
-10,3,1,1,3,-1,2,3,2,3,3,-1,3,1,5,3,-1,6,130
-10,3,2,1,3,1,2,2,0,8,3,1,6,2,8,6,1,6,130
-10,3,3,1,3,2,8,2,-1,2,2,8,-1,9,0,8,-1,7,130
-8,3,1,1,3,0,2,2,1,16,2,0,15,1,16,15,0,14,130
-8,3,2,1,3,1,5,16,0,2,2,4,0,19,1,4,0,6,130
-8,3,3,1,3,3,3,2,-2,2,9,4,-2,5,6,4,-2,6,130
-7,3,1,1,3,0,2,3,1,3,3,0,2,2,4,2,0,6,130
-7,3,2,1,3,2,2,2,-1,8,3,2,5,3,7,5,2,6,130
-7,3,3,1,3,3,8,2,-2,2,2,9,-2,10,-1,9,-2,6,130
-5,3,1,1,3,1,2,2,0,16,2,1,14,2,15,14,1,14,130
-5,3,2,1,3,2,5,16,-1,2,2,5,-1,20,0,5,-1,6,130
-5,3,3,1,3,4,3,2,-3,2,9,5,-3,6,5,5,-3,6,130
-4,3,1,1,3,1,2,3,0,3,3,1,1,3,3,1,1,6,130
-4,3,2,1,3,3,2,2,-2,8,3,3,4,4,6,4,3,6,130
-4,3,3,1,3,4,8,2,-3,2,2,10,-3,11,-2,10,-3,6,130
-2,3,1,1,3,2,2,2,-1,16,2,2,13,3,14,13,2,13,130
-2,3,2,1,3,3,5,16,-2,2,2,6,-2,21,-1,6,-2,7,130
-2,3,3,1,3,5,3,2,-4,2,9,6,-4,7,4,6,-4,6,130
-1,3,1,1,3,2,2,3,-1,3,3,2,0,4,2,2,0,6,130
-1,3,2,1,3,4,2,2,-3,8,3,4,3,5,5,4,3,6,130
-1,3,3,1,3,5,8,2,-4,2,2,11,-4,12,-3,11,-4,6,130
1,3,1,1,3,3,2,2,-2,16,2,3,12,4,13,12,3,12,130
1,3,2,1,3,4,5,16,-3,2,2,7,-3,22,-2,7,-3,6,130
1,3,3,1,3,6,3,2,-5,2,9,7,-5,8,3,7,-5,6,130
2,3,1,1,3,3,2,3,-2,3,3,3,-1,5,1,3,-1,6,130
2,3,2,1,3,5,2,2,-4,8,3,5,2,6,4,5,2,6,130
2,3,3,1,3,6,8,2,-5,2,2,12,-5,13,-4,12,-5,6,130
4,3,1,1,3,4,2,2,-3,16,2,4,11,5,12,11,4,11,130
4,3,2,1,3,5,5,16,-4,2,2,8,-4,23,-3,8,-4,8,130
4,3,3,1,3,7,3,2,-6,2,9,8,-6,9,2,8,-6,6,130
5,3,1,1,3,4,2,3,-3,3,3,4,-2,6,0,4,-2,6,130
5,3,2,1,3,6,2,2,-5,8,3,6,1,7,3,6,1,6,130
5,3,3,1,3,7,8,2,-6,2,2,13,-6,14,-5,13,-6,6,130
-10,3,3,2,3,0,2,2,1,4,5,0,3,1,7,3,0,6,130
-10,3,5,2,3,1,312,9,0,2,2,311,0,319,1,311,0,-1,130
-8,3,1,2,3,-1,2,2,2,6,2,-1,6,0,7,6,-1,6,130
-8,3,3,2,3,0,15,3,1,2,2,13,1,15,2,13,1,13,130
-8,3,5,2,3,2,3,35,-1,2,3,3,-1,37,1,3,-1,6,130
-7,3,1,2,3,-1,3,2,2,2,9,0,2,1,10,2,0,6,130
-7,3,3,2,3,1,2,2,0,4,5,1,2,2,6,2,1,6,130
-7,3,5,2,3,2,312,9,-1,2,2,312,-1,320,0,312,-1,-1,130
10,3,3,1,3,9,3,2,-8,2,9,10,-8,11,0,10,-8,6,130
11,3,1,1,3,6,2,3,-5,3,3,6,-4,8,-2,6,-4,6,130
11,3,2,1,3,8,2,2,-7,8,3,8,-1,9,1,8,-1,6,130
11,3,3,1,3,9,8,2,-8,2,2,15,-8,16,-7,15,-8,6,130
-11,3,1,2,3,-2,2,2,3,6,2,-2,7,-1,8,7,-2,8,130
-11,3,3,2,3,-1,15,3,2,2,2,12,2,14,3,12,2,12,130
-11,3,5,2,3,1,3,35,0,2,3,2,0,36,2,2,0,6,130
-10,3,1,2,3,-2,3,2,3,2,9,-1,3,0,11,3,-1,6,130
7,3,1,1,3,5,2,2,-4,16,2,5,10,6,11,10,5,10,130
7,3,2,1,3,6,5,16,-5,2,2,9,-5,24,-4,9,-5,6,130
7,3,3,1,3,8,3,2,-7,2,9,9,-7,10,1,9,-7,6,130
8,3,1,1,3,5,2,3,-4,3,3,5,-3,7,-1,5,-3,6,130
8,3,2,1,3,7,2,2,-6,8,3,7,0,8,2,7,0,6,130
8,3,3,1,3,8,8,2,-7,2,2,14,-7,15,-6,14,-7,6,130
10,3,1,1,3,6,2,2,-5,16,2,6,9,7,10,9,6,9,130
10,3,2,1,3,7,5,16,-6,2,2,10,-6,25,-5,10,-6,7,130
-5,3,1,2,3,0,2,2,1,6,2,0,5,1,6,5,0,7,130
-5,3,3,2,3,1,15,3,0,2,2,14,0,16,1,14,0,13,130
-5,3,5,2,3,3,3,35,-2,2,3,4,-2,38,0,4,-2,6,130
-4,3,1,2,3,0,3,2,1,2,9,1,1,2,9,1,1,6,130
-4,3,3,2,3,2,2,2,-1,4,5,2,1,3,5,2,1,6,130
-4,3,5,2,3,3,312,9,-2,2,2,313,-2,321,-1,313,-2,-1,130
-2,3,1,2,3,1,2,2,0,6,2,1,4,2,5,4,1,7,130
-2,3,3,2,3,2,15,3,-1,2,2,15,-1,17,0,15,-1,12,130
-2,3,5,2,3,4,3,35,-3,2,3,5,-3,39,-1,5,-3,6,130
-1,3,1,2,3,1,3,2,0,2,9,2,0,3,8,2,0,6,130
-1,3,3,2,3,3,2,2,-2,4,5,3,0,4,4,3,0,6,130
-1,3,5,2,3,4,312,9,-3,2,2,314,-3,322,-2,314,-3,-1,130
1,3,1,2,3,2,2,2,-1,6,2,2,3,3,4,3,2,6,130
1,3,3,2,3,3,15,3,-2,2,2,16,-2,18,-1,16,-2,11,130
1,3,5,2,3,5,3,35,-4,2,3,6,-4,40,-2,6,-4,7,130
2,3,1,2,3,2,3,2,-1,2,9,3,-1,4,7,3,-1,7,130
2,3,3,2,3,4,2,2,-3,4,5,4,-1,5,3,4,-1,6,130
2,3,5,2,3,5,312,9,-4,2,2,315,-4,323,-3,315,-4,-1,130
4,3,1,2,3,3,2,2,-2,6,2,3,2,4,3,3,2,8,130
4,3,3,2,3,4,15,3,-3,2,2,17,-3,19,-2,17,-3,10,130
4,3,5,2,3,6,3,35,-5,2,3,7,-5,41,-3,7,-5,7,130
5,3,1,2,3,3,3,2,-2,2,9,4,-2,5,6,4,-2,6,130
5,3,3,2,3,5,2,2,-4,4,5,5,-2,6,2,5,-2,6,130
5,3,5,2,3,6,312,9,-5,2,2,316,-5,324,-4,316,-5,6,130
7,3,1,2,3,4,2,2,-3,6,2,4,1,5,2,4,1,6,130
7,3,3,2,3,5,15,3,-4,2,2,18,-4,20,-3,18,-4,9,130
7,3,5,2,3,7,3,35,-6,2,3,8,-6,42,-4,8,-6,7,130
8,3,1,2,3,4,3,2,-3,2,9,5,-3,6,5,5,-3,6,130
8,3,3,2,3,6,2,2,-5,4,5,6,-3,7,1,6,-3,6,130
8,3,5,2,3,7,312,9,-6,2,2,317,-6,325,-5,317,-6,7,130
10,3,1,2,3,5,2,2,-4,6,2,5,0,6,1,5,0,6,130
10,3,3,2,3,6,15,3,-5,2,2,19,-5,21,-4,19,-5,6,130
10,3,5,2,3,8,3,35,-7,2,3,9,-7,43,-5,9,-7,6,130
11,3,1,2,3,5,3,2,-4,2,9,6,-4,7,4,6,-4,6,130
11,3,3,2,3,7,2,2,-6,4,5,7,-4,8,0,7,-4,6,130
11,3,5,2,3,8,312,9,-7,2,2,318,-7,326,-6,318,-7,6,130
-11,3,1,3,3,-3,12,2,4,2,2,7,4,8,5,7,4,7,130
-11,3,2,3,3,-2,2,22,3,3,2,-2,4,19,5,4,-2,6,130
-11,3,4,3,3,-1,3,5,2,2,3,0,2,4,4,2,0,6,130
-11,3,5,3,3,0,2,2,1,5,3,0,4,1,6,4,0,6,130
-11,3,7,3,3,1,2,3,0,3,4,1,1,3,4,1,1,6,130
-11,3,8,3,3,1,21,10,0,2,2,20,0,29,1,20,0,19,130
-10,3,1,3,3,-2,2,2,3,5,2,-2,6,-1,7,6,-2,6,130
-10,3,2,3,3,-2,6,3,3,2,2,2,3,4,4,3,2,6,130
-10,3,4,3,3,-1,42,5,2,2,2,39,2,43,3,39,2,39,130
-10,3,5,3,3,0,3,2,1,2,6,1,1,2,6,1,1,6,130
-10,3,7,3,3,1,4,2,0,2,2,3,0,4,1,3,0,6,130
-10,3,8,3,3,2,2,2,-1,4,3,2,1,3,3,2,1,6,130
-8,3,1,3,3,-2,12,2,3,2,2,8,3,9,4,8,3,8,130
-8,3,2,3,3,-1,2,22,2,3,2,-1,3,20,4,3,-1,7,130
-8,3,4,3,3,0,3,5,1,2,3,1,1,5,3,1,1,6,130
-8,3,5,3,3,1,2,2,0,5,3,1,3,2,5,3,1,6,130
-8,3,7,3,3,2,2,3,-1,3,4,2,0,4,3,2,0,6,130
-8,3,8,3,3,2,21,10,-1,2,2,21,-1,30,0,21,-1,18,130
-7,3,1,3,3,-1,2,2,2,5,2,-1,5,0,6,5,-1,6,130
-7,3,2,3,3,-1,6,3,2,2,2,3,2,5,3,3,2,6,130
-7,3,4,3,3,0,42,5,1,2,2,40,1,44,2,40,1,40,130
-7,3,5,3,3,1,3,2,0,2,6,2,0,3,5,2,0,6,130
-7,3,7,3,3,2,4,2,-1,2,2,4,-1,5,0,4,-1,6,130
-7,3,8,3,3,3,2,2,-2,4,3,3,0,4,2,3,0,6,130
-5,3,1,3,3,-1,12,2,2,2,2,9,2,10,3,9,2,9,130
-5,3,2,3,3,0,2,22,1,3,2,0,2,21,3,2,0,6,130
-5,3,4,3,3,1,3,5,0,2,3,2,0,6,2,2,0,6,130
-5,3,5,3,3,2,2,2,-1,5,3,2,2,3,4,2,2,6,130
-5,3,7,3,3,3,2,3,-2,3,4,3,-1,5,2,3,-1,6,130
-5,3,8,3,3,3,21,10,-2,2,2,22,-2,31,-1,22,-2,17,130
-4,3,1,3,3,0,2,2,1,5,2,0,4,1,5,4,0,6,130
-4,3,2,3,3,0,6,3,1,2,2,4,1,6,2,4,1,6,130
-4,3,4,3,3,1,42,5,0,2,2,41,0,45,1,41,0,40,130
-4,3,5,3,3,2,3,2,-1,2,6,3,-1,4,4,3,-1,6,130
-4,3,7,3,3,3,4,2,-2,2,2,5,-2,6,-1,5,-2,6,130
-4,3,8,3,3,4,2,2,-3,4,3,4,-1,5,1,4,-1,6,130
-2,3,1,3,3,0,12,2,1,2,2,10,1,11,2,10,1,10,130
-2,3,2,3,3,1,2,22,0,3,2,1,1,22,2,1,1,6,130
-2,3,4,3,3,2,3,5,-1,2,3,3,-1,7,1,3,-1,6,130
-2,3,5,3,3,3,2,2,-2,5,3,3,1,4,3,3,1,6,130
-2,3,7,3,3,4,2,3,-3,3,4,4,-2,6,1,4,-2,6,130
-2,3,8,3,3,4,21,10,-3,2,2,23,-3,32,-2,23,-3,16,130
-1,3,1,3,3,1,2,2,0,5,2,1,3,2,4,3,1,6,130
-1,3,2,3,3,1,6,3,0,2,2,5,0,7,1,5,0,6,130
-1,3,4,3,3,2,42,5,-1,2,2,42,-1,46,0,42,-1,39,130
-1,3,5,3,3,3,3,2,-2,2,6,4,-2,5,3,4,-2,6,130
-1,3,7,3,3,4,4,2,-3,2,2,6,-3,7,-2,6,-3,6,130
-1,3,8,3,3,5,2,2,-4,4,3,5,-2,6,0,5,-2,6,130
1,3,1,3,3,1,12,2,0,2,2,11,0,12,1,11,0,10,130
1,3,2,3,3,2,2,22,-1,3,2,2,0,23,1,2,0,6,130
1,3,4,3,3,3,3,5,-2,2,3,4,-2,8,0,4,-2,6,130
1,3,5,3,3,4,2,2,-3,5,3,4,0,5,2,4,0,6,130
4,3,1,3,3,2,12,2,-1,2,2,12,-1,13,0,12,-1,9,130
4,3,2,3,3,3,2,22,-2,3,2,3,-1,24,0,3,-1,7,130
4,3,4,3,3,4,3,5,-3,2,3,5,-3,9,-1,5,-3,6,130
4,3,5,3,3,5,2,2,-4,5,3,5,-1,6,1,5,-1,6,130
4,3,7,3,3,6,2,3,-5,3,4,6,-4,8,-1,6,-4,6,130
4,3,8,3,3,6,21,10,-5,2,2,25,-5,34,-4,25,-5,6,130
5,3,1,3,3,3,2,2,-2,5,2,3,1,4,2,3,1,6,130
5,3,2,3,3,3,6,3,-2,2,2,7,-2,9,-1,7,-2,7,130
5,3,4,3,3,4,42,5,-3,2,2,44,-3,48,-2,44,-3,37,130
5,3,5,3,3,5,3,2,-4,2,6,6,-4,7,1,6,-4,6,130
5,3,7,3,3,6,4,2,-5,2,2,8,-5,9,-4,8,-5,6,130
5,3,8,3,3,7,2,2,-6,4,3,7,-4,8,-2,7,-4,6,130
7,3,1,3,3,3,12,2,-2,2,2,13,-2,14,-1,13,-2,8,130
7,3,2,3,3,4,2,22,-3,3,2,4,-2,25,-1,4,-2,6,130
7,3,4,3,3,5,3,5,-4,2,3,6,-4,10,-2,6,-4,6,130
7,3,5,3,3,6,2,2,-5,5,3,6,-2,7,0,6,-2,6,130
1,3,7,3,3,5,2,3,-4,3,4,5,-3,7,0,5,-3,6,130
1,3,8,3,3,5,21,10,-4,2,2,24,-4,33,-3,24,-4,15,130
2,3,1,3,3,2,2,2,-1,5,2,2,2,3,3,2,2,6,130
2,3,2,3,3,2,6,3,-1,2,2,6,-1,8,0,6,-1,6,130
2,3,4,3,3,3,42,5,-2,2,2,43,-2,47,-1,43,-2,38,130
2,3,5,3,3,4,3,2,-3,2,6,5,-3,6,2,5,-3,6,130
2,3,7,3,3,5,4,2,-4,2,2,7,-4,8,-3,7,-4,6,130
2,3,8,3,3,6,2,2,-5,4,3,6,-3,7,-1,6,-3,6,130
7,3,7,3,3,7,2,3,-6,3,4,7,-5,9,-2,7,-5,6,130
7,3,8,3,3,7,21,10,-6,2,2,26,-6,35,-5,26,-6,7,130
8,3,1,3,3,4,2,2,-3,5,2,4,0,5,1,4,0,7,130
8,3,2,3,3,4,6,3,-3,2,2,8,-3,10,-2,8,-3,6,130
8,3,4,3,3,5,42,5,-4,2,2,45,-4,49,-3,45,-4,36,130
8,3,5,3,3,6,3,2,-5,2,6,7,-5,8,0,7,-5,6,130
8,3,7,3,3,7,4,2,-6,2,2,9,-6,10,-5,9,-6,6,130
8,3,8,3,3,8,2,2,-7,4,3,8,-5,9,-3,8,-5,6,130
10,3,1,3,3,4,12,2,-3,2,2,14,-3,15,-2,14,-3,7,130
10,3,2,3,3,5,2,22,-4,3,2,5,-3,26,-2,5,-3,6,130
10,3,4,3,3,6,3,5,-5,2,3,7,-5,11,-3,7,-5,6,130
10,3,5,3,3,7,2,2,-6,5,3,7,-3,8,-1,7,-3,6,130
10,3,7,3,3,8,2,3,-7,3,4,8,-6,10,-3,8,-6,6,130
10,3,8,3,3,8,21,10,-7,2,2,27,-7,36,-6,27,-7,6,130
11,3,1,3,3,5,2,2,-4,5,2,5,-1,6,0,5,-1,7,130
11,3,2,3,3,5,6,3,-4,2,2,9,-4,11,-3,9,-4,9,130
11,3,4,3,3,6,42,5,-5,2,2,46,-5,50,-4,46,-5,6,130
11,3,5,3,3,7,3,2,-6,2,6,8,-6,9,-1,8,-6,6,130
11,3,7,3,3,8,4,2,-7,2,2,10,-7,11,-6,10,-7,6,130
11,3,8,3,3,9,2,2,-8,4,3,9,-6,10,-4,9,-6,6,130
-11,3,1,4,3,-3,5,2,4,2,2,0,4,1,5,4,0,6,130
-11,3,3,4,3,-2,3,4,3,2,3,-1,3,2,5,3,-1,6,130
-11,3,5,4,3,-1,2,157,2,3,2,-1,3,155,4,3,-1,7,130
-11,3,7,4,3,0,2,3,1,3,4,0,2,2,5,2,0,6,130
-11,3,9,4,3,1,2,2,0,5,2,1,3,2,4,3,1,6,130
-11,3,11,4,3,2,2,2,-1,11,2,2,8,3,9,8,2,8,130
-10,3,1,4,3,-2,2,2,3,11,2,-2,12,-1,13,12,-2,7,130
-10,3,3,4,3,-2,30,2,3,2,2,26,3,27,4,26,3,26,130
-10,3,5,4,3,-1,6,18,2,2,2,3,2,20,3,3,2,6,130
-10,3,7,4,3,0,4,2,1,2,2,2,1,3,2,2,1,6,130
-10,3,9,4,3,1,3,2,0,2,5,2,0,3,4,2,0,7,130
-10,3,11,4,3,2,2,5,-1,3,2,2,0,6,1,2,0,6,130
-8,3,1,4,3,-2,5,2,3,2,2,1,3,2,4,3,1,6,130
-8,3,3,4,3,-1,3,4,2,2,3,0,2,3,4,2,0,6,130
-8,3,5,4,3,0,2,157,1,3,2,0,2,156,3,2,0,6,130
-8,3,7,4,3,1,2,3,0,3,4,1,1,3,4,1,1,6,130
-8,3,9,4,3,2,2,2,-1,5,2,2,2,3,3,2,2,6,130
-8,3,11,4,3,3,2,2,-2,11,2,3,7,4,8,7,3,7,130
-7,3,1,4,3,-1,2,2,2,11,2,-1,11,0,12,11,-1,8,130
-7,3,3,4,3,-1,30,2,2,2,2,27,2,28,3,27,2,27,130
-7,3,5,4,3,0,6,18,1,2,2,4,1,21,2,4,1,6,130
-7,3,7,4,3,1,4,2,0,2,2,3,0,4,1,3,0,6,130
-7,3,9,4,3,2,3,2,-1,2,5,3,-1,4,3,3,-1,6,130
-7,3,11,4,3,3,2,5,-2,3,2,3,-1,7,0,3,-1,6,130
-5,3,1,4,3,-1,5,2,2,2,2,2,2,3,3,2,2,6,130
-5,3,3,4,3,0,3,4,1,2,3,1,1,4,3,1,1,6,130
-5,3,5,4,3,1,2,157,0,3,2,1,1,157,2,1,1,6,130
-5,3,7,4,3,2,2,3,-1,3,4,2,0,4,3,2,0,6,130
-2,3,1,4,3,0,5,2,1,2,2,3,1,4,2,3,1,7,130
-2,3,3,4,3,1,3,4,0,2,3,2,0,5,2,2,0,6,130
-2,3,5,4,3,2,2,157,-1,3,2,2,0,158,1,2,0,6,130
-2,3,7,4,3,3,2,3,-2,3,4,3,-1,5,2,3,-1,6,130
-2,3,9,4,3,4,2,2,-3,5,2,4,0,5,1,4,0,6,130
-2,3,11,4,3,5,2,2,-4,11,2,5,5,6,6,5,5,6,130
-1,3,1,4,3,1,2,2,0,11,2,1,9,2,10,9,1,9,130
-1,3,3,4,3,1,30,2,0,2,2,29,0,30,1,29,0,28,130
-5,3,9,4,3,3,2,2,-2,5,2,3,1,4,2,3,1,6,130
-5,3,11,4,3,4,2,2,-3,11,2,4,6,5,7,6,4,6,130
-4,3,1,4,3,0,2,2,1,11,2,0,10,1,11,10,0,9,130
-4,3,3,4,3,0,30,2,1,2,2,28,1,29,2,28,1,28,130
-4,3,5,4,3,1,6,18,0,2,2,5,0,22,1,5,0,6,130
-4,3,7,4,3,2,4,2,-1,2,2,4,-1,5,0,4,-1,6,130
-4,3,9,4,3,3,3,2,-2,2,5,4,-2,5,2,4,-2,6,130
-4,3,11,4,3,4,2,5,-3,3,2,4,-2,8,-1,4,-2,6,130
-1,3,5,4,3,2,6,18,-1,2,2,6,-1,23,0,6,-1,6,130
-1,3,7,4,3,3,4,2,-2,2,2,5,-2,6,-1,5,-2,6,130
-1,3,9,4,3,4,3,2,-3,2,5,5,-3,6,1,5,-3,6,130
-1,3,11,4,3,5,2,5,-4,3,2,5,-3,9,-2,5,-3,6,130
1,3,1,4,3,1,5,2,0,2,2,4,0,5,1,4,0,6,130
1,3,3,4,3,2,3,4,-1,2,3,3,-1,6,1,3,-1,6,130
1,3,5,4,3,3,2,157,-2,3,2,3,-1,159,0,3,-1,7,130
1,3,7,4,3,4,2,3,-3,3,4,4,-2,6,1,4,-2,6,130
1,3,9,4,3,5,2,2,-4,5,2,5,-1,6,0,5,-1,6,130
1,3,11,4,3,6,2,2,-5,11,2,6,4,7,5,6,4,6,130
2,3,1,4,3,2,2,2,-1,11,2,2,8,3,9,8,2,8,130
2,3,3,4,3,2,30,2,-1,2,2,30,-1,31,0,30,-1,27,130
2,3,5,4,3,3,6,18,-2,2,2,7,-2,24,-1,7,-2,7,130
2,3,7,4,3,4,4,2,-3,2,2,6,-3,7,-2,6,-3,6,130
2,3,9,4,3,5,3,2,-4,2,5,6,-4,7,0,6,-4,6,130
2,3,11,4,3,6,2,5,-5,3,2,6,-4,10,-3,6,-4,6,130
4,3,1,4,3,2,5,2,-1,2,2,5,-1,6,0,5,-1,6,130
4,3,3,4,3,3,3,4,-2,2,3,4,-2,7,0,4,-2,6,130
4,3,5,4,3,4,2,157,-3,3,2,4,-2,160,-1,4,-2,6,130
4,3,7,4,3,5,2,3,-4,3,4,5,-3,7,0,5,-3,6,130
4,3,9,4,3,6,2,2,-5,5,2,6,-2,7,-1,6,-2,6,130
4,3,11,4,3,7,2,2,-6,11,2,7,3,8,4,7,3,6,130
5,3,1,4,3,3,2,2,-2,11,2,3,7,4,8,7,3,7,130
5,3,3,4,3,3,30,2,-2,2,2,31,-2,32,-1,31,-2,26,130
5,3,5,4,3,4,6,18,-3,2,2,8,-3,25,-2,8,-3,7,130
5,3,7,4,3,5,4,2,-4,2,2,7,-4,8,-3,7,-4,6,130
5,3,9,4,3,6,3,2,-5,2,5,7,-5,8,-1,7,-5,6,130
5,3,11,4,3,7,2,5,-6,3,2,7,-5,11,-4,7,-5,6,130
7,3,1,4,3,3,5,2,-2,2,2,6,-2,7,-1,6,-2,7,130
7,3,3,4,3,4,3,4,-3,2,3,5,-3,8,-1,5,-3,6,130
7,3,5,4,3,5,2,157,-4,3,2,5,-3,161,-2,5,-3,6,130
7,3,7,4,3,6,2,3,-5,3,4,6,-4,8,-1,6,-4,6,130
7,3,9,4,3,7,2,2,-6,5,2,7,-3,8,-2,7,-3,6,130
7,3,11,4,3,8,2,2,-7,11,2,8,2,9,3,8,2,6,130
8,3,1,4,3,4,2,2,-3,11,2,4,6,5,7,6,4,6,130
8,3,3,4,3,4,30,2,-3,2,2,32,-3,33,-2,32,-3,25,130
8,3,5,4,3,5,6,18,-4,2,2,9,-4,26,-3,9,-4,6,130
8,3,7,4,3,6,4,2,-5,2,2,8,-5,9,-4,8,-5,6,130
8,3,9,4,3,7,3,2,-6,2,5,8,-6,9,-2,8,-6,6,130
8,3,11,4,3,8,2,5,-7,3,2,8,-6,12,-5,8,-6,6,130
10,3,1,4,3,4,5,2,-3,2,2,7,-3,8,-2,7,-3,6,130
10,3,3,4,3,5,3,4,-4,2,3,6,-4,9,-2,6,-4,6,130
10,3,5,4,3,6,2,157,-5,3,2,6,-4,162,-3,6,-4,6,130
10,3,7,4,3,7,2,3,-6,3,4,7,-5,9,-2,7,-5,6,130
10,3,9,4,3,8,2,2,-7,5,2,8,-4,9,-3,8,-4,6,130
10,3,11,4,3,9,2,2,-8,11,2,9,1,10,2,9,1,6,130
11,3,1,4,3,5,2,2,-4,11,2,5,5,6,6,5,5,6,130
11,3,3,4,3,5,30,2,-4,2,2,33,-4,34,-3,33,-4,24,130
-11,3,6,5,3,-1,2,4,2,3,2,-1,3,2,4,3,-1,6,130
-11,3,7,5,3,-1,5,2,2,2,2,2,2,3,3,2,2,6,130
-11,3,8,5,3,0,2,2,1,10,3,0,9,1,11,9,0,8,130
-11,3,9,5,3,0,2,6,1,3,2,0,2,5,3,2,0,6,130
-11,3,11,5,3,1,2,2,0,7,21,1,5,2,25,5,1,6,130
-11,3,12,5,3,1,2,27,0,3,2,1,1,27,2,1,1,6,130
-11,3,13,5,3,1,7,2,0,2,2,6,0,7,1,6,0,6,130
-11,3,14,5,3,2,2,2,-1,6,2,2,3,3,4,3,2,6,130
-10,3,1,5,3,-2,2,2,3,77,2,-2,78,-1,79,78,-2,73,130
-10,3,2,5,3,-2,2,3,3,3,5,-2,4,0,8,4,-2,6,130
-10,3,3,5,3,-2,4,2,3,2,2,0,3,1,4,3,0,6,130
-10,3,4,5,3,-1,2,2,2,20,2,-1,20,0,21,20,-1,17,130
-10,3,6,5,3,-1,4,14,2,2,2,1,2,14,3,2,1,6,130
-10,3,7,5,3,0,2,2,1,11,14,0,10,1,23,10,0,9,130
-10,3,8,5,3,0,2,5,1,3,2,0,2,4,3,2,0,6,130
-10,3,9,5,3,0,5,3,1,2,2,3,1,5,2,3,1,6,130
11,3,5,4,3,6,6,18,-5,2,2,10,-5,27,-4,10,-5,10,130
11,3,7,4,3,7,4,2,-6,2,2,9,-6,10,-5,9,-6,6,130
11,3,9,4,3,8,3,2,-7,2,5,9,-7,10,-3,9,-7,6,130
11,3,11,4,3,9,2,5,-8,3,2,9,-7,13,-6,9,-7,6,130
-11,3,1,5,3,-3,4,2,4,2,2,-1,4,0,5,4,-1,6,130
-11,3,2,5,3,-2,2,2,3,39,2,-2,40,-1,41,40,-2,35,130
-11,3,3,5,3,-2,2,3,3,3,4,-2,4,0,7,4,-2,6,130
-11,3,4,5,3,-2,4,3,3,2,2,0,3,2,4,3,0,6,130
-10,3,11,5,3,1,2,12,0,3,2,1,1,12,2,1,1,6,130
-10,3,12,5,3,1,6,4,0,2,2,5,0,8,1,5,0,6,130
-10,3,13,5,3,2,2,2,-1,6,9,2,3,3,11,3,2,6,130
-10,3,14,5,3,2,3,2,-1,2,16,3,-1,4,14,3,-1,7,130
-8,3,1,5,3,-2,4,2,3,2,2,0,3,1,4,3,0,6,130
-8,3,2,5,3,-1,2,2,2,39,2,-1,39,0,40,39,-1,36,130
-8,3,3,5,3,-1,2,3,2,3,4,-1,3,1,6,3,-1,6,130
-8,3,4,5,3,-1,4,3,2,2,2,1,2,3,3,2,1,6,130
-8,3,6,5,3,0,2,4,1,3,2,0,2,3,3,2,0,6,130
-8,3,7,5,3,0,5,2,1,2,2,3,1,4,2,3,1,6,130
-8,3,8,5,3,1,2,2,0,10,3,1,8,2,10,8,1,8,130
-8,3,9,5,3,1,2,6,0,3,2,1,1,6,2,1,1,6,130
-8,3,11,5,3,2,2,2,-1,7,21,2,4,3,24,4,2,6,130
-8,3,12,5,3,2,2,27,-1,3,2,2,0,28,1,2,0,6,130
-8,3,13,5,3,2,7,2,-1,2,2,7,-1,8,0,7,-1,6,130
-8,3,14,5,3,3,2,2,-2,6,2,3,2,4,3,3,2,7,130
-7,3,1,5,3,-1,2,2,2,77,2,-1,77,0,78,77,-1,74,130
-7,3,2,5,3,-1,2,3,2,3,5,-1,3,1,7,3,-1,6,130
-7,3,3,5,3,-1,4,2,2,2,2,1,2,2,3,2,1,6,130
-7,3,4,5,3,0,2,2,1,20,2,0,19,1,20,19,0,18,130
-7,3,6,5,3,0,4,14,1,2,2,2,1,15,2,2,1,6,130
-7,3,7,5,3,1,2,2,0,11,14,1,9,2,22,9,1,9,130
-7,3,8,5,3,1,2,5,0,3,2,1,1,5,2,1,1,6,130
-7,3,9,5,3,1,5,3,0,2,2,4,0,6,1,4,0,6,130
-7,3,11,5,3,2,2,12,-1,3,2,2,0,13,1,2,0,6,130
-7,3,12,5,3,2,6,4,-1,2,2,6,-1,9,0,6,-1,8,130
-7,3,13,5,3,3,2,2,-2,6,9,3,2,4,10,3,2,8,130
-7,3,14,5,3,3,3,2,-2,2,16,4,-2,5,13,4,-2,6,130
-5,3,1,5,3,-1,4,2,2,2,2,1,2,2,3,2,1,6,130
-5,3,2,5,3,0,2,2,1,39,2,0,38,1,39,38,0,37,130
-5,3,3,5,3,0,2,3,1,3,4,0,2,2,5,2,0,6,130
-5,3,4,5,3,0,4,3,1,2,2,2,1,4,2,2,1,6,130
-5,3,6,5,3,1,2,4,0,3,2,1,1,4,2,1,1,6,130
-5,3,7,5,3,1,5,2,0,2,2,4,0,5,1,4,0,6,130
-5,3,8,5,3,2,2,2,-1,10,3,2,7,3,9,7,2,7,130
-5,3,9,5,3,2,2,6,-1,3,2,2,0,7,1,2,0,6,130
-5,3,11,5,3,3,2,2,-2,7,21,3,3,4,23,3,3,6,130
-5,3,12,5,3,3,2,27,-2,3,2,3,-1,29,0,3,-1,7,130
-5,3,13,5,3,3,7,2,-2,2,2,8,-2,9,-1,8,-2,6,130
-5,3,14,5,3,4,2,2,-3,6,2,4,1,5,2,4,1,6,130
-1,3,1,5,3,1,2,2,0,77,2,1,75,2,76,75,1,75,130
-1,3,2,5,3,1,2,3,0,3,5,1,1,3,5,1,1,6,130
-1,3,3,5,3,1,4,2,0,2,2,3,0,4,1,3,0,6,130
-1,3,4,5,3,2,2,2,-1,20,2,2,17,3,18,17,2,17,130
-1,3,6,5,3,2,4,14,-1,2,2,4,-1,17,0,4,-1,6,130
-1,3,7,5,3,3,2,2,-2,11,14,3,7,4,20,7,3,7,130
-1,3,8,5,3,3,2,5,-2,3,2,3,-1,7,0,3,-1,6,130
-1,3,9,5,3,3,5,3,-2,2,2,6,-2,8,-1,6,-2,6,130
-2,3,6,5,3,2,2,4,-1,3,2,2,0,5,1,2,0,6,130
-2,3,7,5,3,2,5,2,-1,2,2,5,-1,6,0,5,-1,6,130
-2,3,8,5,3,3,2,2,-2,10,3,3,6,4,8,6,3,6,130
-2,3,9,5,3,3,2,6,-2,3,2,3,-1,8,0,3,-1,6,130
-2,3,11,5,3,4,2,2,-3,7,21,4,2,5,22,4,2,8,130
-2,3,12,5,3,4,2,27,-3,3,2,4,-2,30,-1,4,-2,6,130
-2,3,13,5,3,4,7,2,-3,2,2,9,-3,10,-2,9,-3,7,130
-2,3,14,5,3,5,2,2,-4,6,2,5,0,6,1,5,0,6,130
-4,3,1,5,3,0,2,2,1,77,2,0,76,1,77,76,0,75,130
-4,3,2,5,3,0,2,3,1,3,5,0,2,2,6,2,0,6,130
-4,3,3,5,3,0,4,2,1,2,2,2,1,3,2,2,1,7,130
-4,3,4,5,3,1,2,2,0,20,2,1,18,2,19,18,1,18,130
-4,3,6,5,3,1,4,14,0,2,2,3,0,16,1,3,0,6,130
-4,3,7,5,3,2,2,2,-1,11,14,2,8,3,21,8,2,8,130
-4,3,8,5,3,2,2,5,-1,3,2,2,0,6,1,2,0,6,130
-4,3,9,5,3,2,5,3,-1,2,2,5,-1,7,0,5,-1,6,130
-4,3,11,5,3,3,2,12,-2,3,2,3,-1,14,0,3,-1,7,130
-4,3,12,5,3,3,6,4,-2,2,2,7,-2,10,-1,7,-2,6,130
-4,3,13,5,3,4,2,2,-3,6,9,4,1,5,9,4,1,6,130
-4,3,14,5,3,4,3,2,-3,2,16,5,-3,6,12,5,-3,6,130
-2,3,1,5,3,0,4,2,1,2,2,2,1,3,2,2,1,7,130
-2,3,2,5,3,1,2,2,0,39,2,1,37,2,38,37,1,37,130
-2,3,3,5,3,1,2,3,0,3,4,1,1,3,4,1,1,6,130
-2,3,4,5,3,1,4,3,0,2,2,3,0,5,1,3,0,6,130
-1,3,11,5,3,4,2,12,-3,3,2,4,-2,15,-1,4,-2,6,130
-1,3,12,5,3,4,6,4,-3,2,2,8,-3,11,-2,8,-3,7,130
-1,3,13,5,3,5,2,2,-4,6,9,5,0,6,8,5,0,6,130
-1,3,14,5,3,5,3,2,-4,2,16,6,-4,7,11,6,-4,6,130
1,3,1,5,3,1,4,2,0,2,2,3,0,4,1,3,0,7,130
1,3,2,5,3,2,2,2,-1,39,2,2,36,3,37,36,2,36,130
1,3,3,5,3,2,2,3,-1,3,4,2,0,4,3,2,0,6,130
1,3,4,5,3,2,4,3,-1,2,2,4,-1,6,0,4,-1,6,130
1,3,6,5,3,3,2,4,-2,3,2,3,-1,6,0,3,-1,6,130
1,3,7,5,3,3,5,2,-2,2,2,6,-2,7,-1,6,-2,6,130
1,3,8,5,3,4,2,2,-3,10,3,4,5,5,7,5,4,6,130
1,3,9,5,3,4,2,6,-3,3,2,4,-2,9,-1,4,-2,6,130
1,3,11,5,3,5,2,2,-4,7,21,5,1,6,21,5,1,7,130
1,3,12,5,3,5,2,27,-4,3,2,5,-3,31,-2,5,-3,6,130
1,3,13,5,3,5,7,2,-4,2,2,10,-4,11,-3,10,-4,6,130
1,3,14,5,3,6,2,2,-5,6,2,6,-1,7,0,6,-1,7,130
2,3,1,5,3,2,2,2,-1,77,2,2,74,3,75,74,2,74,130
2,3,2,5,3,2,2,3,-1,3,5,2,0,4,4,2,0,6,130
2,3,3,5,3,2,4,2,-1,2,2,4,-1,5,0,4,-1,7,130
2,3,4,5,3,3,2,2,-2,20,2,3,16,4,17,16,3,16,130
2,3,6,5,3,3,4,14,-2,2,2,5,-2,18,-1,5,-2,6,130
2,3,7,5,3,4,2,2,-3,11,14,4,6,5,19,6,4,6,130
2,3,8,5,3,4,2,5,-3,3,2,4,-2,8,-1,4,-2,6,130
2,3,9,5,3,4,5,3,-3,2,2,7,-3,9,-2,7,-3,6,130
2,3,11,5,3,5,2,12,-4,3,2,5,-3,16,-2,5,-3,6,130
2,3,12,5,3,5,6,4,-4,2,2,9,-4,12,-3,9,-4,6,130
2,3,13,5,3,6,2,2,-5,6,9,6,-1,7,7,6,-1,6,130
2,3,14,5,3,6,3,2,-5,2,16,7,-5,8,10,7,-5,7,130
4,3,1,5,3,2,4,2,-1,2,2,4,-1,5,0,4,-1,6,130
4,3,2,5,3,3,2,2,-2,39,2,3,35,4,36,35,3,35,130
4,3,3,5,3,3,2,3,-2,3,4,3,-1,5,2,3,-1,6,130
4,3,4,5,3,3,4,3,-2,2,2,5,-2,7,-1,5,-2,6,130
4,3,6,5,3,4,2,4,-3,3,2,4,-2,7,-1,4,-2,6,130
4,3,7,5,3,4,5,2,-3,2,2,7,-3,8,-2,7,-3,6,130
4,3,8,5,3,5,2,2,-4,10,3,5,4,6,6,5,4,6,130
4,3,9,5,3,5,2,6,-4,3,2,5,-3,10,-2,5,-3,6,130
4,3,11,5,3,6,2,2,-5,7,21,6,0,7,20,6,0,6,130
4,3,12,5,3,6,2,27,-5,3,2,6,-4,32,-3,6,-4,6,130
4,3,13,5,3,6,7,2,-5,2,2,11,-5,12,-4,11,-5,6,130
4,3,14,5,3,7,2,2,-6,6,2,7,-2,8,-1,7,-2,6,130
5,3,1,5,3,3,2,2,-2,77,2,3,73,4,74,73,3,73,130
5,3,2,5,3,3,2,3,-2,3,5,3,-1,5,3,3,-1,6,130
5,3,3,5,3,3,4,2,-2,2,2,5,-2,6,-1,5,-2,6,130
5,3,4,5,3,4,2,2,-3,20,2,4,15,5,16,15,4,15,130
5,3,6,5,3,4,4,14,-3,2,2,6,-3,19,-2,6,-3,6,130
5,3,7,5,3,5,2,2,-4,11,14,5,5,6,18,5,5,6,130
5,3,8,5,3,5,2,5,-4,3,2,5,-3,9,-2,5,-3,6,130
5,3,9,5,3,5,5,3,-4,2,2,8,-4,10,-3,8,-4,6,130
7,3,6,5,3,5,2,4,-4,3,2,5,-3,8,-2,5,-3,6,130
7,3,7,5,3,5,5,2,-4,2,2,8,-4,9,-3,8,-4,6,130
7,3,8,5,3,6,2,2,-5,10,3,6,3,7,5,6,3,6,130
7,3,9,5,3,6,2,6,-5,3,2,6,-4,11,-3,6,-4,6,130
7,3,11,5,3,7,2,2,-6,7,21,7,-1,8,19,7,-1,6,130
7,3,12,5,3,7,2,27,-6,3,2,7,-5,33,-4,7,-5,6,130
7,3,13,5,3,7,7,2,-6,2,2,12,-6,13,-5,12,-6,6,130
7,3,14,5,3,8,2,2,-7,6,2,8,-3,9,-2,8,-3,6,130
8,3,1,5,3,4,2,2,-3,77,2,4,72,5,73,72,4,72,130
8,3,2,5,3,4,2,3,-3,3,5,4,-2,6,2,4,-2,6,130
8,3,3,5,3,4,4,2,-3,2,2,6,-3,7,-2,6,-3,6,130
8,3,4,5,3,5,2,2,-4,20,2,5,14,6,15,14,5,14,130
8,3,6,5,3,5,4,14,-4,2,2,7,-4,20,-3,7,-4,6,130
8,3,7,5,3,6,2,2,-5,11,14,6,4,7,17,6,4,6,130
8,3,8,5,3,6,2,5,-5,3,2,6,-4,10,-3,6,-4,6,130
8,3,9,5,3,6,5,3,-5,2,2,9,-5,11,-4,9,-5,6,130
5,3,11,5,3,6,2,12,-5,3,2,6,-4,17,-3,6,-4,13,130
5,3,12,5,3,6,6,4,-5,2,2,10,-5,13,-4,10,-5,6,130
5,3,13,5,3,7,2,2,-6,6,9,7,-2,8,6,7,-2,6,130
5,3,14,5,3,7,3,2,-6,2,16,8,-6,9,9,8,-6,7,130
7,3,1,5,3,3,4,2,-2,2,2,5,-2,6,-1,5,-2,6,130
7,3,2,5,3,4,2,2,-3,39,2,4,34,5,35,34,4,34,130
7,3,3,5,3,4,2,3,-3,3,4,4,-2,6,1,4,-2,6,130
7,3,4,5,3,4,4,3,-3,2,2,6,-3,8,-2,6,-3,6,130
8,3,11,5,3,7,2,12,-6,3,2,7,-5,18,-4,7,-5,6,130
8,3,12,5,3,7,6,4,-6,2,2,11,-6,14,-5,11,-6,7,130
8,3,13,5,3,8,2,2,-7,6,9,8,-3,9,5,8,-3,6,130
8,3,14,5,3,8,3,2,-7,2,16,9,-7,10,8,9,-7,6,130
10,3,1,5,3,4,4,2,-3,2,2,6,-3,7,-2,6,-3,6,130
10,3,2,5,3,5,2,2,-4,39,2,5,33,6,34,33,5,33,130
10,3,3,5,3,5,2,3,-4,3,4,5,-3,7,0,5,-3,6,130
10,3,4,5,3,5,4,3,-4,2,2,7,-4,9,-3,7,-4,6,130
10,3,6,5,3,6,2,4,-5,3,2,6,-4,9,-3,6,-4,6,130
10,3,7,5,3,6,5,2,-5,2,2,9,-5,10,-4,9,-5,6,130
10,3,8,5,3,7,2,2,-6,10,3,7,2,8,4,7,2,6,130
10,3,9,5,3,7,2,6,-6,3,2,7,-5,12,-4,7,-5,6,130
10,3,11,5,3,8,2,2,-7,7,21,8,-2,9,18,8,-2,6,130
10,3,12,5,3,8,2,27,-7,3,2,8,-6,34,-5,8,-6,7,130
10,3,13,5,3,8,7,2,-7,2,2,13,-7,14,-6,13,-7,7,130
10,3,14,5,3,9,2,2,-8,6,2,9,-4,10,-3,9,-4,6,130
11,3,1,5,3,5,2,2,-4,77,2,5,71,6,72,71,5,71,130
11,3,2,5,3,5,2,3,-4,3,5,5,-3,7,1,5,-3,6,130
11,3,3,5,3,5,4,2,-4,2,2,7,-4,8,-3,7,-4,6,130
11,3,4,5,3,6,2,2,-5,20,2,6,13,7,14,13,6,13,130
11,3,6,5,3,6,4,14,-5,2,2,8,-5,21,-4,8,-5,8,130
11,3,7,5,3,7,2,2,-6,11,14,7,3,8,16,7,3,6,130
11,3,8,5,3,7,2,5,-6,3,2,7,-5,11,-4,7,-5,6,130
11,3,9,5,3,7,5,3,-6,2,2,10,-6,12,-5,10,-6,6,130
11,3,11,5,3,8,2,12,-7,3,2,8,-6,19,-5,8,-6,6,130
11,3,12,5,3,8,6,4,-7,2,2,12,-7,15,-6,12,-7,6,130
11,3,13,5,3,9,2,2,-8,6,9,9,-4,10,4,9,-4,6,130
11,3,14,5,3,9,3,2,-8,2,16,10,-8,11,7,10,-8,6,130
-15,4,1,1,3,-2,56,4,3,2,2,52,3,55,4,52,3,52,130
-15,4,2,1,3,0,4,2,1,2,2,2,1,3,2,2,1,6,130
-15,4,3,1,3,2,2,6,-1,3,2,2,0,7,1,2,0,6,130
-13,4,1,1,3,-1,2,15,2,3,2,-1,3,13,4,3,-1,7,130
-13,4,2,1,3,1,2,2,0,5,4,1,3,2,6,3,1,7,130
-13,4,3,1,3,2,19,3,-1,2,2,19,-1,21,0,19,-1,16,130
-11,4,1,1,3,-1,56,4,2,2,2,53,2,56,3,53,2,53,130
-11,4,2,1,3,1,4,2,0,2,2,3,0,4,1,3,0,7,130
-11,4,3,1,3,3,2,6,-2,3,2,3,-1,8,0,3,-1,6,130
-9,4,1,1,3,0,2,15,1,3,2,0,2,14,3,2,0,6,130
-9,4,2,1,3,2,2,2,-1,5,4,2,2,3,5,2,2,6,130
-9,4,3,1,3,3,19,3,-2,2,2,20,-2,22,-1,20,-2,15,130
-7,4,1,1,3,0,56,4,1,2,2,54,1,57,2,54,1,54,130
-7,4,2,1,3,2,4,2,-1,2,2,4,-1,5,0,4,-1,6,130
-7,4,3,1,3,4,2,6,-3,3,2,4,-2,9,-1,4,-2,6,130
-5,4,1,1,3,1,2,15,0,3,2,1,1,15,2,1,1,6,130
-5,4,2,1,3,3,2,2,-2,5,4,3,1,4,4,3,1,6,130
-5,4,3,1,3,4,19,3,-3,2,2,21,-3,23,-2,21,-3,14,130
-3,4,1,1,3,1,56,4,0,2,2,55,0,58,1,55,0,54,130
-3,4,2,1,3,3,4,2,-2,2,2,5,-2,6,-1,5,-2,6,130
-3,4,3,1,3,5,2,6,-4,3,2,5,-3,10,-2,5,-3,6,130
-1,4,1,1,3,2,2,15,-1,3,2,2,0,16,1,2,0,6,130
-1,4,2,1,3,4,2,2,-3,5,4,4,0,5,3,4,0,6,130
-1,4,3,1,3,5,19,3,-4,2,2,22,-4,24,-3,22,-4,13,130
1,4,1,1,3,2,56,4,-1,2,2,56,-1,59,0,56,-1,53,130
1,4,2,1,3,4,4,2,-3,2,2,6,-3,7,-2,6,-3,6,130
1,4,3,1,3,6,2,6,-5,3,2,6,-4,11,-3,6,-4,6,130
3,4,1,1,3,3,2,15,-2,3,2,3,-1,17,0,3,-1,7,130
9,4,1,1,3,4,56,4,-3,2,2,58,-3,61,-2,58,-3,51,130
9,4,2,1,3,6,4,2,-5,2,2,8,-5,9,-4,8,-5,6,130
9,4,3,1,3,8,2,6,-7,3,2,8,-6,13,-5,8,-6,6,130
11,4,1,1,3,5,2,15,-4,3,2,5,-3,19,-2,5,-3,6,130
11,4,2,1,3,7,2,2,-6,5,4,7,-3,8,0,7,-3,6,130
11,4,3,1,3,8,19,3,-7,2,2,25,-7,27,-6,25,-7,6,130
13,4,1,1,3,5,56,4,-4,2,2,59,-4,62,-3,59,-4,50,130
13,4,2,1,3,7,4,2,-6,2,2,9,-6,10,-5,9,-6,6,130
-13,4,3,2,3,0,2,3,1,3,8,0,2,2,9,2,0,6,130
-13,4,5,2,3,2,2,2,-1,13,2,2,10,3,11,10,2,10,130
-11,4,1,2,3,-1,2,2,2,9,3,-1,9,0,11,9,-1,6,130
-11,4,3,2,3,0,7,3,1,2,2,5,1,7,2,5,1,6,130
-11,4,5,2,3,2,3,2,-1,2,4,3,-1,4,2,3,-1,6,130
-9,4,1,2,3,-1,3,3,2,2,3,0,2,2,4,2,0,6,130
-9,4,3,2,3,1,2,3,0,3,8,1,1,3,8,1,1,6,130
-9,4,5,2,3,3,2,2,-2,13,2,3,9,4,10,9,3,9,130
3,4,2,1,3,5,2,2,-4,5,4,5,-1,6,2,5,-1,6,130
3,4,3,1,3,6,19,3,-5,2,2,23,-5,25,-4,23,-5,6,130
5,4,1,1,3,3,56,4,-2,2,2,57,-2,60,-1,57,-2,52,130
5,4,2,1,3,5,4,2,-4,2,2,7,-4,8,-3,7,-4,6,130
5,4,3,1,3,7,2,6,-6,3,2,7,-5,12,-4,7,-5,6,130
7,4,1,1,3,4,2,15,-3,3,2,4,-2,18,-1,4,-2,6,130
7,4,2,1,3,6,2,2,-5,5,4,6,-2,7,1,6,-2,6,130
7,4,3,1,3,7,19,3,-6,2,2,24,-6,26,-5,24,-6,7,130
13,4,3,1,3,9,2,6,-8,3,2,9,-7,14,-6,9,-7,7,130
15,4,1,1,3,6,2,15,-5,3,2,6,-4,20,-3,6,-4,6,130
15,4,2,1,3,8,2,2,-7,5,4,8,-4,9,-1,8,-4,6,130
15,4,3,1,3,9,19,3,-8,2,2,26,-8,28,-7,26,-8,6,130
-15,4,1,2,3,-2,2,2,3,9,3,-2,10,-1,12,10,-2,6,130
-15,4,3,2,3,-1,7,3,2,2,2,4,2,6,3,4,2,6,130
-15,4,5,2,3,1,3,2,0,2,4,2,0,3,3,2,0,6,130
-13,4,1,2,3,-2,3,3,3,2,3,-1,3,1,5,3,-1,6,130
-7,4,1,2,3,0,2,2,1,9,3,0,8,1,10,8,0,7,130
-7,4,3,2,3,1,7,3,0,2,2,6,0,8,1,6,0,6,130
-7,4,5,2,3,3,3,2,-2,2,4,4,-2,5,1,4,-2,6,130
-5,4,1,2,3,0,3,3,1,2,3,1,1,3,3,1,1,6,130
-5,4,3,2,3,2,2,3,-1,3,8,2,0,4,7,2,0,6,130
-5,4,5,2,3,4,2,2,-3,13,2,4,8,5,9,8,4,8,130
-3,4,1,2,3,1,2,2,0,9,3,1,7,2,9,7,1,7,130
-3,4,3,2,3,2,7,3,-1,2,2,7,-1,9,0,7,-1,6,130
-3,4,5,2,3,4,3,2,-3,2,4,5,-3,6,0,5,-3,6,130
-1,4,1,2,3,1,3,3,0,2,3,2,0,4,2,2,0,6,130
-1,4,3,2,3,3,2,3,-2,3,8,3,-1,5,6,3,-1,6,130
-1,4,5,2,3,5,2,2,-4,13,2,5,7,6,8,7,5,7,130
1,4,1,2,3,2,2,2,-1,9,3,2,6,3,8,6,2,6,130
1,4,3,2,3,3,7,3,-2,2,2,8,-2,10,-1,8,-2,6,130
1,4,5,2,3,5,3,2,-4,2,4,6,-4,7,-1,6,-4,6,130
3,4,1,2,3,2,3,3,-1,2,3,3,-1,5,1,3,-1,6,130
3,4,3,2,3,4,2,3,-3,3,8,4,-2,6,5,4,-2,6,130
3,4,5,2,3,6,2,2,-5,13,2,6,6,7,7,6,6,6,130
5,4,1,2,3,3,2,2,-2,9,3,3,5,4,7,5,3,6,130
5,4,3,2,3,4,7,3,-3,2,2,9,-3,11,-2,9,-3,7,130
5,4,5,2,3,6,3,2,-5,2,4,7,-5,8,-2,7,-5,6,130
7,4,1,2,3,3,3,3,-2,2,3,4,-2,6,0,4,-2,6,130
7,4,3,2,3,5,2,3,-4,3,8,5,-3,7,4,5,-3,6,130
7,4,5,2,3,7,2,2,-6,13,2,7,5,8,6,7,5,6,130
9,4,1,2,3,4,2,2,-3,9,3,4,4,5,6,4,4,6,130
9,4,3,2,3,5,7,3,-4,2,2,10,-4,12,-3,10,-4,6,130
9,4,5,2,3,7,3,2,-6,2,4,8,-6,9,-3,8,-6,6,130
11,4,1,2,3,4,3,3,-3,2,3,5,-3,7,-1,5,-3,6,130
11,4,3,2,3,6,2,3,-5,3,8,6,-4,8,3,6,-4,6,130
11,4,5,2,3,8,2,2,-7,13,2,8,4,9,5,8,4,6,130
13,4,1,2,3,5,2,2,-4,9,3,5,3,6,5,5,3,6,130
13,4,3,2,3,6,7,3,-5,2,2,11,-5,13,-4,11,-5,6,130
13,4,5,2,3,8,3,2,-7,2,4,9,-7,10,-4,9,-7,6,130
15,4,1,2,3,5,3,3,-4,2,3,6,-4,8,-2,6,-4,6,130
15,4,3,2,3,7,2,3,-6,3,8,7,-5,9,2,7,-5,6,130
15,4,5,2,3,9,2,2,-8,13,2,9,3,10,4,9,3,6,130
-15,4,1,3,3,-3,6,5,4,2,2,1,4,5,5,4,1,6,130
-15,4,2,3,3,-2,2,4,3,3,2,-2,4,1,5,4,-2,6,130
-15,4,4,3,3,-1,3,2,2,2,5,0,2,1,6,2,0,6,130
-15,4,5,3,3,0,2,2,1,8,2,0,7,1,8,7,0,6,130
-15,4,7,3,3,1,2,2,0,4,2,1,2,2,3,2,1,6,130
-15,4,8,3,3,1,8,3,0,2,2,7,0,9,1,7,0,6,130
-13,4,1,3,3,-2,2,2,3,4,2,-2,5,-1,6,5,-2,6,130
-13,4,2,3,3,-2,11,2,3,2,2,7,3,8,4,7,3,7,130
-13,4,4,3,3,0,2,2,1,17,7,0,16,1,22,16,0,15,130
-13,4,5,3,3,0,3,5,1,2,3,1,1,5,3,1,1,6,130
-13,4,7,3,3,1,5,5,0,2,2,4,0,8,1,4,0,6,130
-13,4,8,3,3,2,2,3,-1,3,4,2,0,4,3,2,0,6,130
-9,4,4,3,3,1,2,2,0,17,7,1,15,2,21,15,1,15,130
-9,4,5,3,3,1,3,5,0,2,3,2,0,6,2,2,0,6,130
-9,4,7,3,3,2,5,5,-1,2,2,5,-1,9,0,5,-1,6,130
-9,4,8,3,3,3,2,3,-2,3,4,3,-1,5,2,3,-1,6,130
-7,4,1,3,3,-1,6,5,2,2,2,3,2,7,3,3,2,6,130
-7,4,2,3,3,0,2,4,1,3,2,0,2,3,3,2,0,6,130
-7,4,4,3,3,1,3,2,0,2,5,2,0,3,4,2,0,6,130
-7,4,5,3,3,2,2,2,-1,8,2,2,5,3,6,5,2,6,130
-11,4,1,3,3,-2,6,5,3,2,2,2,3,6,4,3,2,6,130
-11,4,2,3,3,-1,2,4,2,3,2,-1,3,2,4,3,-1,6,130
-11,4,4,3,3,0,3,2,1,2,5,1,1,2,5,1,1,6,130
-11,4,5,3,3,1,2,2,0,8,2,1,6,2,7,6,1,6,130
-11,4,7,3,3,2,2,2,-1,4,2,2,1,3,2,2,1,6,130
-11,4,8,3,3,2,8,3,-1,2,2,8,-1,10,0,8,-1,6,130
-9,4,1,3,3,-1,2,2,2,4,2,-1,4,0,5,4,-1,6,130
-9,4,2,3,3,-1,11,2,2,2,2,8,2,9,3,8,2,8,130
-3,4,1,3,3,0,6,5,1,2,2,4,1,8,2,4,1,6,130
-3,4,2,3,3,1,2,4,0,3,2,1,1,4,2,1,1,6,130
-3,4,4,3,3,2,3,2,-1,2,5,3,-1,4,3,3,-1,6,130
-3,4,5,3,3,3,2,2,-2,8,2,3,4,4,5,4,3,7,130
-3,4,7,3,3,4,2,2,-3,4,2,4,-1,5,0,4,-1,6,130
-3,4,8,3,3,4,8,3,-3,2,2,10,-3,12,-2,10,-3,6,130
-1,4,1,3,3,1,2,2,0,4,2,1,2,2,3,2,1,7,130
-1,4,2,3,3,1,11,2,0,2,2,10,0,11,1,10,0,9,130
-7,4,7,3,3,3,2,2,-2,4,2,3,0,4,1,3,0,6,130
-7,4,8,3,3,3,8,3,-2,2,2,9,-2,11,-1,9,-2,6,130
-5,4,1,3,3,0,2,2,1,4,2,0,3,1,4,3,0,7,130
-5,4,2,3,3,0,11,2,1,2,2,9,1,10,2,9,1,9,130
-5,4,4,3,3,2,2,2,-1,17,7,2,14,3,20,14,2,14,130
-5,4,5,3,3,2,3,5,-1,2,3,3,-1,7,1,3,-1,6,130
-5,4,7,3,3,3,5,5,-2,2,2,6,-2,10,-1,6,-2,6,130
-5,4,8,3,3,4,2,3,-3,3,4,4,-2,6,1,4,-2,6,130
-1,4,4,3,3,3,2,2,-2,17,7,3,13,4,19,13,3,13,130
-1,4,5,3,3,3,3,5,-2,2,3,4,-2,8,0,4,-2,6,130
-1,4,7,3,3,4,5,5,-3,2,2,7,-3,11,-2,7,-3,6,130
-1,4,8,3,3,5,2,3,-4,3,4,5,-3,7,0,5,-3,6,130
1,4,1,3,3,1,6,5,0,2,2,5,0,9,1,5,0,6,130
1,4,2,3,3,2,2,4,-1,3,2,2,0,5,1,2,0,6,130
1,4,4,3,3,3,3,2,-2,2,5,4,-2,5,2,4,-2,6,130
1,4,5,3,3,4,2,2,-3,8,2,4,3,5,4,4,3,6,130
5,4,1,3,3,2,6,5,-1,2,2,6,-1,10,0,6,-1,6,130
5,4,2,3,3,3,2,4,-2,3,2,3,-1,6,0,3,-1,6,130
5,4,4,3,3,4,3,2,-3,2,5,5,-3,6,1,5,-3,6,130
5,4,5,3,3,5,2,2,-4,8,2,5,2,6,3,5,2,6,130
5,4,7,3,3,6,2,2,-5,4,2,6,-3,7,-2,6,-3,6,130
5,4,8,3,3,6,8,3,-5,2,2,12,-5,14,-4,12,-5,6,130
7,4,1,3,3,3,2,2,-2,4,2,3,0,4,1,3,0,6,130
7,4,2,3,3,3,11,2,-2,2,2,12,-2,13,-1,12,-2,7,130
1,4,7,3,3,5,2,2,-4,4,2,5,-2,6,-1,5,-2,6,130
1,4,8,3,3,5,8,3,-4,2,2,11,-4,13,-3,11,-4,6,130
3,4,1,3,3,2,2,2,-1,4,2,2,1,3,2,2,1,6,130
3,4,2,3,3,2,11,2,-1,2,2,11,-1,12,0,11,-1,8,130
3,4,4,3,3,4,2,2,-3,17,7,4,12,5,18,12,4,12,130
3,4,5,3,3,4,3,5,-3,2,3,5,-3,9,-1,5,-3,7,130
3,4,7,3,3,5,5,5,-4,2,2,8,-4,12,-3,8,-4,6,130
3,4,8,3,3,6,2,3,-5,3,4,6,-4,8,-1,6,-4,6,130
7,4,4,3,3,5,2,2,-4,17,7,5,11,6,17,11,5,11,130
7,4,5,3,3,5,3,5,-4,2,3,6,-4,10,-2,6,-4,6,130
7,4,7,3,3,6,5,5,-5,2,2,9,-5,13,-4,9,-5,6,130
7,4,8,3,3,7,2,3,-6,3,4,7,-5,9,-2,7,-5,6,130
9,4,1,3,3,3,6,5,-2,2,2,7,-2,11,-1,7,-2,6,130
9,4,2,3,3,4,2,4,-3,3,2,4,-2,7,-1,4,-2,6,130
9,4,4,3,3,5,3,2,-4,2,5,6,-4,7,0,6,-4,6,130
9,4,5,3,3,6,2,2,-5,8,2,6,1,7,2,6,1,7,130
9,4,7,3,3,7,2,2,-6,4,2,7,-4,8,-3,7,-4,6,130
9,4,8,3,3,7,8,3,-6,2,2,13,-6,15,-5,13,-6,6,130
11,4,1,3,3,4,2,2,-3,4,2,4,-1,5,0,4,-1,6,130
11,4,2,3,3,4,11,2,-3,2,2,13,-3,14,-2,13,-3,6,130
11,4,4,3,3,6,2,2,-5,17,7,6,10,7,16,10,6,10,130
11,4,5,3,3,6,3,5,-5,2,3,7,-5,11,-3,7,-5,6,130
11,4,7,3,3,7,5,5,-6,2,2,10,-6,14,-5,10,-6,6,130
11,4,8,3,3,8,2,3,-7,3,4,8,-6,10,-3,8,-6,6,130
13,4,1,3,3,4,6,5,-3,2,2,8,-3,12,-2,8,-3,6,130
13,4,2,3,3,5,2,4,-4,3,2,5,-3,8,-2,5,-3,6,130
13,4,4,3,3,6,3,2,-5,2,5,7,-5,8,-1,7,-5,6,130
13,4,5,3,3,7,2,2,-6,8,2,7,0,8,1,7,0,6,130
13,4,7,3,3,8,2,2,-7,4,2,8,-5,9,-4,8,-5,6,130
13,4,8,3,3,8,8,3,-7,2,2,14,-7,16,-6,14,-7,6,130
15,4,1,3,3,5,2,2,-4,4,2,5,-2,6,-1,5,-2,8,130
15,4,2,3,3,5,11,2,-4,2,2,14,-4,15,-3,14,-4,7,130
-15,4,9,4,3,1,2,2,0,7,5,1,5,2,9,5,1,6,130
-15,4,11,4,3,2,2,2,-1,77,2,2,74,3,75,74,2,74,130
-13,4,1,4,3,-2,2,2,3,6,2,-2,7,-1,8,7,-2,6,130
-13,4,3,4,3,-1,2,2,2,21,2,-1,21,0,22,21,-1,18,130
-13,4,5,4,3,-1,12,5,2,2,2,9,2,13,3,9,2,9,130
-13,4,7,4,3,0,5,3,1,2,2,3,1,5,2,3,1,6,130
-13,4,9,4,3,1,3,7,0,2,3,2,0,8,2,2,0,6,130
-13,4,11,4,3,2,3,2,-1,2,20,3,-1,4,18,3,-1,7,130
15,4,4,3,3,7,2,2,-6,17,7,7,9,8,15,9,7,9,130
15,4,5,3,3,7,3,5,-6,2,3,8,-6,12,-4,8,-6,6,130
15,4,7,3,3,8,5,5,-7,2,2,11,-7,15,-6,11,-7,6,130
15,4,8,3,3,9,2,3,-8,3,4,9,-7,11,-4,9,-7,6,130
-15,4,1,4,3,-3,4,2,4,2,2,-1,4,0,5,4,-1,7,130
-15,4,3,4,3,-2,3,2,3,2,6,-1,3,0,8,3,-1,6,130
-15,4,5,4,3,-1,2,4,2,3,2,-1,3,2,4,3,-1,6,130
-15,4,7,4,3,0,2,2,1,4,3,0,3,1,5,3,0,6,130
-9,4,5,4,3,0,12,5,1,2,2,10,1,14,2,10,1,10,130
-9,4,7,4,3,1,5,3,0,2,2,4,0,6,1,4,0,6,130
-9,4,9,4,3,2,3,7,-1,2,3,3,-1,9,1,3,-1,6,130
-9,4,11,4,3,3,3,2,-2,2,20,4,-2,5,17,4,-2,6,130
-7,4,1,4,3,-1,4,2,2,2,2,1,2,2,3,2,1,6,130
-7,4,3,4,3,0,3,2,1,2,6,1,1,2,6,1,1,6,130
-7,4,5,4,3,1,2,4,0,3,2,1,1,4,2,1,1,6,130
-7,4,7,4,3,2,2,2,-1,4,3,2,1,3,3,2,1,6,130
-11,4,1,4,3,-2,4,2,3,2,2,0,3,1,4,3,0,7,130
-11,4,3,4,3,-1,3,2,2,2,6,0,2,1,7,2,0,6,130
-11,4,5,4,3,0,2,4,1,3,2,0,2,3,3,2,0,6,130
-11,4,7,4,3,1,2,2,0,4,3,1,2,2,4,2,1,6,130
-11,4,9,4,3,2,2,2,-1,7,5,2,4,3,8,4,2,6,130
-11,4,11,4,3,3,2,2,-2,77,2,3,73,4,74,73,3,73,130
-9,4,1,4,3,-1,2,2,2,6,2,-1,6,0,7,6,-1,6,130
-9,4,3,4,3,0,2,2,1,21,2,0,20,1,21,20,0,19,130
-7,4,9,4,3,3,2,2,-2,7,5,3,3,4,7,3,3,6,130
-7,4,11,4,3,4,2,2,-3,77,2,4,72,5,73,72,4,72,130
-5,4,1,4,3,0,2,2,1,6,2,0,5,1,6,5,0,6,130
-5,4,3,4,3,1,2,2,0,21,2,1,19,2,20,19,1,19,130
-5,4,5,4,3,1,12,5,0,2,2,11,0,15,1,11,0,10,130
-5,4,7,4,3,2,5,3,-1,2,2,5,-1,7,0,5,-1,6,130
-5,4,9,4,3,3,3,7,-2,2,3,4,-2,10,0,4,-2,6,130
-5,4,11,4,3,4,3,2,-3,2,20,5,-3,6,16,5,-3,6,130
-1,4,5,4,3,2,12,5,-1,2,2,12,-1,16,0,12,-1,9,130
-1,4,7,4,3,3,5,3,-2,2,2,6,-2,8,-1,6,-2,6,130
-1,4,9,4,3,4,3,7,-3,2,3,5,-3,11,-1,5,-3,6,130
-1,4,11,4,3,5,3,2,-4,2,20,6,-4,7,15,6,-4,6,130
1,4,1,4,3,1,4,2,0,2,2,3,0,4,1,3,0,7,130
1,4,3,4,3,2,3,2,-1,2,6,3,-1,4,4,3,-1,6,130
1,4,5,4,3,3,2,4,-2,3,2,3,-1,6,0,3,-1,6,130
1,4,7,4,3,4,2,2,-3,4,3,4,-1,5,1,4,-1,6,130
-3,4,1,4,3,0,4,2,1,2,2,2,1,3,2,2,1,7,130
-3,4,3,4,3,1,3,2,0,2,6,2,0,3,5,2,0,6,130
-3,4,5,4,3,2,2,4,-1,3,2,2,0,5,1,2,0,6,130
-3,4,7,4,3,3,2,2,-2,4,3,3,0,4,2,3,0,6,130
-3,4,9,4,3,4,2,2,-3,7,5,4,2,5,6,4,2,6,130
-3,4,11,4,3,5,2,2,-4,77,2,5,71,6,72,71,5,71,130
-1,4,1,4,3,1,2,2,0,6,2,1,4,2,5,4,1,6,130
-1,4,3,4,3,2,2,2,-1,21,2,2,18,3,19,18,2,18,130
5,4,1,4,3,2,4,2,-1,2,2,4,-1,5,0,4,-1,6,130
5,4,3,4,3,3,3,2,-2,2,6,4,-2,5,3,4,-2,6,130
5,4,5,4,3,4,2,4,-3,3,2,4,-2,7,-1,4,-2,6,130
5,4,7,4,3,5,2,2,-4,4,3,5,-2,6,0,5,-2,6,130
5,4,9,4,3,6,2,2,-5,7,5,6,0,7,4,6,0,6,130
5,4,11,4,3,7,2,2,-6,77,2,7,69,8,70,69,7,69,130
7,4,1,4,3,3,2,2,-2,6,2,3,2,4,3,3,2,7,130
7,4,3,4,3,4,2,2,-3,21,2,4,16,5,17,16,4,16,130
1,4,9,4,3,5,2,2,-4,7,5,5,1,6,5,5,1,6,130
1,4,11,4,3,6,2,2,-5,77,2,6,70,7,71,70,6,70,130
3,4,1,4,3,2,2,2,-1,6,2,2,3,3,4,3,2,6,130
3,4,3,4,3,3,2,2,-2,21,2,3,17,4,18,17,3,17,130
3,4,5,4,3,3,12,5,-2,2,2,13,-2,17,-1,13,-2,8,130
3,4,7,4,3,4,5,3,-3,2,2,7,-3,9,-2,7,-3,6,130
3,4,9,4,3,5,3,7,-4,2,3,6,-4,12,-2,6,-4,6,130
3,4,11,4,3,6,3,2,-5,2,20,7,-5,8,14,7,-5,7,130
7,4,5,4,3,4,12,5,-3,2,2,14,-3,18,-2,14,-3,7,130
7,4,7,4,3,5,5,3,-4,2,2,8,-4,10,-3,8,-4,6,130
7,4,9,4,3,6,3,7,-5,2,3,7,-5,13,-3,7,-5,6,130
7,4,11,4,3,7,3,2,-6,2,20,8,-6,9,13,8,-6,7,130
9,4,1,4,3,3,4,2,-2,2,2,5,-2,6,-1,5,-2,7,130
9,4,3,4,3,4,3,2,-3,2,6,5,-3,6,2,5,-3,6,130
9,4,5,4,3,5,2,4,-4,3,2,5,-3,8,-2,5,-3,6,130
9,4,7,4,3,6,2,2,-5,4,3,6,-3,7,-1,6,-3,6,130
13,4,1,4,3,4,4,2,-3,2,2,6,-3,7,-2,6,-3,6,130
13,4,3,4,3,5,3,2,-4,2,6,6,-4,7,1,6,-4,6,130
13,4,5,4,3,6,2,4,-5,3,2,6,-4,9,-3,6,-4,6,130
13,4,7,4,3,7,2,2,-6,4,3,7,-4,8,-2,7,-4,6,130
13,4,9,4,3,8,2,2,-7,7,5,8,-2,9,2,8,-2,6,130
13,4,11,4,3,9,2,2,-8,77,2,9,67,10,68,67,9,6,130
15,4,1,4,3,5,2,2,-4,6,2,5,0,6,1,5,0,6,130
15,4,3,4,3,6,2,2,-5,21,2,6,14,7,15,14,6,14,130
9,4,9,4,3,7,2,2,-6,7,5,7,-1,8,3,7,-1,6,130
9,4,11,4,3,8,2,2,-7,77,2,8,68,9,69,68,8,6,130
11,4,1,4,3,4,2,2,-3,6,2,4,1,5,2,4,1,6,130
11,4,3,4,3,5,2,2,-4,21,2,5,15,6,16,15,5,15,130
11,4,5,4,3,5,12,5,-4,2,2,15,-4,19,-3,15,-4,6,130
11,4,7,4,3,6,5,3,-5,2,2,9,-5,11,-4,9,-5,6,130
11,4,9,4,3,7,3,7,-6,2,3,8,-6,14,-4,8,-6,7,130
11,4,11,4,3,8,3,2,-7,2,20,9,-7,10,12,9,-7,6,130
15,4,5,4,3,6,12,5,-5,2,2,16,-5,20,-4,16,-5,9,130
15,4,7,4,3,7,5,3,-6,2,2,10,-6,12,-5,10,-6,6,130
15,4,9,4,3,8,3,7,-7,2,3,9,-7,15,-5,9,-7,6,130
15,4,11,4,3,9,3,2,-8,2,20,10,-8,11,11,10,-8,6,130
-15,4,1,5,3,-3,3,2,4,2,4,-2,4,-1,7,4,-2,6,130
-15,4,2,5,3,-3,18,2,4,2,2,13,4,14,5,13,4,13,130
-15,4,3,5,3,-2,2,2,3,4,2,-2,5,-1,6,5,-2,6,130
-15,4,4,5,3,-2,3,4,3,2,3,-1,3,2,5,3,-1,6,130
-15,4,6,5,3,-1,2,2,2,4,2,-1,4,0,5,4,-1,6,130
-15,4,7,5,3,-1,4,2,2,2,2,1,2,2,3,2,1,6,130
-15,4,8,5,3,0,2,2,1,47,97,0,46,1,142,46,0,45,130
-15,4,9,5,3,0,2,3,1,3,4,0,2,2,5,2,0,6,130
-15,4,11,5,3,1,2,2,0,17,3,1,15,2,17,15,1,15,130
-15,4,12,5,3,1,2,4,0,3,2,1,1,4,2,1,1,6,130
-15,4,13,5,3,1,5,2,0,2,2,4,0,5,1,4,0,6,130
-15,4,14,5,3,2,2,2,-1,11,2,2,8,3,9,8,2,8,130
-13,4,1,5,3,-2,2,2,3,11,2,-2,12,-1,13,12,-2,7,130
-13,4,2,5,3,-2,2,5,3,3,2,-2,4,2,5,4,-2,6,130
-13,4,3,5,3,-2,5,4,3,2,2,1,3,4,4,3,1,6,130
-13,4,4,5,3,-1,2,2,2,8,2,-1,8,0,9,8,-1,7,130
-13,4,6,5,3,-1,6,6,2,2,2,3,2,8,3,3,2,6,130
-13,4,7,5,3,0,2,2,1,6,4,0,5,1,8,5,0,6,130
-13,4,8,5,3,0,3,2,1,2,13,1,1,2,13,1,1,6,130
-13,4,9,5,3,0,8,3,1,2,2,6,1,8,2,6,1,6,130
-13,4,11,5,3,1,3,2,0,2,5,2,0,3,4,2,0,6,130
-13,4,12,5,3,1,11,4,0,2,2,10,0,13,1,10,0,9,130
-13,4,13,5,3,2,2,2,-1,4,20,2,1,3,20,2,1,6,130
-13,4,14,5,3,2,3,2,-1,2,4,3,-1,4,2,3,-1,6,130
-11,4,1,5,3,-2,3,2,3,2,4,-1,3,0,6,3,-1,6,130
-11,4,2,5,3,-2,18,2,3,2,2,14,3,15,4,14,3,14,130
-11,4,3,5,3,-1,2,2,2,4,2,-1,4,0,5,4,-1,6,130
-11,4,4,5,3,-1,3,4,2,2,3,0,2,3,4,2,0,6,130
-11,4,6,5,3,0,2,2,1,4,2,0,3,1,4,3,0,7,130
-11,4,7,5,3,0,4,2,1,2,2,2,1,3,2,2,1,7,130
-11,4,8,5,3,1,2,2,0,47,97,1,45,2,141,45,1,45,130
-11,4,9,5,3,1,2,3,0,3,4,1,1,3,4,1,1,6,130
-11,4,11,5,3,2,2,2,-1,17,3,2,14,3,16,14,2,14,130
-11,4,12,5,3,2,2,4,-1,3,2,2,0,5,1,2,0,6,130
-11,4,13,5,3,2,5,2,-1,2,2,5,-1,6,0,5,-1,6,130
-11,4,14,5,3,3,2,2,-2,11,2,3,7,4,8,7,3,7,130
-9,4,1,5,3,-1,2,2,2,11,2,-1,11,0,12,11,-1,8,130
-9,4,2,5,3,-1,2,5,2,3,2,-1,3,3,4,3,-1,6,130
-9,4,3,5,3,-1,5,4,2,2,2,2,2,5,3,2,2,6,130
-9,4,4,5,3,0,2,2,1,8,2,0,7,1,8,7,0,6,130
-9,4,6,5,3,0,6,6,1,2,2,4,1,9,2,4,1,6,130
-9,4,7,5,3,1,2,2,0,6,4,1,4,2,7,4,1,6,130
-9,4,8,5,3,1,3,2,0,2,13,2,0,3,12,2,0,6,130
-9,4,9,5,3,1,8,3,0,2,2,7,0,9,1,7,0,6,130
-9,4,11,5,3,2,3,2,-1,2,5,3,-1,4,3,3,-1,6,130
-9,4,12,5,3,2,11,4,-1,2,2,11,-1,14,0,11,-1,8,130
-9,4,13,5,3,3,2,2,-2,4,20,3,0,4,19,3,0,6,130
-9,4,14,5,3,3,3,2,-2,2,4,4,-2,5,1,4,-2,6,130
-7,4,1,5,3,-1,3,2,2,2,4,0,2,1,5,2,0,6,130
-7,4,2,5,3,-1,18,2,2,2,2,15,2,16,3,15,2,15,130
-7,4,3,5,3,0,2,2,1,4,2,0,3,1,4,3,0,7,130
-7,4,4,5,3,0,3,4,1,2,3,1,1,4,3,1,1,6,130
-7,4,6,5,3,1,2,2,0,4,2,1,2,2,3,2,1,7,130
-7,4,7,5,3,1,4,2,0,2,2,3,0,4,1,3,0,7,130
-7,4,8,5,3,2,2,2,-1,47,97,2,44,3,140,44,2,44,130
-7,4,9,5,3,2,2,3,-1,3,4,2,0,4,3,2,0,6,130
-7,4,11,5,3,3,2,2,-2,17,3,3,13,4,15,13,3,13,130
-7,4,12,5,3,3,2,4,-2,3,2,3,-1,6,0,3,-1,6,130
-7,4,13,5,3,3,5,2,-2,2,2,6,-2,7,-1,6,-2,6,130
-7,4,14,5,3,4,2,2,-3,11,2,4,6,5,7,6,4,6,130
-5,4,1,5,3,0,2,2,1,11,2,0,10,1,11,10,0,9,130
-5,4,2,5,3,0,2,5,1,3,2,0,2,4,3,2,0,6,130
-5,4,3,5,3,0,5,4,1,2,2,3,1,6,2,3,1,7,130
-5,4,4,5,3,1,2,2,0,8,2,1,6,2,7,6,1,6,130
-5,4,6,5,3,1,6,6,0,2,2,5,0,10,1,5,0,6,130
-5,4,7,5,3,2,2,2,-1,6,4,2,3,3,6,3,2,6,130
-5,4,8,5,3,2,3,2,-1,2,13,3,-1,4,11,3,-1,7,130
-5,4,9,5,3,2,8,3,-1,2,2,8,-1,10,0,8,-1,6,130
-5,4,11,5,3,3,3,2,-2,2,5,4,-2,5,2,4,-2,6,130
-5,4,12,5,3,3,11,4,-2,2,2,12,-2,15,-1,12,-2,7,130
-5,4,13,5,3,4,2,2,-3,4,20,4,-1,5,18,4,-1,6,130
-5,4,14,5,3,4,3,2,-3,2,4,5,-3,6,0,5,-3,6,130
-3,4,1,5,3,0,3,2,1,2,4,1,1,2,4,1,1,6,130
-3,4,2,5,3,0,18,2,1,2,2,16,1,17,2,16,1,16,130
-3,4,3,5,3,1,2,2,0,4,2,1,2,2,3,2,1,6,130
-3,4,4,5,3,1,3,4,0,2,3,2,0,5,2,2,0,6,130
-1,4,1,5,3,1,2,2,0,11,2,1,9,2,10,9,1,9,130
-1,4,2,5,3,1,2,5,0,3,2,1,1,5,2,1,1,6,130
-1,4,3,5,3,1,5,4,0,2,2,4,0,7,1,4,0,6,130
-1,4,4,5,3,2,2,2,-1,8,2,2,5,3,6,5,2,6,130
-1,4,6,5,3,2,6,6,-1,2,2,6,-1,11,0,6,-1,6,130
-1,4,7,5,3,3,2,2,-2,6,4,3,2,4,5,3,2,6,130
-1,4,8,5,3,3,3,2,-2,2,13,4,-2,5,10,4,-2,6,130
-1,4,9,5,3,3,8,3,-2,2,2,9,-2,11,-1,9,-2,6,130
-1,4,11,5,3,4,3,2,-3,2,5,5,-3,6,1,5,-3,6,130
-1,4,12,5,3,4,11,4,-3,2,2,13,-3,16,-2,13,-3,6,130
-1,4,13,5,3,5,2,2,-4,4,20,5,-2,6,17,5,-2,6,130
-1,4,14,5,3,5,3,2,-4,2,4,6,-4,7,-1,6,-4,6,130
1,4,1,5,3,1,3,2,0,2,4,2,0,3,3,2,0,6,130
1,4,2,5,3,1,18,2,0,2,2,17,0,18,1,17,0,16,130
1,4,3,5,3,2,2,2,-1,4,2,2,1,3,2,2,1,6,130
1,4,4,5,3,2,3,4,-1,2,3,3,-1,6,1,3,-1,6,130
-3,4,6,5,3,2,2,2,-1,4,2,2,1,3,2,2,1,6,130
-3,4,7,5,3,2,4,2,-1,2,2,4,-1,5,0,4,-1,6,130
-3,4,8,5,3,3,2,2,-2,47,97,3,43,4,139,43,3,43,130
-3,4,9,5,3,3,2,3,-2,3,4,3,-1,5,2,3,-1,6,130
-3,4,11,5,3,4,2,2,-3,17,3,4,12,5,14,12,4,12,130
-3,4,12,5,3,4,2,4,-3,3,2,4,-2,7,-1,4,-2,6,130
-3,4,13,5,3,4,5,2,-3,2,2,7,-3,8,-2,7,-3,6,130
-3,4,14,5,3,5,2,2,-4,11,2,5,5,6,6,5,5,6,130
1,4,6,5,3,3,2,2,-2,4,2,3,0,4,1,3,0,6,130
1,4,7,5,3,3,4,2,-2,2,2,5,-2,6,-1,5,-2,6,130
1,4,8,5,3,4,2,2,-3,47,97,4,42,5,138,42,4,42,130
1,4,9,5,3,4,2,3,-3,3,4,4,-2,6,1,4,-2,6,130
1,4,11,5,3,5,2,2,-4,17,3,5,11,6,13,11,5,11,130
1,4,12,5,3,5,2,4,-4,3,2,5,-3,8,-2,5,-3,7,130
1,4,13,5,3,5,5,2,-4,2,2,8,-4,9,-3,8,-4,6,130
1,4,14,5,3,6,2,2,-5,11,2,6,4,7,5,6,4,14,130
3,4,1,5,3,2,2,2,-1,11,2,2,8,3,9,8,2,8,130
3,4,2,5,3,2,2,5,-1,3,2,2,0,6,1,2,0,6,130
3,4,3,5,3,2,5,4,-1,2,2,5,-1,8,0,5,-1,6,130
3,4,4,5,3,3,2,2,-2,8,2,3,4,4,5,4,3,6,130
3,4,6,5,3,3,6,6,-2,2,2,7,-2,12,-1,7,-2,12,130
3,4,7,5,3,4,2,2,-3,6,4,4,1,5,4,4,1,6,130
3,4,8,5,3,4,3,2,-3,2,13,5,-3,6,9,5,-3,6,130
3,4,9,5,3,4,8,3,-3,2,2,10,-3,12,-2,10,-3,6,130
3,4,11,5,3,5,3,2,-4,2,5,6,-4,7,0,6,-4,6,130
3,4,12,5,3,5,11,4,-4,2,2,14,-4,17,-3,14,-4,6,130
3,4,13,5,3,6,2,2,-5,4,20,6,-3,7,16,6,-3,6,130
3,4,14,5,3,6,3,2,-5,2,4,7,-5,8,-2,7,-5,7,130
5,4,1,5,3,2,3,2,-1,2,4,3,-1,4,2,3,-1,6,130
5,4,2,5,3,2,18,2,-1,2,2,18,-1,19,0,18,-1,15,130
5,4,3,5,3,3,2,2,-2,4,2,3,0,4,1,3,0,6,130
5,4,4,5,3,3,3,4,-2,2,3,4,-2,7,0,4,-2,6,130
5,4,6,5,3,4,2,2,-3,4,2,4,-1,5,0,4,-1,6,130
5,4,7,5,3,4,4,2,-3,2,2,6,-3,7,-2,6,-3,6,130
5,4,8,5,3,5,2,2,-4,47,97,5,41,6,137,41,5,41,130
5,4,9,5,3,5,2,3,-4,3,4,5,-3,7,0,5,-3,6,130
5,4,11,5,3,6,2,2,-5,17,3,6,10,7,12,10,6,10,130
5,4,12,5,3,6,2,4,-5,3,2,6,-4,9,-3,6,-4,6,130
5,4,13,5,3,6,5,2,-5,2,2,9,-5,10,-4,9,-5,6,130
5,4,14,5,3,7,2,2,-6,11,2,7,3,8,4,7,3,13,130
7,4,1,5,3,3,2,2,-2,11,2,3,7,4,8,7,3,7,130
7,4,2,5,3,3,2,5,-2,3,2,3,-1,7,0,3,-1,6,130
7,4,3,5,3,3,5,4,-2,2,2,6,-2,9,-1,6,-2,6,130
7,4,4,5,3,4,2,2,-3,8,2,4,3,5,4,4,3,6,130
7,4,6,5,3,4,6,6,-3,2,2,8,-3,13,-2,8,-3,6,130
7,4,7,5,3,5,2,2,-4,6,4,5,0,6,3,5,0,6,130
7,4,8,5,3,5,3,2,-4,2,13,6,-4,7,8,6,-4,6,130
7,4,9,5,3,5,8,3,-4,2,2,11,-4,13,-3,11,-4,6,130
7,4,11,5,3,6,3,2,-5,2,5,7,-5,8,-1,7,-5,6,130
7,4,12,5,3,6,11,4,-5,2,2,15,-5,18,-4,15,-5,6,130
7,4,13,5,3,7,2,2,-6,4,20,7,-4,8,15,7,-4,6,130
7,4,14,5,3,7,3,2,-6,2,4,8,-6,9,-3,8,-6,6,130
9,4,1,5,3,3,3,2,-2,2,4,4,-2,5,1,4,-2,6,130
9,4,2,5,3,3,18,2,-2,2,2,19,-2,20,-1,19,-2,14,130
9,4,3,5,3,4,2,2,-3,4,2,4,-1,5,0,4,-1,6,130
9,4,4,5,3,4,3,4,-3,2,3,5,-3,8,-1,5,-3,6,130
11,4,1,5,3,4,2,2,-3,11,2,4,6,5,7,6,4,6,130
11,4,2,5,3,4,2,5,-3,3,2,4,-2,8,-1,4,-2,6,130
11,4,3,5,3,4,5,4,-3,2,2,7,-3,10,-2,7,-3,6,130
11,4,4,5,3,5,2,2,-4,8,2,5,2,6,3,5,2,6,130
11,4,6,5,3,5,6,6,-4,2,2,9,-4,14,-3,9,-4,6,130
11,4,7,5,3,6,2,2,-5,6,4,6,-1,7,2,6,-1,6,130
11,4,8,5,3,6,3,2,-5,2,13,7,-5,8,7,7,-5,7,130
11,4,9,5,3,6,8,3,-5,2,2,12,-5,14,-4,12,-5,6,130
9,4,6,5,3,5,2,2,-4,4,2,5,-2,6,-1,5,-2,8,130
9,4,7,5,3,5,4,2,-4,2,2,7,-4,8,-3,7,-4,6,130
9,4,8,5,3,6,2,2,-5,47,97,6,40,7,136,40,6,40,130
9,4,9,5,3,6,2,3,-5,3,4,6,-4,8,-1,6,-4,6,130
9,4,11,5,3,7,2,2,-6,17,3,7,9,8,11,9,7,9,130
9,4,12,5,3,7,2,4,-6,3,2,7,-5,10,-4,7,-5,6,130
9,4,13,5,3,7,5,2,-6,2,2,10,-6,11,-5,10,-6,6,130
9,4,14,5,3,8,2,2,-7,11,2,8,2,9,3,8,2,6,130
11,4,11,5,3,7,3,2,-6,2,5,8,-6,9,-2,8,-6,6,130
11,4,12,5,3,7,11,4,-6,2,2,16,-6,19,-5,16,-6,6,130
11,4,13,5,3,8,2,2,-7,4,20,8,-5,9,14,8,-5,6,130
11,4,14,5,3,8,3,2,-7,2,4,9,-7,10,-4,9,-7,6,130
13,4,1,5,3,4,3,2,-3,2,4,5,-3,6,0,5,-3,6,130
13,4,2,5,3,4,18,2,-3,2,2,20,-3,21,-2,20,-3,13,130
13,4,3,5,3,5,2,2,-4,4,2,5,-2,6,-1,5,-2,6,130
13,4,4,5,3,5,3,4,-4,2,3,6,-4,9,-2,6,-4,6,130
13,4,6,5,3,6,2,2,-5,4,2,6,-3,7,-2,6,-3,6,130
13,4,7,5,3,6,4,2,-5,2,2,8,-5,9,-4,8,-5,6,130
13,4,8,5,3,7,2,2,-6,47,97,7,39,8,135,39,7,39,130
13,4,9,5,3,7,2,3,-6,3,4,7,-5,9,-2,7,-5,6,130
13,4,11,5,3,8,2,2,-7,17,3,8,8,9,10,8,8,6,130
13,4,12,5,3,8,2,4,-7,3,2,8,-6,11,-5,8,-6,6,130
13,4,13,5,3,8,5,2,-7,2,2,11,-7,12,-6,11,-7,6,130
13,4,14,5,3,9,2,2,-8,11,2,9,1,10,2,9,1,6,130
15,4,1,5,3,5,2,2,-4,11,2,5,5,6,6,5,5,6,130
15,4,2,5,3,5,2,5,-4,3,2,5,-3,9,-2,5,-3,6,130
15,4,3,5,3,5,5,4,-4,2,2,8,-4,11,-3,8,-4,6,130
15,4,4,5,3,6,2,2,-5,8,2,6,1,7,2,6,1,6,130
15,4,6,5,3,6,6,6,-5,2,2,10,-5,15,-4,10,-5,6,130
15,4,7,5,3,7,2,2,-6,6,4,7,-2,8,1,7,-2,6,130
15,4,8,5,3,7,3,2,-6,2,13,8,-6,9,6,8,-6,6,130
15,4,9,5,3,7,8,3,-6,2,2,13,-6,15,-5,13,-6,6,130
15,4,11,5,3,8,3,2,-7,2,5,9,-7,10,-3,9,-7,6,130
15,4,12,5,3,8,11,4,-7,2,2,17,-7,20,-6,17,-7,6,130
15,4,13,5,3,9,2,2,-8,4,20,9,-6,10,13,9,-6,6,130
15,4,14,5,3,9,3,2,-8,2,4,10,-8,11,-5,10,-8,6,130
-19,5,1,1,3,-2,15,4,3,2,2,11,3,14,4,11,3,11,130
-19,5,2,1,3,0,3,44,1,2,3,1,1,44,3,1,1,6,130
-19,5,3,1,3,2,2,3,-1,3,3,2,0,4,2,2,0,6,130
-18,5,1,1,3,-1,2,2,2,8,3,-1,8,0,10,8,-1,6,130
-18,5,2,1,3,0,8,2,1,2,2,6,1,7,2,6,1,6,130
-18,5,3,1,3,2,3,2,-1,2,4,3,-1,4,2,3,-1,6,130
-17,5,1,1,3,-1,2,2,2,4,2,-1,4,0,5,4,-1,6,130
-17,5,2,1,3,1,2,2,0,16,3,1,14,2,16,14,1,14,130
-17,5,3,1,3,2,5,11,-1,2,2,5,-1,15,0,5,-1,6,130
-16,5,1,1,3,-1,3,2,2,2,9,0,2,1,10,2,0,6,130
-16,5,2,1,3,1,2,2,0,4,5,1,2,2,6,2,1,6,130
-16,5,3,1,3,2,260,11,-1,2,2,260,-1,270,0,260,-1,-1,130
-14,5,1,1,3,-1,15,4,2,2,2,12,2,15,3,12,2,12,130
-14,5,2,1,3,1,3,44,0,2,3,2,0,45,2,2,0,6,130
-14,5,3,1,3,3,2,3,-2,3,3,3,-1,5,1,3,-1,6,130
-13,5,1,1,3,0,2,2,1,8,3,0,7,1,9,7,0,6,130
-13,5,2,1,3,1,8,2,0,2,2,7,0,8,1,7,0,6,130
-13,5,3,1,3,3,3,2,-2,2,4,4,-2,5,1,4,-2,6,130
-12,5,1,1,3,0,2,2,1,4,2,0,3,1,4,3,0,7,130
-12,5,2,1,3,2,2,2,-1,16,3,2,13,3,15,13,2,13,130
-12,5,3,1,3,3,5,11,-2,2,2,6,-2,16,-1,6,-2,7,130
-11,5,1,1,3,0,3,2,1,2,9,1,1,2,9,1,1,6,130
-11,5,2,1,3,2,2,2,-1,4,5,2,1,3,5,2,1,6,130
-11,5,3,1,3,3,260,11,-2,2,2,261,-2,271,-1,261,-2,-1,130
-9,5,1,1,3,0,15,4,1,2,2,13,1,16,2,13,1,13,130
-9,5,2,1,3,2,3,44,-1,2,3,3,-1,46,1,3,-1,6,130
-9,5,3,1,3,4,2,3,-3,3,3,4,-2,6,0,4,-2,6,130
-8,5,1,1,3,1,2,2,0,8,3,1,6,2,8,6,1,6,130
-8,5,2,1,3,2,8,2,-1,2,2,8,-1,9,0,8,-1,7,130
-8,5,3,1,3,4,3,2,-3,2,4,5,-3,6,0,5,-3,6,130
-7,5,1,1,3,1,2,2,0,4,2,1,2,2,3,2,1,7,130
-7,5,2,1,3,3,2,2,-2,16,3,3,12,4,14,12,3,12,130
-7,5,3,1,3,4,5,11,-3,2,2,7,-3,17,-2,7,-3,6,130
-6,5,1,1,3,1,3,2,0,2,9,2,0,3,8,2,0,6,130
-6,5,2,1,3,3,2,2,-2,4,5,3,0,4,4,3,0,6,130
-6,5,3,1,3,4,260,11,-3,2,2,262,-3,272,-2,262,-3,-1,130
-2,5,3,1,3,5,5,11,-4,2,2,8,-4,18,-3,8,-4,8,130
-1,5,1,1,3,2,3,2,-1,2,9,3,-1,4,7,3,-1,7,130
-1,5,2,1,3,4,2,2,-3,4,5,4,-1,5,3,4,-1,6,130
-1,5,3,1,3,5,260,11,-4,2,2,263,-4,273,-3,263,-4,-1,130
1,5,1,1,3,2,15,4,-1,2,2,15,-1,18,0,15,-1,12,130
1,5,2,1,3,4,3,44,-3,2,3,5,-3,48,-1,5,-3,6,130
1,5,3,1,3,6,2,3,-5,3,3,6,-4,8,-2,6,-4,6,130
2,5,1,1,3,3,2,2,-2,8,3,3,4,4,6,4,3,6,130
-4,5,1,1,3,1,15,4,0,2,2,14,0,17,1,14,0,13,130
-4,5,2,1,3,3,3,44,-2,2,3,4,-2,47,0,4,-2,6,130
-4,5,3,1,3,5,2,3,-4,3,3,5,-3,7,-1,5,-3,6,130
-3,5,1,1,3,2,2,2,-1,8,3,2,5,3,7,5,2,6,130
-3,5,2,1,3,3,8,2,-2,2,2,9,-2,10,-1,9,-2,6,130
-3,5,3,1,3,5,3,2,-4,2,4,6,-4,7,-1,6,-4,6,130
-2,5,1,1,3,2,2,2,-1,4,2,2,1,3,2,2,1,6,130
-2,5,2,1,3,4,2,2,-3,16,3,4,11,5,13,11,4,11,130
2,5,2,1,3,4,8,2,-3,2,2,10,-3,11,-2,10,-3,6,130
2,5,3,1,3,6,3,2,-5,2,4,7,-5,8,-2,7,-5,7,130
3,5,1,1,3,3,2,2,-2,4,2,3,0,4,1,3,0,6,130
3,5,2,1,3,5,2,2,-4,16,3,5,10,6,12,10,5,10,130
3,5,3,1,3,6,5,11,-5,2,2,9,-5,19,-4,9,-5,6,130
4,5,1,1,3,3,3,2,-2,2,9,4,-2,5,6,4,-2,6,130
4,5,2,1,3,5,2,2,-4,4,5,5,-2,6,2,5,-2,6,130
4,5,3,1,3,6,260,11,-5,2,2,264,-5,274,-4,264,-5,6,130
6,5,1,1,3,3,15,4,-2,2,2,16,-2,19,-1,16,-2,11,130
6,5,2,1,3,5,3,44,-4,2,3,6,-4,49,-2,6,-4,7,130
6,5,3,1,3,7,2,3,-6,3,3,7,-5,9,-3,7,-5,6,130
7,5,1,1,3,4,2,2,-3,8,3,4,3,5,5,4,3,6,130
7,5,2,1,3,5,8,2,-4,2,2,11,-4,12,-3,11,-4,7,130
7,5,3,1,3,7,3,2,-6,2,4,8,-6,9,-3,8,-6,6,130
8,5,1,1,3,4,2,2,-3,4,2,4,-1,5,0,4,-1,6,130
8,5,2,1,3,6,2,2,-5,16,3,6,9,7,11,9,6,9,130
8,5,3,1,3,7,5,11,-6,2,2,10,-6,20,-5,10,-6,7,130
9,5,1,1,3,4,3,2,-3,2,9,5,-3,6,5,5,-3,6,130
9,5,2,1,3,6,2,2,-5,4,5,6,-3,7,1,6,-3,6,130
9,5,3,1,3,7,260,11,-6,2,2,265,-6,275,-5,265,-6,7,130
11,5,1,1,3,4,15,4,-3,2,2,17,-3,20,-2,17,-3,10,130
11,5,2,1,3,6,3,44,-5,2,3,7,-5,50,-3,7,-5,7,130
11,5,3,1,3,8,2,3,-7,3,3,8,-6,10,-4,8,-6,6,130
12,5,1,1,3,5,2,2,-4,8,3,5,2,6,4,5,2,6,130
12,5,2,1,3,6,8,2,-5,2,2,12,-5,13,-4,12,-5,7,130
12,5,3,1,3,8,3,2,-7,2,4,9,-7,10,-4,9,-7,6,130
13,5,1,1,3,5,2,2,-4,4,2,5,-2,6,-1,5,-2,8,130
13,5,2,1,3,7,2,2,-6,16,3,7,8,8,10,8,7,8,130
13,5,3,1,3,8,5,11,-7,2,2,11,-7,21,-6,11,-7,6,130
14,5,1,1,3,5,3,2,-4,2,9,6,-4,7,4,6,-4,6,130
14,5,2,1,3,7,2,2,-6,4,5,7,-4,8,0,7,-4,6,130
14,5,3,1,3,8,260,11,-7,2,2,266,-7,276,-6,266,-7,6,130
16,5,1,1,3,5,15,4,-4,2,2,18,-4,21,-3,18,-4,9,130
16,5,2,1,3,7,3,44,-6,2,3,8,-6,51,-4,8,-6,7,130
16,5,3,1,3,9,2,3,-8,3,3,9,-7,11,-5,9,-7,6,130
17,5,1,1,3,6,2,2,-5,8,3,6,1,7,3,6,1,6,130
17,5,2,1,3,7,8,2,-6,2,2,13,-6,14,-5,13,-6,6,130
17,5,3,1,3,9,3,2,-8,2,4,10,-8,11,-5,10,-8,6,130
18,5,1,1,3,6,2,2,-5,4,2,6,-3,7,-2,6,-3,6,130
18,5,2,1,3,8,2,2,-7,16,3,8,7,9,9,8,7,6,130
18,5,3,1,3,9,5,11,-8,2,2,12,-8,22,-7,12,-8,6,130
19,5,1,1,3,6,3,2,-5,2,9,7,-5,8,3,7,-5,6,130
19,5,2,1,3,8,2,2,-7,4,5,8,-5,9,-1,8,-5,6,130
19,5,3,1,3,9,260,11,-8,2,2,267,-8,277,-7,267,-8,6,130
-19,5,1,2,3,-2,2,2,3,16,2,-2,17,-1,18,17,-2,12,130
-19,5,3,2,3,-1,5,21,2,2,2,2,2,22,3,2,2,6,130
-19,5,5,2,3,1,3,2,0,2,9,2,0,3,8,2,0,6,130
-18,5,1,2,3,-2,2,2,3,4,5,-2,5,-1,9,5,-2,6,130
-18,5,3,2,3,-1,520,6,2,2,2,517,2,522,3,517,2,-1,130
-18,5,5,2,3,1,4,4,0,2,2,3,0,6,1,3,0,6,130
-17,5,1,2,3,-2,2,8,3,3,2,-2,4,5,5,4,-2,6,130
-17,5,3,2,3,0,2,2,1,6,2,0,5,1,6,5,0,7,130
-17,5,5,2,3,1,15,2,0,2,2,14,0,15,1,14,0,13,130
-16,5,1,2,3,-2,3,174,3,2,3,-1,3,172,5,3,-1,6,130
-16,5,3,2,3,0,2,3,1,3,3,0,2,2,4,2,0,6,130
-16,5,5,2,3,2,2,2,-1,8,4,2,5,3,8,5,2,6,130
-14,5,1,2,3,-1,2,2,2,16,2,-1,16,0,17,16,-1,13,130
-14,5,3,2,3,0,5,21,1,2,2,3,1,23,2,3,1,6,130
-14,5,5,2,3,2,3,2,-1,2,9,3,-1,4,7,3,-1,7,130
-13,5,1,2,3,-1,2,2,2,4,5,-1,4,0,8,4,-1,6,130
-13,5,3,2,3,0,520,6,1,2,2,518,1,523,2,518,1,-1,130
-13,5,5,2,3,2,4,4,-1,2,2,4,-1,7,0,4,-1,6,130
-12,5,1,2,3,-1,2,8,2,3,2,-1,3,6,4,3,-1,6,130
-12,5,3,2,3,1,2,2,0,6,2,1,4,2,5,4,1,7,130
-4,5,1,2,3,1,2,2,0,16,2,1,14,2,15,14,1,14,130
-4,5,3,2,3,2,5,21,-1,2,2,5,-1,25,0,5,-1,6,130
-4,5,5,2,3,4,3,2,-3,2,9,5,-3,6,5,5,-3,6,130
-3,5,1,2,3,1,2,2,0,4,5,1,2,2,6,2,1,6,130
-3,5,3,2,3,2,520,6,-1,2,2,520,-1,525,0,520,-1,-1,130
-3,5,5,2,3,4,4,4,-3,2,2,6,-3,9,-2,6,-3,6,130
-2,5,1,2,3,1,2,8,0,3,2,1,1,8,2,1,1,6,130
-2,5,3,2,3,3,2,2,-2,6,2,3,2,4,3,3,2,8,130
-12,5,5,2,3,2,15,2,-1,2,2,15,-1,16,0,15,-1,12,130
-11,5,1,2,3,-1,3,174,2,2,3,0,2,173,4,2,0,6,130
-11,5,3,2,3,1,2,3,0,3,3,1,1,3,3,1,1,6,130
-11,5,5,2,3,3,2,2,-2,8,4,3,4,4,7,4,3,6,130
-9,5,1,2,3,0,2,2,1,16,2,0,15,1,16,15,0,14,130
-9,5,3,2,3,1,5,21,0,2,2,4,0,24,1,4,0,6,130
-9,5,5,2,3,3,3,2,-2,2,9,4,-2,5,6,4,-2,6,130
-8,5,1,2,3,0,2,2,1,4,5,0,3,1,7,3,0,6,130
-8,5,3,2,3,1,520,6,0,2,2,519,0,524,1,519,0,-1,130
-8,5,5,2,3,3,4,4,-2,2,2,5,-2,8,-1,5,-2,6,130
-7,5,1,2,3,0,2,8,1,3,2,0,2,7,3,2,0,6,130
-7,5,3,2,3,2,2,2,-1,6,2,2,3,3,4,3,2,6,130
-7,5,5,2,3,3,15,2,-2,2,2,16,-2,17,-1,16,-2,11,130
-6,5,1,2,3,0,3,174,1,2,3,1,1,174,3,1,1,6,130
-6,5,3,2,3,2,2,3,-1,3,3,2,0,4,2,2,0,6,130
-6,5,5,2,3,4,2,2,-3,8,4,4,3,5,6,4,3,7,130
6,5,1,2,3,3,2,2,-2,16,2,3,12,4,13,12,3,12,130
6,5,3,2,3,4,5,21,-3,2,2,7,-3,27,-2,7,-3,6,130
6,5,5,2,3,6,3,2,-5,2,9,7,-5,8,3,7,-5,6,130
7,5,1,2,3,3,2,2,-2,4,5,3,0,4,4,3,0,8,130
7,5,3,2,3,4,520,6,-3,2,2,522,-3,527,-2,522,-3,-1,130
7,5,5,2,3,6,4,4,-5,2,2,8,-5,11,-4,8,-5,6,130
8,5,1,2,3,3,2,8,-2,3,2,3,-1,10,0,3,-1,6,130
8,5,3,2,3,5,2,2,-4,6,2,5,0,6,1,5,0,6,130
-2,5,5,2,3,4,15,2,-3,2,2,17,-3,18,-2,17,-3,10,130
-1,5,1,2,3,1,3,174,0,2,3,2,0,175,2,2,0,6,130
-1,5,3,2,3,3,2,3,-2,3,3,3,-1,5,1,3,-1,6,130
-1,5,5,2,3,5,2,2,-4,8,4,5,2,6,5,5,2,6,130
1,5,1,2,3,2,2,2,-1,16,2,2,13,3,14,13,2,13,130
1,5,3,2,3,3,5,21,-2,2,2,6,-2,26,-1,6,-2,7,130
1,5,5,2,3,5,3,2,-4,2,9,6,-4,7,4,6,-4,6,130
2,5,1,2,3,2,2,2,-1,4,5,2,1,3,5,2,1,6,130
2,5,3,2,3,3,520,6,-2,2,2,521,-2,526,-1,521,-2,-1,130
2,5,5,2,3,5,4,4,-4,2,2,7,-4,10,-3,7,-4,7,130
3,5,1,2,3,2,2,8,-1,3,2,2,0,9,1,2,0,7,130
3,5,3,2,3,4,2,2,-3,6,2,4,1,5,2,4,1,6,130
3,5,5,2,3,5,15,2,-4,2,2,18,-4,19,-3,18,-4,9,130
4,5,1,2,3,2,3,174,-1,2,3,3,-1,176,1,3,-1,6,130
4,5,3,2,3,4,2,3,-3,3,3,4,-2,6,0,4,-2,6,130
4,5,5,2,3,6,2,2,-5,8,4,6,1,7,4,6,1,6,130
8,5,5,2,3,6,15,2,-5,2,2,19,-5,20,-4,19,-5,6,130
9,5,1,2,3,3,3,174,-2,2,3,4,-2,177,0,4,-2,6,130
9,5,3,2,3,5,2,3,-4,3,3,5,-3,7,-1,5,-3,6,130
9,5,5,2,3,7,2,2,-6,8,4,7,0,8,3,7,0,7,130
11,5,1,2,3,4,2,2,-3,16,2,4,11,5,12,11,4,11,130
11,5,3,2,3,5,5,21,-4,2,2,8,-4,28,-3,8,-4,8,130
11,5,5,2,3,7,3,2,-6,2,9,8,-6,9,2,8,-6,7,130
12,5,1,2,3,4,2,2,-3,4,5,4,-1,5,3,4,-1,6,130
12,5,3,2,3,5,520,6,-4,2,2,523,-4,528,-3,523,-4,-1,130
12,5,5,2,3,7,4,4,-6,2,2,9,-6,12,-5,9,-6,6,130
13,5,1,2,3,4,2,8,-3,3,2,4,-2,11,-1,4,-2,6,130
13,5,3,2,3,6,2,2,-5,6,2,6,-1,7,0,6,-1,9,130
13,5,5,2,3,7,15,2,-6,2,2,20,-6,21,-5,20,-6,7,130
14,5,1,2,3,4,3,174,-3,2,3,5,-3,178,-1,5,-3,6,130
14,5,3,2,3,6,2,3,-5,3,3,6,-4,8,-2,6,-4,6,130
14,5,5,2,3,8,2,2,-7,8,4,8,-1,9,2,8,-1,6,130
16,5,1,2,3,5,2,2,-4,16,2,5,10,6,11,10,5,10,130
16,5,3,2,3,6,5,21,-5,2,2,9,-5,29,-4,9,-5,6,130
16,5,5,2,3,8,3,2,-7,2,9,9,-7,10,1,9,-7,6,130
17,5,1,2,3,5,2,2,-4,4,5,5,-2,6,2,5,-2,6,130
17,5,3,2,3,6,520,6,-5,2,2,524,-5,529,-4,524,-5,6,130
17,5,5,2,3,8,4,4,-7,2,2,10,-7,13,-6,10,-7,6,130
18,5,1,2,3,5,2,8,-4,3,2,5,-3,12,-2,5,-3,6,130
18,5,3,2,3,7,2,2,-6,6,2,7,-2,8,-1,7,-2,8,130
18,5,5,2,3,8,15,2,-7,2,2,21,-7,22,-6,21,-7,6,130
19,5,1,2,3,5,3,174,-4,2,3,6,-4,179,-2,6,-4,7,130
19,5,3,2,3,7,2,3,-6,3,3,7,-5,9,-3,7,-5,6,130
19,5,5,2,3,9,2,2,-8,8,4,9,-2,10,1,9,-2,6,130
-19,5,1,3,3,-3,5,2,4,2,2,0,4,1,5,4,0,6,130
-19,5,2,3,3,-2,2,3,3,3,6,-2,4,0,9,4,-2,7,130
-19,5,4,3,3,-1,3,2,2,2,28,0,2,1,29,2,0,6,130
-19,5,5,3,3,0,2,2,1,12,3,0,11,1,13,11,0,10,130
-19,5,7,3,3,1,2,2,0,5,2,1,3,2,4,3,1,6,130
-19,5,8,3,3,1,6,3,0,2,2,5,0,7,1,5,0,6,130
-18,5,1,3,3,-3,45,2,4,2,2,40,4,41,5,40,4,40,130
-18,5,2,3,3,-2,3,2,3,2,6,-1,3,0,8,3,-1,6,130
-18,5,4,3,3,-1,4,2,2,2,2,1,2,2,3,2,1,6,130
-18,5,5,3,3,0,2,2,1,4,2,0,3,1,4,3,0,7,130
-18,5,7,3,3,1,2,5,0,3,2,1,1,5,2,1,1,6,130
-18,5,8,3,3,2,2,2,-1,54,2,2,51,3,52,51,2,51,130
-17,5,1,3,3,-2,2,2,3,6,3,-2,7,-1,9,7,-2,6,130
-17,5,2,3,3,-2,5,2,3,2,2,1,3,2,4,3,1,6,130
-17,5,4,3,3,-1,12,2,2,2,2,9,2,10,3,9,2,9,130
-17,5,5,3,3,0,2,20,1,3,2,0,2,19,3,2,0,6,130
-17,5,7,3,3,1,3,5,0,2,3,2,0,6,2,2,0,6,130
-17,5,8,3,3,2,2,2,-1,5,3,2,2,3,4,2,2,6,130
-16,5,1,3,3,-2,2,3,3,3,3,-2,4,0,6,4,-2,6,130
-16,5,2,3,3,-2,23,2,3,2,2,19,3,20,4,19,3,19,130
-16,5,4,3,3,0,2,2,1,10,2,0,9,1,10,9,0,8,130
-16,5,5,3,3,0,4,2,1,2,2,2,1,3,2,2,1,7,130
-16,5,7,3,3,1,7,2,0,2,2,6,0,7,1,6,0,6,130
-16,5,8,3,3,2,2,4,-1,3,2,2,0,5,1,2,0,6,130
-14,5,1,3,3,-2,5,2,3,2,2,1,3,2,4,3,1,6,130
-14,5,2,3,3,-1,2,3,2,3,6,-1,3,1,8,3,-1,6,130
-14,5,4,3,3,0,3,2,1,2,28,1,1,2,28,1,1,6,130
-14,5,5,3,3,1,2,2,0,12,3,1,10,2,12,10,1,10,130
-14,5,7,3,3,2,2,2,-1,5,2,2,2,3,3,2,2,6,130
-14,5,8,3,3,2,6,3,-1,2,2,6,-1,8,0,6,-1,6,130
-13,5,1,3,3,-2,45,2,3,2,2,41,3,42,4,41,3,41,130
-13,5,2,3,3,-1,3,2,2,2,6,0,2,1,7,2,0,6,130
-13,5,4,3,3,0,4,2,1,2,2,2,1,3,2,2,1,6,130
-13,5,5,3,3,1,2,2,0,4,2,1,2,2,3,2,1,6,130
-13,5,7,3,3,2,2,5,-1,3,2,2,0,6,1,2,0,6,130
-13,5,8,3,3,3,2,2,-2,54,2,3,50,4,51,50,3,50,130
-12,5,1,3,3,-1,2,2,2,6,3,-1,6,0,8,6,-1,6,130
-12,5,2,3,3,-1,5,2,2,2,2,2,2,3,3,2,2,6,130
-12,5,4,3,3,0,12,2,1,2,2,10,1,11,2,10,1,10,130
-12,5,5,3,3,1,2,20,0,3,2,1,1,20,2,1,1,6,130
-12,5,7,3,3,2,3,5,-1,2,3,3,-1,7,1,3,-1,6,130
-12,5,8,3,3,3,2,2,-2,5,3,3,1,4,3,3,1,6,130
-11,5,1,3,3,-1,2,3,2,3,3,-1,3,1,5,3,-1,6,130
-11,5,2,3,3,-1,23,2,2,2,2,20,2,21,3,20,2,20,130
-11,5,4,3,3,1,2,2,0,10,2,1,8,2,9,8,1,8,130
-11,5,5,3,3,1,4,2,0,2,2,3,0,4,1,3,0,7,130
-11,5,7,3,3,2,7,2,-1,2,2,7,-1,8,0,7,-1,6,130
-11,5,8,3,3,3,2,4,-2,3,2,3,-1,6,0,3,-1,6,130
-9,5,1,3,3,-1,5,2,2,2,2,2,2,3,3,2,2,6,130
-9,5,2,3,3,0,2,3,1,3,6,0,2,2,7,2,0,6,130
-9,5,4,3,3,1,3,2,0,2,28,2,0,3,27,2,0,6,130
-9,5,5,3,3,2,2,2,-1,12,3,2,9,3,11,9,2,9,130
-9,5,7,3,3,3,2,2,-2,5,2,3,1,4,2,3,1,6,130
-9,5,8,3,3,3,6,3,-2,2,2,7,-2,9,-1,7,-2,6,130
-8,5,1,3,3,-1,45,2,2,2,2,42,2,43,3,42,2,42,130
-8,5,2,3,3,0,3,2,1,2,6,1,1,2,6,1,1,6,130
-8,5,4,3,3,1,4,2,0,2,2,3,0,4,1,3,0,7,130
-8,5,5,3,3,2,2,2,-1,4,2,2,1,3,2,2,1,6,130
-8,5,7,3,3,3,2,5,-2,3,2,3,-1,7,0,3,-1,6,130
-8,5,8,3,3,4,2,2,-3,54,2,4,49,5,50,49,4,49,130
-7,5,1,3,3,0,2,2,1,6,3,0,5,1,7,5,0,6,130
-7,5,2,3,3,0,5,2,1,2,2,3,1,4,2,3,1,6,130
-7,5,4,3,3,1,12,2,0,2,2,11,0,12,1,11,0,10,130
-7,5,5,3,3,2,2,20,-1,3,2,2,0,21,1,2,0,6,130
-7,5,7,3,3,3,3,5,-2,2,3,4,-2,8,0,4,-2,6,130
-7,5,8,3,3,4,2,2,-3,5,3,4,0,5,2,4,0,6,130
-6,5,1,3,3,0,2,3,1,3,3,0,2,2,4,2,0,6,130
-6,5,2,3,3,0,23,2,1,2,2,21,1,22,2,21,1,21,130
-6,5,4,3,3,2,2,2,-1,10,2,2,7,3,8,7,2,7,130
-6,5,5,3,3,2,4,2,-1,2,2,4,-1,5,0,4,-1,6,130
-6,5,7,3,3,3,7,2,-2,2,2,8,-2,9,-1,8,-2,6,130
-6,5,8,3,3,4,2,4,-3,3,2,4,-2,7,-1,4,-2,6,130
-4,5,1,3,3,0,5,2,1,2,2,3,1,4,2,3,1,6,130
-4,5,2,3,3,1,2,3,0,3,6,1,1,3,6,1,1,6,130
-4,5,4,3,3,2,3,2,-1,2,28,3,-1,4,26,3,-1,7,130
-4,5,5,3,3,3,2,2,-2,12,3,3,8,4,10,8,3,8,130
-4,5,7,3,3,4,2,2,-3,5,2,4,0,5,1,4,0,7,130
-4,5,8,3,3,4,6,3,-3,2,2,8,-3,10,-2,8,-3,6,130
-3,5,1,3,3,0,45,2,1,2,2,43,1,44,2,43,1,43,130
-3,5,2,3,3,1,3,2,0,2,6,2,0,3,5,2,0,6,130
-3,5,4,3,3,2,4,2,-1,2,2,4,-1,5,0,4,-1,6,130
-3,5,5,3,3,3,2,2,-2,4,2,3,0,4,1,3,0,6,130
-3,5,7,3,3,4,2,5,-3,3,2,4,-2,8,-1,4,-2,6,130
-3,5,8,3,3,5,2,2,-4,54,2,5,48,6,49,48,5,48,130
-2,5,1,3,3,1,2,2,0,6,3,1,4,2,6,4,1,6,130
-2,5,2,3,3,1,5,2,0,2,2,4,0,5,1,4,0,6,130
-2,5,4,3,3,2,12,2,-1,2,2,12,-1,13,0,12,-1,9,130
-2,5,5,3,3,3,2,20,-2,3,2,3,-1,22,0,3,-1,7,130
-2,5,7,3,3,4,3,5,-3,2,3,5,-3,9,-1,5,-3,6,130
-2,5,8,3,3,5,2,2,-4,5,3,5,-1,6,1,5,-1,6,130
-1,5,1,3,3,1,2,3,0,3,3,1,1,3,3,1,1,6,130
-1,5,2,3,3,1,23,2,0,2,2,22,0,23,1,22,0,21,130
-1,5,4,3,3,3,2,2,-2,10,2,3,6,4,7,6,3,6,130
-1,5,5,3,3,3,4,2,-2,2,2,5,-2,6,-1,5,-2,6,130
-1,5,7,3,3,4,7,2,-3,2,2,9,-3,10,-2,9,-3,6,130
-1,5,8,3,3,5,2,4,-4,3,2,5,-3,8,-2,5,-3,6,130
1,5,1,3,3,1,5,2,0,2,2,4,0,5,1,4,0,6,130
1,5,2,3,3,2,2,3,-1,3,6,2,0,4,5,2,0,6,130
1,5,4,3,3,3,3,2,-2,2,28,4,-2,5,25,4,-2,6,130
1,5,5,3,3,4,2,2,-3,12,3,4,7,5,9,7,4,7,130
1,5,7,3,3,5,2,2,-4,5,2,5,-1,6,0,5,-1,6,130
1,5,8,3,3,5,6,3,-4,2,2,9,-4,11,-3,9,-4,6,130
2,5,1,3,3,1,45,2,0,2,2,44,0,45,1,44,0,43,130
2,5,2,3,3,2,3,2,-1,2,6,3,-1,4,4,3,-1,6,130
2,5,4,3,3,3,4,2,-2,2,2,5,-2,6,-1,5,-2,6,130
2,5,5,3,3,4,2,2,-3,4,2,4,-1,5,0,4,-1,6,130
2,5,7,3,3,5,2,5,-4,3,2,5,-3,9,-2,5,-3,6,130
2,5,8,3,3,6,2,2,-5,54,2,6,47,7,48,47,6,47,130
3,5,1,3,3,2,2,2,-1,6,3,2,3,3,5,3,2,6,130
3,5,2,3,3,2,5,2,-1,2,2,5,-1,6,0,5,-1,6,130
3,5,4,3,3,3,12,2,-2,2,2,13,-2,14,-1,13,-2,8,130
3,5,5,3,3,4,2,20,-3,3,2,4,-2,23,-1,4,-2,6,130
3,5,7,3,3,5,3,5,-4,2,3,6,-4,10,-2,6,-4,6,130
3,5,8,3,3,6,2,2,-5,5,3,6,-2,7,0,6,-2,6,130
4,5,1,3,3,2,2,3,-1,3,3,2,0,4,2,2,0,6,130
4,5,2,3,3,2,23,2,-1,2,2,23,-1,24,0,23,-1,20,130
6,5,7,3,3,6,2,2,-5,5,2,6,-2,7,-1,6,-2,6,130
6,5,8,3,3,6,6,3,-5,2,2,10,-5,12,-4,10,-5,6,130
7,5,1,3,3,2,45,2,-1,2,2,45,-1,46,0,45,-1,42,130
7,5,2,3,3,3,3,2,-2,2,6,4,-2,5,3,4,-2,6,130
7,5,4,3,3,4,4,2,-3,2,2,6,-3,7,-2,6,-3,6,130
7,5,5,3,3,5,2,2,-4,4,2,5,-2,6,-1,5,-2,6,130
7,5,7,3,3,6,2,5,-5,3,2,6,-4,10,-3,6,-4,6,130
7,5,8,3,3,7,2,2,-6,54,2,7,46,8,47,46,7,46,130
4,5,4,3,3,4,2,2,-3,10,2,4,5,5,6,5,4,6,130
4,5,5,3,3,4,4,2,-3,2,2,6,-3,7,-2,6,-3,6,130
4,5,7,3,3,5,7,2,-4,2,2,10,-4,11,-3,10,-4,6,130
4,5,8,3,3,6,2,4,-5,3,2,6,-4,9,-3,6,-4,6,130
6,5,1,3,3,2,5,2,-1,2,2,5,-1,6,0,5,-1,6,130
6,5,2,3,3,3,2,3,-2,3,6,3,-1,5,4,3,-1,6,130
6,5,4,3,3,4,3,2,-3,2,28,5,-3,6,24,5,-3,6,130
6,5,5,3,3,5,2,2,-4,12,3,5,6,6,8,6,5,6,130
8,5,1,3,3,3,2,2,-2,6,3,3,2,4,4,3,2,6,130
8,5,2,3,3,3,5,2,-2,2,2,6,-2,7,-1,6,-2,6,130
8,5,4,3,3,4,12,2,-3,2,2,14,-3,15,-2,14,-3,7,130
8,5,5,3,3,5,2,20,-4,3,2,5,-3,24,-2,5,-3,6,130
8,5,7,3,3,6,3,5,-5,2,3,7,-5,11,-3,7,-5,6,130
8,5,8,3,3,7,2,2,-6,5,3,7,-3,8,-1,7,-3,6,130
9,5,1,3,3,3,2,3,-2,3,3,3,-1,5,1,3,-1,6,130
9,5,2,3,3,3,23,2,-2,2,2,24,-2,25,-1,24,-2,19,130
11,5,7,3,3,7,2,2,-6,5,2,7,-3,8,-2,7,-3,6,130
11,5,8,3,3,7,6,3,-6,2,2,11,-6,13,-5,11,-6,6,130
12,5,1,3,3,3,45,2,-2,2,2,46,-2,47,-1,46,-2,41,130
12,5,2,3,3,4,3,2,-3,2,6,5,-3,6,2,5,-3,6,130
12,5,4,3,3,5,4,2,-4,2,2,7,-4,8,-3,7,-4,6,130
12,5,5,3,3,6,2,2,-5,4,2,6,-3,7,-2,6,-3,6,130
12,5,7,3,3,7,2,5,-6,3,2,7,-5,11,-4,7,-5,6,130
12,5,8,3,3,8,2,2,-7,54,2,8,45,9,46,45,8,6,130
9,5,4,3,3,5,2,2,-4,10,2,5,4,6,5,5,4,11,130
9,5,5,3,3,5,4,2,-4,2,2,7,-4,8,-3,7,-4,6,130
9,5,7,3,3,6,7,2,-5,2,2,11,-5,12,-4,11,-5,6,130
9,5,8,3,3,7,2,4,-6,3,2,7,-5,10,-4,7,-5,6,130
11,5,1,3,3,3,5,2,-2,2,2,6,-2,7,-1,6,-2,8,130
11,5,2,3,3,4,2,3,-3,3,6,4,-2,6,3,4,-2,6,130
11,5,4,3,3,5,3,2,-4,2,28,6,-4,7,23,6,-4,6,130
11,5,5,3,3,6,2,2,-5,12,3,6,5,7,7,6,5,6,130
13,5,1,3,3,4,2,2,-3,6,3,4,1,5,3,4,1,6,130
13,5,2,3,3,4,5,2,-3,2,2,7,-3,8,-2,7,-3,6,130
13,5,4,3,3,5,12,2,-4,2,2,15,-4,16,-3,15,-4,6,130
13,5,5,3,3,6,2,20,-5,3,2,6,-4,25,-3,6,-4,6,130
13,5,7,3,3,7,3,5,-6,2,3,8,-6,12,-4,8,-6,6,130
13,5,8,3,3,8,2,2,-7,5,3,8,-4,9,-2,8,-4,6,130
14,5,1,3,3,4,2,3,-3,3,3,4,-2,6,0,4,-2,6,130
14,5,2,3,3,4,23,2,-3,2,2,25,-3,26,-2,25,-3,18,130
14,5,4,3,3,6,2,2,-5,10,2,6,3,7,4,6,3,10,130
14,5,5,3,3,6,4,2,-5,2,2,8,-5,9,-4,8,-5,6,130
14,5,7,3,3,7,7,2,-6,2,2,12,-6,13,-5,12,-6,6,130
14,5,8,3,3,8,2,4,-7,3,2,8,-6,11,-5,8,-6,6,130
16,5,1,3,3,4,5,2,-3,2,2,7,-3,8,-2,7,-3,6,130
16,5,2,3,3,5,2,3,-4,3,6,5,-3,7,2,5,-3,6,130
16,5,4,3,3,6,3,2,-5,2,28,7,-5,8,22,7,-5,7,130
16,5,5,3,3,7,2,2,-6,12,3,7,4,8,6,7,4,6,130
16,5,7,3,3,8,2,2,-7,5,2,8,-4,9,-3,8,-4,6,130
16,5,8,3,3,8,6,3,-7,2,2,12,-7,14,-6,12,-7,6,130
17,5,1,3,3,4,45,2,-3,2,2,47,-3,48,-2,47,-3,40,130
17,5,2,3,3,5,3,2,-4,2,6,6,-4,7,1,6,-4,6,130
17,5,4,3,3,6,4,2,-5,2,2,8,-5,9,-4,8,-5,6,130
17,5,5,3,3,7,2,2,-6,4,2,7,-4,8,-3,7,-4,6,130
17,5,7,3,3,8,2,5,-7,3,2,8,-6,12,-5,8,-6,6,130
17,5,8,3,3,9,2,2,-8,54,2,9,44,10,45,44,9,6,130
18,5,1,3,3,5,2,2,-4,6,3,5,0,6,2,5,0,6,130
18,5,2,3,3,5,5,2,-4,2,2,8,-4,9,-3,8,-4,6,130
18,5,4,3,3,6,12,2,-5,2,2,16,-5,17,-4,16,-5,6,130
18,5,5,3,3,7,2,20,-6,3,2,7,-5,26,-4,7,-5,6,130
18,5,7,3,3,8,3,5,-7,2,3,9,-7,13,-5,9,-7,6,130
18,5,8,3,3,9,2,2,-8,5,3,9,-5,10,-3,9,-5,6,130
19,5,1,3,3,5,2,3,-4,3,3,5,-3,7,-1,5,-3,6,130
19,5,2,3,3,5,23,2,-4,2,2,26,-4,27,-3,26,-4,17,130
19,5,4,3,3,7,2,2,-6,10,2,7,2,8,3,7,2,9,130
19,5,5,3,3,7,4,2,-6,2,2,9,-6,10,-5,9,-6,6,130
19,5,7,3,3,8,7,2,-7,2,2,13,-7,14,-6,13,-7,6,130
19,5,8,3,3,9,2,4,-8,3,2,9,-7,12,-6,9,-7,6,130
-19,5,1,4,3,-3,3,4,4,2,3,-2,4,1,6,4,-2,6,130
-19,5,3,4,3,-2,2,261,3,3,2,-2,4,258,5,4,-2,6,130
-19,5,5,4,3,-1,2,3,2,3,4,-1,3,1,6,3,-1,6,130
-19,5,7,4,3,0,2,2,1,5,2,0,4,1,5,4,0,6,130
-17,5,1,4,3,-2,2,2,3,31,2,-2,32,-1,33,32,-2,27,130
-17,5,3,4,3,-2,10,11,3,2,2,6,3,16,4,6,3,6,130
-17,5,5,4,3,-1,5,2,2,2,2,2,2,3,3,2,2,6,130
-17,5,7,4,3,0,3,4,1,2,3,1,1,4,3,1,1,6,130
-17,5,9,4,3,1,2,88,0,3,2,1,1,88,2,1,1,6,130
-17,5,11,4,3,2,2,3,-1,3,5,2,0,4,4,2,0,6,130
-16,5,1,4,3,-2,2,2,3,5,2,-2,6,-1,7,6,-2,6,130
-16,5,3,4,3,-1,2,2,2,11,2,-1,11,0,12,11,-1,8,130
-19,5,9,4,3,1,2,2,0,11,2,1,9,2,10,9,1,9,130
-19,5,11,4,3,1,28,2,0,2,2,27,0,28,1,27,0,26,130
-18,5,1,4,3,-3,6,87,4,2,2,1,4,87,5,4,1,6,130
-18,5,3,4,3,-2,4,2,3,2,2,0,3,1,4,3,0,6,130
-18,5,5,4,3,-1,3,2,2,2,5,0,2,1,6,2,0,6,130
-18,5,7,4,3,0,2,5,1,3,2,0,2,4,3,2,0,6,130
-18,5,9,4,3,1,2,2,0,4,2,1,2,2,3,2,1,6,130
-18,5,11,4,3,2,2,2,-1,7,2,2,4,3,5,4,2,7,130
-16,5,5,4,3,-1,29,3,2,2,2,26,2,28,3,26,2,26,130
-16,5,7,4,3,0,6,13,1,2,2,4,1,16,2,4,1,6,130
-16,5,9,4,3,1,4,2,0,2,2,3,0,4,1,3,0,6,130
-16,5,11,4,3,2,3,2,-1,2,5,3,-1,4,3,3,-1,6,130
-14,5,1,4,3,-2,3,4,3,2,3,-1,3,2,5,3,-1,6,130
-14,5,3,4,3,-1,2,261,2,3,2,-1,3,259,4,3,-1,7,130
-14,5,5,4,3,0,2,3,1,3,4,0,2,2,5,2,0,6,130
-14,5,7,4,3,1,2,2,0,5,2,1,3,2,4,3,1,7,130
-11,5,5,4,3,0,29,3,1,2,2,27,1,29,2,27,1,27,130
-11,5,7,4,3,1,6,13,0,2,2,5,0,17,1,5,0,6,130
-11,5,9,4,3,2,4,2,-1,2,2,4,-1,5,0,4,-1,6,130
-11,5,11,4,3,3,3,2,-2,2,5,4,-2,5,2,4,-2,6,130
-9,5,1,4,3,-1,3,4,2,2,3,0,2,3,4,2,0,6,130
-9,5,3,4,3,0,2,261,1,3,2,0,2,260,3,2,0,6,130
-9,5,5,4,3,1,2,3,0,3,4,1,1,3,4,1,1,6,130
-9,5,7,4,3,2,2,2,-1,5,2,2,2,3,3,2,2,6,130
-12,5,1,4,3,-1,2,2,2,31,2,-1,31,0,32,31,-1,28,130
-12,5,3,4,3,-1,10,11,2,2,2,7,2,17,3,7,2,7,130
-12,5,5,4,3,0,5,2,1,2,2,3,1,4,2,3,1,7,130
-12,5,7,4,3,1,3,4,0,2,3,2,0,5,2,2,0,6,130
-12,5,9,4,3,2,2,88,-1,3,2,2,0,89,1,2,0,6,130
-12,5,11,4,3,3,2,3,-2,3,5,3,-1,5,3,3,-1,6,130
-11,5,1,4,3,-1,2,2,2,5,2,-1,5,0,6,5,-1,6,130
-11,5,3,4,3,0,2,2,1,11,2,0,10,1,11,10,0,9,130
-14,5,9,4,3,2,2,2,-1,11,2,2,8,3,9,8,2,8,130
-14,5,11,4,3,2,28,2,-1,2,2,28,-1,29,0,28,-1,25,130
-13,5,1,4,3,-2,6,87,3,2,2,2,3,88,4,3,2,8,130
-13,5,3,4,3,-1,4,2,2,2,2,1,2,2,3,2,1,6,130
-13,5,5,4,3,0,3,2,1,2,5,1,1,2,5,1,1,6,130
-13,5,7,4,3,1,2,5,0,3,2,1,1,5,2,1,1,6,130
-13,5,9,4,3,2,2,2,-1,4,2,2,1,3,2,2,1,6,130
-13,5,11,4,3,3,2,2,-2,7,2,3,3,4,4,3,3,8,130
-7,5,1,4,3,0,2,2,1,31,2,0,30,1,31,30,0,29,130
-7,5,3,4,3,0,10,11,1,2,2,8,1,18,2,8,1,8,130
-7,5,5,4,3,1,5,2,0,2,2,4,0,5,1,4,0,6,130
-7,5,7,4,3,2,3,4,-1,2,3,3,-1,6,1,3,-1,6,130
-7,5,9,4,3,3,2,88,-2,3,2,3,-1,90,0,3,-1,7,130
-7,5,11,4,3,4,2,3,-3,3,5,4,-2,6,2,4,-2,6,130
-6,5,1,4,3,0,2,2,1,5,2,0,4,1,5,4,0,6,130
-6,5,3,4,3,1,2,2,0,11,2,1,9,2,10,9,1,9,130
-6,5,5,4,3,1,29,3,0,2,2,28,0,30,1,28,0,27,130
-6,5,7,4,3,2,6,13,-1,2,2,6,-1,18,0,6,-1,6,130
-6,5,9,4,3,3,4,2,-2,2,2,5,-2,6,-1,5,-2,6,130
-6,5,11,4,3,4,3,2,-3,2,5,5,-3,6,1,5,-3,6,130
-4,5,1,4,3,0,3,4,1,2,3,1,1,4,3,1,1,6,130
-4,5,3,4,3,1,2,261,0,3,2,1,1,261,2,1,1,6,130
-4,5,5,4,3,2,2,3,-1,3,4,2,0,4,3,2,0,6,130
-4,5,7,4,3,3,2,2,-2,5,2,3,1,4,2,3,1,6,130
-9,5,9,4,3,3,2,2,-2,11,2,3,7,4,8,7,3,7,130
-9,5,11,4,3,3,28,2,-2,2,2,29,-2,30,-1,29,-2,24,130
-8,5,1,4,3,-1,6,87,2,2,2,3,2,89,3,3,2,6,130
-8,5,3,4,3,0,4,2,1,2,2,2,1,3,2,2,1,6,130
-8,5,5,4,3,1,3,2,0,2,5,2,0,3,4,2,0,7,130
-8,5,7,4,3,2,2,5,-1,3,2,2,0,6,1,2,0,6,130
-8,5,9,4,3,3,2,2,-2,4,2,3,0,4,1,3,0,6,130
-8,5,11,4,3,4,2,2,-3,7,2,4,2,5,3,4,2,8,130
-2,5,1,4,3,1,2,2,0,31,2,1,29,2,30,29,1,29,130
-2,5,3,4,3,1,10,11,0,2,2,9,0,19,1,9,0,8,130
-2,5,5,4,3,2,5,2,-1,2,2,5,-1,6,0,5,-1,6,130
-2,5,7,4,3,3,3,4,-2,2,3,4,-2,7,0,4,-2,6,130
-2,5,9,4,3,4,2,88,-3,3,2,4,-2,91,-1,4,-2,6,130
-2,5,11,4,3,5,2,3,-4,3,5,5,-3,7,1,5,-3,6,130
-1,5,1,4,3,1,2,2,0,5,2,1,3,2,4,3,1,7,130
-1,5,3,4,3,2,2,2,-1,11,2,2,8,3,9,8,2,8,130
-4,5,9,4,3,4,2,2,-3,11,2,4,6,5,7,6,4,6,130
-4,5,11,4,3,4,28,2,-3,2,2,30,-3,31,-2,30,-3,23,130
-3,5,1,4,3,0,6,87,1,2,2,4,1,90,2,4,1,6,130
-3,5,3,4,3,1,4,2,0,2,2,3,0,4,1,3,0,6,130
-3,5,5,4,3,2,3,2,-1,2,5,3,-1,4,3,3,-1,6,130
-3,5,7,4,3,3,2,5,-2,3,2,3,-1,7,0,3,-1,6,130
-3,5,9,4,3,4,2,2,-3,4,2,4,-1,5,0,4,-1,6,130
-3,5,11,4,3,5,2,2,-4,7,2,5,1,6,2,5,1,7,130
-1,5,5,4,3,2,29,3,-1,2,2,29,-1,31,0,29,-1,26,130
-1,5,7,4,3,3,6,13,-2,2,2,7,-2,19,-1,7,-2,7,130
-1,5,9,4,3,4,4,2,-3,2,2,6,-3,7,-2,6,-3,6,130
-1,5,11,4,3,5,3,2,-4,2,5,6,-4,7,0,6,-4,6,130
1,5,1,4,3,1,3,4,0,2,3,2,0,5,2,2,0,6,130
1,5,3,4,3,2,2,261,-1,3,2,2,0,262,1,2,0,6,130
1,5,5,4,3,3,2,3,-2,3,4,3,-1,5,2,3,-1,6,130
1,5,7,4,3,4,2,2,-3,5,2,4,0,5,1,4,0,6,130
1,5,9,4,3,5,2,2,-4,11,2,5,5,6,6,5,5,6,130
1,5,11,4,3,5,28,2,-4,2,2,31,-4,32,-3,31,-4,22,130
2,5,1,4,3,1,6,87,0,2,2,5,0,91,1,5,0,6,130
2,5,3,4,3,2,4,2,-1,2,2,4,-1,5,0,4,-1,6,130
2,5,5,4,3,3,3,2,-2,2,5,4,-2,5,2,4,-2,6,130
2,5,7,4,3,4,2,5,-3,3,2,4,-2,8,-1,4,-2,6,130
2,5,9,4,3,5,2,2,-4,4,2,5,-2,6,-1,5,-2,6,130
2,5,11,4,3,6,2,2,-5,7,2,6,0,7,1,6,0,6,130
3,5,1,4,3,2,2,2,-1,31,2,2,28,3,29,28,2,28,130
3,5,3,4,3,2,10,11,-1,2,2,10,-1,20,0,10,-1,7,130
3,5,5,4,3,3,5,2,-2,2,2,6,-2,7,-1,6,-2,6,130
3,5,7,4,3,4,3,4,-3,2,3,5,-3,8,-1,5,-3,6,130
3,5,9,4,3,5,2,88,-4,3,2,5,-3,92,-2,5,-3,6,130
3,5,11,4,3,6,2,3,-5,3,5,6,-4,8,0,6,-4,6,130
4,5,1,4,3,2,2,2,-1,5,2,2,2,3,3,2,2,6,130
4,5,3,4,3,3,2,2,-2,11,2,3,7,4,8,7,3,7,130
4,5,5,4,3,3,29,3,-2,2,2,30,-2,32,-1,30,-2,25,130
4,5,7,4,3,4,6,13,-3,2,2,8,-3,20,-2,8,-3,7,130
4,5,9,4,3,5,4,2,-4,2,2,7,-4,8,-3,7,-4,6,130
4,5,11,4,3,6,3,2,-5,2,5,7,-5,8,-1,7,-5,6,130
6,5,1,4,3,2,3,4,-1,2,3,3,-1,6,1,3,-1,6,130
6,5,3,4,3,3,2,261,-2,3,2,3,-1,263,0,3,-1,7,130
6,5,5,4,3,4,2,3,-3,3,4,4,-2,6,1,4,-2,6,130
6,5,7,4,3,5,2,2,-4,5,2,5,-1,6,0,5,-1,6,130
6,5,9,4,3,6,2,2,-5,11,2,6,4,7,5,6,4,7,130
6,5,11,4,3,6,28,2,-5,2,2,32,-5,33,-4,32,-5,6,130
7,5,1,4,3,2,6,87,-1,2,2,6,-1,92,0,6,-1,6,130
7,5,3,4,3,3,4,2,-2,2,2,5,-2,6,-1,5,-2,6,130
7,5,5,4,3,4,3,2,-3,2,5,5,-3,6,1,5,-3,6,130
7,5,7,4,3,5,2,5,-4,3,2,5,-3,9,-2,5,-3,6,130
7,5,9,4,3,6,2,2,-5,4,2,6,-3,7,-2,6,-3,6,130
7,5,11,4,3,7,2,2,-6,7,2,7,-1,8,0,7,-1,6,130
8,5,1,4,3,3,2,2,-2,31,2,3,27,4,28,27,3,27,130
8,5,3,4,3,3,10,11,-2,2,2,11,-2,21,-1,11,-2,6,130
8,5,5,4,3,4,5,2,-3,2,2,7,-3,8,-2,7,-3,6,130
8,5,7,4,3,5,3,4,-4,2,3,6,-4,9,-2,6,-4,6,130
8,5,9,4,3,6,2,88,-5,3,2,6,-4,93,-3,6,-4,6,130
8,5,11,4,3,7,2,3,-6,3,5,7,-5,9,-1,7,-5,6,130
9,5,1,4,3,3,2,2,-2,5,2,3,1,4,2,3,1,6,130
9,5,3,4,3,4,2,2,-3,11,2,4,6,5,7,6,4,6,130
9,5,5,4,3,4,29,3,-3,2,2,31,-3,33,-2,31,-3,24,130
9,5,7,4,3,5,6,13,-4,2,2,9,-4,21,-3,9,-4,6,130
9,5,9,4,3,6,4,2,-5,2,2,8,-5,9,-4,8,-5,6,130
9,5,11,4,3,7,3,2,-6,2,5,8,-6,9,-2,8,-6,6,130
11,5,1,4,3,3,3,4,-2,2,3,4,-2,7,0,4,-2,6,130
11,5,3,4,3,4,2,261,-3,3,2,4,-2,264,-1,4,-2,6,130
11,5,5,4,3,5,2,3,-4,3,4,5,-3,7,0,5,-3,6,130
11,5,7,4,3,6,2,2,-5,5,2,6,-2,7,-1,6,-2,6,130
13,5,1,4,3,4,2,2,-3,31,2,4,26,5,27,26,4,26,130
13,5,3,4,3,4,10,11,-3,2,2,12,-3,22,-2,12,-3,6,130
13,5,5,4,3,5,5,2,-4,2,2,8,-4,9,-3,8,-4,6,130
13,5,7,4,3,6,3,4,-5,2,3,7,-5,10,-3,7,-5,6,130
13,5,9,4,3,7,2,88,-6,3,2,7,-5,94,-4,7,-5,6,130
13,5,11,4,3,8,2,3,-7,3,5,8,-6,10,-2,8,-6,6,130
14,5,1,4,3,4,2,2,-3,5,2,4,0,5,1,4,0,6,130
14,5,3,4,3,5,2,2,-4,11,2,5,5,6,6,5,5,6,130
11,5,9,4,3,7,2,2,-6,11,2,7,3,8,4,7,3,6,130
11,5,11,4,3,7,28,2,-6,2,2,33,-6,34,-5,33,-6,7,130
12,5,1,4,3,3,6,87,-2,2,2,7,-2,93,-1,7,-2,7,130
12,5,3,4,3,4,4,2,-3,2,2,6,-3,7,-2,6,-3,6,130
12,5,5,4,3,5,3,2,-4,2,5,6,-4,7,0,6,-4,6,130
12,5,7,4,3,6,2,5,-5,3,2,6,-4,10,-3,6,-4,6,130
12,5,9,4,3,7,2,2,-6,4,2,7,-4,8,-3,7,-4,6,130
12,5,11,4,3,8,2,2,-7,7,2,8,-2,9,-1,8,-2,6,130
14,5,5,4,3,5,29,3,-4,2,2,32,-4,34,-3,32,-4,23,130
14,5,7,4,3,6,6,13,-5,2,2,10,-5,22,-4,10,-5,10,130
14,5,9,4,3,7,4,2,-6,2,2,9,-6,10,-5,9,-6,6,130
14,5,11,4,3,8,3,2,-7,2,5,9,-7,10,-3,9,-7,6,130
16,5,1,4,3,4,3,4,-3,2,3,5,-3,8,-1,5,-3,6,130
16,5,3,4,3,5,2,261,-4,3,2,5,-3,265,-2,5,-3,6,130
16,5,5,4,3,6,2,3,-5,3,4,6,-4,8,-1,6,-4,6,130
16,5,7,4,3,7,2,2,-6,5,2,7,-3,8,-2,7,-3,6,130
16,5,9,4,3,8,2,2,-7,11,2,8,2,9,3,8,2,6,130
16,5,11,4,3,8,28,2,-7,2,2,34,-7,35,-6,34,-7,6,130
17,5,1,4,3,4,6,87,-3,2,2,8,-3,94,-2,8,-3,7,130
17,5,3,4,3,5,4,2,-4,2,2,7,-4,8,-3,7,-4,6,130
17,5,5,4,3,6,3,2,-5,2,5,7,-5,8,-1,7,-5,6,130
17,5,7,4,3,7,2,5,-6,3,2,7,-5,11,-4,7,-5,6,130
17,5,9,4,3,8,2,2,-7,4,2,8,-5,9,-4,8,-5,6,130
17,5,11,4,3,9,2,2,-8,7,2,9,-3,10,-2,9,-3,6,130
-19,5,6,5,3,-1,2,2,2,4,3,-1,4,0,6,4,-1,6,130
-19,5,7,5,3,-1,3,3,2,2,3,0,2,2,4,2,0,6,130
-19,5,8,5,3,-1,35,6,2,2,2,32,2,37,3,32,2,32,130
-19,5,9,5,3,0,2,2,1,4,2,0,3,1,4,3,0,7,130
-19,5,11,5,3,1,2,2,0,96,2,1,94,2,95,94,1,94,130
-19,5,12,5,3,1,2,3,0,3,6,1,1,3,6,1,1,6,130
-19,5,13,5,3,1,4,2,0,2,2,3,0,4,1,3,0,6,130
-19,5,14,5,3,2,2,2,-1,21,2,2,18,3,19,18,2,18,130
18,5,1,4,3,5,2,2,-4,31,2,5,25,6,26,25,5,25,130
18,5,3,4,3,5,10,11,-4,2,2,13,-4,23,-3,13,-4,13,130
18,5,5,4,3,6,5,2,-5,2,2,9,-5,10,-4,9,-5,6,130
18,5,7,4,3,7,3,4,-6,2,3,8,-6,11,-4,8,-6,6,130
18,5,9,4,3,8,2,88,-7,3,2,8,-6,95,-5,8,-6,7,130
18,5,11,4,3,9,2,3,-8,3,5,9,-7,11,-3,9,-7,6,130
19,5,1,4,3,5,2,2,-4,5,2,5,-1,6,0,5,-1,6,130
19,5,3,4,3,6,2,2,-5,11,2,6,4,7,5,6,4,17,130
19,5,5,4,3,6,29,3,-5,2,2,33,-5,35,-4,33,-5,6,130
19,5,7,4,3,7,6,13,-6,2,2,11,-6,23,-5,11,-6,7,130
19,5,9,4,3,8,4,2,-7,2,2,10,-7,11,-6,10,-7,6,130
19,5,11,4,3,9,3,2,-8,2,5,10,-8,11,-4,10,-8,6,130
-19,5,1,5,3,-3,3,2,4,2,6,-2,4,-1,9,4,-2,6,130
-19,5,2,5,3,-3,10,2,4,2,2,5,4,6,5,5,4,6,130
-19,5,3,5,3,-2,2,2,3,5,2,-2,6,-1,7,6,-2,7,130
-19,5,4,5,3,-2,3,2,3,2,4,-1,3,0,6,3,-1,6,130
-18,5,1,5,3,-3,4,18,4,2,2,-1,4,16,5,4,-1,6,130
-18,5,2,5,3,-2,2,2,3,11,5,-2,12,-1,16,12,-2,7,130
-18,5,3,5,3,-2,2,5,3,3,2,-2,4,2,5,4,-2,6,130
-18,5,4,5,3,-2,5,3,3,2,2,1,3,3,4,3,1,6,130
-18,5,6,5,3,-1,2,13,2,3,2,-1,3,11,4,3,-1,7,130
-18,5,7,5,3,-1,6,4,2,2,2,3,2,6,3,3,2,6,130
-18,5,8,5,3,0,2,2,1,6,7,0,5,1,11,5,0,6,130
-18,5,9,5,3,0,3,2,1,2,15,1,1,2,15,1,1,6,130
-18,5,11,5,3,1,2,2,0,5,5,1,3,2,7,3,1,6,130
-18,5,12,5,3,1,3,2,0,2,5,2,0,3,4,2,0,6,130
-18,5,13,5,3,1,11,2,0,2,2,10,0,11,1,10,0,9,130
-18,5,14,5,3,2,2,2,-1,5,2,2,2,3,3,2,2,6,130
-17,5,1,5,3,-3,19,3,4,2,2,14,4,16,5,14,4,14,130
-17,5,2,5,3,-2,2,2,3,4,2,-2,5,-1,6,5,-2,6,130
-17,5,3,5,3,-2,3,5,3,2,3,-1,3,3,5,3,-1,6,130
-17,5,4,5,3,-2,70,3,3,2,2,66,3,68,4,66,3,66,130
-17,5,6,5,3,-1,4,2,2,2,2,1,2,2,3,2,1,6,130
-17,5,7,5,3,0,2,2,1,41,2,0,40,1,41,40,0,39,130
-17,5,8,5,3,0,2,3,1,3,4,0,2,2,5,2,0,6,130
-17,5,9,5,3,0,4,3,1,2,2,2,1,4,2,2,1,6,130
-17,5,11,5,3,1,2,4,0,3,2,1,1,4,2,1,1,6,130
-17,5,12,5,3,1,5,2,0,2,2,4,0,5,1,4,0,6,130
-17,5,13,5,3,2,2,2,-1,10,4,2,7,3,10,7,2,7,130
-17,5,14,5,3,2,2,6,-1,3,2,2,0,7,1,2,0,7,130
-16,5,1,5,3,-2,2,2,3,7,6,-2,8,-1,13,8,-2,9,130
-16,5,2,5,3,-2,2,36,3,3,2,-2,4,33,5,4,-2,6,130
-16,5,3,5,3,-2,7,2,3,2,2,3,3,4,4,3,3,7,130
-16,5,4,5,3,-1,2,2,2,6,2,-1,6,0,7,6,-1,8,130
-16,5,6,5,3,-1,9,2,2,2,2,6,2,7,3,6,2,6,130
-16,5,7,5,3,0,2,2,1,5,2,0,4,1,5,4,0,6,130
-16,5,8,5,3,0,3,2,1,2,5,1,1,2,5,1,1,6,130
-16,5,9,5,3,0,13,2,1,2,2,11,1,12,2,11,1,11,130
-16,5,11,5,3,1,3,3,0,2,3,2,0,4,2,2,0,6,130
-16,5,12,5,3,1,24,2,0,2,2,23,0,24,1,23,0,22,130
-16,5,13,5,3,2,2,2,-1,4,2,2,1,3,2,2,1,6,130
-16,5,14,5,3,2,3,7,-1,2,3,3,-1,9,1,3,-1,6,130
-14,5,1,5,3,-2,3,2,3,2,6,-1,3,0,8,3,-1,6,130
-14,5,2,5,3,-2,10,2,3,2,2,6,3,7,4,6,3,6,130
-14,5,3,5,3,-1,2,2,2,5,2,-1,5,0,6,5,-1,6,130
-14,5,4,5,3,-1,3,2,2,2,4,0,2,1,5,2,0,7,130
-14,5,6,5,3,0,2,2,1,4,3,0,3,1,5,3,0,6,130
-14,5,7,5,3,0,3,3,1,2,3,1,1,3,3,1,1,6,130
-14,5,8,5,3,0,35,6,1,2,2,33,1,38,2,33,1,33,130
-14,5,9,5,3,1,2,2,0,4,2,1,2,2,3,2,1,7,130
-14,5,11,5,3,2,2,2,-1,96,2,2,93,3,94,93,2,93,130
-14,5,12,5,3,2,2,3,-1,3,6,2,0,4,5,2,0,6,130
-14,5,13,5,3,2,4,2,-1,2,2,4,-1,5,0,4,-1,7,130
-14,5,14,5,3,3,2,2,-2,21,2,3,17,4,18,17,3,17,130
-13,5,1,5,3,-2,4,18,3,2,2,0,3,17,4,3,0,6,130
-13,5,2,5,3,-1,2,2,2,11,5,-1,11,0,15,11,-1,8,130
-13,5,3,5,3,-1,2,5,2,3,2,-1,3,3,4,3,-1,6,130
-13,5,4,5,3,-1,5,3,2,2,2,2,2,4,3,2,2,6,130
-13,5,6,5,3,0,2,13,1,3,2,0,2,12,3,2,0,6,130
-13,5,7,5,3,0,6,4,1,2,2,4,1,7,2,4,1,6,130
-13,5,8,5,3,1,2,2,0,6,7,1,4,2,10,4,1,6,130
-13,5,9,5,3,1,3,2,0,2,15,2,0,3,14,2,0,6,130
-13,5,11,5,3,2,2,2,-1,5,5,2,2,3,6,2,2,6,130
-13,5,12,5,3,2,3,2,-1,2,5,3,-1,4,3,3,-1,6,130
-13,5,13,5,3,2,11,2,-1,2,2,11,-1,12,0,11,-1,8,130
-13,5,14,5,3,3,2,2,-2,5,2,3,1,4,2,3,1,6,130
-12,5,1,5,3,-2,19,3,3,2,2,15,3,17,4,15,3,15,130
-12,5,2,5,3,-1,2,2,2,4,2,-1,4,0,5,4,-1,7,130
-12,5,3,5,3,-1,3,5,2,2,3,0,2,4,4,2,0,6,130
-12,5,4,5,3,-1,70,3,2,2,2,67,2,69,3,67,2,67,130
-12,5,6,5,3,0,4,2,1,2,2,2,1,3,2,2,1,7,130
-12,5,7,5,3,1,2,2,0,41,2,1,39,2,40,39,1,39,130
-12,5,8,5,3,1,2,3,0,3,4,1,1,3,4,1,1,6,130
-12,5,9,5,3,1,4,3,0,2,2,3,0,5,1,3,0,6,130
-12,5,11,5,3,2,2,4,-1,3,2,2,0,5,1,2,0,6,130
-12,5,12,5,3,2,5,2,-1,2,2,5,-1,6,0,5,-1,6,130
-12,5,13,5,3,3,2,2,-2,10,4,3,6,4,9,6,3,6,130
-12,5,14,5,3,3,2,6,-2,3,2,3,-1,8,0,3,-1,9,130
-11,5,1,5,3,-1,2,2,2,7,6,-1,7,0,12,7,-1,7,130
-11,5,2,5,3,-1,2,36,2,3,2,-1,3,34,4,3,-1,7,130
-11,5,3,5,3,-1,7,2,2,2,2,4,2,5,3,4,2,7,130
-11,5,4,5,3,0,2,2,1,6,2,0,5,1,6,5,0,6,130
-11,5,6,5,3,0,9,2,1,2,2,7,1,8,2,7,1,7,130
-11,5,7,5,3,1,2,2,0,5,2,1,3,2,4,3,1,6,130
-11,5,8,5,3,1,3,2,0,2,5,2,0,3,4,2,0,6,130
-11,5,9,5,3,1,13,2,0,2,2,12,0,13,1,12,0,11,130
-11,5,11,5,3,2,3,3,-1,2,3,3,-1,5,1,3,-1,6,130
-11,5,12,5,3,2,24,2,-1,2,2,24,-1,25,0,24,-1,21,130
-11,5,13,5,3,3,2,2,-2,4,2,3,0,4,1,3,0,6,130
-11,5,14,5,3,3,3,7,-2,2,3,4,-2,10,0,4,-2,6,130
-9,5,1,5,3,-1,3,2,2,2,6,0,2,1,7,2,0,6,130
-9,5,2,5,3,-1,10,2,2,2,2,7,2,8,3,7,2,7,130
-9,5,3,5,3,0,2,2,1,5,2,0,4,1,5,4,0,6,130
-9,5,4,5,3,0,3,2,1,2,4,1,1,2,4,1,1,6,130
-9,5,6,5,3,1,2,2,0,4,3,1,2,2,4,2,1,6,130
-9,5,7,5,3,1,3,3,0,2,3,2,0,4,2,2,0,6,130
-9,5,8,5,3,1,35,6,0,2,2,34,0,39,1,34,0,33,130
-9,5,9,5,3,2,2,2,-1,4,2,2,1,3,2,2,1,6,130
-9,5,11,5,3,3,2,2,-2,96,2,3,92,4,93,92,3,92,130
-9,5,12,5,3,3,2,3,-2,3,6,3,-1,5,4,3,-1,6,130
-9,5,13,5,3,3,4,2,-2,2,2,5,-2,6,-1,5,-2,6,130
-9,5,14,5,3,4,2,2,-3,21,2,4,16,5,17,16,4,16,130
-8,5,11,5,3,3,2,2,-2,5,5,3,1,4,5,3,1,6,130
-8,5,12,5,3,3,3,2,-2,2,5,4,-2,5,2,4,-2,6,130
-8,5,13,5,3,3,11,2,-2,2,2,12,-2,13,-1,12,-2,7,130
-8,5,14,5,3,4,2,2,-3,5,2,4,0,5,1,4,0,7,130
-7,5,1,5,3,-1,19,3,2,2,2,16,2,18,3,16,2,16,130
-7,5,2,5,3,0,2,2,1,4,2,0,3,1,4,3,0,6,130
-7,5,3,5,3,0,3,5,1,2,3,1,1,5,3,1,1,6,130
-7,5,4,5,3,0,70,3,1,2,2,68,1,70,2,68,1,68,130
-8,5,1,5,3,-1,4,18,2,2,2,1,2,18,3,2,1,6,130
-8,5,2,5,3,0,2,2,1,11,5,0,10,1,14,10,0,9,130
-8,5,3,5,3,0,2,5,1,3,2,0,2,4,3,2,0,6,130
-8,5,4,5,3,0,5,3,1,2,2,3,1,5,2,3,1,6,130
-8,5,6,5,3,1,2,13,0,3,2,1,1,13,2,1,1,6,130
-8,5,7,5,3,1,6,4,0,2,2,5,0,8,1,5,0,6,130
-8,5,8,5,3,2,2,2,-1,6,7,2,3,3,9,3,2,6,130
-8,5,9,5,3,2,3,2,-1,2,15,3,-1,4,13,3,-1,7,130
-6,5,1,5,3,0,2,2,1,7,6,0,6,1,11,6,0,6,130
-6,5,2,5,3,0,2,36,1,3,2,0,2,35,3,2,0,6,130
-6,5,3,5,3,0,7,2,1,2,2,5,1,6,2,5,1,6,130
-6,5,4,5,3,1,2,2,0,6,2,1,4,2,5,4,1,6,130
-6,5,6,5,3,1,9,2,0,2,2,8,0,9,1,8,0,7,130
-6,5,7,5,3,2,2,2,-1,5,2,2,2,3,3,2,2,6,130
-6,5,8,5,3,2,3,2,-1,2,5,3,-1,4,3,3,-1,6,130
-6,5,9,5,3,2,13,2,-1,2,2,13,-1,14,0,13,-1,10,130
-7,5,6,5,3,1,4,2,0,2,2,3,0,4,1,3,0,7,130
-7,5,7,5,3,2,2,2,-1,41,2,2,38,3,39,38,2,38,130
-7,5,8,5,3,2,2,3,-1,3,4,2,0,4,3,2,0,6,130
-7,5,9,5,3,2,4,3,-1,2,2,4,-1,6,0,4,-1,6,130
-7,5,11,5,3,3,2,4,-2,3,2,3,-1,6,0,3,-1,6,130
-7,5,12,5,3,3,5,2,-2,2,2,6,-2,7,-1,6,-2,6,130
-7,5,13,5,3,4,2,2,-3,10,4,4,5,5,8,5,4,6,130
-7,5,14,5,3,4,2,6,-3,3,2,4,-2,9,-1,4,-2,7,130
-6,5,11,5,3,3,3,3,-2,2,3,4,-2,6,0,4,-2,6,130
-6,5,12,5,3,3,24,2,-2,2,2,25,-2,26,-1,25,-2,20,130
-6,5,13,5,3,4,2,2,-3,4,2,4,-1,5,0,4,-1,6,130
-6,5,14,5,3,4,3,7,-3,2,3,5,-3,11,-1,5,-3,6,130
-4,5,1,5,3,0,3,2,1,2,6,1,1,2,6,1,1,6,130
-4,5,2,5,3,0,10,2,1,2,2,8,1,9,2,8,1,8,130
-4,5,3,5,3,1,2,2,0,5,2,1,3,2,4,3,1,6,130
-4,5,4,5,3,1,3,2,0,2,4,2,0,3,3,2,0,6,130
-4,5,6,5,3,2,2,2,-1,4,3,2,1,3,3,2,1,6,130
-4,5,7,5,3,2,3,3,-1,2,3,3,-1,5,1,3,-1,6,130
-4,5,8,5,3,2,35,6,-1,2,2,35,-1,40,0,35,-1,32,130
-4,5,9,5,3,3,2,2,-2,4,2,3,0,4,1,3,0,7,130
-4,5,11,5,3,4,2,2,-3,96,2,4,91,5,92,91,4,91,130
-4,5,12,5,3,4,2,3,-3,3,6,4,-2,6,3,4,-2,6,130
-4,5,13,5,3,4,4,2,-3,2,2,6,-3,7,-2,6,-3,6,130
-4,5,14,5,3,5,2,2,-4,21,2,5,15,6,16,15,5,15,130
-3,5,1,5,3,0,4,18,1,2,2,2,1,19,2,2,1,6,130
-3,5,2,5,3,1,2,2,0,11,5,1,9,2,13,9,1,9,130
-3,5,3,5,3,1,2,5,0,3,2,1,1,5,2,1,1,6,130
-3,5,4,5,3,1,5,3,0,2,2,4,0,6,1,4,0,6,130
-3,5,6,5,3,2,2,13,-1,3,2,2,0,14,1,2,0,6,130
-3,5,7,5,3,2,6,4,-1,2,2,6,-1,9,0,6,-1,8,130
-3,5,8,5,3,3,2,2,-2,6,7,3,2,4,8,3,2,8,130
-3,5,9,5,3,3,3,2,-2,2,15,4,-2,5,12,4,-2,6,130
-3,5,11,5,3,4,2,2,-3,5,5,4,0,5,4,4,0,6,130
-3,5,12,5,3,4,3,2,-3,2,5,5,-3,6,1,5,-3,6,130
-3,5,13,5,3,4,11,2,-3,2,2,13,-3,14,-2,13,-3,6,130
-3,5,14,5,3,5,2,2,-4,5,2,5,-1,6,0,5,-1,7,130
-2,5,1,5,3,0,19,3,1,2,2,17,1,19,2,17,1,17,130
-2,5,2,5,3,1,2,2,0,4,2,1,2,2,3,2,1,7,130
-2,5,3,5,3,1,3,5,0,2,3,2,0,6,2,2,0,6,130
-2,5,4,5,3,1,70,3,0,2,2,69,0,71,1,69,0,68,130
-1,5,1,5,3,1,2,2,0,7,6,1,5,2,10,5,1,6,130
-1,5,2,5,3,1,2,36,0,3,2,1,1,36,2,1,1,6,130
-1,5,3,5,3,1,7,2,0,2,2,6,0,7,1,6,0,6,130
-1,5,4,5,3,2,2,2,-1,6,2,2,3,3,4,3,2,6,130
-1,5,6,5,3,2,9,2,-1,2,2,9,-1,10,0,9,-1,6,130
-1,5,7,5,3,3,2,2,-2,5,2,3,1,4,2,3,1,6,130
-1,5,8,5,3,3,3,2,-2,2,5,4,-2,5,2,4,-2,6,130
-1,5,9,5,3,3,13,2,-2,2,2,14,-2,15,-1,14,-2,9,130
-2,5,6,5,3,2,4,2,-1,2,2,4,-1,5,0,4,-1,6,130
-2,5,7,5,3,3,2,2,-2,41,2,3,37,4,38,37,3,37,130
-2,5,8,5,3,3,2,3,-2,3,4,3,-1,5,2,3,-1,7,130
-2,5,9,5,3,3,4,3,-2,2,2,5,-2,7,-1,5,-2,6,130
-2,5,11,5,3,4,2,4,-3,3,2,4,-2,7,-1,4,-2,6,130
-2,5,12,5,3,4,5,2,-3,2,2,7,-3,8,-2,7,-3,6,130
-2,5,13,5,3,5,2,2,-4,10,4,5,4,6,7,5,4,6,130
-2,5,14,5,3,5,2,6,-4,3,2,5,-3,10,-2,5,-3,6,130
-1,5,11,5,3,4,3,3,-3,2,3,5,-3,7,-1,5,-3,6,130
-1,5,12,5,3,4,24,2,-3,2,2,26,-3,27,-2,26,-3,19,130
-1,5,13,5,3,5,2,2,-4,4,2,5,-2,6,-1,5,-2,6,130
-1,5,14,5,3,5,3,7,-4,2,3,6,-4,12,-2,6,-4,6,130
1,5,1,5,3,1,3,2,0,2,6,2,0,3,5,2,0,6,130
1,5,2,5,3,1,10,2,0,2,2,9,0,10,1,9,0,8,130
1,5,3,5,3,2,2,2,-1,5,2,2,2,3,3,2,2,6,130
1,5,4,5,3,2,3,2,-1,2,4,3,-1,4,2,3,-1,6,130
1,5,6,5,3,3,2,2,-2,4,3,3,0,4,2,3,0,6,130
1,5,7,5,3,3,3,3,-2,2,3,4,-2,6,0,4,-2,6,130
1,5,8,5,3,3,35,6,-2,2,2,36,-2,41,-1,36,-2,31,130
1,5,9,5,3,4,2,2,-3,4,2,4,-1,5,0,4,-1,6,130
1,5,11,5,3,5,2,2,-4,96,2,5,90,6,91,90,5,90,130
1,5,12,5,3,5,2,3,-4,3,6,5,-3,7,2,5,-3,6,130
1,5,13,5,3,5,4,2,-4,2,2,7,-4,8,-3,7,-4,6,130
1,5,14,5,3,6,2,2,-5,21,2,6,14,7,15,14,6,14,130
2,5,1,5,3,1,4,18,0,2,2,3,0,20,1,3,0,6,130
2,5,2,5,3,2,2,2,-1,11,5,2,8,3,12,8,2,8,130
2,5,3,5,3,2,2,5,-1,3,2,2,0,6,1,2,0,6,130
2,5,4,5,3,2,5,3,-1,2,2,5,-1,7,0,5,-1,6,130
2,5,6,5,3,3,2,13,-2,3,2,3,-1,15,0,3,-1,7,130
2,5,7,5,3,3,6,4,-2,2,2,7,-2,10,-1,7,-2,6,130
2,5,8,5,3,4,2,2,-3,6,7,4,1,5,7,4,1,6,130
2,5,9,5,3,4,3,2,-3,2,15,5,-3,6,11,5,-3,6,130
2,5,11,5,3,5,2,2,-4,5,5,5,-1,6,3,5,-1,6,130
2,5,12,5,3,5,3,2,-4,2,5,6,-4,7,0,6,-4,6,130
2,5,13,5,3,5,11,2,-4,2,2,14,-4,15,-3,14,-4,7,130
2,5,14,5,3,6,2,2,-5,5,2,6,-2,7,-1,6,-2,6,130
3,5,1,5,3,1,19,3,0,2,2,18,0,20,1,18,0,17,130
3,5,2,5,3,2,2,2,-1,4,2,2,1,3,2,2,1,6,130
3,5,3,5,3,2,3,5,-1,2,3,3,-1,7,1,3,-1,6,130
3,5,4,5,3,2,70,3,-1,2,2,70,-1,72,0,70,-1,67,130
3,5,6,5,3,3,4,2,-2,2,2,5,-2,6,-1,5,-2,6,130
3,5,7,5,3,4,2,2,-3,41,2,4,36,5,37,36,4,36,130
3,5,8,5,3,4,2,3,-3,3,4,4,-2,6,1,4,-2,6,130
3,5,9,5,3,4,4,3,-3,2,2,6,-3,8,-2,6,-3,6,130
3,5,11,5,3,5,2,4,-4,3,2,5,-3,8,-2,5,-3,6,130
3,5,12,5,3,5,5,2,-4,2,2,8,-4,9,-3,8,-4,6,130
3,5,13,5,3,6,2,2,-5,10,4,6,3,7,6,6,3,7,130
3,5,14,5,3,6,2,6,-5,3,2,6,-4,11,-3,6,-4,6,130
4,5,1,5,3,2,2,2,-1,7,6,2,4,3,9,4,2,6,130
4,5,2,5,3,2,2,36,-1,3,2,2,0,37,1,2,0,6,130
4,5,3,5,3,2,7,2,-1,2,2,7,-1,8,0,7,-1,6,130
4,5,4,5,3,3,2,2,-2,6,2,3,2,4,3,3,2,6,130
4,5,6,5,3,3,9,2,-2,2,2,10,-2,11,-1,10,-2,7,130
4,5,7,5,3,4,2,2,-3,5,2,4,0,5,1,4,0,6,130
4,5,8,5,3,4,3,2,-3,2,5,5,-3,6,1,5,-3,6,130
4,5,9,5,3,4,13,2,-3,2,2,15,-3,16,-2,15,-3,8,130
4,5,11,5,3,5,3,3,-4,2,3,6,-4,8,-2,6,-4,6,130
4,5,12,5,3,5,24,2,-4,2,2,27,-4,28,-3,27,-4,18,130
4,5,13,5,3,6,2,2,-5,4,2,6,-3,7,-2,6,-3,6,130
4,5,14,5,3,6,3,7,-5,2,3,7,-5,13,-3,7,-5,6,130
6,5,1,5,3,2,3,2,-1,2,6,3,-1,4,4,3,-1,7,130
6,5,2,5,3,2,10,2,-1,2,2,10,-1,11,0,10,-1,7,130
6,5,3,5,3,3,2,2,-2,5,2,3,1,4,2,3,1,6,130
6,5,4,5,3,3,3,2,-2,2,4,4,-2,5,1,4,-2,6,130
6,5,6,5,3,4,2,2,-3,4,3,4,-1,5,1,4,-1,6,130
6,5,7,5,3,4,3,3,-3,2,3,5,-3,7,-1,5,-3,6,130
6,5,8,5,3,4,35,6,-3,2,2,37,-3,42,-2,37,-3,30,130
6,5,9,5,3,5,2,2,-4,4,2,5,-2,6,-1,5,-2,6,130
6,5,11,5,3,6,2,2,-5,96,2,6,89,7,90,89,6,89,130
6,5,12,5,3,6,2,3,-5,3,6,6,-4,8,1,6,-4,6,130
6,5,13,5,3,6,4,2,-5,2,2,8,-5,9,-4,8,-5,6,130
6,5,14,5,3,7,2,2,-6,21,2,7,13,8,14,13,7,13,130
7,5,1,5,3,2,4,18,-1,2,2,4,-1,21,0,4,-1,6,130
7,5,2,5,3,3,2,2,-2,11,5,3,7,4,11,7,3,7,130
7,5,3,5,3,3,2,5,-2,3,2,3,-1,7,0,3,-1,6,130
7,5,4,5,3,3,5,3,-2,2,2,6,-2,8,-1,6,-2,6,130
7,5,6,5,3,4,2,13,-3,3,2,4,-2,16,-1,4,-2,6,130
7,5,7,5,3,4,6,4,-3,2,2,8,-3,11,-2,8,-3,6,130
7,5,8,5,3,5,2,2,-4,6,7,5,0,6,6,5,0,6,130
7,5,9,5,3,5,3,2,-4,2,15,6,-4,7,10,6,-4,6,130
7,5,11,5,3,6,2,2,-5,5,5,6,-2,7,2,6,-2,6,130
7,5,12,5,3,6,3,2,-5,2,5,7,-5,8,-1,7,-5,6,130
7,5,13,5,3,6,11,2,-5,2,2,15,-5,16,-4,15,-5,6,130
7,5,14,5,3,7,2,2,-6,5,2,7,-3,8,-2,7,-3,6,130
8,5,1,5,3,2,19,3,-1,2,2,19,-1,21,0,19,-1,16,130
8,5,2,5,3,3,2,2,-2,4,2,3,0,4,1,3,0,6,130
8,5,3,5,3,3,3,5,-2,2,3,4,-2,8,0,4,-2,6,130
8,5,4,5,3,3,70,3,-2,2,2,71,-2,73,-1,71,-2,66,130
8,5,6,5,3,4,4,2,-3,2,2,6,-3,7,-2,6,-3,6,130
8,5,7,5,3,5,2,2,-4,41,2,5,35,6,36,35,5,35,130
8,5,8,5,3,5,2,3,-4,3,4,5,-3,7,0,5,-3,6,130
8,5,9,5,3,5,4,3,-4,2,2,7,-4,9,-3,7,-4,6,130
8,5,11,5,3,6,2,4,-5,3,2,6,-4,9,-3,6,-4,6,130
8,5,12,5,3,6,5,2,-5,2,2,9,-5,10,-4,9,-5,6,130
8,5,13,5,3,7,2,2,-6,10,4,7,2,8,5,7,2,6,130
8,5,14,5,3,7,2,6,-6,3,2,7,-5,12,-4,7,-5,6,130
9,5,1,5,3,3,2,2,-2,7,6,3,3,4,8,3,3,6,130
9,5,2,5,3,3,2,36,-2,3,2,3,-1,38,0,3,-1,7,130
9,5,3,5,3,3,7,2,-2,2,2,8,-2,9,-1,8,-2,6,130
9,5,4,5,3,4,2,2,-3,6,2,4,1,5,2,4,1,6,130
9,5,6,5,3,4,9,2,-3,2,2,11,-3,12,-2,11,-3,6,130
9,5,7,5,3,5,2,2,-4,5,2,5,-1,6,0,5,-1,6,130
9,5,8,5,3,5,3,2,-4,2,5,6,-4,7,0,6,-4,6,130
9,5,9,5,3,5,13,2,-4,2,2,16,-4,17,-3,16,-4,7,130
9,5,11,5,3,6,3,3,-5,2,3,7,-5,9,-3,7,-5,6,130
9,5,12,5,3,6,24,2,-5,2,2,28,-5,29,-4,28,-5,6,130
9,5,13,5,3,7,2,2,-6,4,2,7,-4,8,-3,7,-4,6,130
9,5,14,5,3,7,3,7,-6,2,3,8,-6,14,-4,8,-6,6,130
11,5,1,5,3,3,3,2,-2,2,6,4,-2,5,3,4,-2,6,130
11,5,2,5,3,3,10,2,-2,2,2,11,-2,12,-1,11,-2,6,130
11,5,3,5,3,4,2,2,-3,5,2,4,0,5,1,4,0,6,130
11,5,4,5,3,4,3,2,-3,2,4,5,-3,6,0,5,-3,6,130
11,5,6,5,3,5,2,2,-4,4,3,5,-2,6,0,5,-2,6,130
11,5,7,5,3,5,3,3,-4,2,3,6,-4,8,-2,6,-4,6,130
11,5,8,5,3,5,35,6,-4,2,2,38,-4,43,-3,38,-4,29,130
11,5,9,5,3,6,2,2,-5,4,2,6,-3,7,-2,6,-3,7,130
11,5,11,5,3,7,2,2,-6,96,2,7,88,8,89,88,7,88,130
11,5,12,5,3,7,2,3,-6,3,6,7,-5,9,0,7,-5,6,130
11,5,13,5,3,7,4,2,-6,2,2,9,-6,10,-5,9,-6,6,130
11,5,14,5,3,8,2,2,-7,21,2,8,12,9,13,12,8,6,130
12,5,1,5,3,3,4,18,-2,2,2,5,-2,22,-1,5,-2,6,130
12,5,2,5,3,4,2,2,-3,11,5,4,6,5,10,6,4,6,130
12,5,3,5,3,4,2,5,-3,3,2,4,-2,8,-1,4,-2,6,130
12,5,4,5,3,4,5,3,-3,2,2,7,-3,9,-2,7,-3,6,130
12,5,6,5,3,5,2,13,-4,3,2,5,-3,17,-2,5,-3,6,130
12,5,7,5,3,5,6,4,-4,2,2,9,-4,12,-3,9,-4,6,130
12,5,8,5,3,6,2,2,-5,6,7,6,-1,7,5,6,-1,6,130
12,5,9,5,3,6,3,2,-5,2,15,7,-5,8,9,7,-5,7,130
12,5,11,5,3,7,2,2,-6,5,5,7,-3,8,1,7,-3,6,130
12,5,12,5,3,7,3,2,-6,2,5,8,-6,9,-2,8,-6,6,130
12,5,13,5,3,7,11,2,-6,2,2,16,-6,17,-5,16,-6,6,130
12,5,14,5,3,8,2,2,-7,5,2,8,-4,9,-3,8,-4,6,130
13,5,1,5,3,3,19,3,-2,2,2,20,-2,22,-1,20,-2,15,130
13,5,2,5,3,4,2,2,-3,4,2,4,-1,5,0,4,-1,6,130
13,5,3,5,3,4,3,5,-3,2,3,5,-3,9,-1,5,-3,6,130
13,5,4,5,3,4,70,3,-3,2,2,72,-3,74,-2,72,-3,65,130
13,5,6,5,3,5,4,2,-4,2,2,7,-4,8,-3,7,-4,6,130
13,5,7,5,3,6,2,2,-5,41,2,6,34,7,35,34,6,34,130
13,5,8,5,3,6,2,3,-5,3,4,6,-4,8,-1,6,-4,6,130
13,5,9,5,3,6,4,3,-5,2,2,8,-5,10,-4,8,-5,6,130
13,5,11,5,3,7,2,4,-6,3,2,7,-5,10,-4,7,-5,6,130
13,5,12,5,3,7,5,2,-6,2,2,10,-6,11,-5,10,-6,6,130
13,5,13,5,3,8,2,2,-7,10,4,8,1,9,4,8,1,6,130
13,5,14,5,3,8,2,6,-7,3,2,8,-6,13,-5,8,-6,6,130
14,5,1,5,3,4,2,2,-3,7,6,4,2,5,7,4,2,7,130
14,5,2,5,3,4,2,36,-3,3,2,4,-2,39,-1,4,-2,6,130
14,5,3,5,3,4,7,2,-3,2,2,9,-3,10,-2,9,-3,6,130
14,5,4,5,3,5,2,2,-4,6,2,5,0,6,1,5,0,6,130
14,5,6,5,3,5,9,2,-4,2,2,12,-4,13,-3,12,-4,6,130
14,5,7,5,3,6,2,2,-5,5,2,6,-2,7,-1,6,-2,6,130
14,5,8,5,3,6,3,2,-5,2,5,7,-5,8,-1,7,-5,6,130
14,5,9,5,3,6,13,2,-5,2,2,17,-5,18,-4,17,-5,6,130
16,5,6,5,3,6,2,2,-5,4,3,6,-3,7,-1,6,-3,6,130
16,5,7,5,3,6,3,3,-5,2,3,7,-5,9,-3,7,-5,6,130
16,5,8,5,3,6,35,6,-5,2,2,39,-5,44,-4,39,-5,6,130
16,5,9,5,3,7,2,2,-6,4,2,7,-4,8,-3,7,-4,6,130
16,5,11,5,3,8,2,2,-7,96,2,8,87,9,88,87,8,6,130
16,5,12,5,3,8,2,3,-7,3,6,8,-6,10,-1,8,-6,6,130
16,5,13,5,3,8,4,2,-7,2,2,10,-7,11,-6,10,-7,6,130
16,5,14,5,3,9,2,2,-8,21,2,9,11,10,12,11,9,6,130
17,5,1,5,3,4,4,18,-3,2,2,6,-3,23,-2,6,-3,6,130
17,5,2,5,3,5,2,2,-4,11,5,5,5,6,9,5,5,6,130
17,5,3,5,3,5,2,5,-4,3,2,5,-3,9,-2,5,-3,6,130
17,5,4,5,3,5,5,3,-4,2,2,8,-4,10,-3,8,-4,6,130
17,5,6,5,3,6,2,13,-5,3,2,6,-4,18,-3,6,-4,6,130
17,5,7,5,3,6,6,4,-5,2,2,10,-5,13,-4,10,-5,6,130
17,5,8,5,3,7,2,2,-6,6,7,7,-2,8,4,7,-2,6,130
17,5,9,5,3,7,3,2,-6,2,15,8,-6,9,8,8,-6,7,130
14,5,11,5,3,7,3,3,-6,2,3,8,-6,10,-4,8,-6,6,130
14,5,12,5,3,7,24,2,-6,2,2,29,-6,30,-5,29,-6,7,130
14,5,13,5,3,8,2,2,-7,4,2,8,-5,9,-4,8,-5,6,130
14,5,14,5,3,8,3,7,-7,2,3,9,-7,15,-5,9,-7,6,130
16,5,1,5,3,4,3,2,-3,2,6,5,-3,6,2,5,-3,6,130
16,5,2,5,3,4,10,2,-3,2,2,12,-3,13,-2,12,-3,7,130
16,5,3,5,3,5,2,2,-4,5,2,5,-1,6,0,5,-1,6,130
16,5,4,5,3,5,3,2,-4,2,4,6,-4,7,-1,6,-4,6,130
17,5,11,5,3,8,2,2,-7,5,5,8,-4,9,0,8,-4,6,130
17,5,12,5,3,8,3,2,-7,2,5,9,-7,10,-3,9,-7,6,130
17,5,13,5,3,8,11,2,-7,2,2,17,-7,18,-6,17,-7,6,130
17,5,14,5,3,9,2,2,-8,5,2,9,-5,10,-4,9,-5,6,130
18,5,1,5,3,4,19,3,-3,2,2,21,-3,23,-2,21,-3,14,130
18,5,2,5,3,5,2,2,-4,4,2,5,-2,6,-1,5,-2,6,130
18,5,3,5,3,5,3,5,-4,2,3,6,-4,10,-2,6,-4,6,130
18,5,4,5,3,5,70,3,-4,2,2,73,-4,75,-3,73,-4,64,130
18,5,6,5,3,6,4,2,-5,2,2,8,-5,9,-4,8,-5,6,130
18,5,7,5,3,7,2,2,-6,41,2,7,33,8,34,33,7,33,130
18,5,8,5,3,7,2,3,-6,3,4,7,-5,9,-2,7,-5,6,130
18,5,9,5,3,7,4,3,-6,2,2,9,-6,11,-5,9,-6,6,130
18,5,11,5,3,8,2,4,-7,3,2,8,-6,11,-5,8,-6,6,130
18,5,12,5,3,8,5,2,-7,2,2,11,-7,12,-6,11,-7,6,130
18,5,13,5,3,9,2,2,-8,10,4,9,0,10,3,9,0,6,130
18,5,14,5,3,9,2,6,-8,3,2,9,-7,14,-6,9,-7,6,130
19,5,1,5,3,5,2,2,-4,7,6,5,1,6,6,5,1,6,130
19,5,2,5,3,5,2,36,-4,3,2,5,-3,40,-2,5,-3,6,130
19,5,3,5,3,5,7,2,-4,2,2,10,-4,11,-3,10,-4,6,130
19,5,4,5,3,6,2,2,-5,6,2,6,-1,7,0,6,-1,6,130
19,5,6,5,3,6,9,2,-5,2,2,13,-5,14,-4,13,-5,7,130
19,5,7,5,3,7,2,2,-6,5,2,7,-3,8,-2,7,-3,6,130
19,5,8,5,3,7,3,2,-6,2,5,8,-6,9,-2,8,-6,6,130
19,5,9,5,3,7,13,2,-6,2,2,18,-6,19,-5,18,-6,8,130
19,5,11,5,3,8,3,3,-7,2,3,9,-7,11,-5,9,-7,6,130
19,5,12,5,3,8,24,2,-7,2,2,30,-7,31,-6,30,-7,6,130
19,5,13,5,3,9,2,2,-8,4,2,9,-6,10,-5,9,-6,6,130
19,5,14,5,3,9,3,7,-8,2,3,10,-8,16,-6,10,-8,6,130
-4,1,1,1,5,-1,2,2,2,5,2,-1,5,0,6,5,-1,7,130
-4,1,2,1,5,1,2,10,0,3,2,1,1,10,2,1,1,6,130
-4,1,3,1,5,3,4,2,-2,2,2,5,-2,6,-1,5,-2,6,130
-3,1,1,1,5,0,2,2,1,5,2,0,4,1,5,4,0,6,130
-3,1,2,1,5,2,2,10,-1,3,2,2,0,11,1,2,0,6,130
-3,1,3,1,5,4,4,2,-3,2,2,6,-3,7,-2,6,-3,6,130
-2,1,1,1,5,1,2,2,0,5,2,1,3,2,4,3,1,6,130
-2,1,2,1,5,3,2,10,-2,3,2,3,-1,12,0,3,-1,12,130
-2,1,3,1,5,5,4,2,-4,2,2,7,-4,8,-3,7,-4,6,130
-1,1,1,1,5,2,2,2,-1,5,2,2,2,3,3,2,2,7,130
-1,1,2,1,5,4,2,10,-3,3,2,4,-2,13,-1,4,-2,7,130
-1,1,3,1,5,6,4,2,-5,2,2,8,-5,9,-4,8,-5,6,130
0,1,1,1,5,3,2,2,-2,5,2,3,1,4,2,3,1,-1,130
0,1,2,1,5,5,2,10,-4,3,2,5,-3,14,-2,5,-3,-1,130
0,1,3,1,5,7,4,2,-6,2,2,9,-6,10,-5,9,-6,6,130
1,1,1,1,5,4,2,2,-3,5,2,4,0,5,1,4,0,7,130
1,1,2,1,5,6,2,10,-5,3,2,6,-4,15,-3,6,-4,7,130
1,1,3,1,5,8,4,2,-7,2,2,10,-7,11,-6,10,-7,6,130
2,1,1,1,5,5,2,2,-4,5,2,5,-1,6,0,5,-1,6,130
2,1,2,1,5,7,2,10,-6,3,2,7,-5,16,-4,7,-5,6,130
2,1,3,1,5,9,4,2,-8,2,2,11,-8,12,-7,11,-8,6,130
3,1,1,1,5,6,2,2,-5,5,2,6,-2,7,-1,6,-2,6,130
3,1,2,1,5,8,2,10,-7,3,2,8,-6,17,-5,8,-6,6,130
3,1,3,1,5,10,4,2,-9,2,2,12,-9,13,-8,12,-9,6,130
4,1,1,1,5,7,2,2,-6,5,2,7,-3,8,-2,7,-3,6,130
4,1,2,1,5,9,2,10,-8,3,2,9,-7,18,-6,9,-7,7,130
4,1,3,1,5,11,4,2,-10,2,2,13,-10,14,-9,13,-10,6,130
-4,1,1,2,5,-2,2,2,3,9,2,-2,10,-1,11,10,-2,7,130
-4,1,3,2,5,0,2,3,1,3,6,0,2,2,7,2,0,6,130
-4,1,5,2,5,2,3,2,-1,2,4,3,-1,4,2,3,-1,6,130
-3,1,1,2,5,-1,2,2,2,9,2,-1,9,0,10,9,-1,6,130
-3,1,3,2,5,1,2,3,0,3,6,1,1,3,6,1,1,6,130
-3,1,5,2,5,3,3,2,-2,2,4,4,-2,5,1,4,-2,6,130
-2,1,1,2,5,0,2,2,1,9,2,0,8,1,9,8,0,7,130
-2,1,3,2,5,2,2,3,-1,3,6,2,0,4,5,2,0,6,130
-2,1,5,2,5,4,3,2,-3,2,4,5,-3,6,0,5,-3,6,130
-1,1,1,2,5,1,2,2,0,9,2,1,7,2,8,7,1,7,130
-1,1,3,2,5,3,2,3,-2,3,6,3,-1,5,4,3,-1,6,130
-1,1,5,2,5,5,3,2,-4,2,4,6,-4,7,-1,6,-4,6,130
0,1,1,2,5,2,2,2,-1,9,2,2,6,3,7,6,2,6,130
0,1,3,2,5,4,2,3,-3,3,6,4,-2,6,3,4,-2,6,130
0,1,5,2,5,6,3,2,-5,2,4,7,-5,8,-2,7,-5,6,130
1,1,1,2,5,3,2,2,-2,9,2,3,5,4,6,5,3,6,130
1,1,3,2,5,5,2,3,-4,3,6,5,-3,7,2,5,-3,6,130
4,1,3,2,5,8,2,3,-7,3,6,8,-6,10,-1,8,-6,6,130
4,1,5,2,5,10,3,2,-9,2,4,11,-9,12,-6,11,-9,6,130
-4,1,1,3,5,-3,4,14,4,2,2,-1,4,12,5,4,-1,6,130
-4,1,2,3,5,-2,2,28,3,3,2,-2,4,25,5,4,-2,6,130
-4,1,4,3,5,-1,54,6,2,2,2,51,2,56,3,51,2,51,130
-4,1,5,3,5,0,4,3,1,2,2,2,1,4,2,2,1,6,130
-4,1,7,3,5,2,2,2,-1,5,3,2,2,3,4,2,2,6,130
-4,1,8,3,5,2,27,12,-1,2,2,27,-1,38,0,27,-1,24,130
1,1,5,2,5,7,3,2,-6,2,4,8,-6,9,-3,8,-6,6,130
2,1,1,2,5,4,2,2,-3,9,2,4,4,5,5,4,4,6,130
2,1,3,2,5,6,2,3,-5,3,6,6,-4,8,1,6,-4,6,130
2,1,5,2,5,8,3,2,-7,2,4,9,-7,10,-4,9,-7,6,130
3,1,1,2,5,5,2,2,-4,9,2,5,3,6,4,5,3,6,130
3,1,3,2,5,7,2,3,-6,3,6,7,-5,9,0,7,-5,6,130
3,1,5,2,5,9,3,2,-8,2,4,10,-8,11,-5,10,-8,6,130
4,1,1,2,5,6,2,2,-5,9,2,6,2,7,3,6,2,7,130
-3,1,1,3,5,-2,4,14,3,2,2,0,3,13,4,3,0,6,130
-3,1,2,3,5,-1,2,28,2,3,2,-1,3,26,4,3,-1,7,130
-3,1,4,3,5,0,54,6,1,2,2,52,1,57,2,52,1,52,130
-3,1,5,3,5,1,4,3,0,2,2,3,0,5,1,3,0,6,130
-3,1,7,3,5,3,2,2,-2,5,3,3,1,4,3,3,1,6,130
-3,1,8,3,5,3,27,12,-2,2,2,28,-2,39,-1,28,-2,23,130
-2,1,1,3,5,-1,4,14,2,2,2,1,2,14,3,2,1,6,130
-2,1,2,3,5,0,2,28,1,3,2,0,2,27,3,2,0,6,130
-2,1,4,3,5,1,54,6,0,2,2,53,0,58,1,53,0,52,130
-2,1,5,3,5,2,4,3,-1,2,2,4,-1,6,0,4,-1,6,130
-2,1,7,3,5,4,2,2,-3,5,3,4,0,5,2,4,0,6,130
-2,1,8,3,5,4,27,12,-3,2,2,29,-3,40,-2,29,-3,22,130
-1,1,1,3,5,0,4,14,1,2,2,2,1,15,2,2,1,6,130
-1,1,2,3,5,1,2,28,0,3,2,1,1,28,2,1,1,6,130
-1,1,4,3,5,2,54,6,-1,2,2,54,-1,59,0,54,-1,51,130
-1,1,5,3,5,3,4,3,-2,2,2,5,-2,7,-1,5,-2,6,130
-1,1,7,3,5,5,2,2,-4,5,3,5,-1,6,1,5,-1,6,130
-1,1,8,3,5,5,27,12,-4,2,2,30,-4,41,-3,30,-4,21,130
0,1,1,3,5,1,4,14,0,2,2,3,0,16,1,3,0,6,130
0,1,2,3,5,2,2,28,-1,3,2,2,0,29,1,2,0,6,130
0,1,4,3,5,3,54,6,-2,2,2,55,-2,60,-1,55,-2,50,130
0,1,5,3,5,4,4,3,-3,2,2,6,-3,8,-2,6,-3,6,130
0,1,7,3,5,6,2,2,-5,5,3,6,-2,7,0,6,-2,6,130
0,1,8,3,5,6,27,12,-5,2,2,31,-5,42,-4,31,-5,6,130
1,1,1,3,5,2,4,14,-1,2,2,4,-1,17,0,4,-1,6,130
1,1,2,3,5,3,2,28,-2,3,2,3,-1,30,0,3,-1,7,130
1,1,4,3,5,4,54,6,-3,2,2,56,-3,61,-2,56,-3,49,130
1,1,5,3,5,5,4,3,-4,2,2,7,-4,9,-3,7,-4,6,130
1,1,7,3,5,7,2,2,-6,5,3,7,-3,8,-1,7,-3,6,130
1,1,8,3,5,7,27,12,-6,2,2,32,-6,43,-5,32,-6,7,130
2,1,1,3,5,3,4,14,-2,2,2,5,-2,18,-1,5,-2,6,130
2,1,2,3,5,4,2,28,-3,3,2,4,-2,31,-1,4,-2,6,130
2,1,4,3,5,5,54,6,-4,2,2,57,-4,62,-3,57,-4,48,130
2,1,5,3,5,6,4,3,-5,2,2,8,-5,10,-4,8,-5,6,130
2,1,7,3,5,8,2,2,-7,5,3,8,-4,9,-2,8,-4,6,130
2,1,8,3,5,8,27,12,-7,2,2,33,-7,44,-6,33,-7,6,130
3,1,1,3,5,4,4,14,-3,2,2,6,-3,19,-2,6,-3,6,130
3,1,2,3,5,5,2,28,-4,3,2,5,-3,32,-2,5,-3,6,130
3,1,4,3,5,6,54,6,-5,2,2,58,-5,63,-4,58,-5,6,130
3,1,5,3,5,7,4,3,-6,2,2,9,-6,11,-5,9,-6,6,130
3,1,7,3,5,9,2,2,-8,5,3,9,-5,10,-3,9,-5,6,130
3,1,8,3,5,9,27,12,-8,2,2,34,-8,45,-7,34,-8,6,130
4,1,1,3,5,5,4,14,-4,2,2,7,-4,20,-3,7,-4,6,130
4,1,2,3,5,6,2,28,-5,3,2,6,-4,33,-3,6,-4,6,130
4,1,4,3,5,7,54,6,-6,2,2,59,-6,64,-5,59,-6,7,130
4,1,5,3,5,8,4,3,-7,2,2,10,-7,12,-6,10,-7,6,130
4,1,7,3,5,10,2,2,-9,5,3,10,-6,11,-4,10,-6,6,130
4,1,8,3,5,10,27,12,-9,2,2,35,-9,46,-8,35,-9,6,130
-4,1,1,4,5,-3,3,2,4,2,5,-2,4,-1,8,4,-2,6,130
-4,1,3,4,5,-2,4,2,3,2,2,0,3,1,4,3,0,6,130
-4,1,5,4,5,-1,5,9,2,2,2,2,2,10,3,2,2,6,130
-4,1,7,4,5,0,12,3,1,2,2,10,1,12,2,10,1,10,130
-4,1,9,4,5,2,2,2,-1,33,2,2,30,3,31,30,2,30,130
-4,1,11,4,5,3,2,2,-2,7,4,3,3,4,6,3,3,7,130
-3,1,1,4,5,-2,3,2,3,2,5,-1,3,0,7,3,-1,6,130
-3,1,3,4,5,-1,4,2,2,2,2,1,2,2,3,2,1,6,130
-3,1,5,4,5,0,5,9,1,2,2,3,1,11,2,3,1,6,130
-3,1,7,4,5,1,12,3,0,2,2,11,0,13,1,11,0,10,130
-3,1,9,4,5,3,2,2,-2,33,2,3,29,4,30,29,3,29,130
-3,1,11,4,5,4,2,2,-3,7,4,4,2,5,5,4,2,6,130
-2,1,1,4,5,-1,3,2,2,2,5,0,2,1,6,2,0,6,130
-2,1,3,4,5,0,4,2,1,2,2,2,1,3,2,2,1,7,130
-2,1,5,4,5,1,5,9,0,2,2,4,0,12,1,4,0,6,130
-2,1,7,4,5,2,12,3,-1,2,2,12,-1,14,0,12,-1,9,130
-2,1,9,4,5,4,2,2,-3,33,2,4,28,5,29,28,4,28,130
-2,1,11,4,5,5,2,2,-4,7,4,5,1,6,4,5,1,6,130
-1,1,1,4,5,0,3,2,1,2,5,1,1,2,5,1,1,6,130
-1,1,3,4,5,1,4,2,0,2,2,3,0,4,1,3,0,7,130
-1,1,5,4,5,2,5,9,-1,2,2,5,-1,13,0,5,-1,6,130
-1,1,7,4,5,3,12,3,-2,2,2,13,-2,15,-1,13,-2,8,130
-1,1,9,4,5,5,2,2,-4,33,2,5,27,6,28,27,5,27,130
-1,1,11,4,5,6,2,2,-5,7,4,6,0,7,3,6,0,6,130
1,1,5,4,5,4,5,9,-3,2,2,7,-3,15,-2,7,-3,6,130
1,1,7,4,5,5,12,3,-4,2,2,15,-4,17,-3,15,-4,6,130
1,1,9,4,5,7,2,2,-6,33,2,7,25,8,26,25,7,25,130
1,1,11,4,5,8,2,2,-7,7,4,8,-2,9,1,8,-2,6,130
2,1,1,4,5,3,3,2,-2,2,5,4,-2,5,2,4,-2,6,130
2,1,3,4,5,4,4,2,-3,2,2,6,-3,7,-2,6,-3,6,130
2,1,5,4,5,5,5,9,-4,2,2,8,-4,16,-3,8,-4,7,130
2,1,7,4,5,6,12,3,-5,2,2,16,-5,18,-4,16,-5,7,130
0,1,1,4,5,1,3,2,0,2,5,2,0,3,4,2,0,6,130
0,1,3,4,5,2,4,2,-1,2,2,4,-1,5,0,4,-1,6,130
0,1,5,4,5,3,5,9,-2,2,2,6,-2,14,-1,6,-2,7,130
0,1,7,4,5,4,12,3,-3,2,2,14,-3,16,-2,14,-3,7,130
0,1,9,4,5,6,2,2,-5,33,2,6,26,7,27,26,6,26,130
0,1,11,4,5,7,2,2,-6,7,4,7,-1,8,2,7,-1,6,130
1,1,1,4,5,2,3,2,-1,2,5,3,-1,4,3,3,-1,6,130
1,1,3,4,5,3,4,2,-2,2,2,5,-2,6,-1,5,-2,6,130
2,1,9,4,5,8,2,2,-7,33,2,8,24,9,25,24,8,6,130
2,1,11,4,5,9,2,2,-8,7,4,9,-3,10,0,9,-3,6,130
3,1,1,4,5,4,3,2,-3,2,5,5,-3,6,1,5,-3,6,130
3,1,3,4,5,5,4,2,-4,2,2,7,-4,8,-3,7,-4,6,130
3,1,5,4,5,6,5,9,-5,2,2,9,-5,17,-4,9,-5,6,130
3,1,7,4,5,7,12,3,-6,2,2,17,-6,19,-5,17,-6,6,130
3,1,9,4,5,9,2,2,-8,33,2,9,23,10,24,23,9,6,130
3,1,11,4,5,10,2,2,-9,7,4,10,-4,11,-1,10,-4,6,130
4,1,1,4,5,5,3,2,-4,2,5,6,-4,7,0,6,-4,6,130
4,1,3,4,5,6,4,2,-5,2,2,8,-5,9,-4,8,-5,6,130
4,1,5,4,5,7,5,9,-6,2,2,10,-6,18,-5,10,-6,6,130
4,1,7,4,5,8,12,3,-7,2,2,18,-7,20,-6,18,-7,6,130
4,1,9,4,5,10,2,2,-9,33,2,10,22,11,23,22,10,6,130
4,1,11,4,5,11,2,2,-10,7,4,11,-5,12,-2,11,-5,6,130
-4,1,1,5,5,-3,2,6,4,3,2,-3,5,2,6,5,-3,7,130
-4,1,2,5,5,-3,10,2,4,2,2,5,4,6,5,5,4,6,130
-4,1,3,5,5,-2,2,3,3,3,14,-2,4,0,17,4,-2,6,130
-4,1,4,5,5,-2,5,4,3,2,2,1,3,4,4,3,1,6,130
-4,1,6,5,5,-1,4,2,2,2,2,1,2,2,3,2,1,6,130
-4,1,7,5,5,0,2,2,1,8,3,0,7,1,9,7,0,6,130
-4,1,8,5,5,0,3,2,1,2,4,1,1,2,4,1,1,6,130
-4,1,9,5,5,1,2,2,0,41,2,1,39,2,40,39,1,39,130
-4,1,11,5,5,1,13,2,0,2,2,12,0,13,1,12,0,11,130
-4,1,12,5,5,2,2,3,-1,3,4,2,0,4,3,2,0,6,130
-4,1,13,5,5,2,6,2,-1,2,2,6,-1,7,0,6,-1,7,130
-4,1,14,5,5,3,2,2,-2,4,6,3,0,4,5,3,0,6,130
-3,1,1,5,5,-2,2,6,3,3,2,-2,4,3,5,4,-2,6,130
-3,1,2,5,5,-2,10,2,3,2,2,6,3,7,4,6,3,6,130
-3,1,3,5,5,-1,2,3,2,3,14,-1,3,1,16,3,-1,6,130
-3,1,4,5,5,-1,5,4,2,2,2,2,2,5,3,2,2,6,130
-3,1,6,5,5,0,4,2,1,2,2,2,1,3,2,2,1,7,130
-3,1,7,5,5,1,2,2,0,8,3,1,6,2,8,6,1,6,130
-3,1,8,5,5,1,3,2,0,2,4,2,0,3,3,2,0,6,130
-3,1,9,5,5,2,2,2,-1,41,2,2,38,3,39,38,2,38,130
-3,1,11,5,5,2,13,2,-1,2,2,13,-1,14,0,13,-1,10,130
-3,1,12,5,5,3,2,3,-2,3,4,3,-1,5,2,3,-1,6,130
-3,1,13,5,5,3,6,2,-2,2,2,7,-2,8,-1,7,-2,7,130
-3,1,14,5,5,4,2,2,-3,4,6,4,-1,5,4,4,-1,6,130
-2,1,1,5,5,-1,2,6,2,3,2,-1,3,4,4,3,-1,6,130
-2,1,2,5,5,-1,10,2,2,2,2,7,2,8,3,7,2,7,130
-2,1,3,5,5,0,2,3,1,3,14,0,2,2,15,2,0,6,130
-2,1,4,5,5,0,5,4,1,2,2,3,1,6,2,3,1,7,130
-2,1,6,5,5,1,4,2,0,2,2,3,0,4,1,3,0,7,130
-2,1,7,5,5,2,2,2,-1,8,3,2,5,3,7,5,2,6,130
-2,1,8,5,5,2,3,2,-1,2,4,3,-1,4,2,3,-1,6,130
-2,1,9,5,5,3,2,2,-2,41,2,3,37,4,38,37,3,37,130
-2,1,11,5,5,3,13,2,-2,2,2,14,-2,15,-1,14,-2,9,130
-2,1,12,5,5,4,2,3,-3,3,4,4,-2,6,1,4,-2,6,130
-2,1,13,5,5,4,6,2,-3,2,2,8,-3,9,-2,8,-3,6,130
-2,1,14,5,5,5,2,2,-4,4,6,5,-2,6,3,5,-2,6,130
-1,1,1,5,5,0,2,6,1,3,2,0,2,5,3,2,0,6,130
-1,1,2,5,5,0,10,2,1,2,2,8,1,9,2,8,1,8,130
-1,1,3,5,5,1,2,3,0,3,14,1,1,3,14,1,1,6,130
-1,1,4,5,5,1,5,4,0,2,2,4,0,7,1,4,0,6,130
-1,1,6,5,5,2,4,2,-1,2,2,4,-1,5,0,4,-1,6,130
-1,1,7,5,5,3,2,2,-2,8,3,3,4,4,6,4,3,6,130
-1,1,8,5,5,3,3,2,-2,2,4,4,-2,5,1,4,-2,6,130
-1,1,9,5,5,4,2,2,-3,41,2,4,36,5,37,36,4,36,130
-1,1,11,5,5,4,13,2,-3,2,2,15,-3,16,-2,15,-3,8,130
-1,1,12,5,5,5,2,3,-4,3,4,5,-3,7,0,5,-3,6,130
-1,1,13,5,5,5,6,2,-4,2,2,9,-4,10,-3,9,-4,6,130
-1,1,14,5,5,6,2,2,-5,4,6,6,-3,7,2,6,-3,6,130
0,1,1,5,5,1,2,6,0,3,2,1,1,6,2,1,1,6,130
0,1,2,5,5,1,10,2,0,2,2,9,0,10,1,9,0,8,130
0,1,3,5,5,2,2,3,-1,3,14,2,0,4,13,2,0,6,130
0,1,4,5,5,2,5,4,-1,2,2,5,-1,8,0,5,-1,6,130
0,1,6,5,5,3,4,2,-2,2,2,5,-2,6,-1,5,-2,7,130
0,1,7,5,5,4,2,2,-3,8,3,4,3,5,5,4,3,6,130
0,1,8,5,5,4,3,2,-3,2,4,5,-3,6,0,5,-3,6,130
0,1,9,5,5,5,2,2,-4,41,2,5,35,6,36,35,5,35,130
0,1,11,5,5,5,13,2,-4,2,2,16,-4,17,-3,16,-4,7,130
0,1,12,5,5,6,2,3,-5,3,4,6,-4,8,-1,6,-4,6,130
0,1,13,5,5,6,6,2,-5,2,2,10,-5,11,-4,10,-5,6,130
0,1,14,5,5,7,2,2,-6,4,6,7,-4,8,1,7,-4,6,130
1,1,1,5,5,2,2,6,-1,3,2,2,0,7,1,2,0,6,130
1,1,2,5,5,2,10,2,-1,2,2,10,-1,11,0,10,-1,7,130
1,1,3,5,5,3,2,3,-2,3,14,3,-1,5,12,3,-1,6,130
1,1,4,5,5,3,5,4,-2,2,2,6,-2,9,-1,6,-2,6,130
1,1,6,5,5,4,4,2,-3,2,2,6,-3,7,-2,6,-3,6,130
1,1,7,5,5,5,2,2,-4,8,3,5,2,6,4,5,2,6,130
1,1,8,5,5,5,3,2,-4,2,4,6,-4,7,-1,6,-4,6,130
1,1,9,5,5,6,2,2,-5,41,2,6,34,7,35,34,6,34,130
1,1,11,5,5,6,13,2,-5,2,2,17,-5,18,-4,17,-5,6,130
1,1,12,5,5,7,2,3,-6,3,4,7,-5,9,-2,7,-5,6,130
1,1,13,5,5,7,6,2,-6,2,2,11,-6,12,-5,11,-6,6,130
1,1,14,5,5,8,2,2,-7,4,6,8,-5,9,0,8,-5,6,130
2,1,1,5,5,3,2,6,-2,3,2,3,-1,8,0,3,-1,6,130
2,1,2,5,5,3,10,2,-2,2,2,11,-2,12,-1,11,-2,6,130
2,1,3,5,5,4,2,3,-3,3,14,4,-2,6,11,4,-2,6,130
2,1,4,5,5,4,5,4,-3,2,2,7,-3,10,-2,7,-3,6,130
2,1,6,5,5,5,4,2,-4,2,2,7,-4,8,-3,7,-4,6,130
2,1,7,5,5,6,2,2,-5,8,3,6,1,7,3,6,1,6,130
2,1,8,5,5,6,3,2,-5,2,4,7,-5,8,-2,7,-5,6,130
2,1,9,5,5,7,2,2,-6,41,2,7,33,8,34,33,7,33,130
2,1,11,5,5,7,13,2,-6,2,2,18,-6,19,-5,18,-6,7,130
2,1,12,5,5,8,2,3,-7,3,4,8,-6,10,-3,8,-6,6,130
2,1,13,5,5,8,6,2,-7,2,2,12,-7,13,-6,12,-7,6,130
2,1,14,5,5,9,2,2,-8,4,6,9,-6,10,-1,9,-6,6,130
3,1,1,5,5,4,2,6,-3,3,2,4,-2,9,-1,4,-2,6,130
3,1,2,5,5,4,10,2,-3,2,2,12,-3,13,-2,12,-3,7,130
3,1,3,5,5,5,2,3,-4,3,14,5,-3,7,10,5,-3,6,130
3,1,4,5,5,5,5,4,-4,2,2,8,-4,11,-3,8,-4,6,130
3,1,6,5,5,6,4,2,-5,2,2,8,-5,9,-4,8,-5,6,130
3,1,7,5,5,7,2,2,-6,8,3,7,0,8,2,7,0,6,130
3,1,8,5,5,7,3,2,-6,2,4,8,-6,9,-3,8,-6,6,130
3,1,9,5,5,8,2,2,-7,41,2,8,32,9,33,32,8,6,130
3,1,11,5,5,8,13,2,-7,2,2,19,-7,20,-6,19,-7,6,130
3,1,12,5,5,9,2,3,-8,3,4,9,-7,11,-4,9,-7,6,130
3,1,13,5,5,9,6,2,-8,2,2,13,-8,14,-7,13,-8,6,130
3,1,14,5,5,10,2,2,-9,4,6,10,-7,11,-2,10,-7,6,130
4,1,1,5,5,5,2,6,-4,3,2,5,-3,10,-2,5,-3,6,130
4,1,2,5,5,5,10,2,-4,2,2,13,-4,14,-3,13,-4,6,130
4,1,3,5,5,6,2,3,-5,3,14,6,-4,8,9,6,-4,6,130
4,1,4,5,5,6,5,4,-5,2,2,9,-5,12,-4,9,-5,6,130
4,1,6,5,5,7,4,2,-6,2,2,9,-6,10,-5,9,-6,6,130
4,1,7,5,5,8,2,2,-7,8,3,8,-1,9,1,8,-1,6,130
4,1,8,5,5,8,3,2,-7,2,4,9,-7,10,-4,9,-7,6,130
4,1,9,5,5,9,2,2,-8,41,2,9,31,10,32,31,9,6,130
4,1,11,5,5,9,13,2,-8,2,2,20,-8,21,-7,20,-8,6,130
4,1,12,5,5,10,2,3,-9,3,4,10,-8,12,-5,10,-8,7,130
4,1,13,5,5,10,6,2,-9,2,2,14,-9,15,-8,14,-9,6,130
4,1,14,5,5,11,2,2,-10,4,6,11,-8,12,-3,11,-8,6,130
-7,2,1,1,5,-1,4,5,2,2,2,1,2,5,3,2,1,6,130
-7,2,2,1,5,1,36,9,0,2,2,35,0,43,1,35,0,34,130
-7,2,3,1,5,4,2,2,-3,5,6,4,0,5,5,4,0,6,130
-5,2,1,1,5,0,4,5,1,2,2,2,1,6,2,2,1,6,130
-5,2,2,1,5,2,36,9,-1,2,2,36,-1,44,0,36,-1,33,130
-5,2,3,1,5,5,2,2,-4,5,6,5,-1,6,4,5,-1,6,130
-3,2,1,1,5,1,4,5,0,2,2,3,0,7,1,3,0,6,130
-3,2,2,1,5,3,36,9,-2,2,2,37,-2,45,-1,37,-2,32,130
-3,2,3,1,5,6,2,2,-5,5,6,6,-2,7,3,6,-2,6,130
-1,2,1,1,5,2,4,5,-1,2,2,4,-1,8,0,4,-1,6,130
-1,2,2,1,5,4,36,9,-3,2,2,38,-3,46,-2,38,-3,31,130
-1,2,3,1,5,7,2,2,-6,5,6,7,-3,8,2,7,-3,6,130
1,2,1,1,5,3,4,5,-2,2,2,5,-2,9,-1,5,-2,6,130
1,2,2,1,5,5,36,9,-4,2,2,39,-4,47,-3,39,-4,30,130
7,2,2,1,5,8,36,9,-7,2,2,42,-7,50,-6,42,-7,6,130
7,2,3,1,5,11,2,2,-10,5,6,11,-7,12,-2,11,-7,6,130
-7,2,1,2,5,-2,3,3,3,2,3,-1,3,1,5,3,-1,6,130
-7,2,3,2,5,0,7,7,1,2,2,5,1,11,2,5,1,6,130
-7,2,5,2,5,3,2,2,-2,12,2,3,8,4,9,8,3,8,130
-5,2,1,2,5,-1,3,3,2,2,3,0,2,2,4,2,0,6,130
-5,2,3,2,5,1,7,7,0,2,2,6,0,12,1,6,0,6,130
-5,2,5,2,5,4,2,2,-3,12,2,4,7,5,8,7,4,7,130
1,2,3,1,5,8,2,2,-7,5,6,8,-4,9,1,8,-4,6,130
3,2,1,1,5,4,4,5,-3,2,2,6,-3,10,-2,6,-3,6,130
3,2,2,1,5,6,36,9,-5,2,2,40,-5,48,-4,40,-5,6,130
3,2,3,1,5,9,2,2,-8,5,6,9,-5,10,0,9,-5,6,130
5,2,1,1,5,5,4,5,-4,2,2,7,-4,11,-3,7,-4,6,130
5,2,2,1,5,7,36,9,-6,2,2,41,-6,49,-5,41,-6,7,130
5,2,3,1,5,10,2,2,-9,5,6,10,-6,11,-1,10,-6,6,130
7,2,1,1,5,6,4,5,-5,2,2,8,-5,12,-4,8,-5,7,130
-3,2,1,2,5,0,3,3,1,2,3,1,1,3,3,1,1,6,130
-3,2,3,2,5,2,7,7,-1,2,2,7,-1,13,0,7,-1,7,130
-3,2,5,2,5,5,2,2,-4,12,2,5,6,6,7,6,5,6,130
-1,2,1,2,5,1,3,3,0,2,3,2,0,4,2,2,0,6,130
-1,2,3,2,5,3,7,7,-2,2,2,8,-2,14,-1,8,-2,8,130
-1,2,5,2,5,6,2,2,-5,12,2,6,5,7,6,6,5,6,130
1,2,1,2,5,2,3,3,-1,2,3,3,-1,5,1,3,-1,6,130
1,2,3,2,5,4,7,7,-3,2,2,9,-3,15,-2,9,-3,8,130
1,2,5,2,5,7,2,2,-6,12,2,7,4,8,5,7,4,16,130
3,2,1,2,5,3,3,3,-2,2,3,4,-2,6,0,4,-2,6,130
3,2,3,2,5,5,7,7,-4,2,2,10,-4,16,-3,10,-4,7,130
3,2,5,2,5,8,2,2,-7,12,2,8,3,9,4,8,3,6,130
5,2,1,2,5,4,3,3,-3,2,3,5,-3,7,-1,5,-3,6,130
5,2,3,2,5,6,7,7,-5,2,2,11,-5,17,-4,11,-5,6,130
5,2,5,2,5,9,2,2,-8,12,2,9,2,10,3,9,2,6,130
7,2,1,2,5,5,3,3,-4,2,3,6,-4,8,-2,6,-4,6,130
-5,2,1,3,5,-1,2,2,2,5,2,-1,5,0,6,5,-1,6,130
-5,2,2,3,5,-1,108,3,2,2,2,105,2,107,3,105,2,105,130
-5,2,4,3,5,1,2,14,0,3,2,1,1,14,2,1,1,6,130
-5,2,5,3,5,2,2,2,-1,5,2,2,2,3,3,2,2,6,130
-5,2,7,3,5,3,4,3,-2,2,2,5,-2,7,-1,5,-2,6,130
-5,2,8,3,5,4,2,8,-3,3,2,4,-2,11,-1,4,-2,6,130
-3,2,1,3,5,0,2,2,1,5,2,0,4,1,5,4,0,6,130
-3,2,2,3,5,0,108,3,1,2,2,106,1,108,2,106,1,106,130
7,2,3,2,5,7,7,7,-6,2,2,12,-6,18,-5,12,-6,6,130
7,2,5,2,5,10,2,2,-9,12,2,10,1,11,2,10,1,6,130
-7,2,1,3,5,-2,2,2,3,5,2,-2,6,-1,7,6,-2,6,130
-7,2,2,3,5,-2,108,3,3,2,2,104,3,106,4,104,3,104,130
-7,2,4,3,5,0,2,14,1,3,2,0,2,13,3,2,0,6,130
-7,2,5,3,5,1,2,2,0,5,2,1,3,2,4,3,1,6,130
-7,2,7,3,5,2,4,3,-1,2,2,4,-1,6,0,4,-1,6,130
-7,2,8,3,5,3,2,8,-2,3,2,3,-1,10,0,3,-1,6,130
-3,2,4,3,5,2,2,14,-1,3,2,2,0,15,1,2,0,6,130
-3,2,5,3,5,3,2,2,-2,5,2,3,1,4,2,3,1,6,130
-3,2,7,3,5,4,4,3,-3,2,2,6,-3,8,-2,6,-3,6,130
-3,2,8,3,5,5,2,8,-4,3,2,5,-3,12,-2,5,-3,6,130
-1,2,1,3,5,1,2,2,0,5,2,1,3,2,4,3,1,6,130
-1,2,2,3,5,1,108,3,0,2,2,107,0,109,1,107,0,106,130
-1,2,4,3,5,3,2,14,-2,3,2,3,-1,16,0,3,-1,7,130
-1,2,5,3,5,4,2,2,-3,5,2,4,0,5,1,4,0,6,130
-1,2,7,3,5,5,4,3,-4,2,2,7,-4,9,-3,7,-4,6,130
-1,2,8,3,5,6,2,8,-5,3,2,6,-4,13,-3,6,-4,6,130
1,2,1,3,5,2,2,2,-1,5,2,2,2,3,3,2,2,6,130
1,2,2,3,5,2,108,3,-1,2,2,108,-1,110,0,108,-1,105,130
1,2,4,3,5,4,2,14,-3,3,2,4,-2,17,-1,4,-2,6,130
1,2,5,3,5,5,2,2,-4,5,2,5,-1,6,0,5,-1,6,130
1,2,7,3,5,6,4,3,-5,2,2,8,-5,10,-4,8,-5,6,130
1,2,8,3,5,7,2,8,-6,3,2,7,-5,14,-4,7,-5,7,130
3,2,1,3,5,3,2,2,-2,5,2,3,1,4,2,3,1,6,130
3,2,2,3,5,3,108,3,-2,2,2,109,-2,111,-1,109,-2,104,130
3,2,4,3,5,5,2,14,-4,3,2,5,-3,18,-2,5,-3,6,130
3,2,5,3,5,6,2,2,-5,5,2,6,-2,7,-1,6,-2,6,130
3,2,7,3,5,7,4,3,-6,2,2,9,-6,11,-5,9,-6,6,130
3,2,8,3,5,8,2,8,-7,3,2,8,-6,15,-5,8,-6,6,130
5,2,1,3,5,4,2,2,-3,5,2,4,0,5,1,4,0,7,130
5,2,2,3,5,4,108,3,-3,2,2,110,-3,112,-2,110,-3,103,130
5,2,4,3,5,6,2,14,-5,3,2,6,-4,19,-3,6,-4,6,130
5,2,5,3,5,7,2,2,-6,5,2,7,-3,8,-2,7,-3,6,130
5,2,7,3,5,8,4,3,-7,2,2,10,-7,12,-6,10,-7,6,130
5,2,8,3,5,9,2,8,-8,3,2,9,-7,16,-6,9,-7,6,130
7,2,1,3,5,5,2,2,-4,5,2,5,-1,6,0,5,-1,7,130
7,2,2,3,5,5,108,3,-4,2,2,111,-4,113,-3,111,-4,102,130
7,2,4,3,5,7,2,14,-6,3,2,7,-5,20,-4,7,-5,6,130
7,2,5,3,5,8,2,2,-7,5,2,8,-4,9,-3,8,-4,6,130
-5,2,1,4,5,-1,2,2,2,17,18,-1,17,0,34,17,-1,14,130
-5,2,3,4,5,0,2,2,1,6,3,0,5,1,7,5,0,6,130
-5,2,5,4,5,1,2,2,0,4,2,1,2,2,3,2,1,6,130
-5,2,7,4,5,2,2,4,-1,3,2,2,0,5,1,2,0,6,130
-5,2,9,4,5,3,3,2,-2,2,9,4,-2,5,6,4,-2,6,130
-5,2,11,4,5,4,3,7,-3,2,3,5,-3,11,-1,5,-3,6,130
-3,2,1,4,5,0,2,2,1,17,18,0,16,1,33,16,0,15,130
-3,2,3,4,5,1,2,2,0,6,3,1,4,2,6,4,1,6,130
7,2,7,3,5,9,4,3,-8,2,2,11,-8,13,-7,11,-8,6,130
7,2,8,3,5,10,2,8,-9,3,2,10,-8,17,-7,10,-8,6,130
-7,2,1,4,5,-2,2,2,3,17,18,-2,18,-1,35,18,-2,13,130
-7,2,3,4,5,-1,2,2,2,6,3,-1,6,0,8,6,-1,6,130
-7,2,5,4,5,0,2,2,1,4,2,0,3,1,4,3,0,6,130
-7,2,7,4,5,1,2,4,0,3,2,1,1,4,2,1,1,6,130
-7,2,9,4,5,2,3,2,-1,2,9,3,-1,4,7,3,-1,7,130
-7,2,11,4,5,3,3,7,-2,2,3,4,-2,10,0,4,-2,6,130
-3,2,5,4,5,2,2,2,-1,4,2,2,1,3,2,2,1,6,130
-3,2,7,4,5,3,2,4,-2,3,2,3,-1,6,0,3,-1,6,130
-3,2,9,4,5,4,3,2,-3,2,9,5,-3,6,5,5,-3,6,130
-3,2,11,4,5,5,3,7,-4,2,3,6,-4,12,-2,6,-4,6,130
-1,2,1,4,5,1,2,2,0,17,18,1,15,2,32,15,1,15,130
-1,2,3,4,5,2,2,2,-1,6,3,2,3,3,5,3,2,6,130
-1,2,5,4,5,3,2,2,-2,4,2,3,0,4,1,3,0,6,130
-1,2,7,4,5,4,2,4,-3,3,2,4,-2,7,-1,4,-2,6,130
-1,2,9,4,5,5,3,2,-4,2,9,6,-4,7,4,6,-4,6,130
-1,2,11,4,5,6,3,7,-5,2,3,7,-5,13,-3,7,-5,6,130
1,2,1,4,5,2,2,2,-1,17,18,2,14,3,31,14,2,14,130
1,2,3,4,5,3,2,2,-2,6,3,3,2,4,4,3,2,6,130
1,2,5,4,5,4,2,2,-3,4,2,4,-1,5,0,4,-1,6,130
1,2,7,4,5,5,2,4,-4,3,2,5,-3,8,-2,5,-3,6,130
1,2,9,4,5,6,3,2,-5,2,9,7,-5,8,3,7,-5,7,130
1,2,11,4,5,7,3,7,-6,2,3,8,-6,14,-4,8,-6,6,130
3,2,1,4,5,3,2,2,-2,17,18,3,13,4,30,13,3,13,130
3,2,3,4,5,4,2,2,-3,6,3,4,1,5,3,4,1,6,130
3,2,5,4,5,5,2,2,-4,4,2,5,-2,6,-1,5,-2,6,130
3,2,7,4,5,6,2,4,-5,3,2,6,-4,9,-3,6,-4,6,130
3,2,9,4,5,7,3,2,-6,2,9,8,-6,9,2,8,-6,6,130
3,2,11,4,5,8,3,7,-7,2,3,9,-7,15,-5,9,-7,6,130
5,2,1,4,5,4,2,2,-3,17,18,4,12,5,29,12,4,12,130
5,2,3,4,5,5,2,2,-4,6,3,5,0,6,2,5,0,6,130
5,2,5,4,5,6,2,2,-5,4,2,6,-3,7,-2,6,-3,6,130
5,2,7,4,5,7,2,4,-6,3,2,7,-5,10,-4,7,-5,6,130
5,2,9,4,5,8,3,2,-7,2,9,9,-7,10,1,9,-7,6,130
5,2,11,4,5,9,3,7,-8,2,3,10,-8,16,-6,10,-8,6,130
7,2,1,4,5,5,2,2,-4,17,18,5,11,6,28,11,5,11,130
7,2,3,4,5,6,2,2,-5,6,3,6,-1,7,1,6,-1,6,130
7,2,5,4,5,7,2,2,-6,4,2,7,-4,8,-3,7,-4,6,130
7,2,7,4,5,8,2,4,-7,3,2,8,-6,11,-5,8,-6,6,130
7,2,9,4,5,9,3,2,-8,2,9,10,-8,11,0,10,-8,8,130
7,2,11,4,5,10,3,7,-9,2,3,11,-9,17,-7,11,-9,6,130
-7,2,1,5,5,-3,19,18,4,2,2,14,4,31,5,14,4,14,130
-7,2,2,5,5,-2,2,3,3,3,3,-2,4,0,6,4,-2,6,130
-7,2,3,5,5,-2,7,2,3,2,2,3,3,4,4,3,3,6,130
-7,2,4,5,5,-1,2,2,2,4,2,-1,4,0,5,4,-1,6,130
-7,2,6,5,5,0,2,2,1,6,2,0,5,1,6,5,0,6,130
-7,2,7,5,5,0,3,4,1,2,3,1,1,4,3,1,1,6,130
-7,2,8,5,5,1,2,2,0,13,8,1,11,2,18,11,1,11,130
-7,2,9,5,5,1,3,2,0,2,11,2,0,3,10,2,0,6,130
-7,2,11,5,5,2,2,4,-1,3,2,2,0,5,1,2,0,6,130
-7,2,12,5,5,2,8,2,-1,2,2,8,-1,9,0,8,-1,7,130
-7,2,13,5,5,3,2,2,-2,4,2,3,0,4,1,3,0,6,130
-7,2,14,5,5,3,5,2,-2,2,2,6,-2,7,-1,6,-2,7,130
-5,2,1,5,5,-2,19,18,3,2,2,15,3,32,4,15,3,15,130
-5,2,2,5,5,-1,2,3,2,3,3,-1,3,1,5,3,-1,6,130
-5,2,13,5,5,4,2,2,-3,4,2,4,-1,5,0,4,-1,6,130
-5,2,14,5,5,4,5,2,-3,2,2,7,-3,8,-2,7,-3,6,130
-3,2,1,5,5,-1,19,18,2,2,2,16,2,33,3,16,2,16,130
-3,2,2,5,5,0,2,3,1,3,3,0,2,2,4,2,0,6,130
-3,2,3,5,5,0,7,2,1,2,2,5,1,6,2,5,1,6,130
-3,2,4,5,5,1,2,2,0,4,2,1,2,2,3,2,1,6,130
-3,2,6,5,5,2,2,2,-1,6,2,2,3,3,4,3,2,6,130
-3,2,7,5,5,2,3,4,-1,2,3,3,-1,6,1,3,-1,6,130
-5,2,3,5,5,-1,7,2,2,2,2,4,2,5,3,4,2,7,130
-5,2,4,5,5,0,2,2,1,4,2,0,3,1,4,3,0,7,130
-5,2,6,5,5,1,2,2,0,6,2,1,4,2,5,4,1,6,130
-5,2,7,5,5,1,3,4,0,2,3,2,0,5,2,2,0,6,130
-5,2,8,5,5,2,2,2,-1,13,8,2,10,3,17,10,2,10,130
-5,2,9,5,5,2,3,2,-1,2,11,3,-1,4,9,3,-1,7,130
-5,2,11,5,5,3,2,4,-2,3,2,3,-1,6,0,3,-1,6,130
-5,2,12,5,5,3,8,2,-2,2,2,9,-2,10,-1,9,-2,6,130
-3,2,8,5,5,3,2,2,-2,13,8,3,9,4,16,9,3,9,130
-3,2,9,5,5,3,3,2,-2,2,11,4,-2,5,8,4,-2,6,130
-3,2,11,5,5,4,2,4,-3,3,2,4,-2,7,-1,4,-2,6,130
-3,2,12,5,5,4,8,2,-3,2,2,10,-3,11,-2,10,-3,7,130
-3,2,13,5,5,5,2,2,-4,4,2,5,-2,6,-1,5,-2,6,130
-3,2,14,5,5,5,5,2,-4,2,2,8,-4,9,-3,8,-4,6,130
-1,2,1,5,5,0,19,18,1,2,2,17,1,34,2,17,1,17,130
-1,2,2,5,5,1,2,3,0,3,3,1,1,3,3,1,1,6,130
-1,2,3,5,5,1,7,2,0,2,2,6,0,7,1,6,0,6,130
-1,2,4,5,5,2,2,2,-1,4,2,2,1,3,2,2,1,6,130
-1,2,6,5,5,3,2,2,-2,6,2,3,2,4,3,3,2,7,130
-1,2,7,5,5,3,3,4,-2,2,3,4,-2,7,0,4,-2,6,130
-1,2,8,5,5,4,2,2,-3,13,8,4,8,5,15,8,4,8,130
-1,2,9,5,5,4,3,2,-3,2,11,5,-3,6,7,5,-3,6,130
-1,2,11,5,5,5,2,4,-4,3,2,5,-3,8,-2,5,-3,6,130
-1,2,12,5,5,5,8,2,-4,2,2,11,-4,12,-3,11,-4,6,130
-1,2,13,5,5,6,2,2,-5,4,2,6,-3,7,-2,6,-3,6,130
-1,2,14,5,5,6,5,2,-5,2,2,9,-5,10,-4,9,-5,6,130
1,2,1,5,5,1,19,18,0,2,2,18,0,35,1,18,0,17,130
1,2,2,5,5,2,2,3,-1,3,3,2,0,4,2,2,0,6,130
1,2,3,5,5,2,7,2,-1,2,2,7,-1,8,0,7,-1,6,130
1,2,4,5,5,3,2,2,-2,4,2,3,0,4,1,3,0,6,130
1,2,6,5,5,4,2,2,-3,6,2,4,1,5,2,4,1,6,130
1,2,7,5,5,4,3,4,-3,2,3,5,-3,8,-1,5,-3,6,130
1,2,8,5,5,5,2,2,-4,13,8,5,7,6,14,7,5,7,130
1,2,9,5,5,5,3,2,-4,2,11,6,-4,7,6,6,-4,6,130
1,2,11,5,5,6,2,4,-5,3,2,6,-4,9,-3,6,-4,6,130
1,2,12,5,5,6,8,2,-5,2,2,12,-5,13,-4,12,-5,6,130
1,2,13,5,5,7,2,2,-6,4,2,7,-4,8,-3,7,-4,6,130
1,2,14,5,5,7,5,2,-6,2,2,10,-6,11,-5,10,-6,6,130
3,2,1,5,5,2,19,18,-1,2,2,19,-1,36,0,19,-1,16,130
3,2,2,5,5,3,2,3,-2,3,3,3,-1,5,1,3,-1,6,130
3,2,3,5,5,3,7,2,-2,2,2,8,-2,9,-1,8,-2,6,130
3,2,4,5,5,4,2,2,-3,4,2,4,-1,5,0,4,-1,6,130
3,2,6,5,5,5,2,2,-4,6,2,5,0,6,1,5,0,6,130
3,2,7,5,5,5,3,4,-4,2,3,6,-4,9,-2,6,-4,6,130
3,2,8,5,5,6,2,2,-5,13,8,6,6,7,13,6,6,6,130
3,2,9,5,5,6,3,2,-5,2,11,7,-5,8,5,7,-5,6,130
3,2,11,5,5,7,2,4,-6,3,2,7,-5,10,-4,7,-5,6,130
3,2,12,5,5,7,8,2,-6,2,2,13,-6,14,-5,13,-6,6,130
3,2,13,5,5,8,2,2,-7,4,2,8,-5,9,-4,8,-5,6,130
3,2,14,5,5,8,5,2,-7,2,2,11,-7,12,-6,11,-7,6,130
5,2,1,5,5,3,19,18,-2,2,2,20,-2,37,-1,20,-2,15,130
5,2,2,5,5,4,2,3,-3,3,3,4,-2,6,0,4,-2,6,130
5,2,3,5,5,4,7,2,-3,2,2,9,-3,10,-2,9,-3,6,130
5,2,4,5,5,5,2,2,-4,4,2,5,-2,6,-1,5,-2,6,130
5,2,6,5,5,6,2,2,-5,6,2,6,-1,7,0,6,-1,6,130
5,2,7,5,5,6,3,4,-5,2,3,7,-5,10,-3,7,-5,6,130
7,2,3,5,5,5,7,2,-4,2,2,10,-4,11,-3,10,-4,6,130
7,2,4,5,5,6,2,2,-5,4,2,6,-3,7,-2,6,-3,6,130
7,2,6,5,5,7,2,2,-6,6,2,7,-2,8,-1,7,-2,6,130
7,2,7,5,5,7,3,4,-6,2,3,8,-6,11,-4,8,-6,6,130
7,2,8,5,5,8,2,2,-7,13,8,8,4,9,11,8,4,6,130
7,2,9,5,5,8,3,2,-7,2,11,9,-7,10,3,9,-7,6,130
7,2,11,5,5,9,2,4,-8,3,2,9,-7,12,-6,9,-7,6,130
7,2,12,5,5,9,8,2,-8,2,2,15,-8,16,-7,15,-8,6,130
5,2,8,5,5,7,2,2,-6,13,8,7,5,8,12,7,5,6,130
5,2,9,5,5,7,3,2,-6,2,11,8,-6,9,4,8,-6,6,130
5,2,11,5,5,8,2,4,-7,3,2,8,-6,11,-5,8,-6,6,130
5,2,12,5,5,8,8,2,-7,2,2,14,-7,15,-6,14,-7,6,130
5,2,13,5,5,9,2,2,-8,4,2,9,-6,10,-5,9,-6,6,130
5,2,14,5,5,9,5,2,-8,2,2,12,-8,13,-7,12,-8,6,130
7,2,1,5,5,4,19,18,-3,2,2,21,-3,38,-2,21,-3,14,130
7,2,2,5,5,5,2,3,-4,3,3,5,-3,7,-1,5,-3,6,130
7,2,13,5,5,10,2,2,-9,4,2,10,-7,11,-6,10,-7,6,130
7,2,14,5,5,10,5,2,-9,2,2,13,-9,14,-8,13,-9,6,130
-11,3,1,1,5,-1,3,2,2,2,5,0,2,1,6,2,0,6,130
-11,3,2,1,5,1,6,2,0,2,2,5,0,6,1,5,0,7,130
-11,3,3,1,5,4,2,2,-3,25,2,4,20,5,21,20,4,20,130
-10,3,1,1,5,-1,11,2,2,2,2,8,2,9,3,8,2,8,130
-10,3,2,1,5,2,2,2,-1,8,2,2,5,3,6,5,2,6,130
-10,3,3,1,5,4,2,3,-3,3,4,4,-2,6,1,4,-2,6,130
-5,3,3,1,5,6,2,2,-5,25,2,6,18,7,19,18,6,18,130
-4,3,1,1,5,1,11,2,0,2,2,10,0,11,1,10,0,9,130
-4,3,2,1,5,4,2,2,-3,8,2,4,3,5,4,4,3,7,130
-4,3,3,1,5,6,2,3,-5,3,4,6,-4,8,-1,6,-4,6,130
-2,3,1,1,5,2,3,2,-1,2,5,3,-1,4,3,3,-1,6,130
-2,3,2,1,5,4,6,2,-3,2,2,8,-3,9,-2,8,-3,6,130
-2,3,3,1,5,7,2,2,-6,25,2,7,17,8,18,17,7,17,130
-1,3,1,1,5,2,11,2,-1,2,2,11,-1,12,0,11,-1,8,130
-8,3,1,1,5,0,3,2,1,2,5,1,1,2,5,1,1,6,130
-8,3,2,1,5,2,6,2,-1,2,2,6,-1,7,0,6,-1,6,130
-8,3,3,1,5,5,2,2,-4,25,2,5,19,6,20,19,5,19,130
-7,3,1,1,5,0,11,2,1,2,2,9,1,10,2,9,1,9,130
-7,3,2,1,5,3,2,2,-2,8,2,3,4,4,5,4,3,8,130
-7,3,3,1,5,5,2,3,-4,3,4,5,-3,7,0,5,-3,6,130
-5,3,1,1,5,1,3,2,0,2,5,2,0,3,4,2,0,6,130
-5,3,2,1,5,3,6,2,-2,2,2,7,-2,8,-1,7,-2,8,130
-1,3,2,1,5,5,2,2,-4,8,2,5,2,6,3,5,2,6,130
-1,3,3,1,5,7,2,3,-6,3,4,7,-5,9,-2,7,-5,6,130
1,3,1,1,5,3,3,2,-2,2,5,4,-2,5,2,4,-2,6,130
1,3,2,1,5,5,6,2,-4,2,2,9,-4,10,-3,9,-4,6,130
1,3,3,1,5,8,2,2,-7,25,2,8,16,9,17,16,8,6,130
2,3,1,1,5,3,11,2,-2,2,2,12,-2,13,-1,12,-2,7,130
2,3,2,1,5,6,2,2,-5,8,2,6,1,7,2,6,1,6,130
2,3,3,1,5,8,2,3,-7,3,4,8,-6,10,-3,8,-6,6,130
4,3,1,1,5,4,3,2,-3,2,5,5,-3,6,1,5,-3,6,130
4,3,2,1,5,6,6,2,-5,2,2,10,-5,11,-4,10,-5,6,130
4,3,3,1,5,9,2,2,-8,25,2,9,15,10,16,15,9,6,130
5,3,1,1,5,4,11,2,-3,2,2,13,-3,14,-2,13,-3,6,130
5,3,2,1,5,7,2,2,-6,8,2,7,0,8,1,7,0,6,130
5,3,3,1,5,9,2,3,-8,3,4,9,-7,11,-4,9,-7,6,130
7,3,1,1,5,5,3,2,-4,2,5,6,-4,7,0,6,-4,6,130
7,3,2,1,5,7,6,2,-6,2,2,11,-6,12,-5,11,-6,6,130
7,3,3,1,5,10,2,2,-9,25,2,10,14,11,15,14,10,6,130
8,3,1,1,5,5,11,2,-4,2,2,14,-4,15,-3,14,-4,7,130
8,3,2,1,5,8,2,2,-7,8,2,8,-1,9,0,8,-1,6,130
8,3,3,1,5,10,2,3,-9,3,4,10,-8,12,-5,10,-8,6,130
10,3,1,1,5,6,3,2,-5,2,5,7,-5,8,-1,7,-5,6,130
10,3,2,1,5,8,6,2,-7,2,2,12,-7,13,-6,12,-7,6,130
10,3,3,1,5,11,2,2,-10,25,2,11,13,12,14,13,11,6,130
11,3,1,1,5,6,11,2,-5,2,2,15,-5,16,-4,15,-5,7,130
11,3,2,1,5,9,2,2,-8,8,2,9,-2,10,-1,9,-2,6,130
11,3,3,1,5,11,2,3,-10,3,4,11,-9,13,-6,11,-9,6,130
-11,3,1,2,5,-2,2,6,3,3,2,-2,4,3,5,4,-2,7,130
-11,3,3,2,5,0,4,2,1,2,2,2,1,3,2,2,1,7,130
-11,3,5,2,5,2,14,2,-1,2,2,14,-1,15,0,14,-1,11,130
-10,3,1,2,5,-2,5,3,3,2,2,1,3,3,4,3,1,6,130
-10,3,3,2,5,1,2,2,0,49,2,1,47,2,48,47,1,47,130
-10,3,5,2,5,3,2,2,-2,4,10,3,0,4,9,3,0,6,130
-8,3,1,2,5,-1,2,6,2,3,2,-1,3,4,4,3,-1,6,130
-8,3,3,2,5,1,4,2,0,2,2,3,0,4,1,3,0,7,130
-8,3,5,2,5,3,14,2,-2,2,2,15,-2,16,-1,15,-2,10,130
-7,3,1,2,5,-1,5,3,2,2,2,2,2,4,3,2,2,6,130
-7,3,3,2,5,2,2,2,-1,49,2,2,46,3,47,46,2,46,130
-7,3,5,2,5,4,2,2,-3,4,10,4,-1,5,8,4,-1,6,130
-5,3,1,2,5,0,2,6,1,3,2,0,2,5,3,2,0,6,130
-5,3,3,2,5,2,4,2,-1,2,2,4,-1,5,0,4,-1,6,130
-1,3,3,2,5,4,2,2,-3,49,2,4,44,5,45,44,4,44,130
-1,3,5,2,5,6,2,2,-5,4,10,6,-3,7,6,6,-3,6,130
1,3,1,2,5,2,2,6,-1,3,2,2,0,7,1,2,0,6,130
1,3,3,2,5,4,4,2,-3,2,2,6,-3,7,-2,6,-3,6,130
1,3,5,2,5,6,14,2,-5,2,2,18,-5,19,-4,18,-5,6,130
2,3,1,2,5,2,5,3,-1,2,2,5,-1,7,0,5,-1,6,130
2,3,3,2,5,5,2,2,-4,49,2,5,43,6,44,43,5,43,130
2,3,5,2,5,7,2,2,-6,4,10,7,-4,8,5,7,-4,6,130
-5,3,5,2,5,4,14,2,-3,2,2,16,-3,17,-2,16,-3,9,130
-4,3,1,2,5,0,5,3,1,2,2,3,1,5,2,3,1,6,130
-4,3,3,2,5,3,2,2,-2,49,2,3,45,4,46,45,3,45,130
-4,3,5,2,5,5,2,2,-4,4,10,5,-2,6,7,5,-2,6,130
-2,3,1,2,5,1,2,6,0,3,2,1,1,6,2,1,1,6,130
-2,3,3,2,5,3,4,2,-2,2,2,5,-2,6,-1,5,-2,6,130
-2,3,5,2,5,5,14,2,-4,2,2,17,-4,18,-3,17,-4,8,130
-1,3,1,2,5,1,5,3,0,2,2,4,0,6,1,4,0,6,130
7,3,5,2,5,8,14,2,-7,2,2,20,-7,21,-6,20,-7,6,130
8,3,1,2,5,4,5,3,-3,2,2,7,-3,9,-2,7,-3,6,130
8,3,3,2,5,7,2,2,-6,49,2,7,41,8,42,41,7,41,130
8,3,5,2,5,9,2,2,-8,4,10,9,-6,10,3,9,-6,6,130
10,3,1,2,5,5,2,6,-4,3,2,5,-3,10,-2,5,-3,6,130
10,3,3,2,5,7,4,2,-6,2,2,9,-6,10,-5,9,-6,6,130
10,3,5,2,5,9,14,2,-8,2,2,21,-8,22,-7,21,-8,9,130
11,3,1,2,5,5,5,3,-4,2,2,8,-4,10,-3,8,-4,6,130
4,3,1,2,5,3,2,6,-2,3,2,3,-1,8,0,3,-1,6,130
4,3,3,2,5,5,4,2,-4,2,2,7,-4,8,-3,7,-4,6,130
4,3,5,2,5,7,14,2,-6,2,2,19,-6,20,-5,19,-6,6,130
5,3,1,2,5,3,5,3,-2,2,2,6,-2,8,-1,6,-2,6,130
5,3,3,2,5,6,2,2,-5,49,2,6,42,7,43,42,6,42,130
5,3,5,2,5,8,2,2,-7,4,10,8,-5,9,4,8,-5,6,130
7,3,1,2,5,4,2,6,-3,3,2,4,-2,9,-1,4,-2,6,130
7,3,3,2,5,6,4,2,-5,2,2,8,-5,9,-4,8,-5,6,130
11,3,3,2,5,8,2,2,-7,49,2,8,40,9,41,40,8,6,130
11,3,5,2,5,10,2,2,-9,4,10,10,-7,11,2,10,-7,6,130
-11,3,1,3,5,-2,2,2,3,13,4,-2,14,-1,17,14,-2,9,130
-11,3,2,3,5,-2,6,4,3,2,2,2,3,5,4,3,2,6,130
-11,3,4,3,5,0,2,2,1,4,2,0,3,1,4,3,0,7,130
-11,3,5,3,5,1,2,2,0,17,3,1,15,2,17,15,1,15,130
-11,3,7,3,5,2,3,2,-1,2,6,3,-1,4,4,3,-1,6,130
-11,3,8,3,5,3,2,2,-2,4,2,3,0,4,1,3,0,6,130
-10,3,1,3,5,-2,2,4,3,3,2,-2,4,1,5,4,-2,6,130
-10,3,2,3,5,-1,2,2,2,7,2,-1,7,0,8,7,-1,6,130
-10,3,4,3,5,0,3,7,1,2,3,1,1,7,3,1,1,6,130
-10,3,5,3,5,1,2,3,0,3,3,1,1,3,3,1,1,6,130
-10,3,7,3,5,2,9,3,-1,2,2,9,-1,11,0,9,-1,6,130
-10,3,8,3,5,3,3,4,-2,2,3,4,-2,7,0,4,-2,6,130
-8,3,1,3,5,-1,2,2,2,13,4,-1,13,0,16,13,-1,10,130
-8,3,2,3,5,-1,6,4,2,2,2,3,2,6,3,3,2,6,130
-8,3,4,3,5,1,2,2,0,4,2,1,2,2,3,2,1,7,130
-8,3,5,3,5,2,2,2,-1,17,3,2,14,3,16,14,2,14,130
-8,3,7,3,5,3,3,2,-2,2,6,4,-2,5,3,4,-2,6,130
-8,3,8,3,5,4,2,2,-3,4,2,4,-1,5,0,4,-1,6,130
-7,3,1,3,5,-1,2,4,2,3,2,-1,3,2,4,3,-1,6,130
-7,3,2,3,5,0,2,2,1,7,2,0,6,1,7,6,0,6,130
-7,3,4,3,5,1,3,7,0,2,3,2,0,8,2,2,0,6,130
-7,3,5,3,5,2,2,3,-1,3,3,2,0,4,2,2,0,6,130
-4,3,1,3,5,0,2,4,1,3,2,0,2,3,3,2,0,6,130
-4,3,2,3,5,1,2,2,0,7,2,1,5,2,6,5,1,6,130
-4,3,4,3,5,2,3,7,-1,2,3,3,-1,9,1,3,-1,6,130
-4,3,5,3,5,3,2,3,-2,3,3,3,-1,5,1,3,-1,6,130
-4,3,7,3,5,4,9,3,-3,2,2,11,-3,13,-2,11,-3,6,130
-4,3,8,3,5,5,3,4,-4,2,3,6,-4,9,-2,6,-4,6,130
-2,3,1,3,5,1,2,2,0,13,4,1,11,2,14,11,1,11,130
-2,3,2,3,5,1,6,4,0,2,2,5,0,8,1,5,0,6,130
-7,3,7,3,5,3,9,3,-2,2,2,10,-2,12,-1,10,-2,6,130
-7,3,8,3,5,4,3,4,-3,2,3,5,-3,8,-1,5,-3,6,130
-5,3,1,3,5,0,2,2,1,13,4,0,12,1,15,12,0,11,130
-5,3,2,3,5,0,6,4,1,2,2,4,1,7,2,4,1,6,130
-5,3,4,3,5,2,2,2,-1,4,2,2,1,3,2,2,1,7,130
-5,3,5,3,5,3,2,2,-2,17,3,3,13,4,15,13,3,13,130
-5,3,7,3,5,4,3,2,-3,2,6,5,-3,6,2,5,-3,6,130
-5,3,8,3,5,5,2,2,-4,4,2,5,-2,6,-1,5,-2,6,130
-2,3,4,3,5,3,2,2,-2,4,2,3,0,4,1,3,0,6,130
-2,3,5,3,5,4,2,2,-3,17,3,4,12,5,14,12,4,12,130
-2,3,7,3,5,5,3,2,-4,2,6,6,-4,7,1,6,-4,6,130
-2,3,8,3,5,6,2,2,-5,4,2,6,-3,7,-2,6,-3,6,130
-1,3,1,3,5,1,2,4,0,3,2,1,1,4,2,1,1,6,130
-1,3,2,3,5,2,2,2,-1,7,2,2,4,3,5,4,2,6,130
-1,3,4,3,5,3,3,7,-2,2,3,4,-2,10,0,4,-2,6,130
-1,3,5,3,5,4,2,3,-3,3,3,4,-2,6,0,4,-2,6,130
-1,3,7,3,5,5,9,3,-4,2,2,12,-4,14,-3,12,-4,6,130
-1,3,8,3,5,6,3,4,-5,2,3,7,-5,10,-3,7,-5,6,130
1,3,1,3,5,2,2,2,-1,13,4,2,10,3,13,10,2,10,130
1,3,2,3,5,2,6,4,-1,2,2,6,-1,9,0,6,-1,8,130
1,3,4,3,5,4,2,2,-3,4,2,4,-1,5,0,4,-1,6,130
1,3,5,3,5,5,2,2,-4,17,3,5,11,6,13,11,5,11,130
1,3,7,3,5,6,3,2,-5,2,6,7,-5,8,0,7,-5,6,130
1,3,8,3,5,7,2,2,-6,4,2,7,-4,8,-3,7,-4,6,130
2,3,1,3,5,2,2,4,-1,3,2,2,0,5,1,2,0,6,130
2,3,2,3,5,3,2,2,-2,7,2,3,3,4,4,3,3,6,130
2,3,4,3,5,4,3,7,-3,2,3,5,-3,11,-1,5,-3,6,130
2,3,5,3,5,5,2,3,-4,3,3,5,-3,7,-1,5,-3,6,130
2,3,7,3,5,6,9,3,-5,2,2,13,-5,15,-4,13,-5,6,130
2,3,8,3,5,7,3,4,-6,2,3,8,-6,11,-4,8,-6,6,130
4,3,1,3,5,3,2,2,-2,13,4,3,9,4,12,9,3,9,130
4,3,2,3,5,3,6,4,-2,2,2,7,-2,10,-1,7,-2,6,130
4,3,4,3,5,5,2,2,-4,4,2,5,-2,6,-1,5,-2,6,130
4,3,5,3,5,6,2,2,-5,17,3,6,10,7,12,10,6,10,130
4,3,7,3,5,7,3,2,-6,2,6,8,-6,9,-1,8,-6,6,130
4,3,8,3,5,8,2,2,-7,4,2,8,-5,9,-4,8,-5,6,130
5,3,1,3,5,3,2,4,-2,3,2,3,-1,6,0,3,-1,6,130
5,3,2,3,5,4,2,2,-3,7,2,4,2,5,3,4,2,6,130
5,3,4,3,5,5,3,7,-4,2,3,6,-4,12,-2,6,-4,6,130
5,3,5,3,5,6,2,3,-5,3,3,6,-4,8,-2,6,-4,6,130
8,3,1,3,5,4,2,4,-3,3,2,4,-2,7,-1,4,-2,6,130
8,3,2,3,5,5,2,2,-4,7,2,5,1,6,2,5,1,7,130
8,3,4,3,5,6,3,7,-5,2,3,7,-5,13,-3,7,-5,7,130
8,3,5,3,5,7,2,3,-6,3,3,7,-5,9,-3,7,-5,6,130
8,3,7,3,5,8,9,3,-7,2,2,15,-7,17,-6,15,-7,6,130
8,3,8,3,5,9,3,4,-8,2,3,10,-8,13,-6,10,-8,6,130
10,3,1,3,5,5,2,2,-4,13,4,5,7,6,10,7,5,7,130
10,3,2,3,5,5,6,4,-4,2,2,9,-4,12,-3,9,-4,6,130
5,3,7,3,5,7,9,3,-6,2,2,14,-6,16,-5,14,-6,6,130
5,3,8,3,5,8,3,4,-7,2,3,9,-7,12,-5,9,-7,6,130
7,3,1,3,5,4,2,2,-3,13,4,4,8,5,11,8,4,8,130
7,3,2,3,5,4,6,4,-3,2,2,8,-3,11,-2,8,-3,7,130
7,3,4,3,5,6,2,2,-5,4,2,6,-3,7,-2,6,-3,6,130
7,3,5,3,5,7,2,2,-6,17,3,7,9,8,11,9,7,9,130
7,3,7,3,5,8,3,2,-7,2,6,9,-7,10,-2,9,-7,6,130
7,3,8,3,5,9,2,2,-8,4,2,9,-6,10,-5,9,-6,6,130
10,3,4,3,5,7,2,2,-6,4,2,7,-4,8,-3,7,-4,6,130
10,3,5,3,5,8,2,2,-7,17,3,8,8,9,10,8,8,6,130
10,3,7,3,5,9,3,2,-8,2,6,10,-8,11,-3,10,-8,6,130
10,3,8,3,5,10,2,2,-9,4,2,10,-7,11,-6,10,-7,6,130
11,3,1,3,5,5,2,4,-4,3,2,5,-3,8,-2,5,-3,6,130
11,3,2,3,5,6,2,2,-5,7,2,6,0,7,1,6,0,6,130
11,3,4,3,5,7,3,7,-6,2,3,8,-6,14,-4,8,-6,6,130
11,3,5,3,5,8,2,3,-7,3,3,8,-6,10,-4,8,-6,6,130
11,3,7,3,5,9,9,3,-8,2,2,16,-8,18,-7,16,-8,6,130
11,3,8,3,5,10,3,4,-9,2,3,11,-9,14,-7,11,-9,6,130
-11,3,1,4,5,-3,10,2,4,2,2,5,4,6,5,5,4,6,130
-11,3,3,4,5,-1,2,2,2,97,2,-1,97,0,98,97,-1,94,130
-11,3,5,4,5,0,2,2,1,8,5,0,7,1,11,7,0,6,130
-11,3,7,4,5,1,2,2,0,5,2,1,3,2,4,3,1,6,130
-11,3,9,4,5,2,2,3,-1,3,4,2,0,4,3,2,0,6,130
-11,3,11,4,5,3,2,15,-2,3,2,3,-1,17,0,3,-1,7,130
-10,3,1,4,5,-2,2,2,3,5,2,-2,6,-1,7,6,-2,6,130
-10,3,3,4,5,-1,2,3,2,3,12,-1,3,1,14,3,-1,6,130
-10,3,5,4,5,0,2,8,1,3,2,0,2,7,3,2,0,6,130
-10,3,7,4,5,1,3,2,0,2,4,2,0,3,3,2,0,6,130
-10,3,9,4,5,2,4,2,-1,2,2,4,-1,5,0,4,-1,6,130
-10,3,11,4,5,3,6,2,-2,2,2,7,-2,8,-1,7,-2,6,130
-8,3,1,4,5,-2,10,2,3,2,2,6,3,7,4,6,3,6,130
-8,3,3,4,5,0,2,2,1,97,2,0,96,1,97,96,0,95,130
-8,3,5,4,5,1,2,2,0,8,5,1,6,2,10,6,1,6,130
-8,3,7,4,5,2,2,2,-1,5,2,2,2,3,3,2,2,6,130
-8,3,9,4,5,3,2,3,-2,3,4,3,-1,5,2,3,-1,6,130
-8,3,11,4,5,4,2,15,-3,3,2,4,-2,18,-1,4,-2,6,130
-7,3,1,4,5,-1,2,2,2,5,2,-1,5,0,6,5,-1,6,130
-7,3,3,4,5,0,2,3,1,3,12,0,2,2,13,2,0,6,130
-7,3,5,4,5,1,2,8,0,3,2,1,1,8,2,1,1,6,130
-7,3,7,4,5,2,3,2,-1,2,4,3,-1,4,2,3,-1,6,130
-7,3,9,4,5,3,4,2,-2,2,2,5,-2,6,-1,5,-2,6,130
-7,3,11,4,5,4,6,2,-3,2,2,8,-3,9,-2,8,-3,6,130
-5,3,1,4,5,-1,10,2,2,2,2,7,2,8,3,7,2,7,130
-5,3,3,4,5,1,2,2,0,97,2,1,95,2,96,95,1,95,130
-5,3,5,4,5,2,2,2,-1,8,5,2,5,3,9,5,2,6,130
-5,3,7,4,5,3,2,2,-2,5,2,3,1,4,2,3,1,6,130
-5,3,9,4,5,4,2,3,-3,3,4,4,-2,6,1,4,-2,6,130
-5,3,11,4,5,5,2,15,-4,3,2,5,-3,19,-2,5,-3,6,130
-2,3,5,4,5,3,2,2,-2,8,5,3,4,4,8,4,3,6,130
-2,3,7,4,5,4,2,2,-3,5,2,4,0,5,1,4,0,7,130
-2,3,9,4,5,5,2,3,-4,3,4,5,-3,7,0,5,-3,6,130
-2,3,11,4,5,6,2,15,-5,3,2,6,-4,20,-3,6,-4,6,130
-1,3,1,4,5,1,2,2,0,5,2,1,3,2,4,3,1,6,130
-1,3,3,4,5,2,2,3,-1,3,12,2,0,4,11,2,0,6,130
-1,3,5,4,5,3,2,8,-2,3,2,3,-1,10,0,3,-1,6,130
-1,3,7,4,5,4,3,2,-3,2,4,5,-3,6,0,5,-3,6,130
-4,3,1,4,5,0,2,2,1,5,2,0,4,1,5,4,0,6,130
-4,3,3,4,5,1,2,3,0,3,12,1,1,3,12,1,1,6,130
-4,3,5,4,5,2,2,8,-1,3,2,2,0,9,1,2,0,8,130
-4,3,7,4,5,3,3,2,-2,2,4,4,-2,5,1,4,-2,6,130
-4,3,9,4,5,4,4,2,-3,2,2,6,-3,7,-2,6,-3,6,130
-4,3,11,4,5,5,6,2,-4,2,2,9,-4,10,-3,9,-4,6,130
-2,3,1,4,5,0,10,2,1,2,2,8,1,9,2,8,1,8,130
-2,3,3,4,5,2,2,2,-1,97,2,2,94,3,95,94,2,94,130
2,3,1,4,5,2,2,2,-1,5,2,2,2,3,3,2,2,6,130
2,3,3,4,5,3,2,3,-2,3,12,3,-1,5,10,3,-1,6,130
2,3,5,4,5,4,2,8,-3,3,2,4,-2,11,-1,4,-2,6,130
2,3,7,4,5,5,3,2,-4,2,4,6,-4,7,-1,6,-4,6,130
2,3,9,4,5,6,4,2,-5,2,2,8,-5,9,-4,8,-5,6,130
2,3,11,4,5,7,6,2,-6,2,2,11,-6,12,-5,11,-6,6,130
4,3,1,4,5,2,10,2,-1,2,2,10,-1,11,0,10,-1,7,130
4,3,3,4,5,4,2,2,-3,97,2,4,92,5,93,92,4,92,130
-1,3,9,4,5,5,4,2,-4,2,2,7,-4,8,-3,7,-4,6,130
-1,3,11,4,5,6,6,2,-5,2,2,10,-5,11,-4,10,-5,7,130
1,3,1,4,5,1,10,2,0,2,2,9,0,10,1,9,0,8,130
1,3,3,4,5,3,2,2,-2,97,2,3,93,4,94,93,3,93,130
1,3,5,4,5,4,2,2,-3,8,5,4,3,5,7,4,3,6,130
1,3,7,4,5,5,2,2,-4,5,2,5,-1,6,0,5,-1,7,130
1,3,9,4,5,6,2,3,-5,3,4,6,-4,8,-1,6,-4,6,130
1,3,11,4,5,7,2,15,-6,3,2,7,-5,21,-4,7,-5,6,130
4,3,5,4,5,5,2,2,-4,8,5,5,2,6,6,5,2,6,130
4,3,7,4,5,6,2,2,-5,5,2,6,-2,7,-1,6,-2,6,130
4,3,9,4,5,7,2,3,-6,3,4,7,-5,9,-2,7,-5,6,130
4,3,11,4,5,8,2,15,-7,3,2,8,-6,22,-5,8,-6,7,130
5,3,1,4,5,3,2,2,-2,5,2,3,1,4,2,3,1,6,130
5,3,3,4,5,4,2,3,-3,3,12,4,-2,6,9,4,-2,6,130
5,3,5,4,5,5,2,8,-4,3,2,5,-3,12,-2,5,-3,6,130
5,3,7,4,5,6,3,2,-5,2,4,7,-5,8,-2,7,-5,6,130
5,3,9,4,5,7,4,2,-6,2,2,9,-6,10,-5,9,-6,6,130
5,3,11,4,5,8,6,2,-7,2,2,12,-7,13,-6,12,-7,6,130
7,3,1,4,5,3,10,2,-2,2,2,11,-2,12,-1,11,-2,6,130
7,3,3,4,5,5,2,2,-4,97,2,5,91,6,92,91,5,91,130
7,3,5,4,5,6,2,2,-5,8,5,6,1,7,5,6,1,6,130
7,3,7,4,5,7,2,2,-6,5,2,7,-3,8,-2,7,-3,6,130
7,3,9,4,5,8,2,3,-7,3,4,8,-6,10,-3,8,-6,6,130
7,3,11,4,5,9,2,15,-8,3,2,9,-7,23,-6,9,-7,6,130
8,3,1,4,5,4,2,2,-3,5,2,4,0,5,1,4,0,6,130
8,3,3,4,5,5,2,3,-4,3,12,5,-3,7,8,5,-3,6,130
8,3,5,4,5,6,2,8,-5,3,2,6,-4,13,-3,6,-4,6,130
8,3,7,4,5,7,3,2,-6,2,4,8,-6,9,-3,8,-6,6,130
8,3,9,4,5,8,4,2,-7,2,2,10,-7,11,-6,10,-7,6,130
8,3,11,4,5,9,6,2,-8,2,2,13,-8,14,-7,13,-8,6,130
10,3,1,4,5,4,10,2,-3,2,2,12,-3,13,-2,12,-3,7,130
10,3,3,4,5,6,2,2,-5,97,2,6,90,7,91,90,6,90,130
10,3,5,4,5,7,2,2,-6,8,5,7,0,8,4,7,0,6,130
10,3,7,4,5,8,2,2,-7,5,2,8,-4,9,-3,8,-4,6,130
10,3,9,4,5,9,2,3,-8,3,4,9,-7,11,-4,9,-7,6,130
10,3,11,4,5,10,2,15,-9,3,2,10,-8,24,-7,10,-8,6,130
11,3,1,4,5,5,2,2,-4,5,2,5,-1,6,0,5,-1,6,130
11,3,3,4,5,6,2,3,-5,3,12,6,-4,8,7,6,-4,6,130
11,3,5,4,5,7,2,8,-6,3,2,7,-5,14,-4,7,-5,6,130
11,3,7,4,5,8,3,2,-7,2,4,9,-7,10,-4,9,-7,6,130
11,3,9,4,5,9,4,2,-8,2,2,11,-8,12,-7,11,-8,6,130
11,3,11,4,5,10,6,2,-9,2,2,14,-9,15,-8,14,-9,6,130
-11,3,1,5,5,-3,5,3,4,2,2,0,4,2,5,4,0,6,130
-11,3,2,5,5,-2,2,2,3,5,2,-2,6,-1,7,6,-2,6,130
-11,3,3,5,5,-2,4,2,3,2,2,0,3,1,4,3,0,6,130
-11,3,4,5,5,-1,2,2,2,9,2,-1,9,0,10,9,-1,6,130
-11,3,6,5,5,0,2,2,1,61,2,0,60,1,61,60,0,59,130
-11,3,7,5,5,0,2,8,1,3,2,0,2,7,3,2,0,6,130
-11,3,8,5,5,0,12,2,1,2,2,10,1,11,2,10,1,10,130
-11,3,9,5,5,1,2,3,0,3,5,1,1,3,5,1,1,6,130
-11,3,11,5,5,2,2,2,-1,4,24,2,1,3,24,2,1,6,130
-11,3,12,5,5,2,4,2,-1,2,2,4,-1,5,0,4,-1,6,130
-11,3,13,5,5,3,2,2,-2,7,5,3,3,4,7,3,3,6,130
-11,3,14,5,5,3,3,2,-2,2,4,4,-2,5,1,4,-2,6,130
-10,3,1,5,5,-2,2,2,3,9,5,-2,10,-1,14,10,-2,6,130
-10,3,2,5,5,-2,3,2,3,2,5,-1,3,0,7,3,-1,6,130
-10,3,13,5,5,3,2,14,-2,3,2,3,-1,16,0,3,-1,7,130
-10,3,14,5,5,3,14,6,-2,2,2,15,-2,20,-1,15,-2,10,130
-8,3,1,5,5,-2,5,3,3,2,2,1,3,3,4,3,1,6,130
-8,3,2,5,5,-1,2,2,2,5,2,-1,5,0,6,5,-1,7,130
-8,3,3,5,5,-1,4,2,2,2,2,1,2,2,3,2,1,6,130
-8,3,4,5,5,0,2,2,1,9,2,0,8,1,9,8,0,7,130
-8,3,6,5,5,1,2,2,0,61,2,1,59,2,60,59,1,59,130
-8,3,7,5,5,1,2,8,0,3,2,1,1,8,2,1,1,6,130
-10,3,3,5,5,-1,2,2,2,121,2,-1,121,0,122,121,-1,118,130
-10,3,4,5,5,-1,2,7,2,3,2,-1,3,5,4,3,-1,6,130
-10,3,6,5,5,0,2,3,1,3,8,0,2,2,9,2,0,6,130
-10,3,7,5,5,0,5,15,1,2,2,3,1,17,2,3,1,6,130
-10,3,8,5,5,1,2,2,0,5,2,1,3,2,4,3,1,6,130
-10,3,9,5,5,1,4,2,0,2,2,3,0,4,1,3,0,6,130
-10,3,11,5,5,2,3,2,-1,2,4,3,-1,4,2,3,-1,6,130
-10,3,12,5,5,3,2,2,-2,31,2,3,27,4,28,27,3,27,130
-8,3,8,5,5,1,12,2,0,2,2,11,0,12,1,11,0,10,130
-8,3,9,5,5,2,2,3,-1,3,5,2,0,4,4,2,0,6,130
-8,3,11,5,5,3,2,2,-2,4,24,3,0,4,23,3,0,6,130
-8,3,12,5,5,3,4,2,-2,2,2,5,-2,6,-1,5,-2,6,130
-8,3,13,5,5,4,2,2,-3,7,5,4,2,5,6,4,2,6,130
-8,3,14,5,5,4,3,2,-3,2,4,5,-3,6,0,5,-3,6,130
-7,3,1,5,5,-1,2,2,2,9,5,-1,9,0,13,9,-1,6,130
-7,3,2,5,5,-1,3,2,2,2,5,0,2,1,6,2,0,6,130
-7,3,3,5,5,0,2,2,1,121,2,0,120,1,121,120,0,119,130
-7,3,4,5,5,0,2,7,1,3,2,0,2,6,3,2,0,6,130
-7,3,6,5,5,1,2,3,0,3,8,1,1,3,8,1,1,6,130
-7,3,7,5,5,1,5,15,0,2,2,4,0,18,1,4,0,6,130
-7,3,8,5,5,2,2,2,-1,5,2,2,2,3,3,2,2,6,130
-7,3,9,5,5,2,4,2,-1,2,2,4,-1,5,0,4,-1,6,130
-7,3,11,5,5,3,3,2,-2,2,4,4,-2,5,1,4,-2,6,130
-7,3,12,5,5,4,2,2,-3,31,2,4,26,5,27,26,4,26,130
-7,3,13,5,5,4,2,14,-3,3,2,4,-2,17,-1,4,-2,6,130
-7,3,14,5,5,4,14,6,-3,2,2,16,-3,21,-2,16,-3,9,130
-5,3,1,5,5,-1,5,3,2,2,2,2,2,4,3,2,2,6,130
-5,3,2,5,5,0,2,2,1,5,2,0,4,1,5,4,0,6,130
-5,3,3,5,5,0,4,2,1,2,2,2,1,3,2,2,1,7,130
-5,3,4,5,5,1,2,2,0,9,2,1,7,2,8,7,1,7,130
-5,3,6,5,5,2,2,2,-1,61,2,2,58,3,59,58,2,58,130
-5,3,7,5,5,2,2,8,-1,3,2,2,0,9,1,2,0,9,130
-4,3,3,5,5,1,2,2,0,121,2,1,119,2,120,119,1,119,130
-4,3,4,5,5,1,2,7,0,3,2,1,1,7,2,1,1,6,130
-4,3,6,5,5,2,2,3,-1,3,8,2,0,4,7,2,0,6,130
-4,3,7,5,5,2,5,15,-1,2,2,5,-1,19,0,5,-1,6,130
-4,3,8,5,5,3,2,2,-2,5,2,3,1,4,2,3,1,6,130
-4,3,9,5,5,3,4,2,-2,2,2,5,-2,6,-1,5,-2,6,130
-4,3,11,5,5,4,3,2,-3,2,4,5,-3,6,0,5,-3,6,130
-4,3,12,5,5,5,2,2,-4,31,2,5,25,6,26,25,5,25,130
-5,3,8,5,5,2,12,2,-1,2,2,12,-1,13,0,12,-1,9,130
-5,3,9,5,5,3,2,3,-2,3,5,3,-1,5,3,3,-1,6,130
-5,3,11,5,5,4,2,2,-3,4,24,4,-1,5,22,4,-1,6,130
-5,3,12,5,5,4,4,2,-3,2,2,6,-3,7,-2,6,-3,6,130
-5,3,13,5,5,5,2,2,-4,7,5,5,1,6,5,5,1,6,130
-5,3,14,5,5,5,3,2,-4,2,4,6,-4,7,-1,6,-4,6,130
-4,3,1,5,5,0,2,2,1,9,5,0,8,1,12,8,0,7,130
-4,3,2,5,5,0,3,2,1,2,5,1,1,2,5,1,1,6,130
-2,3,8,5,5,3,12,2,-2,2,2,13,-2,14,-1,13,-2,8,130
-2,3,9,5,5,4,2,3,-3,3,5,4,-2,6,2,4,-2,6,130
-2,3,11,5,5,5,2,2,-4,4,24,5,-2,6,21,5,-2,6,130
-2,3,12,5,5,5,4,2,-4,2,2,7,-4,8,-3,7,-4,6,130
-2,3,13,5,5,6,2,2,-5,7,5,6,0,7,4,6,0,6,130
-2,3,14,5,5,6,3,2,-5,2,4,7,-5,8,-2,7,-5,6,130
-1,3,1,5,5,1,2,2,0,9,5,1,7,2,11,7,1,7,130
-1,3,2,5,5,1,3,2,0,2,5,2,0,3,4,2,0,6,130
-4,3,13,5,5,5,2,14,-4,3,2,5,-3,18,-2,5,-3,6,130
-4,3,14,5,5,5,14,6,-4,2,2,17,-4,22,-3,17,-4,8,130
-2,3,1,5,5,0,5,3,1,2,2,3,1,5,2,3,1,6,130
-2,3,2,5,5,1,2,2,0,5,2,1,3,2,4,3,1,6,130
-2,3,3,5,5,1,4,2,0,2,2,3,0,4,1,3,0,7,130
-2,3,4,5,5,2,2,2,-1,9,2,2,6,3,7,6,2,6,130
-2,3,6,5,5,3,2,2,-2,61,2,3,57,4,58,57,3,57,130
-2,3,7,5,5,3,2,8,-2,3,2,3,-1,10,0,3,-1,6,130
-1,3,3,5,5,2,2,2,-1,121,2,2,118,3,119,118,2,118,130
-1,3,4,5,5,2,2,7,-1,3,2,2,0,8,1,2,0,6,130
-1,3,6,5,5,3,2,3,-2,3,8,3,-1,5,6,3,-1,6,130
-1,3,7,5,5,3,5,15,-2,2,2,6,-2,20,-1,6,-2,7,130
-1,3,8,5,5,4,2,2,-3,5,2,4,0,5,1,4,0,7,130
-1,3,9,5,5,4,4,2,-3,2,2,6,-3,7,-2,6,-3,6,130
-1,3,11,5,5,5,3,2,-4,2,4,6,-4,7,-1,6,-4,6,130
-1,3,12,5,5,6,2,2,-5,31,2,6,24,7,25,24,6,24,130
2,3,3,5,5,3,2,2,-2,121,2,3,117,4,118,117,3,117,130
2,3,4,5,5,3,2,7,-2,3,2,3,-1,9,0,3,-1,6,130
2,3,6,5,5,4,2,3,-3,3,8,4,-2,6,5,4,-2,6,130
2,3,7,5,5,4,5,15,-3,2,2,7,-3,21,-2,7,-3,6,130
2,3,8,5,5,5,2,2,-4,5,2,5,-1,6,0,5,-1,7,130
2,3,9,5,5,5,4,2,-4,2,2,7,-4,8,-3,7,-4,6,130
2,3,11,5,5,6,3,2,-5,2,4,7,-5,8,-2,7,-5,6,130
2,3,12,5,5,7,2,2,-6,31,2,7,23,8,24,23,7,23,130
1,3,8,5,5,4,12,2,-3,2,2,14,-3,15,-2,14,-3,7,130
1,3,9,5,5,5,2,3,-4,3,5,5,-3,7,1,5,-3,6,130
1,3,11,5,5,6,2,2,-5,4,24,6,-3,7,20,6,-3,6,130
1,3,12,5,5,6,4,2,-5,2,2,8,-5,9,-4,8,-5,6,130
1,3,13,5,5,7,2,2,-6,7,5,7,-1,8,3,7,-1,6,130
1,3,14,5,5,7,3,2,-6,2,4,8,-6,9,-3,8,-6,6,130
2,3,1,5,5,2,2,2,-1,9,5,2,6,3,10,6,2,6,130
2,3,2,5,5,2,3,2,-1,2,5,3,-1,4,3,3,-1,6,130
-1,3,13,5,5,6,2,14,-5,3,2,6,-4,19,-3,6,-4,6,130
-1,3,14,5,5,6,14,6,-5,2,2,18,-5,23,-4,18,-5,6,130
1,3,1,5,5,1,5,3,0,2,2,4,0,6,1,4,0,6,130
1,3,2,5,5,2,2,2,-1,5,2,2,2,3,3,2,2,6,130
1,3,3,5,5,2,4,2,-1,2,2,4,-1,5,0,4,-1,6,130
1,3,4,5,5,3,2,2,-2,9,2,3,5,4,6,5,3,6,130
1,3,6,5,5,4,2,2,-3,61,2,4,56,5,57,56,4,56,130
1,3,7,5,5,4,2,8,-3,3,2,4,-2,11,-1,4,-2,8,130
2,3,13,5,5,7,2,14,-6,3,2,7,-5,20,-4,7,-5,6,130
2,3,14,5,5,7,14,6,-6,2,2,19,-6,24,-5,19,-6,6,130
4,3,1,5,5,2,5,3,-1,2,2,5,-1,7,0,5,-1,6,130
4,3,2,5,5,3,2,2,-2,5,2,3,1,4,2,3,1,6,130
4,3,3,5,5,3,4,2,-2,2,2,5,-2,6,-1,5,-2,6,130
4,3,4,5,5,4,2,2,-3,9,2,4,4,5,5,4,4,9,130
4,3,6,5,5,5,2,2,-4,61,2,5,55,6,56,55,5,55,130
4,3,7,5,5,5,2,8,-4,3,2,5,-3,12,-2,5,-3,6,130
4,3,8,5,5,5,12,2,-4,2,2,15,-4,16,-3,15,-4,6,130
4,3,9,5,5,6,2,3,-5,3,5,6,-4,8,0,6,-4,6,130
4,3,11,5,5,7,2,2,-6,4,24,7,-4,8,19,7,-4,6,130
4,3,12,5,5,7,4,2,-6,2,2,9,-6,10,-5,9,-6,6,130
4,3,13,5,5,8,2,2,-7,7,5,8,-2,9,2,8,-2,6,130
4,3,14,5,5,8,3,2,-7,2,4,9,-7,10,-4,9,-7,6,130
5,3,1,5,5,3,2,2,-2,9,5,3,5,4,9,5,3,6,130
5,3,2,5,5,3,3,2,-2,2,5,4,-2,5,2,4,-2,6,130
5,3,3,5,5,4,2,2,-3,121,2,4,116,5,117,116,4,116,130
5,3,4,5,5,4,2,7,-3,3,2,4,-2,10,-1,4,-2,6,130
5,3,6,5,5,5,2,3,-4,3,8,5,-3,7,4,5,-3,6,130
5,3,7,5,5,5,5,15,-4,2,2,8,-4,22,-3,8,-4,8,130
5,3,8,5,5,6,2,2,-5,5,2,6,-2,7,-1,6,-2,6,130
5,3,9,5,5,6,4,2,-5,2,2,8,-5,9,-4,8,-5,7,130
5,3,11,5,5,7,3,2,-6,2,4,8,-6,9,-3,8,-6,6,130
5,3,12,5,5,8,2,2,-7,31,2,8,22,9,23,22,8,6,130
5,3,13,5,5,8,2,14,-7,3,2,8,-6,21,-5,8,-6,6,130
5,3,14,5,5,8,14,6,-7,2,2,20,-7,25,-6,20,-7,8,130
7,3,1,5,5,3,5,3,-2,2,2,6,-2,8,-1,6,-2,6,130
7,3,2,5,5,4,2,2,-3,5,2,4,0,5,1,4,0,6,130
7,3,3,5,5,4,4,2,-3,2,2,6,-3,7,-2,6,-3,6,130
7,3,4,5,5,5,2,2,-4,9,2,5,3,6,4,5,3,8,130
7,3,6,5,5,6,2,2,-5,61,2,6,54,7,55,54,6,54,130
7,3,7,5,5,6,2,8,-5,3,2,6,-4,13,-3,6,-4,6,130
8,3,3,5,5,5,2,2,-4,121,2,5,115,6,116,115,5,115,130
8,3,4,5,5,5,2,7,-4,3,2,5,-3,11,-2,5,-3,6,130
8,3,6,5,5,6,2,3,-5,3,8,6,-4,8,3,6,-4,6,130
8,3,7,5,5,6,5,15,-5,2,2,9,-5,23,-4,9,-5,6,130
8,3,8,5,5,7,2,2,-6,5,2,7,-3,8,-2,7,-3,6,130
8,3,9,5,5,7,4,2,-6,2,2,9,-6,10,-5,9,-6,6,130
8,3,11,5,5,8,3,2,-7,2,4,9,-7,10,-4,9,-7,6,130
8,3,12,5,5,9,2,2,-8,31,2,9,21,10,22,21,9,6,130
7,3,8,5,5,6,12,2,-5,2,2,16,-5,17,-4,16,-5,6,130
7,3,9,5,5,7,2,3,-6,3,5,7,-5,9,-1,7,-5,6,130
7,3,11,5,5,8,2,2,-7,4,24,8,-5,9,18,8,-5,6,130
7,3,12,5,5,8,4,2,-7,2,2,10,-7,11,-6,10,-7,6,130
7,3,13,5,5,9,2,2,-8,7,5,9,-3,10,1,9,-3,6,130
7,3,14,5,5,9,3,2,-8,2,4,10,-8,11,-5,10,-8,6,130
8,3,1,5,5,4,2,2,-3,9,5,4,4,5,8,4,4,6,130
8,3,2,5,5,4,3,2,-3,2,5,5,-3,6,1,5,-3,6,130
8,3,13,5,5,9,2,14,-8,3,2,9,-7,22,-6,9,-7,7,130
8,3,14,5,5,9,14,6,-8,2,2,21,-8,26,-7,21,-8,6,130
10,3,1,5,5,4,5,3,-3,2,2,7,-3,9,-2,7,-3,6,130
10,3,2,5,5,5,2,2,-4,5,2,5,-1,6,0,5,-1,6,130
10,3,3,5,5,5,4,2,-4,2,2,7,-4,8,-3,7,-4,6,130
10,3,4,5,5,6,2,2,-5,9,2,6,2,7,3,6,2,7,130
10,3,6,5,5,7,2,2,-6,61,2,7,53,8,54,53,7,53,130
10,3,7,5,5,7,2,8,-6,3,2,7,-5,14,-4,7,-5,6,130
11,3,13,5,5,10,2,14,-9,3,2,10,-8,23,-7,10,-8,6,130
11,3,14,5,5,10,14,6,-9,2,2,22,-9,27,-8,22,-9,6,130
-15,4,1,1,5,-1,2,19,2,3,2,-1,3,17,4,3,-1,7,130
-15,4,2,1,5,1,4,3,0,2,2,3,0,5,1,3,0,6,130
-15,4,3,1,5,3,24,14,-2,2,2,25,-2,38,-1,25,-2,20,130
-13,4,1,1,5,-1,72,5,2,2,2,69,2,73,3,69,2,69,130
-13,4,2,1,5,2,2,2,-1,5,3,2,2,3,4,2,2,6,130
-13,4,3,1,5,4,2,7,-3,3,2,4,-2,10,-1,4,-2,6,130
-11,4,1,1,5,0,2,19,1,3,2,0,2,18,3,2,0,6,130
-11,4,2,1,5,2,4,3,-1,2,2,4,-1,6,0,4,-1,6,130
-11,4,3,1,5,4,24,14,-3,2,2,26,-3,39,-2,26,-3,19,130
-9,4,1,1,5,0,72,5,1,2,2,70,1,74,2,70,1,70,130
-9,4,2,1,5,3,2,2,-2,5,3,3,1,4,3,3,1,6,130
-9,4,3,1,5,5,2,7,-4,3,2,5,-3,11,-2,5,-3,6,130
-7,4,1,1,5,1,2,19,0,3,2,1,1,19,2,1,1,6,130
-7,4,2,1,5,3,4,3,-2,2,2,5,-2,7,-1,5,-2,6,130
11,3,3,5,5,6,2,2,-5,121,2,6,114,7,115,114,6,114,130
11,3,4,5,5,6,2,7,-5,3,2,6,-4,12,-3,6,-4,6,130
11,3,6,5,5,7,2,3,-6,3,8,7,-5,9,2,7,-5,6,130
11,3,7,5,5,7,5,15,-6,2,2,10,-6,24,-5,10,-6,7,130
11,3,8,5,5,8,2,2,-7,5,2,8,-4,9,-3,8,-4,6,130
11,3,9,5,5,8,4,2,-7,2,2,10,-7,11,-6,10,-7,6,130
11,3,11,5,5,9,3,2,-8,2,4,10,-8,11,-5,10,-8,6,130
11,3,12,5,5,10,2,2,-9,31,2,10,20,11,21,20,10,6,130
10,3,8,5,5,7,12,2,-6,2,2,17,-6,18,-5,17,-6,6,130
10,3,9,5,5,8,2,3,-7,3,5,8,-6,10,-2,8,-6,6,130
10,3,11,5,5,9,2,2,-8,4,24,9,-6,10,17,9,-6,6,130
10,3,12,5,5,9,4,2,-8,2,2,11,-8,12,-7,11,-8,6,130
10,3,13,5,5,10,2,2,-9,7,5,10,-4,11,0,10,-4,6,130
10,3,14,5,5,10,3,2,-9,2,4,11,-9,12,-6,11,-9,6,130
11,3,1,5,5,5,2,2,-4,9,5,5,3,6,7,5,3,6,130
11,3,2,5,5,5,3,2,-4,2,5,6,-4,7,0,6,-4,6,130
-7,4,3,1,5,5,24,14,-4,2,2,27,-4,40,-3,27,-4,18,130
-5,4,1,1,5,1,72,5,0,2,2,71,0,75,1,71,0,70,130
-5,4,2,1,5,4,2,2,-3,5,3,4,0,5,2,4,0,6,130
-5,4,3,1,5,6,2,7,-5,3,2,6,-4,12,-3,6,-4,6,130
-3,4,1,1,5,2,2,19,-1,3,2,2,0,20,1,2,0,6,130
-3,4,2,1,5,4,4,3,-3,2,2,6,-3,8,-2,6,-3,6,130
-3,4,3,1,5,6,24,14,-5,2,2,28,-5,41,-4,28,-5,6,130
-1,4,1,1,5,2,72,5,-1,2,2,72,-1,76,0,72,-1,69,130
-1,4,2,1,5,5,2,2,-4,5,3,5,-1,6,1,5,-1,6,130
-1,4,3,1,5,7,2,7,-6,3,2,7,-5,13,-4,7,-5,6,130
1,4,1,1,5,3,2,19,-2,3,2,3,-1,21,0,3,-1,7,130
1,4,2,1,5,5,4,3,-4,2,2,7,-4,9,-3,7,-4,7,130
1,4,3,1,5,7,24,14,-6,2,2,29,-6,42,-5,29,-6,7,130
3,4,1,1,5,3,72,5,-2,2,2,73,-2,77,-1,73,-2,68,130
3,4,2,1,5,6,2,2,-5,5,3,6,-2,7,0,6,-2,6,130
3,4,3,1,5,8,2,7,-7,3,2,8,-6,14,-5,8,-6,6,130
5,4,1,1,5,4,2,19,-3,3,2,4,-2,22,-1,4,-2,6,130
5,4,2,1,5,6,4,3,-5,2,2,8,-5,10,-4,8,-5,6,130
5,4,3,1,5,8,24,14,-7,2,2,30,-7,43,-6,30,-7,6,130
7,4,1,1,5,4,72,5,-3,2,2,74,-3,78,-2,74,-3,67,130
7,4,2,1,5,7,2,2,-6,5,3,7,-3,8,-1,7,-3,6,130
7,4,3,1,5,9,2,7,-8,3,2,9,-7,15,-6,9,-7,6,130
9,4,1,1,5,5,2,19,-4,3,2,5,-3,23,-2,5,-3,6,130
9,4,2,1,5,7,4,3,-6,2,2,9,-6,11,-5,9,-6,6,130
15,4,2,1,5,9,2,2,-8,5,3,9,-5,10,-3,9,-5,6,130
15,4,3,1,5,11,2,7,-10,3,2,11,-9,17,-8,11,-9,6,130
-15,4,1,2,5,-2,2,3,3,3,4,-2,4,0,7,4,-2,6,130
-15,4,3,2,5,0,3,3,1,2,3,1,1,3,3,1,1,6,130
-15,4,5,2,5,2,7,2,-1,2,2,7,-1,8,0,7,-1,6,130
-13,4,1,2,5,-2,8,3,3,2,2,4,3,6,4,4,3,6,130
-13,4,3,2,5,1,2,2,0,10,3,1,8,2,10,8,1,8,130
-13,4,5,2,5,3,2,3,-2,3,17,3,-1,5,15,3,-1,6,130
-11,4,1,2,5,-1,2,3,2,3,4,-1,3,1,6,3,-1,6,130
-11,4,3,2,5,1,3,3,0,2,3,2,0,4,2,2,0,6,130
-11,4,5,2,5,3,7,2,-2,2,2,8,-2,9,-1,8,-2,6,130
-9,4,1,2,5,-1,8,3,2,2,2,5,2,7,3,5,2,6,130
-9,4,3,2,5,2,2,2,-1,10,3,2,7,3,9,7,2,7,130
-9,4,5,2,5,4,2,3,-3,3,17,4,-2,6,14,4,-2,6,130
-7,4,1,2,5,0,2,3,1,3,4,0,2,2,5,2,0,6,130
-7,4,3,2,5,2,3,3,-1,2,3,3,-1,5,1,3,-1,6,130
9,4,3,1,5,9,24,14,-8,2,2,31,-8,44,-7,31,-8,6,130
11,4,1,1,5,5,72,5,-4,2,2,75,-4,79,-3,75,-4,66,130
11,4,2,1,5,8,2,2,-7,5,3,8,-4,9,-2,8,-4,6,130
11,4,3,1,5,10,2,7,-9,3,2,10,-8,16,-7,10,-8,6,130
13,4,1,1,5,6,2,19,-5,3,2,6,-4,24,-3,6,-4,6,130
13,4,2,1,5,8,4,3,-7,2,2,10,-7,12,-6,10,-7,6,130
13,4,3,1,5,10,24,14,-9,2,2,32,-9,45,-8,32,-9,6,130
15,4,1,1,5,6,72,5,-5,2,2,76,-5,80,-4,76,-5,6,130
-1,4,3,2,5,4,2,2,-3,10,3,4,5,5,7,5,4,6,130
-1,4,5,2,5,6,2,3,-5,3,17,6,-4,8,12,6,-4,6,130
1,4,1,2,5,2,2,3,-1,3,4,2,0,4,3,2,0,6,130
1,4,3,2,5,4,3,3,-3,2,3,5,-3,7,-1,5,-3,6,130
1,4,5,2,5,6,7,2,-5,2,2,11,-5,12,-4,11,-5,6,130
3,4,1,2,5,2,8,3,-1,2,2,8,-1,10,0,8,-1,6,130
3,4,3,2,5,5,2,2,-4,10,3,5,4,6,6,5,4,6,130
3,4,5,2,5,7,2,3,-6,3,17,7,-5,9,11,7,-5,6,130
-7,4,5,2,5,4,7,2,-3,2,2,9,-3,10,-2,9,-3,6,130
-5,4,1,2,5,0,8,3,1,2,2,6,1,8,2,6,1,6,130
-5,4,3,2,5,3,2,2,-2,10,3,3,6,4,8,6,3,6,130
-5,4,5,2,5,5,2,3,-4,3,17,5,-3,7,13,5,-3,6,130
-3,4,1,2,5,1,2,3,0,3,4,1,1,3,4,1,1,6,130
-3,4,3,2,5,3,3,3,-2,2,3,4,-2,6,0,4,-2,6,130
-3,4,5,2,5,5,7,2,-4,2,2,10,-4,11,-3,10,-4,6,130
-1,4,1,2,5,1,8,3,0,2,2,7,0,9,1,7,0,6,130
9,4,5,2,5,8,7,2,-7,2,2,13,-7,14,-6,13,-7,6,130
11,4,1,2,5,4,8,3,-3,2,2,10,-3,12,-2,10,-3,6,130
11,4,3,2,5,7,2,2,-6,10,3,7,2,8,4,7,2,6,130
11,4,5,2,5,9,2,3,-8,3,17,9,-7,11,9,9,-7,6,130
13,4,1,2,5,5,2,3,-4,3,4,5,-3,7,0,5,-3,6,130
13,4,3,2,5,7,3,3,-6,2,3,8,-6,10,-4,8,-6,6,130
13,4,5,2,5,9,7,2,-8,2,2,14,-8,15,-7,14,-8,7,130
15,4,1,2,5,5,8,3,-4,2,2,11,-4,13,-3,11,-4,7,130
5,4,1,2,5,3,2,3,-2,3,4,3,-1,5,2,3,-1,6,130
5,4,3,2,5,5,3,3,-4,2,3,6,-4,8,-2,6,-4,6,130
5,4,5,2,5,7,7,2,-6,2,2,12,-6,13,-5,12,-6,6,130
7,4,1,2,5,3,8,3,-2,2,2,9,-2,11,-1,9,-2,6,130
7,4,3,2,5,6,2,2,-5,10,3,6,3,7,5,6,3,6,130
7,4,5,2,5,8,2,3,-7,3,17,8,-6,10,10,8,-6,6,130
9,4,1,2,5,4,2,3,-3,3,4,4,-2,6,1,4,-2,6,130
9,4,3,2,5,6,3,3,-5,2,3,7,-5,9,-3,7,-5,6,130
15,4,3,2,5,8,2,2,-7,10,3,8,1,9,3,8,1,6,130
15,4,5,2,5,10,2,3,-9,3,17,10,-8,12,8,10,-8,6,130
-15,4,1,3,5,-3,216,2,4,2,2,211,4,212,5,211,4,-1,130
-15,4,2,3,5,-2,4,7,3,2,2,0,3,6,4,3,0,6,130
-15,4,4,3,5,0,2,2,1,5,2,0,4,1,5,4,0,6,130
-15,4,5,3,5,0,44,2,1,2,2,42,1,43,2,42,1,42,130
-15,4,7,3,5,2,2,9,-1,3,2,2,0,10,1,2,0,6,130
-15,4,8,3,5,3,2,2,-2,5,4,3,1,4,4,3,1,6,130
-13,4,1,3,5,-2,2,55,3,3,2,-2,4,52,5,4,-2,6,130
-13,4,2,3,5,-1,2,2,2,5,2,-1,5,0,6,5,-1,6,130
-13,4,4,3,5,0,4,4,1,2,2,2,1,5,2,2,1,6,130
-13,4,5,3,5,1,2,12,0,3,2,1,1,12,2,1,1,6,130
-13,4,7,3,5,2,31,5,-1,2,2,31,-1,35,0,31,-1,28,130
-13,4,8,3,5,3,4,2,-2,2,2,5,-2,6,-1,5,-2,6,130
-11,4,1,3,5,-2,216,2,3,2,2,212,3,213,4,212,3,-1,130
-11,4,2,3,5,-1,4,7,2,2,2,1,2,7,3,2,1,6,130
-11,4,4,3,5,1,2,2,0,5,2,1,3,2,4,3,1,7,130
-11,4,5,3,5,1,44,2,0,2,2,43,0,44,1,43,0,42,130
-11,4,7,3,5,3,2,9,-2,3,2,3,-1,11,0,3,-1,6,130
-11,4,8,3,5,4,2,2,-3,5,4,4,0,5,3,4,0,6,130
-9,4,1,3,5,-1,2,55,2,3,2,-1,3,53,4,3,-1,7,130
-9,4,2,3,5,0,2,2,1,5,2,0,4,1,5,4,0,6,130
-9,4,4,3,5,1,4,4,0,2,2,3,0,6,1,3,0,6,130
-9,4,5,3,5,2,2,12,-1,3,2,2,0,13,1,2,0,6,130
-5,4,1,3,5,0,2,55,1,3,2,0,2,54,3,2,0,6,130
-5,4,2,3,5,1,2,2,0,5,2,1,3,2,4,3,1,6,130
-5,4,4,3,5,2,4,4,-1,2,2,4,-1,7,0,4,-1,6,130
-5,4,5,3,5,3,2,12,-2,3,2,3,-1,14,0,3,-1,7,130
-5,4,7,3,5,4,31,5,-3,2,2,33,-3,37,-2,33,-3,26,130
-5,4,8,3,5,5,4,2,-4,2,2,7,-4,8,-3,7,-4,6,130
-3,4,1,3,5,0,216,2,1,2,2,214,1,215,2,214,1,-1,130
-3,4,2,3,5,1,4,7,0,2,2,3,0,9,1,3,0,6,130
-9,4,7,3,5,3,31,5,-2,2,2,32,-2,36,-1,32,-2,27,130
-9,4,8,3,5,4,4,2,-3,2,2,6,-3,7,-2,6,-3,6,130
-7,4,1,3,5,-1,216,2,2,2,2,213,2,214,3,213,2,-1,130
-7,4,2,3,5,0,4,7,1,2,2,2,1,8,2,2,1,6,130
-7,4,4,3,5,2,2,2,-1,5,2,2,2,3,3,2,2,6,130
-7,4,5,3,5,2,44,2,-1,2,2,44,-1,45,0,44,-1,41,130
-7,4,7,3,5,4,2,9,-3,3,2,4,-2,12,-1,4,-2,6,130
-7,4,8,3,5,5,2,2,-4,5,4,5,-1,6,2,5,-1,6,130
3,4,1,3,5,2,2,55,-1,3,2,2,0,56,1,2,0,6,130
3,4,2,3,5,3,2,2,-2,5,2,3,1,4,2,3,1,6,130
3,4,4,3,5,4,4,4,-3,2,2,6,-3,9,-2,6,-3,6,130
3,4,5,3,5,5,2,12,-4,3,2,5,-3,16,-2,5,-3,6,130
3,4,7,3,5,6,31,5,-5,2,2,35,-5,39,-4,35,-5,6,130
3,4,8,3,5,7,4,2,-6,2,2,9,-6,10,-5,9,-6,6,130
5,4,1,3,5,2,216,2,-1,2,2,216,-1,217,0,216,-1,-1,130
5,4,2,3,5,3,4,7,-2,2,2,5,-2,11,-1,5,-2,6,130
-3,4,4,3,5,3,2,2,-2,5,2,3,1,4,2,3,1,6,130
-3,4,5,3,5,3,44,2,-2,2,2,45,-2,46,-1,45,-2,40,130
-3,4,7,3,5,5,2,9,-4,3,2,5,-3,13,-2,5,-3,6,130
-3,4,8,3,5,6,2,2,-5,5,4,6,-2,7,1,6,-2,6,130
-1,4,1,3,5,1,2,55,0,3,2,1,1,55,2,1,1,6,130
-1,4,2,3,5,2,2,2,-1,5,2,2,2,3,3,2,2,6,130
-1,4,4,3,5,3,4,4,-2,2,2,5,-2,8,-1,5,-2,6,130
-1,4,5,3,5,4,2,12,-3,3,2,4,-2,15,-1,4,-2,6,130
-1,4,7,3,5,5,31,5,-4,2,2,34,-4,38,-3,34,-4,25,130
-1,4,8,3,5,6,4,2,-5,2,2,8,-5,9,-4,8,-5,6,130
1,4,1,3,5,1,216,2,0,2,2,215,0,216,1,215,0,-1,130
1,4,2,3,5,2,4,7,-1,2,2,4,-1,10,0,4,-1,6,130
1,4,4,3,5,4,2,2,-3,5,2,4,0,5,1,4,0,6,130
1,4,5,3,5,4,44,2,-3,2,2,46,-3,47,-2,46,-3,39,130
1,4,7,3,5,6,2,9,-5,3,2,6,-4,14,-3,6,-4,6,130
1,4,8,3,5,7,2,2,-6,5,4,7,-3,8,0,7,-3,6,130
5,4,4,3,5,5,2,2,-4,5,2,5,-1,6,0,5,-1,6,130
5,4,5,3,5,5,44,2,-4,2,2,47,-4,48,-3,47,-4,38,130
5,4,7,3,5,7,2,9,-6,3,2,7,-5,15,-4,7,-5,6,130
5,4,8,3,5,8,2,2,-7,5,4,8,-4,9,-1,8,-4,7,130
7,4,1,3,5,3,2,55,-2,3,2,3,-1,57,0,3,-1,7,130
7,4,2,3,5,4,2,2,-3,5,2,4,0,5,1,4,0,6,130
7,4,4,3,5,5,4,4,-4,2,2,7,-4,10,-3,7,-4,6,130
7,4,5,3,5,6,2,12,-5,3,2,6,-4,17,-3,6,-4,8,130
7,4,7,3,5,7,31,5,-6,2,2,36,-6,40,-5,36,-6,7,130
7,4,8,3,5,8,4,2,-7,2,2,10,-7,11,-6,10,-7,6,130
9,4,1,3,5,3,216,2,-2,2,2,217,-2,218,-1,217,-2,-1,130
9,4,2,3,5,4,4,7,-3,2,2,6,-3,12,-2,6,-3,6,130
9,4,4,3,5,6,2,2,-5,5,2,6,-2,7,-1,6,-2,6,130
9,4,5,3,5,6,44,2,-5,2,2,48,-5,49,-4,48,-5,6,130
9,4,7,3,5,8,2,9,-7,3,2,8,-6,16,-5,8,-6,6,130
9,4,8,3,5,9,2,2,-8,5,4,9,-5,10,-2,9,-5,6,130
11,4,1,3,5,4,2,55,-3,3,2,4,-2,58,-1,4,-2,6,130
11,4,2,3,5,5,2,2,-4,5,2,5,-1,6,0,5,-1,6,130
11,4,4,3,5,6,4,4,-5,2,2,8,-5,11,-4,8,-5,6,130
11,4,5,3,5,7,2,12,-6,3,2,7,-5,18,-4,7,-5,6,130
11,4,7,3,5,8,31,5,-7,2,2,37,-7,41,-6,37,-7,6,130
11,4,8,3,5,9,4,2,-8,2,2,11,-8,12,-7,11,-8,6,130
13,4,1,3,5,4,216,2,-3,2,2,218,-3,219,-2,218,-3,-1,130
13,4,2,3,5,5,4,7,-4,2,2,7,-4,13,-3,7,-4,6,130
15,4,7,3,5,9,31,5,-8,2,2,38,-8,42,-7,38,-8,6,130
15,4,8,3,5,10,4,2,-9,2,2,12,-9,13,-8,12,-9,6,130
-15,4,1,4,5,-3,6,2,4,2,2,1,4,2,5,4,1,6,130
-15,4,3,4,5,-2,14,4,3,2,2,10,3,13,4,10,3,10,130
-15,4,5,4,5,0,2,2,1,23,2,0,22,1,23,22,0,21,130
-15,4,7,4,5,1,2,2,0,7,2,1,5,2,6,5,1,6,130
-15,4,9,4,5,2,2,2,-1,4,3,2,1,3,3,2,1,6,130
-15,4,11,4,5,3,2,3,-2,3,3,3,-1,5,1,3,-1,6,130
-13,4,1,4,5,-2,2,2,3,4,2,-2,5,-1,6,5,-2,6,130
-13,4,3,4,5,-1,2,4,2,3,2,-1,3,2,4,3,-1,7,130
-13,4,5,4,5,0,3,2,1,2,7,1,1,2,7,1,1,6,130
-13,4,7,4,5,1,3,32,0,2,3,2,0,33,2,2,0,6,130
-13,4,9,4,5,2,5,3,-1,2,2,5,-1,7,0,5,-1,6,130
-13,4,11,4,5,3,10,13,-2,2,2,11,-2,23,-1,11,-2,6,130
-11,4,1,4,5,-2,6,2,3,2,2,2,3,3,4,3,2,6,130
-11,4,3,4,5,-1,14,4,2,2,2,11,2,14,3,11,2,11,130
13,4,4,3,5,7,2,2,-6,5,2,7,-3,8,-2,7,-3,6,130
13,4,5,3,5,7,44,2,-6,2,2,49,-6,50,-5,49,-6,7,130
13,4,7,3,5,9,2,9,-8,3,2,9,-7,17,-6,9,-7,6,130
13,4,8,3,5,10,2,2,-9,5,4,10,-6,11,-3,10,-6,6,130
15,4,1,3,5,5,2,55,-4,3,2,5,-3,59,-2,5,-3,6,130
15,4,2,3,5,6,2,2,-5,5,2,6,-2,7,-1,6,-2,6,130
15,4,4,3,5,7,4,4,-6,2,2,9,-6,12,-5,9,-6,6,130
15,4,5,3,5,8,2,12,-7,3,2,8,-6,19,-5,8,-6,6,130
-11,4,5,4,5,1,2,2,0,23,2,1,21,2,22,21,1,21,130
-11,4,7,4,5,2,2,2,-1,7,2,2,4,3,5,4,2,7,130
-11,4,9,4,5,3,2,2,-2,4,3,3,0,4,2,3,0,6,130
-11,4,11,4,5,4,2,3,-3,3,3,4,-2,6,0,4,-2,6,130
-9,4,1,4,5,-1,2,2,2,4,2,-1,4,0,5,4,-1,6,130
-9,4,3,4,5,0,2,4,1,3,2,0,2,3,3,2,0,7,130
-9,4,5,4,5,1,3,2,0,2,7,2,0,3,6,2,0,6,130
-9,4,7,4,5,2,3,32,-1,2,3,3,-1,34,1,3,-1,6,130
-9,4,9,4,5,3,5,3,-2,2,2,6,-2,8,-1,6,-2,6,130
-9,4,11,4,5,4,10,13,-3,2,2,12,-3,24,-2,12,-3,6,130
-7,4,1,4,5,-1,6,2,2,2,2,3,2,4,3,3,2,6,130
-7,4,3,4,5,0,14,4,1,2,2,12,1,15,2,12,1,12,130
-7,4,5,4,5,2,2,2,-1,23,2,2,20,3,21,20,2,20,130
-7,4,7,4,5,3,2,2,-2,7,2,3,3,4,4,3,3,8,130
-7,4,9,4,5,4,2,2,-3,4,3,4,-1,5,1,4,-1,6,130
-7,4,11,4,5,5,2,3,-4,3,3,5,-3,7,-1,5,-3,6,130
-3,4,5,4,5,3,2,2,-2,23,2,3,19,4,20,19,3,19,130
-3,4,7,4,5,4,2,2,-3,7,2,4,2,5,3,4,2,8,130
-3,4,9,4,5,5,2,2,-4,4,3,5,-2,6,0,5,-2,6,130
-3,4,11,4,5,6,2,3,-5,3,3,6,-4,8,-2,6,-4,6,130
-1,4,1,4,5,1,2,2,0,4,2,1,2,2,3,2,1,6,130
-1,4,3,4,5,2,2,4,-1,3,2,2,0,5,1,2,0,6,130
-1,4,5,4,5,3,3,2,-2,2,7,4,-2,5,4,4,-2,6,130
-1,4,7,4,5,4,3,32,-3,2,3,5,-3,36,-1,5,-3,6,130
-5,4,1,4,5,0,2,2,1,4,2,0,3,1,4,3,0,6,130
-5,4,3,4,5,1,2,4,0,3,2,1,1,4,2,1,1,6,130
-5,4,5,4,5,2,3,2,-1,2,7,3,-1,4,5,3,-1,6,130
-5,4,7,4,5,3,3,32,-2,2,3,4,-2,35,0,4,-2,6,130
-5,4,9,4,5,4,5,3,-3,2,2,7,-3,9,-2,7,-3,6,130
-5,4,11,4,5,5,10,13,-4,2,2,13,-4,25,-3,13,-4,13,130
-3,4,1,4,5,0,6,2,1,2,2,4,1,5,2,4,1,7,130
-3,4,3,4,5,1,14,4,0,2,2,13,0,16,1,13,0,12,130
-1,4,9,4,5,5,5,3,-4,2,2,8,-4,10,-3,8,-4,6,130
-1,4,11,4,5,6,10,13,-5,2,2,14,-5,26,-4,14,-5,6,130
1,4,1,4,5,1,6,2,0,2,2,5,0,6,1,5,0,7,130
1,4,3,4,5,2,14,4,-1,2,2,14,-1,17,0,14,-1,11,130
1,4,5,4,5,4,2,2,-3,23,2,4,18,5,19,18,4,18,130
1,4,7,4,5,5,2,2,-4,7,2,5,1,6,2,5,1,7,130
1,4,9,4,5,6,2,2,-5,4,3,6,-3,7,-1,6,-3,6,130
1,4,11,4,5,7,2,3,-6,3,3,7,-5,9,-3,7,-5,6,130
5,4,5,4,5,5,2,2,-4,23,2,5,17,6,18,17,5,17,130
5,4,7,4,5,6,2,2,-5,7,2,6,0,7,1,6,0,6,130
5,4,9,4,5,7,2,2,-6,4,3,7,-4,8,-2,7,-4,6,130
5,4,11,4,5,8,2,3,-7,3,3,8,-6,10,-4,8,-6,6,130
7,4,1,4,5,3,2,2,-2,4,2,3,0,4,1,3,0,6,130
7,4,3,4,5,4,2,4,-3,3,2,4,-2,7,-1,4,-2,6,130
7,4,5,4,5,5,3,2,-4,2,7,6,-4,7,2,6,-4,6,130
7,4,7,4,5,6,3,32,-5,2,3,7,-5,38,-3,7,-5,7,130
3,4,1,4,5,2,2,2,-1,4,2,2,1,3,2,2,1,6,130
3,4,3,4,5,3,2,4,-2,3,2,3,-1,6,0,3,-1,6,130
3,4,5,4,5,4,3,2,-3,2,7,5,-3,6,3,5,-3,7,130
3,4,7,4,5,5,3,32,-4,2,3,6,-4,37,-2,6,-4,7,130
3,4,9,4,5,6,5,3,-5,2,2,9,-5,11,-4,9,-5,6,130
3,4,11,4,5,7,10,13,-6,2,2,15,-6,27,-5,15,-6,7,130
5,4,1,4,5,2,6,2,-1,2,2,6,-1,7,0,6,-1,6,130
5,4,3,4,5,3,14,4,-2,2,2,15,-2,18,-1,15,-2,10,130
7,4,9,4,5,7,5,3,-6,2,2,10,-6,12,-5,10,-6,6,130
7,4,11,4,5,8,10,13,-7,2,2,16,-7,28,-6,16,-7,6,130
9,4,1,4,5,3,6,2,-2,2,2,7,-2,8,-1,7,-2,6,130
9,4,3,4,5,4,14,4,-3,2,2,16,-3,19,-2,16,-3,9,130
9,4,5,4,5,6,2,2,-5,23,2,6,16,7,17,16,6,16,130
9,4,7,4,5,7,2,2,-6,7,2,7,-1,8,0,7,-1,6,130
9,4,9,4,5,8,2,2,-7,4,3,8,-5,9,-3,8,-5,6,130
9,4,11,4,5,9,2,3,-8,3,3,9,-7,11,-5,9,-7,6,130
11,4,1,4,5,4,2,2,-3,4,2,4,-1,5,0,4,-1,6,130
11,4,3,4,5,5,2,4,-4,3,2,5,-3,8,-2,5,-3,6,130
11,4,5,4,5,6,3,2,-5,2,7,7,-5,8,1,7,-5,6,130
11,4,7,4,5,7,3,32,-6,2,3,8,-6,39,-4,8,-6,7,130
11,4,9,4,5,8,5,3,-7,2,2,11,-7,13,-6,11,-7,6,130
11,4,11,4,5,9,10,13,-8,2,2,17,-8,29,-7,17,-8,6,130
13,4,1,4,5,4,6,2,-3,2,2,8,-3,9,-2,8,-3,6,130
13,4,3,4,5,5,14,4,-4,2,2,17,-4,20,-3,17,-4,8,130
15,4,9,4,5,9,5,3,-8,2,2,12,-8,14,-7,12,-8,6,130
15,4,11,4,5,10,10,13,-9,2,2,18,-9,30,-8,18,-9,6,130
-15,4,1,5,5,-3,4,2,4,2,2,-1,4,0,5,4,-1,6,130
-15,4,2,5,5,-2,2,2,3,7,14,-2,8,-1,21,8,-2,8,130
-15,4,3,5,5,-2,3,2,3,2,4,-1,3,0,6,3,-1,6,130
-15,4,4,5,5,-1,2,2,2,26,4,-1,26,0,29,26,-1,23,130
-15,4,6,5,5,-1,15,86,2,2,2,12,2,97,3,12,2,12,130
-15,4,7,5,5,0,2,3,1,3,3,0,2,2,4,2,0,6,130
13,4,5,4,5,7,2,2,-6,23,2,7,15,8,16,15,7,15,130
13,4,7,4,5,8,2,2,-7,7,2,8,-2,9,-1,8,-2,6,130
13,4,9,4,5,9,2,2,-8,4,3,9,-6,10,-4,9,-6,6,130
13,4,11,4,5,10,2,3,-9,3,3,10,-8,12,-6,10,-8,6,130
15,4,1,4,5,5,2,2,-4,4,2,5,-2,6,-1,5,-2,6,130
15,4,3,4,5,6,2,4,-5,3,2,6,-4,9,-3,6,-4,6,130
15,4,5,4,5,7,3,2,-6,2,7,8,-6,9,0,8,-6,6,130
15,4,7,4,5,8,3,32,-7,2,3,9,-7,40,-5,9,-7,6,130
-15,4,8,5,5,0,6,6,1,2,2,4,1,9,2,4,1,6,130
-15,4,9,5,5,1,2,2,0,4,3,1,2,2,4,2,1,6,130
-15,4,11,5,5,2,2,2,-1,6,11,2,3,3,13,3,2,6,130
-15,4,12,5,5,2,3,3,-1,2,3,3,-1,5,1,3,-1,6,130
-15,4,13,5,5,3,2,2,-2,16,4,3,12,4,15,12,3,12,130
-15,4,14,5,5,3,3,2,-2,2,24,4,-2,5,21,4,-2,6,130
-13,4,1,5,5,-2,2,2,3,6,2,-2,7,-1,8,7,-2,8,130
-13,4,2,5,5,-2,3,6,3,2,3,-1,3,4,5,3,-1,6,130
-13,4,3,5,5,-1,2,2,2,11,12,-1,11,0,22,11,-1,8,130
-13,4,4,5,5,-1,3,2,2,2,7,0,2,1,8,2,0,6,130
-13,4,6,5,5,0,2,5,1,3,2,0,2,4,3,2,0,6,130
-13,4,7,5,5,0,9,2,1,2,2,7,1,8,2,7,1,7,130
-13,4,8,5,5,1,2,2,0,4,2,1,2,2,3,2,1,7,130
-13,4,9,5,5,1,5,2,0,2,2,4,0,5,1,4,0,6,130
-13,4,11,5,5,2,4,2,-1,2,2,4,-1,5,0,4,-1,6,130
-13,4,12,5,5,3,2,2,-2,9,3,3,5,4,7,5,3,6,130
-13,4,13,5,5,3,3,2,-2,2,5,4,-2,5,2,4,-2,6,130
-13,4,14,5,5,4,2,2,-3,91,92,4,86,5,177,86,4,86,130
-11,4,1,5,5,-2,4,2,3,2,2,0,3,1,4,3,0,6,130
-11,4,2,5,5,-1,2,2,2,7,14,-1,7,0,20,7,-1,7,130
-11,4,3,5,5,-1,3,2,2,2,4,0,2,1,5,2,0,6,130
-11,4,4,5,5,0,2,2,1,26,4,0,25,1,28,25,0,24,130
-11,4,6,5,5,0,15,86,1,2,2,13,1,98,2,13,1,13,130
-11,4,7,5,5,1,2,3,0,3,3,1,1,3,3,1,1,6,130
-11,4,8,5,5,1,6,6,0,2,2,5,0,10,1,5,0,6,130
-11,4,9,5,5,2,2,2,-1,4,3,2,1,3,3,2,1,6,130
-11,4,11,5,5,3,2,2,-2,6,11,3,2,4,12,3,2,8,130
-11,4,12,5,5,3,3,3,-2,2,3,4,-2,6,0,4,-2,6,130
-11,4,13,5,5,4,2,2,-3,16,4,4,11,5,14,11,4,11,130
-11,4,14,5,5,4,3,2,-3,2,24,5,-3,6,20,5,-3,6,130
-9,4,1,5,5,-1,2,2,2,6,2,-1,6,0,7,6,-1,6,130
-9,4,2,5,5,-1,3,6,2,2,3,0,2,5,4,2,0,6,130
-9,4,3,5,5,0,2,2,1,11,12,0,10,1,21,10,0,9,130
-9,4,4,5,5,0,3,2,1,2,7,1,1,2,7,1,1,6,130
-9,4,6,5,5,1,2,5,0,3,2,1,1,5,2,1,1,6,130
-9,4,7,5,5,1,9,2,0,2,2,8,0,9,1,8,0,7,130
-9,4,8,5,5,2,2,2,-1,4,2,2,1,3,2,2,1,6,130
-9,4,9,5,5,2,5,2,-1,2,2,5,-1,6,0,5,-1,6,130
-9,4,11,5,5,3,4,2,-2,2,2,5,-2,6,-1,5,-2,6,130
-9,4,12,5,5,4,2,2,-3,9,3,4,4,5,6,4,4,6,130
-9,4,13,5,5,4,3,2,-3,2,5,5,-3,6,1,5,-3,6,130
-9,4,14,5,5,5,2,2,-4,91,92,5,85,6,176,85,5,85,130
-7,4,1,5,5,-1,4,2,2,2,2,1,2,2,3,2,1,6,130
-7,4,2,5,5,0,2,2,1,7,14,0,6,1,19,6,0,6,130
-7,4,3,5,5,0,3,2,1,2,4,1,1,2,4,1,1,6,130
-7,4,4,5,5,1,2,2,0,26,4,1,24,2,27,24,1,24,130
-7,4,6,5,5,1,15,86,0,2,2,14,0,99,1,14,0,13,130
-7,4,7,5,5,2,2,3,-1,3,3,2,0,4,2,2,0,6,130
-7,4,8,5,5,2,6,6,-1,2,2,6,-1,11,0,6,-1,6,130
-7,4,9,5,5,3,2,2,-2,4,3,3,0,4,2,3,0,6,130
-7,4,11,5,5,4,2,2,-3,6,11,4,1,5,11,4,1,6,130
-7,4,12,5,5,4,3,3,-3,2,3,5,-3,7,-1,5,-3,6,130
-7,4,13,5,5,5,2,2,-4,16,4,5,10,6,13,10,5,10,130
-7,4,14,5,5,5,3,2,-4,2,24,6,-4,7,19,6,-4,6,130
-5,4,1,5,5,0,2,2,1,6,2,0,5,1,6,5,0,7,130
-5,4,2,5,5,0,3,6,1,2,3,1,1,6,3,1,1,6,130
-5,4,3,5,5,1,2,2,0,11,12,1,9,2,20,9,1,9,130
-5,4,4,5,5,1,3,2,0,2,7,2,0,3,6,2,0,6,130
-5,4,6,5,5,2,2,5,-1,3,2,2,0,6,1,2,0,6,130
-5,4,7,5,5,2,9,2,-1,2,2,9,-1,10,0,9,-1,6,130
-5,4,8,5,5,3,2,2,-2,4,2,3,0,4,1,3,0,6,130
-5,4,9,5,5,3,5,2,-2,2,2,6,-2,7,-1,6,-2,6,130
-5,4,11,5,5,4,4,2,-3,2,2,6,-3,7,-2,6,-3,6,130
-5,4,12,5,5,5,2,2,-4,9,3,5,3,6,5,5,3,6,130
-5,4,13,5,5,5,3,2,-4,2,5,6,-4,7,0,6,-4,6,130
-5,4,14,5,5,6,2,2,-5,91,92,6,84,7,175,84,6,84,130
-3,4,1,5,5,0,4,2,1,2,2,2,1,3,2,2,1,6,130
-3,4,2,5,5,1,2,2,0,7,14,1,5,2,18,5,1,6,130
-3,4,3,5,5,1,3,2,0,2,4,2,0,3,3,2,0,6,130
-3,4,4,5,5,2,2,2,-1,26,4,2,23,3,26,23,2,23,130
-3,4,6,5,5,2,15,86,-1,2,2,15,-1,100,0,15,-1,12,130
-3,4,7,5,5,3,2,3,-2,3,3,3,-1,5,1,3,-1,6,130
-3,4,8,5,5,3,6,6,-2,2,2,7,-2,12,-1,7,-2,8,130
-3,4,9,5,5,4,2,2,-3,4,3,4,-1,5,1,4,-1,6,130
-3,4,11,5,5,5,2,2,-4,6,11,5,0,6,10,5,0,6,130
-3,4,12,5,5,5,3,3,-4,2,3,6,-4,8,-2,6,-4,6,130
-3,4,13,5,5,6,2,2,-5,16,4,6,9,7,12,9,6,9,130
-3,4,14,5,5,6,3,2,-5,2,24,7,-5,8,18,7,-5,7,130
-1,4,1,5,5,1,2,2,0,6,2,1,4,2,5,4,1,7,130
-1,4,2,5,5,1,3,6,0,2,3,2,0,7,2,2,0,6,130
-1,4,13,5,5,6,3,2,-5,2,5,7,-5,8,-1,7,-5,6,130
-1,4,14,5,5,7,2,2,-6,91,92,7,83,8,174,83,7,83,130
1,4,1,5,5,1,4,2,0,2,2,3,0,4,1,3,0,6,130
1,4,2,5,5,2,2,2,-1,7,14,2,4,3,17,4,2,6,130
1,4,3,5,5,2,3,2,-1,2,4,3,-1,4,2,3,-1,6,130
1,4,4,5,5,3,2,2,-2,26,4,3,22,4,25,22,3,22,130
1,4,6,5,5,3,15,86,-2,2,2,16,-2,101,-1,16,-2,11,130
1,4,7,5,5,4,2,3,-3,3,3,4,-2,6,0,4,-2,6,130
-1,4,3,5,5,2,2,2,-1,11,12,2,8,3,19,8,2,8,130
-1,4,4,5,5,2,3,2,-1,2,7,3,-1,4,5,3,-1,6,130
-1,4,6,5,5,3,2,5,-2,3,2,3,-1,7,0,3,-1,6,130
-1,4,7,5,5,3,9,2,-2,2,2,10,-2,11,-1,10,-2,7,130
-1,4,8,5,5,4,2,2,-3,4,2,4,-1,5,0,4,-1,6,130
-1,4,9,5,5,4,5,2,-3,2,2,7,-3,8,-2,7,-3,6,130
-1,4,11,5,5,5,4,2,-4,2,2,7,-4,8,-3,7,-4,6,130
-1,4,12,5,5,6,2,2,-5,9,3,6,2,7,4,6,2,6,130
1,4,8,5,5,4,6,6,-3,2,2,8,-3,13,-2,8,-3,6,130
1,4,9,5,5,5,2,2,-4,4,3,5,-2,6,0,5,-2,6,130
1,4,11,5,5,6,2,2,-5,6,11,6,-1,7,9,6,-1,6,130
1,4,12,5,5,6,3,3,-5,2,3,7,-5,9,-3,7,-5,6,130
1,4,13,5,5,7,2,2,-6,16,4,7,8,8,11,8,7,8,130
1,4,14,5,5,7,3,2,-6,2,24,8,-6,9,17,8,-6,7,130
3,4,1,5,5,2,2,2,-1,6,2,2,3,3,4,3,2,6,130
3,4,2,5,5,2,3,6,-1,2,3,3,-1,8,1,3,-1,6,130
3,4,3,5,5,3,2,2,-2,11,12,3,7,4,18,7,3,7,130
3,4,4,5,5,3,3,2,-2,2,7,4,-2,5,4,4,-2,6,130
3,4,6,5,5,4,2,5,-3,3,2,4,-2,8,-1,4,-2,6,130
3,4,7,5,5,4,9,2,-3,2,2,11,-3,12,-2,11,-3,6,130
3,4,8,5,5,5,2,2,-4,4,2,5,-2,6,-1,5,-2,8,130
3,4,9,5,5,5,5,2,-4,2,2,8,-4,9,-3,8,-4,6,130
3,4,11,5,5,6,4,2,-5,2,2,8,-5,9,-4,8,-5,6,130
3,4,12,5,5,7,2,2,-6,9,3,7,1,8,3,7,1,6,130
3,4,13,5,5,7,3,2,-6,2,5,8,-6,9,-2,8,-6,6,130
3,4,14,5,5,8,2,2,-7,91,92,8,82,9,173,82,8,6,130
5,4,1,5,5,2,4,2,-1,2,2,4,-1,5,0,4,-1,6,130
5,4,2,5,5,3,2,2,-2,7,14,3,3,4,16,3,3,6,130
5,4,3,5,5,3,3,2,-2,2,4,4,-2,5,1,4,-2,6,130
5,4,4,5,5,4,2,2,-3,26,4,4,21,5,24,21,4,21,130
5,4,6,5,5,4,15,86,-3,2,2,17,-3,102,-2,17,-3,10,130
5,4,7,5,5,5,2,3,-4,3,3,5,-3,7,-1,5,-3,6,130
5,4,8,5,5,5,6,6,-4,2,2,9,-4,14,-3,9,-4,6,130
5,4,9,5,5,6,2,2,-5,4,3,6,-3,7,-1,6,-3,6,130
5,4,11,5,5,7,2,2,-6,6,11,7,-2,8,8,7,-2,6,130
5,4,12,5,5,7,3,3,-6,2,3,8,-6,10,-4,8,-6,6,130
5,4,13,5,5,8,2,2,-7,16,4,8,7,9,10,8,7,6,130
5,4,14,5,5,8,3,2,-7,2,24,9,-7,10,16,9,-7,6,130
7,4,1,5,5,3,2,2,-2,6,2,3,2,4,3,3,2,8,130
7,4,2,5,5,3,3,6,-2,2,3,4,-2,9,0,4,-2,6,130
7,4,3,5,5,4,2,2,-3,11,12,4,6,5,17,6,4,6,130
7,4,4,5,5,4,3,2,-3,2,7,5,-3,6,3,5,-3,6,130
7,4,6,5,5,5,2,5,-4,3,2,5,-3,9,-2,5,-3,6,130
7,4,7,5,5,5,9,2,-4,2,2,12,-4,13,-3,12,-4,6,130
7,4,8,5,5,6,2,2,-5,4,2,6,-3,7,-2,6,-3,6,130
7,4,9,5,5,6,5,2,-5,2,2,9,-5,10,-4,9,-5,6,130
7,4,11,5,5,7,4,2,-6,2,2,9,-6,10,-5,9,-6,6,130
7,4,12,5,5,8,2,2,-7,9,3,8,0,9,2,8,0,6,130
7,4,13,5,5,8,3,2,-7,2,5,9,-7,10,-3,9,-7,6,130
7,4,14,5,5,9,2,2,-8,91,92,9,81,10,172,81,9,6,130
9,4,1,5,5,3,4,2,-2,2,2,5,-2,6,-1,5,-2,6,130
9,4,2,5,5,4,2,2,-3,7,14,4,2,5,15,4,2,8,130
9,4,3,5,5,4,3,2,-3,2,4,5,-3,6,0,5,-3,6,130
9,4,4,5,5,5,2,2,-4,26,4,5,20,6,23,20,5,20,130
9,4,6,5,5,5,15,86,-4,2,2,18,-4,103,-3,18,-4,9,130
9,4,7,5,5,6,2,3,-5,3,3,6,-4,8,-2,6,-4,6,130
11,4,13,5,5,9,3,2,-8,2,5,10,-8,11,-4,10,-8,6,130
11,4,14,5,5,10,2,2,-9,91,92,10,80,11,171,80,10,6,130
13,4,1,5,5,4,4,2,-3,2,2,6,-3,7,-2,6,-3,6,130
13,4,2,5,5,5,2,2,-4,7,14,5,1,6,14,5,1,7,130
13,4,3,5,5,5,3,2,-4,2,4,6,-4,7,-1,6,-4,6,130
13,4,4,5,5,6,2,2,-5,26,4,6,19,7,22,19,6,19,130
13,4,6,5,5,6,15,86,-5,2,2,19,-5,104,-4,19,-5,6,130
13,4,7,5,5,7,2,3,-6,3,3,7,-5,9,-3,7,-5,6,130
11,4,3,5,5,5,2,2,-4,11,12,5,5,6,16,5,5,6,130
11,4,4,5,5,5,3,2,-4,2,7,6,-4,7,2,6,-4,7,130
11,4,6,5,5,6,2,5,-5,3,2,6,-4,10,-3,6,-4,6,130
11,4,7,5,5,6,9,2,-5,2,2,13,-5,14,-4,13,-5,6,130
11,4,8,5,5,7,2,2,-6,4,2,7,-4,8,-3,7,-4,6,130
11,4,9,5,5,7,5,2,-6,2,2,10,-6,11,-5,10,-6,6,130
11,4,11,5,5,8,4,2,-7,2,2,10,-7,11,-6,10,-7,7,130
11,4,12,5,5,9,2,2,-8,9,3,9,-1,10,1,9,-1,6,130
9,4,8,5,5,6,6,6,-5,2,2,10,-5,15,-4,10,-5,7,130
9,4,9,5,5,7,2,2,-6,4,3,7,-4,8,-2,7,-4,6,130
9,4,11,5,5,8,2,2,-7,6,11,8,-3,9,7,8,-3,6,130
9,4,12,5,5,8,3,3,-7,2,3,9,-7,11,-5,9,-7,6,130
9,4,13,5,5,9,2,2,-8,16,4,9,6,10,9,9,6,7,130
9,4,14,5,5,9,3,2,-8,2,24,10,-8,11,15,10,-8,6,130
11,4,1,5,5,4,2,2,-3,6,2,4,1,5,2,4,1,6,130
11,4,2,5,5,4,3,6,-3,2,3,5,-3,10,-1,5,-3,6,130
15,4,3,5,5,6,2,2,-5,11,12,6,4,7,15,6,4,6,130
15,4,4,5,5,6,3,2,-5,2,7,7,-5,8,1,7,-5,6,130
15,4,6,5,5,7,2,5,-6,3,2,7,-5,11,-4,7,-5,6,130
15,4,7,5,5,7,9,2,-6,2,2,14,-6,15,-5,14,-6,6,130
15,4,8,5,5,8,2,2,-7,4,2,8,-5,9,-4,8,-5,6,130
15,4,9,5,5,8,5,2,-7,2,2,11,-7,12,-6,11,-7,6,130
15,4,11,5,5,9,4,2,-8,2,2,11,-8,12,-7,11,-8,6,130
15,4,12,5,5,10,2,2,-9,9,3,10,-2,11,0,10,-2,6,130
13,4,8,5,5,7,6,6,-6,2,2,11,-6,16,-5,11,-6,6,130
13,4,9,5,5,8,2,2,-7,4,3,8,-5,9,-3,8,-5,6,130
13,4,11,5,5,9,2,2,-8,6,11,9,-4,10,6,9,-4,7,130
13,4,12,5,5,9,3,3,-8,2,3,10,-8,12,-6,10,-8,6,130
13,4,13,5,5,10,2,2,-9,16,4,10,5,11,8,10,5,6,130
13,4,14,5,5,10,3,2,-9,2,24,11,-9,12,14,11,-9,7,130
15,4,1,5,5,5,2,2,-4,6,2,5,0,6,1,5,0,6,130
15,4,2,5,5,5,3,6,-4,2,3,6,-4,11,-2,6,-4,7,130
15,4,13,5,5,10,3,2,-9,2,5,11,-9,12,-5,11,-9,6,130
15,4,14,5,5,11,2,2,-10,91,92,11,79,12,170,79,11,6,130
-19,5,1,1,5,-1,2,5,2,3,2,-1,3,3,4,3,-1,6,130
-19,5,2,1,5,1,4,2,0,2,2,3,0,4,1,3,0,7,130
-19,5,3,1,5,3,11,10,-2,2,2,12,-2,21,-1,12,-2,7,130
-18,5,1,1,5,-1,3,4,2,2,3,0,2,3,4,2,0,6,130
-18,5,2,1,5,1,8,6,0,2,2,7,0,12,1,7,0,6,130
-18,5,3,1,5,4,2,2,-3,10,2,4,5,5,6,5,4,6,130
-17,5,1,1,5,-1,7,2,2,2,2,4,2,5,3,4,2,7,130
-17,5,2,1,5,2,2,2,-1,14,8,2,11,3,18,11,2,11,130
-17,5,3,1,5,4,2,2,-3,4,2,4,-1,5,0,4,-1,6,130
-16,5,1,1,5,0,2,2,1,28,4,0,27,1,30,27,0,26,130
-16,5,2,1,5,2,2,2,-1,4,4,2,1,3,4,2,1,6,130
-16,5,3,1,5,4,3,2,-3,2,31,5,-3,6,27,5,-3,6,130
-14,5,1,1,5,0,2,5,1,3,2,0,2,4,3,2,0,7,130
-14,5,2,1,5,2,4,2,-1,2,2,4,-1,5,0,4,-1,6,130
-14,5,3,1,5,4,11,10,-3,2,2,13,-3,22,-2,13,-3,6,130
-13,5,1,1,5,0,3,4,1,2,3,1,1,4,3,1,1,6,130
-13,5,2,1,5,2,8,6,-1,2,2,8,-1,13,0,8,-1,6,130
-13,5,3,1,5,5,2,2,-4,10,2,5,4,6,5,5,4,8,130
-12,5,1,1,5,0,7,2,1,2,2,5,1,6,2,5,1,6,130
-12,5,2,1,5,3,2,2,-2,14,8,3,10,4,17,10,3,10,130
-12,5,3,1,5,5,2,2,-4,4,2,5,-2,6,-1,5,-2,6,130
-11,5,1,1,5,1,2,2,0,28,4,1,26,2,29,26,1,26,130
-7,5,1,1,5,1,7,2,0,2,2,6,0,7,1,6,0,6,130
-7,5,2,1,5,4,2,2,-3,14,8,4,9,5,16,9,4,9,130
-7,5,3,1,5,6,2,2,-5,4,2,6,-3,7,-2,6,-3,7,130
-6,5,1,1,5,2,2,2,-1,28,4,2,25,3,28,25,2,25,130
-6,5,2,1,5,4,2,2,-3,4,4,4,-1,5,2,4,-1,6,130
-6,5,3,1,5,6,3,2,-5,2,31,7,-5,8,25,7,-5,7,130
-4,5,1,1,5,2,2,5,-1,3,2,2,0,6,1,2,0,6,130
-4,5,2,1,5,4,4,2,-3,2,2,6,-3,7,-2,6,-3,6,130
-11,5,2,1,5,3,2,2,-2,4,4,3,0,4,3,3,0,6,130
-11,5,3,1,5,5,3,2,-4,2,31,6,-4,7,26,6,-4,6,130
-9,5,1,1,5,1,2,5,0,3,2,1,1,5,2,1,1,6,130
-9,5,2,1,5,3,4,2,-2,2,2,5,-2,6,-1,5,-2,6,130
-9,5,3,1,5,5,11,10,-4,2,2,14,-4,23,-3,14,-4,6,130
-8,5,1,1,5,1,3,4,0,2,3,2,0,5,2,2,0,6,130
-8,5,2,1,5,3,8,6,-2,2,2,9,-2,14,-1,9,-2,10,130
-8,5,3,1,5,6,2,2,-5,10,2,6,3,7,4,6,3,7,130
3,5,1,1,5,3,7,2,-2,2,2,8,-2,9,-1,8,-2,6,130
3,5,2,1,5,6,2,2,-5,14,8,6,7,7,14,7,6,7,130
3,5,3,1,5,8,2,2,-7,4,2,8,-5,9,-4,8,-5,6,130
4,5,1,1,5,4,2,2,-3,28,4,4,23,5,26,23,4,23,130
4,5,2,1,5,6,2,2,-5,4,4,6,-3,7,0,6,-3,6,130
4,5,3,1,5,8,3,2,-7,2,31,9,-7,10,23,9,-7,6,130
6,5,1,1,5,4,2,5,-3,3,2,4,-2,8,-1,4,-2,6,130
6,5,2,1,5,6,4,2,-5,2,2,8,-5,9,-4,8,-5,6,130
-4,5,3,1,5,6,11,10,-5,2,2,15,-5,24,-4,15,-5,6,130
-3,5,1,1,5,2,3,4,-1,2,3,3,-1,6,1,3,-1,6,130
-3,5,2,1,5,4,8,6,-3,2,2,10,-3,15,-2,10,-3,8,130
-3,5,3,1,5,7,2,2,-6,10,2,7,2,8,3,7,2,6,130
-2,5,1,1,5,2,7,2,-1,2,2,7,-1,8,0,7,-1,6,130
-2,5,2,1,5,5,2,2,-4,14,8,5,8,6,15,8,5,8,130
-2,5,3,1,5,7,2,2,-6,4,2,7,-4,8,-3,7,-4,6,130
-1,5,1,1,5,3,2,2,-2,28,4,3,24,4,27,24,3,24,130
-1,5,2,1,5,5,2,2,-4,4,4,5,-2,6,1,5,-2,6,130
-1,5,3,1,5,7,3,2,-6,2,31,8,-6,9,24,8,-6,7,130
1,5,1,1,5,3,2,5,-2,3,2,3,-1,7,0,3,-1,6,130
1,5,2,1,5,5,4,2,-4,2,2,7,-4,8,-3,7,-4,6,130
1,5,3,1,5,7,11,10,-6,2,2,16,-6,25,-5,16,-6,7,130
2,5,1,1,5,3,3,4,-2,2,3,4,-2,7,0,4,-2,6,130
2,5,2,1,5,5,8,6,-4,2,2,11,-4,16,-3,11,-4,7,130
2,5,3,1,5,8,2,2,-7,10,2,8,1,9,2,8,1,6,130
13,5,1,1,5,5,7,2,-4,2,2,10,-4,11,-3,10,-4,6,130
13,5,2,1,5,8,2,2,-7,14,8,8,5,9,12,8,5,6,130
13,5,3,1,5,10,2,2,-9,4,2,10,-7,11,-6,10,-7,6,130
14,5,1,1,5,6,2,2,-5,28,4,6,21,7,24,21,6,21,130
14,5,2,1,5,8,2,2,-7,4,4,8,-5,9,-2,8,-5,6,130
14,5,3,1,5,10,3,2,-9,2,31,11,-9,12,21,11,-9,7,130
16,5,1,1,5,6,2,5,-5,3,2,6,-4,10,-3,6,-4,6,130
16,5,2,1,5,8,4,2,-7,2,2,10,-7,11,-6,10,-7,7,130
9,5,2,1,5,7,2,2,-6,4,4,7,-4,8,-1,7,-4,6,130
9,5,3,1,5,9,3,2,-8,2,31,10,-8,11,22,10,-8,6,130
11,5,1,1,5,5,2,5,-4,3,2,5,-3,9,-2,5,-3,6,130
11,5,2,1,5,7,4,2,-6,2,2,9,-6,10,-5,9,-6,6,130
11,5,3,1,5,9,11,10,-8,2,2,18,-8,27,-7,18,-8,6,130
12,5,1,1,5,5,3,4,-4,2,3,6,-4,9,-2,6,-4,6,130
12,5,2,1,5,7,8,6,-6,2,2,13,-6,18,-5,13,-6,6,130
12,5,3,1,5,10,2,2,-9,10,2,10,-1,11,0,10,-1,6,130
6,5,3,1,5,8,11,10,-7,2,2,17,-7,26,-6,17,-7,6,130
7,5,1,1,5,4,3,4,-3,2,3,5,-3,8,-1,5,-3,6,130
7,5,2,1,5,6,8,6,-5,2,2,12,-5,17,-4,12,-5,6,130
7,5,3,1,5,9,2,2,-8,10,2,9,0,10,1,9,0,6,130
8,5,1,1,5,4,7,2,-3,2,2,9,-3,10,-2,9,-3,7,130
8,5,2,1,5,7,2,2,-6,14,8,7,6,8,13,7,6,6,130
8,5,3,1,5,9,2,2,-8,4,2,9,-6,10,-5,9,-6,6,130
9,5,1,1,5,5,2,2,-4,28,4,5,22,6,25,22,5,22,130
16,5,3,1,5,10,11,10,-9,2,2,19,-9,28,-8,19,-9,6,130
17,5,1,1,5,6,3,4,-5,2,3,7,-5,10,-3,7,-5,6,130
17,5,2,1,5,8,8,6,-7,2,2,14,-7,19,-6,14,-7,6,130
17,5,3,1,5,11,2,2,-10,10,2,11,-2,12,-1,11,-2,6,130
18,5,1,1,5,6,7,2,-5,2,2,11,-5,12,-4,11,-5,6,130
18,5,2,1,5,9,2,2,-8,14,8,9,4,10,11,9,4,6,130
18,5,3,1,5,11,2,2,-10,4,2,11,-8,12,-7,11,-8,6,130
19,5,1,1,5,7,2,2,-6,28,4,7,20,8,23,20,7,20,130
19,5,2,1,5,9,2,2,-8,4,4,9,-6,10,-3,9,-6,6,130
19,5,3,1,5,11,3,2,-10,2,31,12,-10,13,20,12,-10,6,130
-19,5,1,2,5,-2,2,2,3,4,2,-2,5,-1,6,5,-2,7,130
-19,5,3,2,5,0,3,2,1,2,6,1,1,2,6,1,1,6,130
-19,5,5,2,5,2,5,5,-1,2,2,5,-1,9,0,5,-1,6,130
-18,5,1,2,5,-2,3,2,3,2,15,-1,3,0,17,3,-1,7,130
-18,5,3,2,5,0,5,2,1,2,2,3,1,4,2,3,1,6,130
-18,5,5,2,5,2,102,4,-1,2,2,102,-1,105,0,102,-1,99,130
-14,5,5,2,5,3,5,5,-2,2,2,6,-2,10,-1,6,-2,6,130
-13,5,1,2,5,-1,3,2,2,2,15,0,2,1,16,2,0,6,130
-13,5,3,2,5,1,5,2,0,2,2,4,0,5,1,4,0,6,130
-13,5,5,2,5,3,102,4,-2,2,2,103,-2,106,-1,103,-2,98,130
-12,5,1,2,5,-1,4,3,2,2,2,1,2,3,3,2,1,6,130
-12,5,3,2,5,1,22,5,0,2,2,21,0,25,1,21,0,20,130
-12,5,5,2,5,4,2,2,-3,6,2,4,1,5,2,4,1,6,130
-11,5,1,2,5,-1,13,2,2,2,2,10,2,11,3,10,2,10,130
-17,5,1,2,5,-2,4,3,3,2,2,0,3,2,4,3,0,6,130
-17,5,3,2,5,0,22,5,1,2,2,20,1,24,2,20,1,20,130
-17,5,5,2,5,3,2,2,-2,6,2,3,2,4,3,3,2,6,130
-16,5,1,2,5,-2,13,2,3,2,2,9,3,10,4,9,3,9,130
-16,5,3,2,5,1,2,2,0,7,2,1,5,2,6,5,1,6,130
-16,5,5,2,5,3,2,3,-2,3,3,3,-1,5,1,3,-1,6,130
-14,5,1,2,5,-1,2,2,2,4,2,-1,4,0,5,4,-1,6,130
-14,5,3,2,5,1,3,2,0,2,6,2,0,3,5,2,0,6,130
-11,5,3,2,5,2,2,2,-1,7,2,2,4,3,5,4,2,6,130
-11,5,5,2,5,4,2,3,-3,3,3,4,-2,6,0,4,-2,6,130
-9,5,1,2,5,0,2,2,1,4,2,0,3,1,4,3,0,7,130
-9,5,3,2,5,2,3,2,-1,2,6,3,-1,4,4,3,-1,6,130
-9,5,5,2,5,4,5,5,-3,2,2,7,-3,11,-2,7,-3,6,130
-8,5,1,2,5,0,3,2,1,2,15,1,1,2,15,1,1,6,130
-8,5,3,2,5,2,5,2,-1,2,2,5,-1,6,0,5,-1,6,130
-8,5,5,2,5,4,102,4,-3,2,2,104,-3,107,-2,104,-3,97,130
-7,5,1,2,5,0,4,3,1,2,2,2,1,4,2,2,1,6,130
-7,5,3,2,5,2,22,5,-1,2,2,22,-1,26,0,22,-1,19,130
-7,5,5,2,5,5,2,2,-4,6,2,5,0,6,1,5,0,7,130
-6,5,1,2,5,0,13,2,1,2,2,11,1,12,2,11,1,11,130
-6,5,3,2,5,3,2,2,-2,7,2,3,3,4,4,3,3,6,130
-6,5,5,2,5,5,2,3,-4,3,3,5,-3,7,-1,5,-3,6,130
-4,5,1,2,5,1,2,2,0,4,2,1,2,2,3,2,1,7,130
-4,5,3,2,5,3,3,2,-2,2,6,4,-2,5,3,4,-2,6,130
-4,5,5,2,5,5,5,5,-4,2,2,8,-4,12,-3,8,-4,7,130
-3,5,1,2,5,1,3,2,0,2,15,2,0,3,14,2,0,6,130
-3,5,3,2,5,3,5,2,-2,2,2,6,-2,7,-1,6,-2,6,130
-3,5,5,2,5,5,102,4,-4,2,2,105,-4,108,-3,105,-4,96,130
-2,5,1,2,5,1,4,3,0,2,2,3,0,5,1,3,0,6,130
-2,5,3,2,5,3,22,5,-2,2,2,23,-2,27,-1,23,-2,18,130
-2,5,5,2,5,6,2,2,-5,6,2,6,-1,7,0,6,-1,6,130
-1,5,1,2,5,1,13,2,0,2,2,12,0,13,1,12,0,11,130
-1,5,3,2,5,4,2,2,-3,7,2,4,2,5,3,4,2,7,130
-1,5,5,2,5,6,2,3,-5,3,3,6,-4,8,-2,6,-4,6,130
1,5,1,2,5,2,2,2,-1,4,2,2,1,3,2,2,1,6,130
1,5,3,2,5,4,3,2,-3,2,6,5,-3,6,2,5,-3,6,130
1,5,5,2,5,6,5,5,-5,2,2,9,-5,13,-4,9,-5,6,130
2,5,1,2,5,2,3,2,-1,2,15,3,-1,4,13,3,-1,7,130
2,5,3,2,5,4,5,2,-3,2,2,7,-3,8,-2,7,-3,6,130
2,5,5,2,5,6,102,4,-5,2,2,106,-5,109,-4,106,-5,6,130
6,5,5,2,5,7,5,5,-6,2,2,10,-6,14,-5,10,-6,6,130
7,5,1,2,5,3,3,2,-2,2,15,4,-2,5,12,4,-2,6,130
7,5,3,2,5,5,5,2,-4,2,2,8,-4,9,-3,8,-4,6,130
7,5,5,2,5,7,102,4,-6,2,2,107,-6,110,-5,107,-6,7,130
8,5,1,2,5,3,4,3,-2,2,2,5,-2,7,-1,5,-2,6,130
8,5,3,2,5,5,22,5,-4,2,2,25,-4,29,-3,25,-4,16,130
8,5,5,2,5,8,2,2,-7,6,2,8,-3,9,-2,8,-3,6,130
9,5,1,2,5,3,13,2,-2,2,2,14,-2,15,-1,14,-2,9,130
3,5,1,2,5,2,4,3,-1,2,2,4,-1,6,0,4,-1,6,130
3,5,3,2,5,4,22,5,-3,2,2,24,-3,28,-2,24,-3,17,130
3,5,5,2,5,7,2,2,-6,6,2,7,-2,8,-1,7,-2,6,130
4,5,1,2,5,2,13,2,-1,2,2,13,-1,14,0,13,-1,10,130
4,5,3,2,5,5,2,2,-4,7,2,5,1,6,2,5,1,6,130
4,5,5,2,5,7,2,3,-6,3,3,7,-5,9,-3,7,-5,6,130
6,5,1,2,5,3,2,2,-2,4,2,3,0,4,1,3,0,7,130
6,5,3,2,5,5,3,2,-4,2,6,6,-4,7,1,6,-4,6,130
9,5,3,2,5,6,2,2,-5,7,2,6,0,7,1,6,0,6,130
9,5,5,2,5,8,2,3,-7,3,3,8,-6,10,-4,8,-6,6,130
11,5,1,2,5,4,2,2,-3,4,2,4,-1,5,0,4,-1,6,130
11,5,3,2,5,6,3,2,-5,2,6,7,-5,8,0,7,-5,6,130
11,5,5,2,5,8,5,5,-7,2,2,11,-7,15,-6,11,-7,6,130
12,5,1,2,5,4,3,2,-3,2,15,5,-3,6,11,5,-3,6,130
12,5,3,2,5,6,5,2,-5,2,2,9,-5,10,-4,9,-5,6,130
12,5,5,2,5,8,102,4,-7,2,2,108,-7,111,-6,108,-7,6,130
13,5,1,2,5,4,4,3,-3,2,2,6,-3,8,-2,6,-3,6,130
13,5,3,2,5,6,22,5,-5,2,2,26,-5,30,-4,26,-5,6,130
13,5,5,2,5,9,2,2,-8,6,2,9,-4,10,-3,9,-4,6,130
14,5,1,2,5,4,13,2,-3,2,2,15,-3,16,-2,15,-3,8,130
14,5,3,2,5,7,2,2,-6,7,2,7,-1,8,0,7,-1,6,130
14,5,5,2,5,9,2,3,-8,3,3,9,-7,11,-5,9,-7,6,130
16,5,1,2,5,5,2,2,-4,4,2,5,-2,6,-1,5,-2,6,130
16,5,3,2,5,7,3,2,-6,2,6,8,-6,9,-1,8,-6,7,130
16,5,5,2,5,9,5,5,-8,2,2,12,-8,16,-7,12,-8,6,130
17,5,1,2,5,5,3,2,-4,2,15,6,-4,7,10,6,-4,6,130
17,5,3,2,5,7,5,2,-6,2,2,10,-6,11,-5,10,-6,6,130
17,5,5,2,5,9,102,4,-8,2,2,109,-8,112,-7,109,-8,6,130
18,5,1,2,5,5,4,3,-4,2,2,7,-4,9,-3,7,-4,6,130
18,5,3,2,5,7,22,5,-6,2,2,27,-6,31,-5,27,-6,7,130
18,5,5,2,5,10,2,2,-9,6,2,10,-5,11,-4,10,-5,6,130
19,5,1,2,5,5,13,2,-4,2,2,16,-4,17,-3,16,-4,7,130
19,5,3,2,5,8,2,2,-7,7,2,8,-2,9,-1,8,-2,6,130
19,5,5,2,5,10,2,3,-9,3,3,10,-8,12,-6,10,-8,6,130
-19,5,1,3,5,-3,19,2,4,2,2,14,4,15,5,14,4,14,130
-19,5,2,3,5,-2,4,2,3,2,2,0,3,1,4,3,0,6,130
-19,5,4,3,5,0,2,2,1,6,3,0,5,1,7,5,0,6,130
-19,5,5,3,5,0,14,3,1,2,2,12,1,14,2,12,1,12,130
-19,5,7,3,5,2,2,4,-1,3,2,2,0,5,1,2,0,6,130
-19,5,8,3,5,3,2,2,-2,7,2,3,3,4,4,3,3,8,130
-18,5,1,3,5,-2,2,2,3,7,9,-2,8,-1,16,8,-2,8,130
-18,5,2,3,5,-2,10,2,3,2,2,6,3,7,4,6,3,6,130
-18,5,4,3,5,0,2,3,1,3,3,0,2,2,4,2,0,6,130
-18,5,5,3,5,1,2,2,0,8,9,1,6,2,14,6,1,6,130
-18,5,7,3,5,2,3,3,-1,2,3,3,-1,5,1,3,-1,6,130
-18,5,8,3,5,3,2,3,-2,3,5,3,-1,5,3,3,-1,6,130
-17,5,1,3,5,-2,2,3,3,3,10,-2,4,0,13,4,-2,6,130
-17,5,2,3,5,-1,2,2,2,12,2,-1,12,0,13,12,-1,9,130
-17,5,4,3,5,0,3,2,1,2,4,1,1,2,4,1,1,6,130
-17,5,5,3,5,1,2,2,0,4,2,1,2,2,3,2,1,7,130
-17,5,7,3,5,2,6,2,-1,2,2,6,-1,7,0,6,-1,6,130
-17,5,8,3,5,3,3,2,-2,2,5,4,-2,5,2,4,-2,6,130
-16,5,1,3,5,-2,3,2,3,2,7,-1,3,0,9,3,-1,6,130
-16,5,2,3,5,-1,2,2,2,4,2,-1,4,0,5,4,-1,6,130
-16,5,4,3,5,0,5,3,1,2,2,3,1,5,2,3,1,6,130
-16,5,5,3,5,1,3,2,0,2,10,2,0,3,9,2,0,6,130
-16,5,7,3,5,3,2,2,-2,58,2,3,54,4,55,54,3,54,130
-16,5,8,3,5,3,5,2,-2,2,2,6,-2,7,-1,6,-2,6,130
-14,5,1,3,5,-2,19,2,3,2,2,15,3,16,4,15,3,15,130
-14,5,2,3,5,-1,4,2,2,2,2,1,2,2,3,2,1,6,130
-14,5,4,3,5,1,2,2,0,6,3,1,4,2,6,4,1,6,130
-14,5,5,3,5,1,14,3,0,2,2,13,0,15,1,13,0,12,130
-14,5,7,3,5,3,2,4,-2,3,2,3,-1,6,0,3,-1,6,130
-14,5,8,3,5,4,2,2,-3,7,2,4,2,5,3,4,2,8,130
-13,5,1,3,5,-1,2,2,2,7,9,-1,7,0,15,7,-1,7,130
-13,5,2,3,5,-1,10,2,2,2,2,7,2,8,3,7,2,7,130
-13,5,4,3,5,1,2,3,0,3,3,1,1,3,3,1,1,6,130
-13,5,5,3,5,2,2,2,-1,8,9,2,5,3,13,5,2,6,130
-13,5,7,3,5,3,3,3,-2,2,3,4,-2,6,0,4,-2,6,130
-13,5,8,3,5,4,2,3,-3,3,5,4,-2,6,2,4,-2,6,130
-12,5,1,3,5,-1,2,3,2,3,10,-1,3,1,12,3,-1,6,130
-12,5,2,3,5,0,2,2,1,12,2,0,11,1,12,11,0,10,130
-12,5,4,3,5,1,3,2,0,2,4,2,0,3,3,2,0,6,130
-12,5,5,3,5,2,2,2,-1,4,2,2,1,3,2,2,1,6,130
-12,5,7,3,5,3,6,2,-2,2,2,7,-2,8,-1,7,-2,6,130
-12,5,8,3,5,4,3,2,-3,2,5,5,-3,6,1,5,-3,6,130
-11,5,1,3,5,-1,3,2,2,2,7,0,2,1,8,2,0,6,130
-11,5,2,3,5,0,2,2,1,4,2,0,3,1,4,3,0,7,130
-11,5,4,3,5,1,5,3,0,2,2,4,0,6,1,4,0,6,130
-11,5,5,3,5,2,3,2,-1,2,10,3,-1,4,8,3,-1,7,130
-11,5,7,3,5,4,2,2,-3,58,2,4,53,5,54,53,4,53,130
-11,5,8,3,5,4,5,2,-3,2,2,7,-3,8,-2,7,-3,6,130
-9,5,1,3,5,-1,19,2,2,2,2,16,2,17,3,16,2,16,130
-9,5,2,3,5,0,4,2,1,2,2,2,1,3,2,2,1,6,130
-9,5,4,3,5,2,2,2,-1,6,3,2,3,3,5,3,2,6,130
-9,5,5,3,5,2,14,3,-1,2,2,14,-1,16,0,14,-1,11,130
-9,5,7,3,5,4,2,4,-3,3,2,4,-2,7,-1,4,-2,6,130
-9,5,8,3,5,5,2,2,-4,7,2,5,1,6,2,5,1,7,130
-8,5,1,3,5,0,2,2,1,7,9,0,6,1,14,6,0,6,130
-8,5,2,3,5,0,10,2,1,2,2,8,1,9,2,8,1,8,130
-8,5,4,3,5,2,2,3,-1,3,3,2,0,4,2,2,0,6,130
-8,5,5,3,5,3,2,2,-2,8,9,3,4,4,12,4,3,6,130
-8,5,7,3,5,4,3,3,-3,2,3,5,-3,7,-1,5,-3,6,130
-8,5,8,3,5,5,2,3,-4,3,5,5,-3,7,1,5,-3,6,130
-7,5,1,3,5,0,2,3,1,3,10,0,2,2,11,2,0,6,130
-7,5,2,3,5,1,2,2,0,12,2,1,10,2,11,10,1,10,130
-7,5,4,3,5,2,3,2,-1,2,4,3,-1,4,2,3,-1,6,130
-7,5,5,3,5,3,2,2,-2,4,2,3,0,4,1,3,0,6,130
-7,5,7,3,5,4,6,2,-3,2,2,8,-3,9,-2,8,-3,7,130
-7,5,8,3,5,5,3,2,-4,2,5,6,-4,7,0,6,-4,6,130
-6,5,1,3,5,0,3,2,1,2,7,1,1,2,7,1,1,6,130
-6,5,2,3,5,1,2,2,0,4,2,1,2,2,3,2,1,6,130
-6,5,4,3,5,2,5,3,-1,2,2,5,-1,7,0,5,-1,6,130
-6,5,5,3,5,3,3,2,-2,2,10,4,-2,5,7,4,-2,6,130
-6,5,7,3,5,5,2,2,-4,58,2,5,52,6,53,52,5,52,130
-6,5,8,3,5,5,5,2,-4,2,2,8,-4,9,-3,8,-4,6,130
-4,5,1,3,5,0,19,2,1,2,2,17,1,18,2,17,1,17,130
-4,5,2,3,5,1,4,2,0,2,2,3,0,4,1,3,0,6,130
-4,5,4,3,5,3,2,2,-2,6,3,3,2,4,4,3,2,6,130
-4,5,5,3,5,3,14,3,-2,2,2,15,-2,17,-1,15,-2,10,130
-4,5,7,3,5,5,2,4,-4,3,2,5,-3,8,-2,5,-3,6,130
-4,5,8,3,5,6,2,2,-5,7,2,6,0,7,1,6,0,6,130
-2,5,4,3,5,3,3,2,-2,2,4,4,-2,5,1,4,-2,6,130
-2,5,5,3,5,4,2,2,-3,4,2,4,-1,5,0,4,-1,6,130
-2,5,7,3,5,5,6,2,-4,2,2,9,-4,10,-3,9,-4,6,130
-2,5,8,3,5,6,3,2,-5,2,5,7,-5,8,-1,7,-5,6,130
-1,5,1,3,5,1,3,2,0,2,7,2,0,3,6,2,0,6,130
-1,5,2,3,5,2,2,2,-1,4,2,2,1,3,2,2,1,6,130
-1,5,4,3,5,3,5,3,-2,2,2,6,-2,8,-1,6,-2,6,130
-1,5,5,3,5,4,3,2,-3,2,10,5,-3,6,6,5,-3,6,130
-3,5,1,3,5,1,2,2,0,7,9,1,5,2,13,5,1,6,130
-3,5,2,3,5,1,10,2,0,2,2,9,0,10,1,9,0,8,130
-3,5,4,3,5,3,2,3,-2,3,3,3,-1,5,1,3,-1,6,130
-3,5,5,3,5,4,2,2,-3,8,9,4,3,5,11,4,3,6,130
-3,5,7,3,5,5,3,3,-4,2,3,6,-4,8,-2,6,-4,6,130
-3,5,8,3,5,6,2,3,-5,3,5,6,-4,8,0,6,-4,6,130
-2,5,1,3,5,1,2,3,0,3,10,1,1,3,10,1,1,6,130
-2,5,2,3,5,2,2,2,-1,12,2,2,9,3,10,9,2,9,130
-1,5,7,3,5,6,2,2,-5,58,2,6,51,7,52,51,6,51,130
-1,5,8,3,5,6,5,2,-5,2,2,9,-5,10,-4,9,-5,6,130
1,5,1,3,5,1,19,2,0,2,2,18,0,19,1,18,0,17,130
1,5,2,3,5,2,4,2,-1,2,2,4,-1,5,0,4,-1,6,130
1,5,4,3,5,4,2,2,-3,6,3,4,1,5,3,4,1,6,130
1,5,5,3,5,4,14,3,-3,2,2,16,-3,18,-2,16,-3,9,130
1,5,7,3,5,6,2,4,-5,3,2,6,-4,9,-3,6,-4,6,130
1,5,8,3,5,7,2,2,-6,7,2,7,-1,8,0,7,-1,6,130
2,5,1,3,5,2,2,2,-1,7,9,2,4,3,12,4,2,6,130
2,5,2,3,5,2,10,2,-1,2,2,10,-1,11,0,10,-1,7,130
2,5,4,3,5,4,2,3,-3,3,3,4,-2,6,0,4,-2,6,130
2,5,5,3,5,5,2,2,-4,8,9,5,2,6,10,5,2,9,130
2,5,7,3,5,6,3,3,-5,2,3,7,-5,9,-3,7,-5,6,130
2,5,8,3,5,7,2,3,-6,3,5,7,-5,9,-1,7,-5,6,130
3,5,1,3,5,2,2,3,-1,3,10,2,0,4,9,2,0,6,130
3,5,2,3,5,3,2,2,-2,12,2,3,8,4,9,8,3,8,130
3,5,4,3,5,4,3,2,-3,2,4,5,-3,6,0,5,-3,6,130
3,5,5,3,5,5,2,2,-4,4,2,5,-2,6,-1,5,-2,8,130
3,5,7,3,5,6,6,2,-5,2,2,10,-5,11,-4,10,-5,6,130
3,5,8,3,5,7,3,2,-6,2,5,8,-6,9,-2,8,-6,6,130
4,5,1,3,5,2,3,2,-1,2,7,3,-1,4,5,3,-1,6,130
4,5,2,3,5,3,2,2,-2,4,2,3,0,4,1,3,0,6,130
4,5,4,3,5,4,5,3,-3,2,2,7,-3,9,-2,7,-3,6,130
4,5,5,3,5,5,3,2,-4,2,10,6,-4,7,5,6,-4,6,130
7,5,1,3,5,3,2,2,-2,7,9,3,3,4,11,3,3,6,130
7,5,2,3,5,3,10,2,-2,2,2,11,-2,12,-1,11,-2,6,130
7,5,4,3,5,5,2,3,-4,3,3,5,-3,7,-1,5,-3,6,130
7,5,5,3,5,6,2,2,-5,8,9,6,1,7,9,6,1,8,130
7,5,7,3,5,7,3,3,-6,2,3,8,-6,10,-4,8,-6,6,130
7,5,8,3,5,8,2,3,-7,3,5,8,-6,10,-2,8,-6,6,130
8,5,1,3,5,3,2,3,-2,3,10,3,-1,5,8,3,-1,6,130
8,5,2,3,5,4,2,2,-3,12,2,4,7,5,8,7,4,7,130
4,5,7,3,5,7,2,2,-6,58,2,7,50,8,51,50,7,50,130
4,5,8,3,5,7,5,2,-6,2,2,10,-6,11,-5,10,-6,6,130
6,5,1,3,5,2,19,2,-1,2,2,19,-1,20,0,19,-1,16,130
6,5,2,3,5,3,4,2,-2,2,2,5,-2,6,-1,5,-2,6,130
6,5,4,3,5,5,2,2,-4,6,3,5,0,6,2,5,0,6,130
6,5,5,3,5,5,14,3,-4,2,2,17,-4,19,-3,17,-4,8,130
6,5,7,3,5,7,2,4,-6,3,2,7,-5,10,-4,7,-5,6,130
6,5,8,3,5,8,2,2,-7,7,2,8,-2,9,-1,8,-2,6,130
8,5,4,3,5,5,3,2,-4,2,4,6,-4,7,-1,6,-4,6,130
8,5,5,3,5,6,2,2,-5,4,2,6,-3,7,-2,6,-3,6,130
8,5,7,3,5,7,6,2,-6,2,2,11,-6,12,-5,11,-6,6,130
8,5,8,3,5,8,3,2,-7,2,5,9,-7,10,-3,9,-7,6,130
9,5,1,3,5,3,3,2,-2,2,7,4,-2,5,4,4,-2,6,130
9,5,2,3,5,4,2,2,-3,4,2,4,-1,5,0,4,-1,6,130
9,5,4,3,5,5,5,3,-4,2,2,8,-4,10,-3,8,-4,6,130
9,5,5,3,5,6,3,2,-5,2,10,7,-5,8,4,7,-5,7,130
9,5,7,3,5,8,2,2,-7,58,2,8,49,9,50,49,8,6,130
9,5,8,3,5,8,5,2,-7,2,2,11,-7,12,-6,11,-7,6,130
11,5,1,3,5,3,19,2,-2,2,2,20,-2,21,-1,20,-2,15,130
11,5,2,3,5,4,4,2,-3,2,2,6,-3,7,-2,6,-3,6,130
11,5,4,3,5,6,2,2,-5,6,3,6,-1,7,1,6,-1,6,130
11,5,5,3,5,6,14,3,-5,2,2,18,-5,20,-4,18,-5,6,130
11,5,7,3,5,8,2,4,-7,3,2,8,-6,11,-5,8,-6,6,130
11,5,8,3,5,9,2,2,-8,7,2,9,-3,10,-2,9,-3,6,130
12,5,1,3,5,4,2,2,-3,7,9,4,2,5,10,4,2,8,130
12,5,2,3,5,4,10,2,-3,2,2,12,-3,13,-2,12,-3,7,130
12,5,4,3,5,6,2,3,-5,3,3,6,-4,8,-2,6,-4,6,130
12,5,5,3,5,7,2,2,-6,8,9,7,0,8,8,7,0,7,130
12,5,7,3,5,8,3,3,-7,2,3,9,-7,11,-5,9,-7,6,130
12,5,8,3,5,9,2,3,-8,3,5,9,-7,11,-3,9,-7,6,130
13,5,1,3,5,4,2,3,-3,3,10,4,-2,6,7,4,-2,6,130
13,5,2,3,5,5,2,2,-4,12,2,5,6,6,7,6,5,6,130
13,5,4,3,5,6,3,2,-5,2,4,7,-5,8,-2,7,-5,6,130
13,5,5,3,5,7,2,2,-6,4,2,7,-4,8,-3,7,-4,6,130
13,5,7,3,5,8,6,2,-7,2,2,12,-7,13,-6,12,-7,6,130
13,5,8,3,5,9,3,2,-8,2,5,10,-8,11,-4,10,-8,6,130
14,5,1,3,5,4,3,2,-3,2,7,5,-3,6,3,5,-3,7,130
14,5,2,3,5,5,2,2,-4,4,2,5,-2,6,-1,5,-2,6,130
14,5,4,3,5,6,5,3,-5,2,2,9,-5,11,-4,9,-5,6,130
14,5,5,3,5,7,3,2,-6,2,10,8,-6,9,3,8,-6,6,130
14,5,7,3,5,9,2,2,-8,58,2,9,48,10,49,48,9,6,130
14,5,8,3,5,9,5,2,-8,2,2,12,-8,13,-7,12,-8,6,130
16,5,1,3,5,4,19,2,-3,2,2,21,-3,22,-2,21,-3,14,130
16,5,2,3,5,5,4,2,-4,2,2,7,-4,8,-3,7,-4,6,130
16,5,4,3,5,7,2,2,-6,6,3,7,-2,8,0,7,-2,6,130
16,5,5,3,5,7,14,3,-6,2,2,19,-6,21,-5,19,-6,6,130
16,5,7,3,5,9,2,4,-8,3,2,9,-7,12,-6,9,-7,6,130
16,5,8,3,5,10,2,2,-9,7,2,10,-4,11,-3,10,-4,6,130
17,5,1,3,5,5,2,2,-4,7,9,5,1,6,9,5,1,7,130
17,5,2,3,5,5,10,2,-4,2,2,13,-4,14,-3,13,-4,6,130
17,5,4,3,5,7,2,3,-6,3,3,7,-5,9,-3,7,-5,6,130
17,5,5,3,5,8,2,2,-7,8,9,8,-1,9,7,8,-1,7,130
17,5,7,3,5,9,3,3,-8,2,3,10,-8,12,-6,10,-8,6,130
17,5,8,3,5,10,2,3,-9,3,5,10,-8,12,-4,10,-8,6,130
18,5,1,3,5,5,2,3,-4,3,10,5,-3,7,6,5,-3,6,130
18,5,2,3,5,6,2,2,-5,12,2,6,5,7,6,6,5,6,130
18,5,4,3,5,7,3,2,-6,2,4,8,-6,9,-3,8,-6,6,130
18,5,5,3,5,8,2,2,-7,4,2,8,-5,9,-4,8,-5,6,130
18,5,7,3,5,9,6,2,-8,2,2,13,-8,14,-7,13,-8,6,130
18,5,8,3,5,10,3,2,-9,2,5,11,-9,12,-5,11,-9,6,130
19,5,1,3,5,5,3,2,-4,2,7,6,-4,7,2,6,-4,6,130
19,5,2,3,5,6,2,2,-5,4,2,6,-3,7,-2,6,-3,6,130
19,5,4,3,5,7,5,3,-6,2,2,10,-6,12,-5,10,-6,7,130
19,5,5,3,5,8,3,2,-7,2,10,9,-7,10,2,9,-7,6,130
19,5,7,3,5,10,2,2,-9,58,2,10,47,11,48,47,10,6,130
19,5,8,3,5,10,5,2,-9,2,2,13,-9,14,-8,13,-9,6,130
-19,5,1,4,5,-3,5,2,4,2,2,0,4,1,5,4,0,6,130
-19,5,3,4,5,-2,9,2,3,2,2,5,3,6,4,5,3,6,130
-19,5,5,4,5,-1,204,2,2,2,2,201,2,202,3,201,2,-1,130
-19,5,7,4,5,1,2,2,0,9,7,1,7,2,13,7,1,7,130
-19,5,9,4,5,2,2,2,-1,5,2,2,2,3,3,2,2,6,130
-19,5,11,4,5,3,2,3,-2,3,8,3,-1,5,6,3,-1,6,130
-16,5,9,4,5,2,6,13,-1,2,2,6,-1,18,0,6,-1,6,130
-16,5,11,4,5,3,20,4,-2,2,2,21,-2,24,-1,21,-2,16,130
-14,5,1,4,5,-2,5,2,3,2,2,1,3,2,4,3,1,6,130
-14,5,3,4,5,-1,9,2,2,2,2,6,2,7,3,6,2,6,130
-14,5,5,4,5,0,204,2,1,2,2,202,1,203,2,202,1,-1,130
-14,5,7,4,5,2,2,2,-1,9,7,2,6,3,12,6,2,6,130
-14,5,9,4,5,3,2,2,-2,5,2,3,1,4,2,3,1,6,130
-14,5,11,4,5,4,2,3,-3,3,8,4,-2,6,5,4,-2,6,130
-18,5,1,4,5,-3,25,2,4,2,2,20,4,21,5,20,4,20,130
-18,5,3,4,5,-1,2,2,2,13,47,-1,13,0,59,13,-1,10,130
-18,5,5,4,5,0,2,2,1,6,2,0,5,1,6,5,0,7,130
-18,5,7,4,5,1,2,2,0,4,2,1,2,2,3,2,1,7,130
-18,5,9,4,5,2,2,5,-1,3,2,2,0,6,1,2,0,6,130
-18,5,11,4,5,3,3,2,-2,2,6,4,-2,5,3,4,-2,6,130
-17,5,1,4,5,-2,2,2,3,7,2,-2,8,-1,9,8,-2,6,130
-17,5,3,4,5,-1,2,2,2,4,3,-1,4,0,6,4,-1,6,130
-17,5,5,4,5,0,2,3,1,3,3,0,2,2,4,2,0,6,130
-17,5,7,4,5,1,3,2,0,2,20,2,0,3,19,2,0,6,130
-17,5,9,4,5,2,3,4,-1,2,3,3,-1,6,1,3,-1,6,130
-17,5,11,4,5,3,4,78,-2,2,2,5,-2,82,-1,5,-2,6,130
-16,5,1,4,5,-2,2,3,3,3,5,-2,4,0,8,4,-2,6,130
-16,5,3,4,5,-1,2,12,2,3,2,-1,3,10,4,3,-1,7,130
-16,5,5,4,5,0,3,2,1,2,4,1,1,2,4,1,1,6,130
-16,5,7,4,5,1,4,2,0,2,2,3,0,4,1,3,0,7,130
-12,5,5,4,5,1,2,3,0,3,3,1,1,3,3,1,1,6,130
-12,5,7,4,5,2,3,2,-1,2,20,3,-1,4,18,3,-1,7,130
-12,5,9,4,5,3,3,4,-2,2,3,4,-2,7,0,4,-2,6,130
-12,5,11,4,5,4,4,78,-3,2,2,6,-3,83,-2,6,-3,6,130
-11,5,1,4,5,-1,2,3,2,3,5,-1,3,1,7,3,-1,6,130
-11,5,3,4,5,0,2,12,1,3,2,0,2,11,3,2,0,6,130
-11,5,5,4,5,1,3,2,0,2,4,2,0,3,3,2,0,6,130
-11,5,7,4,5,2,4,2,-1,2,2,4,-1,5,0,4,-1,6,130
-13,5,1,4,5,-2,25,2,3,2,2,21,3,22,4,21,3,21,130
-13,5,3,4,5,0,2,2,1,13,47,0,12,1,58,12,0,11,130
-13,5,5,4,5,1,2,2,0,6,2,1,4,2,5,4,1,7,130
-13,5,7,4,5,2,2,2,-1,4,2,2,1,3,2,2,1,7,130
-13,5,9,4,5,3,2,5,-2,3,2,3,-1,7,0,3,-1,6,130
-13,5,11,4,5,4,3,2,-3,2,6,5,-3,6,2,5,-3,6,130
-12,5,1,4,5,-1,2,2,2,7,2,-1,7,0,8,7,-1,6,130
-12,5,3,4,5,0,2,2,1,4,3,0,3,1,5,3,0,6,130
-11,5,9,4,5,3,6,13,-2,2,2,7,-2,19,-1,7,-2,7,130
-11,5,11,4,5,4,20,4,-3,2,2,22,-3,25,-2,22,-3,15,130
-9,5,1,4,5,-1,5,2,2,2,2,2,2,3,3,2,2,6,130
-9,5,3,4,5,0,9,2,1,2,2,7,1,8,2,7,1,7,130
-9,5,5,4,5,1,204,2,0,2,2,203,0,204,1,203,0,-1,130
-9,5,7,4,5,3,2,2,-2,9,7,3,5,4,11,5,3,6,130
-9,5,9,4,5,4,2,2,-3,5,2,4,0,5,1,4,0,6,130
-9,5,11,4,5,5,2,3,-4,3,8,5,-3,7,4,5,-3,6,130
-8,5,1,4,5,-1,25,2,2,2,2,22,2,23,3,22,2,22,130
-8,5,3,4,5,1,2,2,0,13,47,1,11,2,57,11,1,11,130
-8,5,5,4,5,2,2,2,-1,6,2,2,3,3,4,3,2,6,130
-8,5,7,4,5,3,2,2,-2,4,2,3,0,4,1,3,0,6,130
-8,5,9,4,5,4,2,5,-3,3,2,4,-2,8,-1,4,-2,6,130
-8,5,11,4,5,5,3,2,-4,2,6,6,-4,7,1,6,-4,6,130
-7,5,1,4,5,0,2,2,1,7,2,0,6,1,7,6,0,6,130
-7,5,3,4,5,1,2,2,0,4,3,1,2,2,4,2,1,6,130
-7,5,5,4,5,2,2,3,-1,3,3,2,0,4,2,2,0,6,130
-7,5,7,4,5,3,3,2,-2,2,20,4,-2,5,17,4,-2,6,130
-7,5,9,4,5,4,3,4,-3,2,3,5,-3,8,-1,5,-3,6,130
-7,5,11,4,5,5,4,78,-4,2,2,7,-4,84,-3,7,-4,6,130
-6,5,1,4,5,0,2,3,1,3,5,0,2,2,6,2,0,6,130
-6,5,3,4,5,1,2,12,0,3,2,1,1,12,2,1,1,6,130
-6,5,5,4,5,2,3,2,-1,2,4,3,-1,4,2,3,-1,6,130
-6,5,7,4,5,3,4,2,-2,2,2,5,-2,6,-1,5,-2,6,130
-6,5,9,4,5,4,6,13,-3,2,2,8,-3,20,-2,8,-3,7,130
-6,5,11,4,5,5,20,4,-4,2,2,23,-4,26,-3,23,-4,14,130
-4,5,1,4,5,0,5,2,1,2,2,3,1,4,2,3,1,6,130
-4,5,3,4,5,1,9,2,0,2,2,8,0,9,1,8,0,7,130
-4,5,5,4,5,2,204,2,-1,2,2,204,-1,205,0,204,-1,-1,130
-4,5,7,4,5,4,2,2,-3,9,7,4,4,5,10,4,4,6,130
-4,5,9,4,5,5,2,2,-4,5,2,5,-1,6,0,5,-1,6,130
-4,5,11,4,5,6,2,3,-5,3,8,6,-4,8,3,6,-4,6,130
-3,5,1,4,5,0,25,2,1,2,2,23,1,24,2,23,1,23,130
-3,5,3,4,5,2,2,2,-1,13,47,2,10,3,56,10,2,10,130
-3,5,5,4,5,3,2,2,-2,6,2,3,2,4,3,3,2,8,130
-3,5,7,4,5,4,2,2,-3,4,2,4,-1,5,0,4,-1,6,130
-3,5,9,4,5,5,2,5,-4,3,2,5,-3,9,-2,5,-3,6,130
-3,5,11,4,5,6,3,2,-5,2,6,7,-5,8,0,7,-5,6,130
-2,5,1,4,5,1,2,2,0,7,2,1,5,2,6,5,1,6,130
-2,5,3,4,5,2,2,2,-1,4,3,2,1,3,3,2,1,6,130
-1,5,9,4,5,5,6,13,-4,2,2,9,-4,21,-3,9,-4,6,130
-1,5,11,4,5,6,20,4,-5,2,2,24,-5,27,-4,24,-5,6,130
1,5,1,4,5,1,5,2,0,2,2,4,0,5,1,4,0,6,130
1,5,3,4,5,2,9,2,-1,2,2,9,-1,10,0,9,-1,6,130
1,5,5,4,5,3,204,2,-2,2,2,205,-2,206,-1,205,-2,-1,130
1,5,7,4,5,5,2,2,-4,9,7,5,3,6,9,5,3,6,130
1,5,9,4,5,6,2,2,-5,5,2,6,-2,7,-1,6,-2,6,130
1,5,11,4,5,7,2,3,-6,3,8,7,-5,9,2,7,-5,6,130
-2,5,5,4,5,3,2,3,-2,3,3,3,-1,5,1,3,-1,6,130
-2,5,7,4,5,4,3,2,-3,2,20,5,-3,6,16,5,-3,6,130
-2,5,9,4,5,5,3,4,-4,2,3,6,-4,9,-2,6,-4,6,130
-2,5,11,4,5,6,4,78,-5,2,2,8,-5,85,-4,8,-5,8,130
-1,5,1,4,5,1,2,3,0,3,5,1,1,3,5,1,1,6,130
-1,5,3,4,5,2,2,12,-1,3,2,2,0,13,1,2,0,6,130
-1,5,5,4,5,3,3,2,-2,2,4,4,-2,5,1,4,-2,6,130
-1,5,7,4,5,4,4,2,-3,2,2,6,-3,7,-2,6,-3,6,130
2,5,1,4,5,1,25,2,0,2,2,24,0,25,1,24,0,23,130
2,5,3,4,5,3,2,2,-2,13,47,3,9,4,55,9,3,9,130
2,5,5,4,5,4,2,2,-3,6,2,4,1,5,2,4,1,6,130
2,5,7,4,5,5,2,2,-4,4,2,5,-2,6,-1,5,-2,6,130
2,5,9,4,5,6,2,5,-5,3,2,6,-4,10,-3,6,-4,6,130
2,5,11,4,5,7,3,2,-6,2,6,8,-6,9,-1,8,-6,6,130
3,5,1,4,5,2,2,2,-1,7,2,2,4,3,5,4,2,7,130
3,5,3,4,5,3,2,2,-2,4,3,3,0,4,2,3,0,6,130
3,5,5,4,5,4,2,3,-3,3,3,4,-2,6,0,4,-2,6,130
3,5,7,4,5,5,3,2,-4,2,20,6,-4,7,15,6,-4,6,130
3,5,9,4,5,6,3,4,-5,2,3,7,-5,10,-3,7,-5,6,130
3,5,11,4,5,7,4,78,-6,2,2,9,-6,86,-5,9,-6,7,130
4,5,1,4,5,2,2,3,-1,3,5,2,0,4,4,2,0,6,130
4,5,3,4,5,3,2,12,-2,3,2,3,-1,14,0,3,-1,7,130
4,5,5,4,5,4,3,2,-3,2,4,5,-3,6,0,5,-3,6,130
4,5,7,4,5,5,4,2,-4,2,2,7,-4,8,-3,7,-4,6,130
4,5,9,4,5,6,6,13,-5,2,2,10,-5,22,-4,10,-5,10,130
4,5,11,4,5,7,20,4,-6,2,2,25,-6,28,-5,25,-6,7,130
6,5,1,4,5,2,5,2,-1,2,2,5,-1,6,0,5,-1,6,130
6,5,3,4,5,3,9,2,-2,2,2,10,-2,11,-1,10,-2,7,130
6,5,5,4,5,4,204,2,-3,2,2,206,-3,207,-2,206,-3,-1,130
6,5,7,4,5,6,2,2,-5,9,7,6,2,7,8,6,2,8,130
6,5,9,4,5,7,2,2,-6,5,2,7,-3,8,-2,7,-3,6,130
6,5,11,4,5,8,2,3,-7,3,8,8,-6,10,1,8,-6,6,130
7,5,1,4,5,2,25,2,-1,2,2,25,-1,26,0,25,-1,22,130
7,5,3,4,5,4,2,2,-3,13,47,4,8,5,54,8,4,8,130
7,5,5,4,5,5,2,2,-4,6,2,5,0,6,1,5,0,6,130
7,5,7,4,5,6,2,2,-5,4,2,6,-3,7,-2,6,-3,6,130
7,5,9,4,5,7,2,5,-6,3,2,7,-5,11,-4,7,-5,6,130
7,5,11,4,5,8,3,2,-7,2,6,9,-7,10,-2,9,-7,6,130
8,5,1,4,5,3,2,2,-2,7,2,3,3,4,4,3,3,6,130
8,5,3,4,5,4,2,2,-3,4,3,4,-1,5,1,4,-1,6,130
8,5,5,4,5,5,2,3,-4,3,3,5,-3,7,-1,5,-3,6,130
8,5,7,4,5,6,3,2,-5,2,20,7,-5,8,14,7,-5,7,130
8,5,9,4,5,7,3,4,-6,2,3,8,-6,11,-4,8,-6,6,130
8,5,11,4,5,8,4,78,-7,2,2,10,-7,87,-6,10,-7,6,130
9,5,1,4,5,3,2,3,-2,3,5,3,-1,5,3,3,-1,6,130
9,5,3,4,5,4,2,12,-3,3,2,4,-2,15,-1,4,-2,6,130
9,5,5,4,5,5,3,2,-4,2,4,6,-4,7,-1,6,-4,6,130
9,5,7,4,5,6,4,2,-5,2,2,8,-5,9,-4,8,-5,6,130
9,5,9,4,5,7,6,13,-6,2,2,11,-6,23,-5,11,-6,7,130
9,5,11,4,5,8,20,4,-7,2,2,26,-7,29,-6,26,-7,6,130
11,5,1,4,5,3,5,2,-2,2,2,6,-2,7,-1,6,-2,6,130
11,5,3,4,5,4,9,2,-3,2,2,11,-3,12,-2,11,-3,6,130
11,5,5,4,5,5,204,2,-4,2,2,207,-4,208,-3,207,-4,-1,130
11,5,7,4,5,7,2,2,-6,9,7,7,1,8,7,7,1,7,130
11,5,9,4,5,8,2,2,-7,5,2,8,-4,9,-3,8,-4,6,130
11,5,11,4,5,9,2,3,-8,3,8,9,-7,11,0,9,-7,6,130
13,5,5,4,5,6,2,3,-5,3,3,6,-4,8,-2,6,-4,6,130
13,5,7,4,5,7,3,2,-6,2,20,8,-6,9,13,8,-6,7,130
13,5,9,4,5,8,3,4,-7,2,3,9,-7,12,-5,9,-7,6,130
13,5,11,4,5,9,4,78,-8,2,2,11,-8,88,-7,11,-8,6,130
14,5,1,4,5,4,2,3,-3,3,5,4,-2,6,2,4,-2,6,130
14,5,3,4,5,5,2,12,-4,3,2,5,-3,16,-2,5,-3,6,130
14,5,5,4,5,6,3,2,-5,2,4,7,-5,8,-2,7,-5,6,130
14,5,7,4,5,7,4,2,-6,2,2,9,-6,10,-5,9,-6,6,130
12,5,1,4,5,3,25,2,-2,2,2,26,-2,27,-1,26,-2,21,130
12,5,3,4,5,5,2,2,-4,13,47,5,7,6,53,7,5,7,130
12,5,5,4,5,6,2,2,-5,6,2,6,-1,7,0,6,-1,6,130
12,5,7,4,5,7,2,2,-6,4,2,7,-4,8,-3,7,-4,6,130
12,5,9,4,5,8,2,5,-7,3,2,8,-6,12,-5,8,-6,6,130
12,5,11,4,5,9,3,2,-8,2,6,10,-8,11,-3,10,-8,6,130
13,5,1,4,5,4,2,2,-3,7,2,4,2,5,3,4,2,6,130
13,5,3,4,5,5,2,2,-4,4,3,5,-2,6,0,5,-2,6,130
14,5,9,4,5,8,6,13,-7,2,2,12,-7,24,-6,12,-7,6,130
14,5,11,4,5,9,20,4,-8,2,2,27,-8,30,-7,27,-8,6,130
16,5,1,4,5,4,5,2,-3,2,2,7,-3,8,-2,7,-3,6,130
16,5,3,4,5,5,9,2,-4,2,2,12,-4,13,-3,12,-4,6,130
16,5,5,4,5,6,204,2,-5,2,2,208,-5,209,-4,208,-5,6,130
16,5,7,4,5,8,2,2,-7,9,7,8,0,9,6,8,0,7,130
16,5,9,4,5,9,2,2,-8,5,2,9,-5,10,-4,9,-5,6,130
16,5,11,4,5,10,2,3,-9,3,8,10,-8,12,-1,10,-8,6,130
17,5,1,4,5,4,25,2,-3,2,2,27,-3,28,-2,27,-3,20,130
17,5,3,4,5,6,2,2,-5,13,47,6,6,7,52,6,6,6,130
17,5,5,4,5,7,2,2,-6,6,2,7,-2,8,-1,7,-2,6,130
17,5,7,4,5,8,2,2,-7,4,2,8,-5,9,-4,8,-5,6,130
17,5,9,4,5,9,2,5,-8,3,2,9,-7,13,-6,9,-7,6,130
17,5,11,4,5,10,3,2,-9,2,6,11,-9,12,-4,11,-9,6,130
18,5,1,4,5,5,2,2,-4,7,2,5,1,6,2,5,1,6,130
18,5,3,4,5,6,2,2,-5,4,3,6,-3,7,-1,6,-3,6,130
18,5,5,4,5,7,2,3,-6,3,3,7,-5,9,-3,7,-5,6,130
18,5,7,4,5,8,3,2,-7,2,20,9,-7,10,12,9,-7,6,130
18,5,9,4,5,9,3,4,-8,2,3,10,-8,13,-6,10,-8,6,130
18,5,11,4,5,10,4,78,-9,2,2,12,-9,89,-8,12,-9,7,130
19,5,1,4,5,5,2,3,-4,3,5,5,-3,7,1,5,-3,6,130
19,5,3,4,5,6,2,12,-5,3,2,6,-4,17,-3,6,-4,9,130
19,5,5,4,5,7,3,2,-6,2,4,8,-6,9,-3,8,-6,6,130
19,5,7,4,5,8,4,2,-7,2,2,10,-7,11,-6,10,-7,6,130
19,5,9,4,5,9,6,13,-8,2,2,13,-8,25,-7,13,-8,6,130
19,5,11,4,5,10,20,4,-9,2,2,28,-9,31,-8,28,-9,6,130
-19,5,1,5,5,-3,3,7,4,2,3,-2,4,4,6,4,-2,6,130
-19,5,2,5,5,-2,2,2,3,11,3,-2,12,-1,14,12,-2,7,130
-19,5,3,5,5,-2,3,2,3,2,7,-1,3,0,9,3,-1,6,130
-19,5,4,5,5,-2,90,4,3,2,2,86,3,89,4,86,3,86,130
-19,5,6,5,5,-1,9,3,2,2,2,6,2,8,3,6,2,6,130
-19,5,7,5,5,0,2,2,1,4,2,0,3,1,4,3,0,7,130
-19,5,8,5,5,0,5,2,1,2,2,3,1,4,2,3,1,6,130
-19,5,9,5,5,1,2,2,0,5,2,1,3,2,4,3,1,6,130
-19,5,11,5,5,2,2,2,-1,9,2,2,6,3,7,6,2,6,130
-19,5,12,5,5,2,3,2,-1,2,5,3,-1,4,3,3,-1,7,130
-19,5,13,5,5,3,2,2,-2,73,3,3,69,4,71,69,3,69,130
-19,5,14,5,5,3,2,7,-2,3,2,3,-1,9,0,3,-1,6,130
-18,5,1,5,5,-3,7,3,4,2,2,2,4,4,5,4,2,6,130
-18,5,2,5,5,-2,2,2,3,4,2,-2,5,-1,6,5,-2,6,130
-18,5,3,5,5,-2,4,8,3,2,2,0,3,7,4,3,0,6,130
-18,5,4,5,5,-1,2,2,2,6,2,-1,6,0,7,6,-1,6,130
-18,5,6,5,5,0,2,2,1,13,2,0,12,1,13,12,0,11,130
-18,5,7,5,5,0,3,2,1,2,9,1,1,2,9,1,1,6,130
-18,5,8,5,5,0,45,8,1,2,2,43,1,50,2,43,1,43,130
-18,5,9,5,5,1,2,4,0,3,2,1,1,4,2,1,1,6,130
-18,5,11,5,5,2,2,2,-1,4,2,2,1,3,2,2,1,6,130
-18,5,12,5,5,2,5,2,-1,2,2,5,-1,6,0,5,-1,6,130
-18,5,13,5,5,3,2,2,-2,5,4,3,1,4,4,3,1,6,130
-18,5,14,5,5,3,3,20,-2,2,3,4,-2,23,0,4,-2,6,130
-17,5,1,5,5,-2,2,2,3,22,2,-2,23,-1,24,23,-2,18,130
-17,5,2,5,5,-2,2,46,3,3,2,-2,4,43,5,4,-2,6,130
-17,5,3,5,5,-2,18,2,3,2,2,14,3,15,4,14,3,14,130
-17,5,4,5,5,-1,2,3,2,3,3,-1,3,1,5,3,-1,6,130
-17,5,6,5,5,0,2,2,1,4,3,0,3,1,5,3,0,6,130
-17,5,7,5,5,0,4,4,1,2,2,2,1,5,2,2,1,6,130
-17,5,8,5,5,1,2,2,0,6,3,1,4,2,6,4,1,6,130
-17,5,9,5,5,1,3,3,0,2,3,2,0,4,2,2,0,6,130
-17,5,11,5,5,2,3,2,-1,2,14,3,-1,4,12,3,-1,7,130
-17,5,12,5,5,2,30,11,-1,2,2,30,-1,40,0,30,-1,27,130
-17,5,13,5,5,3,2,4,-2,3,2,3,-1,6,0,3,-1,6,130
-17,5,14,5,5,3,8,2,-2,2,2,9,-2,10,-1,9,-2,6,130
-16,5,1,5,5,-2,2,2,3,5,2,-2,6,-1,7,6,-2,6,130
-16,5,2,5,5,-2,4,2,3,2,2,0,3,1,4,3,0,6,130
-16,5,3,5,5,-1,2,2,2,8,2,-1,8,0,9,8,-1,7,130
-16,5,4,5,5,-1,3,2,2,2,4,0,2,1,5,2,0,6,130
-16,5,6,5,5,0,2,16,1,3,2,0,2,15,3,2,0,6,130
-16,5,7,5,5,0,15,2,1,2,2,13,1,14,2,13,1,13,130
-16,5,8,5,5,1,2,3,0,3,3,1,1,3,3,1,1,6,130
-16,5,9,5,5,1,6,4,0,2,2,5,0,8,1,5,0,6,130
-16,5,11,5,5,2,4,3,-1,2,2,4,-1,6,0,4,-1,6,130
-16,5,12,5,5,3,2,2,-2,7,2,3,3,4,4,3,3,8,130
-16,5,13,5,5,3,3,3,-2,2,3,4,-2,6,0,4,-2,6,130
-16,5,14,5,5,4,2,2,-3,17,2,4,12,5,13,12,4,12,130
-14,5,1,5,5,-2,3,7,3,2,3,-1,3,5,5,3,-1,6,130
-14,5,2,5,5,-1,2,2,2,11,3,-1,11,0,13,11,-1,8,130
-14,5,3,5,5,-1,3,2,2,2,7,0,2,1,8,2,0,6,130
-14,5,4,5,5,-1,90,4,2,2,2,87,2,90,3,87,2,87,130
-14,5,6,5,5,0,9,3,1,2,2,7,1,9,2,7,1,7,130
-14,5,7,5,5,1,2,2,0,4,2,1,2,2,3,2,1,7,130
-14,5,8,5,5,1,5,2,0,2,2,4,0,5,1,4,0,6,130
-14,5,9,5,5,2,2,2,-1,5,2,2,2,3,3,2,2,6,130
-14,5,11,5,5,3,2,2,-2,9,2,3,5,4,6,5,3,6,130
-14,5,12,5,5,3,3,2,-2,2,5,4,-2,5,2,4,-2,6,130
-14,5,13,5,5,4,2,2,-3,73,3,4,68,5,70,68,4,68,130
-14,5,14,5,5,4,2,7,-3,3,2,4,-2,10,-1,4,-2,6,130
-13,5,1,5,5,-2,7,3,3,2,2,3,3,5,4,3,3,6,130
-13,5,2,5,5,-1,2,2,2,4,2,-1,4,0,5,4,-1,6,130
-13,5,3,5,5,-1,4,8,2,2,2,1,2,8,3,2,1,6,130
-13,5,4,5,5,0,2,2,1,6,2,0,5,1,6,5,0,7,130
-13,5,6,5,5,1,2,2,0,13,2,1,11,2,12,11,1,11,130
-13,5,7,5,5,1,3,2,0,2,9,2,0,3,8,2,0,6,130
-13,5,8,5,5,1,45,8,0,2,2,44,0,51,1,44,0,43,130
-13,5,9,5,5,2,2,4,-1,3,2,2,0,5,1,2,0,6,130
-13,5,11,5,5,3,2,2,-2,4,2,3,0,4,1,3,0,6,130
-13,5,12,5,5,3,5,2,-2,2,2,6,-2,7,-1,6,-2,7,130
-13,5,13,5,5,4,2,2,-3,5,4,4,0,5,3,4,0,6,130
-13,5,14,5,5,4,3,20,-3,2,3,5,-3,24,-1,5,-3,6,130
-12,5,1,5,5,-1,2,2,2,22,2,-1,22,0,23,22,-1,19,130
-12,5,2,5,5,-1,2,46,2,3,2,-1,3,44,4,3,-1,7,130
-12,5,3,5,5,-1,18,2,2,2,2,15,2,16,3,15,2,15,130
-12,5,4,5,5,0,2,3,1,3,3,0,2,2,4,2,0,6,130
-12,5,6,5,5,1,2,2,0,4,3,1,2,2,4,2,1,6,130
-12,5,7,5,5,1,4,4,0,2,2,3,0,6,1,3,0,6,130
-12,5,8,5,5,2,2,2,-1,6,3,2,3,3,5,3,2,6,130
-12,5,9,5,5,2,3,3,-1,2,3,3,-1,5,1,3,-1,6,130
-12,5,11,5,5,3,3,2,-2,2,14,4,-2,5,11,4,-2,6,130
-12,5,12,5,5,3,30,11,-2,2,2,31,-2,41,-1,31,-2,26,130
-12,5,13,5,5,4,2,4,-3,3,2,4,-2,7,-1,4,-2,6,130
-12,5,14,5,5,4,8,2,-3,2,2,10,-3,11,-2,10,-3,6,130
-11,5,1,5,5,-1,2,2,2,5,2,-1,5,0,6,5,-1,6,130
-11,5,2,5,5,-1,4,2,2,2,2,1,2,2,3,2,1,6,130
-11,5,13,5,5,4,3,3,-3,2,3,5,-3,7,-1,5,-3,7,130
-11,5,14,5,5,5,2,2,-4,17,2,5,11,6,12,11,5,11,130
-9,5,1,5,5,-1,3,7,2,2,3,0,2,6,4,2,0,6,130
-9,5,2,5,5,0,2,2,1,11,3,0,10,1,12,10,0,9,130
-9,5,3,5,5,0,3,2,1,2,7,1,1,2,7,1,1,6,130
-9,5,4,5,5,0,90,4,1,2,2,88,1,91,2,88,1,88,130
-9,5,6,5,5,1,9,3,0,2,2,8,0,10,1,8,0,7,130
-9,5,7,5,5,2,2,2,-1,4,2,2,1,3,2,2,1,6,130
-11,5,3,5,5,0,2,2,1,8,2,0,7,1,8,7,0,6,130
-11,5,4,5,5,0,3,2,1,2,4,1,1,2,4,1,1,6,130
-11,5,6,5,5,1,2,16,0,3,2,1,1,16,2,1,1,6,130
-11,5,7,5,5,1,15,2,0,2,2,14,0,15,1,14,0,13,130
-11,5,8,5,5,2,2,3,-1,3,3,2,0,4,2,2,0,6,130
-11,5,9,5,5,2,6,4,-1,2,2,6,-1,9,0,6,-1,8,130
-11,5,11,5,5,3,4,3,-2,2,2,5,-2,7,-1,5,-2,6,130
-11,5,12,5,5,4,2,2,-3,7,2,4,2,5,3,4,2,8,130
-8,5,3,5,5,0,4,8,1,2,2,2,1,9,2,2,1,6,130
-8,5,4,5,5,1,2,2,0,6,2,1,4,2,5,4,1,8,130
-8,5,6,5,5,2,2,2,-1,13,2,2,10,3,11,10,2,10,130
-8,5,7,5,5,2,3,2,-1,2,9,3,-1,4,7,3,-1,7,130
-8,5,8,5,5,2,45,8,-1,2,2,45,-1,52,0,45,-1,42,130
-8,5,9,5,5,3,2,4,-2,3,2,3,-1,6,0,3,-1,6,130
-8,5,11,5,5,4,2,2,-3,4,2,4,-1,5,0,4,-1,6,130
-8,5,12,5,5,4,5,2,-3,2,2,7,-3,8,-2,7,-3,6,130
-9,5,8,5,5,2,5,2,-1,2,2,5,-1,6,0,5,-1,6,130
-9,5,9,5,5,3,2,2,-2,5,2,3,1,4,2,3,1,6,130
-9,5,11,5,5,4,2,2,-3,9,2,4,4,5,5,4,4,6,130
-9,5,12,5,5,4,3,2,-3,2,5,5,-3,6,1,5,-3,6,130
-9,5,13,5,5,5,2,2,-4,73,3,5,67,6,69,67,5,67,130
-9,5,14,5,5,5,2,7,-4,3,2,5,-3,11,-2,5,-3,6,130
-8,5,1,5,5,-1,7,3,2,2,2,4,2,6,3,4,2,6,130
-8,5,2,5,5,0,2,2,1,4,2,0,3,1,4,3,0,6,130
-8,5,13,5,5,5,2,2,-4,5,4,5,-1,6,2,5,-1,6,130
-8,5,14,5,5,5,3,20,-4,2,3,6,-4,25,-2,6,-4,7,130
-7,5,1,5,5,0,2,2,1,22,2,0,21,1,22,21,0,20,130
-7,5,2,5,5,0,2,46,1,3,2,0,2,45,3,2,0,6,130
-7,5,3,5,5,0,18,2,1,2,2,16,1,17,2,16,1,16,130
-7,5,4,5,5,1,2,3,0,3,3,1,1,3,3,1,1,6,130
-7,5,6,5,5,2,2,2,-1,4,3,2,1,3,3,2,1,6,130
-7,5,7,5,5,2,4,4,-1,2,2,4,-1,7,0,4,-1,6,130
-7,5,8,5,5,3,2,2,-2,6,3,3,2,4,4,3,2,6,130
-7,5,9,5,5,3,3,3,-2,2,3,4,-2,6,0,4,-2,6,130
-7,5,11,5,5,4,3,2,-3,2,14,5,-3,6,10,5,-3,6,130
-7,5,12,5,5,4,30,11,-3,2,2,32,-3,42,-2,32,-3,25,130
-7,5,13,5,5,5,2,4,-4,3,2,5,-3,8,-2,5,-3,6,130
-7,5,14,5,5,5,8,2,-4,2,2,11,-4,12,-3,11,-4,8,130
-6,5,1,5,5,0,2,2,1,5,2,0,4,1,5,4,0,6,130
-6,5,2,5,5,0,4,2,1,2,2,2,1,3,2,2,1,6,130
-6,5,3,5,5,1,2,2,0,8,2,1,6,2,7,6,1,6,130
-6,5,4,5,5,1,3,2,0,2,4,2,0,3,3,2,0,6,130
-6,5,6,5,5,2,2,16,-1,3,2,2,0,17,1,2,0,6,130
-6,5,7,5,5,2,15,2,-1,2,2,15,-1,16,0,15,-1,12,130
-6,5,8,5,5,3,2,3,-2,3,3,3,-1,5,1,3,-1,6,130
-6,5,9,5,5,3,6,4,-2,2,2,7,-2,10,-1,7,-2,6,130
-6,5,11,5,5,4,4,3,-3,2,2,6,-3,8,-2,6,-3,6,130
-6,5,12,5,5,5,2,2,-4,7,2,5,1,6,2,5,1,7,130
-6,5,13,5,5,5,3,3,-4,2,3,6,-4,8,-2,6,-4,6,130
-6,5,14,5,5,6,2,2,-5,17,2,6,10,7,11,10,6,10,130
-4,5,1,5,5,0,3,7,1,2,3,1,1,7,3,1,1,6,130
-4,5,2,5,5,1,2,2,0,11,3,1,9,2,11,9,1,9,130
-4,5,3,5,5,1,3,2,0,2,7,2,0,3,6,2,0,6,130
-4,5,4,5,5,1,90,4,0,2,2,89,0,92,1,89,0,88,130
-4,5,6,5,5,2,9,3,-1,2,2,9,-1,11,0,9,-1,6,130
-4,5,7,5,5,3,2,2,-2,4,2,3,0,4,1,3,0,6,130
-4,5,8,5,5,3,5,2,-2,2,2,6,-2,7,-1,6,-2,8,130
-4,5,9,5,5,4,2,2,-3,5,2,4,0,5,1,4,0,6,130
-4,5,11,5,5,5,2,2,-4,9,2,5,3,6,4,5,3,6,130
-4,5,12,5,5,5,3,2,-4,2,5,6,-4,7,0,6,-4,6,130
-4,5,13,5,5,6,2,2,-5,73,3,6,66,7,68,66,6,66,130
-4,5,14,5,5,6,2,7,-5,3,2,6,-4,12,-3,6,-4,6,130
-3,5,1,5,5,0,7,3,1,2,2,5,1,7,2,5,1,6,130
-3,5,2,5,5,1,2,2,0,4,2,1,2,2,3,2,1,6,130
-3,5,3,5,5,1,4,8,0,2,2,3,0,10,1,3,0,6,130
-3,5,4,5,5,2,2,2,-1,6,2,2,3,3,4,3,2,6,130
-3,5,6,5,5,3,2,2,-2,13,2,3,9,4,10,9,3,9,130
-3,5,7,5,5,3,3,2,-2,2,9,4,-2,5,6,4,-2,6,130
-3,5,8,5,5,3,45,8,-2,2,2,46,-2,53,-1,46,-2,41,130
-3,5,9,5,5,4,2,4,-3,3,2,4,-2,7,-1,4,-2,6,130
-3,5,11,5,5,5,2,2,-4,4,2,5,-2,6,-1,5,-2,6,130
-3,5,12,5,5,5,5,2,-4,2,2,8,-4,9,-3,8,-4,6,130
-3,5,13,5,5,6,2,2,-5,5,4,6,-2,7,1,6,-2,6,130
-3,5,14,5,5,6,3,20,-5,2,3,7,-5,26,-3,7,-5,7,130
-2,5,1,5,5,1,2,2,0,22,2,1,20,2,21,20,1,20,130
-2,5,2,5,5,1,2,46,0,3,2,1,1,46,2,1,1,6,130
-2,5,3,5,5,1,18,2,0,2,2,17,0,18,1,17,0,16,130
-2,5,4,5,5,2,2,3,-1,3,3,2,0,4,2,2,0,6,130
-2,5,6,5,5,3,2,2,-2,4,3,3,0,4,2,3,0,6,130
-2,5,7,5,5,3,4,4,-2,2,2,5,-2,8,-1,5,-2,6,130
-2,5,8,5,5,4,2,2,-3,6,3,4,1,5,3,4,1,6,130
-2,5,9,5,5,4,3,3,-3,2,3,5,-3,7,-1,5,-3,6,130
-2,5,11,5,5,5,3,2,-4,2,14,6,-4,7,9,6,-4,6,130
-2,5,12,5,5,5,30,11,-4,2,2,33,-4,43,-3,33,-4,24,130
-2,5,13,5,5,6,2,4,-5,3,2,6,-4,9,-3,6,-4,6,130
-2,5,14,5,5,6,8,2,-5,2,2,12,-5,13,-4,12,-5,6,130
-1,5,1,5,5,1,2,2,0,5,2,1,3,2,4,3,1,6,130
-1,5,2,5,5,1,4,2,0,2,2,3,0,4,1,3,0,6,130
-1,5,3,5,5,2,2,2,-1,8,2,2,5,3,6,5,2,6,130
-1,5,4,5,5,2,3,2,-1,2,4,3,-1,4,2,3,-1,6,130
-1,5,6,5,5,3,2,16,-2,3,2,3,-1,18,0,3,-1,7,130
-1,5,7,5,5,3,15,2,-2,2,2,16,-2,17,-1,16,-2,11,130
-1,5,8,5,5,4,2,3,-3,3,3,4,-2,6,0,4,-2,6,130
-1,5,9,5,5,4,6,4,-3,2,2,8,-3,11,-2,8,-3,6,130
-1,5,11,5,5,5,4,3,-4,2,2,7,-4,9,-3,7,-4,6,130
-1,5,12,5,5,6,2,2,-5,7,2,6,0,7,1,6,0,6,130
-1,5,13,5,5,6,3,3,-5,2,3,7,-5,9,-3,7,-5,6,130
-1,5,14,5,5,7,2,2,-6,17,2,7,9,8,10,9,7,9,130
1,5,1,5,5,1,3,7,0,2,3,2,0,8,2,2,0,6,130
1,5,2,5,5,2,2,2,-1,11,3,2,8,3,10,8,2,8,130
1,5,3,5,5,2,3,2,-1,2,7,3,-1,4,5,3,-1,6,130
1,5,4,5,5,2,90,4,-1,2,2,90,-1,93,0,90,-1,87,130
1,5,6,5,5,3,9,3,-2,2,2,10,-2,12,-1,10,-2,6,130
1,5,7,5,5,4,2,2,-3,4,2,4,-1,5,0,4,-1,6,130
1,5,8,5,5,4,5,2,-3,2,2,7,-3,8,-2,7,-3,6,130
1,5,9,5,5,5,2,2,-4,5,2,5,-1,6,0,5,-1,6,130
1,5,11,5,5,6,2,2,-5,9,2,6,2,7,3,6,2,6,130
1,5,12,5,5,6,3,2,-5,2,5,7,-5,8,-1,7,-5,6,130
1,5,13,5,5,7,2,2,-6,73,3,7,65,8,67,65,7,65,130
1,5,14,5,5,7,2,7,-6,3,2,7,-5,13,-4,7,-5,6,130
2,5,1,5,5,1,7,3,0,2,2,6,0,8,1,6,0,6,130
2,5,2,5,5,2,2,2,-1,4,2,2,1,3,2,2,1,6,130
2,5,3,5,5,2,4,8,-1,2,2,4,-1,11,0,4,-1,6,130
2,5,4,5,5,3,2,2,-2,6,2,3,2,4,3,3,2,6,130
2,5,6,5,5,4,2,2,-3,13,2,4,8,5,9,8,4,8,130
2,5,7,5,5,4,3,2,-3,2,9,5,-3,6,5,5,-3,6,130
2,5,8,5,5,4,45,8,-3,2,2,47,-3,54,-2,47,-3,40,130
2,5,9,5,5,5,2,4,-4,3,2,5,-3,8,-2,5,-3,6,130
2,5,11,5,5,6,2,2,-5,4,2,6,-3,7,-2,6,-3,6,130
2,5,12,5,5,6,5,2,-5,2,2,9,-5,10,-4,9,-5,6,130
2,5,13,5,5,7,2,2,-6,5,4,7,-3,8,0,7,-3,6,130
2,5,14,5,5,7,3,20,-6,2,3,8,-6,27,-4,8,-6,7,130
3,5,1,5,5,2,2,2,-1,22,2,2,19,3,20,19,2,19,130
3,5,2,5,5,2,2,46,-1,3,2,2,0,47,1,2,0,6,130
3,5,3,5,5,2,18,2,-1,2,2,18,-1,19,0,18,-1,15,130
3,5,4,5,5,3,2,3,-2,3,3,3,-1,5,1,3,-1,6,130
3,5,6,5,5,4,2,2,-3,4,3,4,-1,5,1,4,-1,6,130
3,5,7,5,5,4,4,4,-3,2,2,6,-3,9,-2,6,-3,6,130
3,5,8,5,5,5,2,2,-4,6,3,5,0,6,2,5,0,6,130
3,5,9,5,5,5,3,3,-4,2,3,6,-4,8,-2,6,-4,6,130
3,5,11,5,5,6,3,2,-5,2,14,7,-5,8,8,7,-5,7,130
3,5,12,5,5,6,30,11,-5,2,2,34,-5,44,-4,34,-5,6,130
3,5,13,5,5,7,2,4,-6,3,2,7,-5,10,-4,7,-5,6,130
3,5,14,5,5,7,8,2,-6,2,2,13,-6,14,-5,13,-6,6,130
4,5,1,5,5,2,2,2,-1,5,2,2,2,3,3,2,2,6,130
4,5,2,5,5,2,4,2,-1,2,2,4,-1,5,0,4,-1,6,130
4,5,3,5,5,3,2,2,-2,8,2,3,4,4,5,4,3,9,130
4,5,4,5,5,3,3,2,-2,2,4,4,-2,5,1,4,-2,6,130
4,5,6,5,5,4,2,16,-3,3,2,4,-2,19,-1,4,-2,6,130
4,5,7,5,5,4,15,2,-3,2,2,17,-3,18,-2,17,-3,10,130
4,5,8,5,5,5,2,3,-4,3,3,5,-3,7,-1,5,-3,6,130
4,5,9,5,5,5,6,4,-4,2,2,9,-4,12,-3,9,-4,6,130
4,5,11,5,5,6,4,3,-5,2,2,8,-5,10,-4,8,-5,6,130
4,5,12,5,5,7,2,2,-6,7,2,7,-1,8,0,7,-1,6,130
4,5,13,5,5,7,3,3,-6,2,3,8,-6,10,-4,8,-6,6,130
4,5,14,5,5,8,2,2,-7,17,2,8,8,9,9,8,8,6,130
6,5,1,5,5,2,3,7,-1,2,3,3,-1,9,1,3,-1,6,130
6,5,2,5,5,3,2,2,-2,11,3,3,7,4,9,7,3,7,130
6,5,3,5,5,3,3,2,-2,2,7,4,-2,5,4,4,-2,6,130
6,5,4,5,5,3,90,4,-2,2,2,91,-2,94,-1,91,-2,86,130
6,5,6,5,5,4,9,3,-3,2,2,11,-3,13,-2,11,-3,6,130
6,5,7,5,5,5,2,2,-4,4,2,5,-2,6,-1,5,-2,8,130
6,5,8,5,5,5,5,2,-4,2,2,8,-4,9,-3,8,-4,6,130
6,5,9,5,5,6,2,2,-5,5,2,6,-2,7,-1,6,-2,6,130
6,5,11,5,5,7,2,2,-6,9,2,7,1,8,2,7,1,6,130
6,5,12,5,5,7,3,2,-6,2,5,8,-6,9,-2,8,-6,6,130
6,5,13,5,5,8,2,2,-7,73,3,8,64,9,66,64,8,6,130
6,5,14,5,5,8,2,7,-7,3,2,8,-6,14,-5,8,-6,6,130
7,5,1,5,5,2,7,3,-1,2,2,7,-1,9,0,7,-1,6,130
7,5,2,5,5,3,2,2,-2,4,2,3,0,4,1,3,0,6,130
7,5,3,5,5,3,4,8,-2,2,2,5,-2,12,-1,5,-2,6,130
7,5,4,5,5,4,2,2,-3,6,2,4,1,5,2,4,1,6,130
7,5,6,5,5,5,2,2,-4,13,2,5,7,6,8,7,5,7,130
7,5,7,5,5,5,3,2,-4,2,9,6,-4,7,4,6,-4,6,130
7,5,8,5,5,5,45,8,-4,2,2,48,-4,55,-3,48,-4,39,130
7,5,9,5,5,6,2,4,-5,3,2,6,-4,9,-3,6,-4,6,130
7,5,11,5,5,7,2,2,-6,4,2,7,-4,8,-3,7,-4,6,130
7,5,12,5,5,7,5,2,-6,2,2,10,-6,11,-5,10,-6,6,130
7,5,13,5,5,8,2,2,-7,5,4,8,-4,9,-1,8,-4,6,130
7,5,14,5,5,8,3,20,-7,2,3,9,-7,28,-5,9,-7,6,130
8,5,1,5,5,3,2,2,-2,22,2,3,18,4,19,18,3,18,130
8,5,2,5,5,3,2,46,-2,3,2,3,-1,48,0,3,-1,7,130
8,5,3,5,5,3,18,2,-2,2,2,19,-2,20,-1,19,-2,14,130
8,5,4,5,5,4,2,3,-3,3,3,4,-2,6,0,4,-2,6,130
8,5,6,5,5,5,2,2,-4,4,3,5,-2,6,0,5,-2,6,130
8,5,7,5,5,5,4,4,-4,2,2,7,-4,10,-3,7,-4,6,130
8,5,8,5,5,6,2,2,-5,6,3,6,-1,7,1,6,-1,6,130
8,5,9,5,5,6,3,3,-5,2,3,7,-5,9,-3,7,-5,6,130
8,5,11,5,5,7,3,2,-6,2,14,8,-6,9,7,8,-6,7,130
8,5,12,5,5,7,30,11,-6,2,2,35,-6,45,-5,35,-6,7,130
8,5,13,5,5,8,2,4,-7,3,2,8,-6,11,-5,8,-6,6,130
8,5,14,5,5,8,8,2,-7,2,2,14,-7,15,-6,14,-7,6,130
9,5,1,5,5,3,2,2,-2,5,2,3,1,4,2,3,1,6,130
9,5,2,5,5,3,4,2,-2,2,2,5,-2,6,-1,5,-2,6,130
9,5,3,5,5,4,2,2,-3,8,2,4,3,5,4,4,3,11,130
9,5,4,5,5,4,3,2,-3,2,4,5,-3,6,0,5,-3,6,130
9,5,6,5,5,5,2,16,-4,3,2,5,-3,20,-2,5,-3,6,130
9,5,7,5,5,5,15,2,-4,2,2,18,-4,19,-3,18,-4,9,130
9,5,8,5,5,6,2,3,-5,3,3,6,-4,8,-2,6,-4,6,130
9,5,9,5,5,6,6,4,-5,2,2,10,-5,13,-4,10,-5,6,130
9,5,11,5,5,7,4,3,-6,2,2,9,-6,11,-5,9,-6,6,130
9,5,12,5,5,8,2,2,-7,7,2,8,-2,9,-1,8,-2,6,130
9,5,13,5,5,8,3,3,-7,2,3,9,-7,11,-5,9,-7,7,130
9,5,14,5,5,9,2,2,-8,17,2,9,7,10,8,9,7,6,130
11,5,1,5,5,3,3,7,-2,2,3,4,-2,10,0,4,-2,6,130
11,5,2,5,5,4,2,2,-3,11,3,4,6,5,8,6,4,6,130
11,5,3,5,5,4,3,2,-3,2,7,5,-3,6,3,5,-3,6,130
11,5,4,5,5,4,90,4,-3,2,2,92,-3,95,-2,92,-3,85,130
11,5,6,5,5,5,9,3,-4,2,2,12,-4,14,-3,12,-4,6,130
11,5,7,5,5,6,2,2,-5,4,2,6,-3,7,-2,6,-3,6,130
11,5,8,5,5,6,5,2,-5,2,2,9,-5,10,-4,9,-5,7,130
11,5,9,5,5,7,2,2,-6,5,2,7,-3,8,-2,7,-3,6,130
11,5,11,5,5,8,2,2,-7,9,2,8,0,9,1,8,0,6,130
11,5,12,5,5,8,3,2,-7,2,5,9,-7,10,-3,9,-7,6,130
11,5,13,5,5,9,2,2,-8,73,3,9,63,10,65,63,9,6,130
11,5,14,5,5,9,2,7,-8,3,2,9,-7,15,-6,9,-7,6,130
12,5,1,5,5,3,7,3,-2,2,2,8,-2,10,-1,8,-2,6,130
12,5,2,5,5,4,2,2,-3,4,2,4,-1,5,0,4,-1,6,130
12,5,3,5,5,4,4,8,-3,2,2,6,-3,13,-2,6,-3,11,130
12,5,4,5,5,5,2,2,-4,6,2,5,0,6,1,5,0,6,130
12,5,6,5,5,6,2,2,-5,13,2,6,6,7,7,6,6,6,130
12,5,7,5,5,6,3,2,-5,2,9,7,-5,8,3,7,-5,6,130
12,5,8,5,5,6,45,8,-5,2,2,49,-5,56,-4,49,-5,6,130
12,5,9,5,5,7,2,4,-6,3,2,7,-5,10,-4,7,-5,6,130
12,5,11,5,5,8,2,2,-7,4,2,8,-5,9,-4,8,-5,6,130
12,5,12,5,5,8,5,2,-7,2,2,11,-7,12,-6,11,-7,6,130
12,5,13,5,5,9,2,2,-8,5,4,9,-5,10,-2,9,-5,6,130
12,5,14,5,5,9,3,20,-8,2,3,10,-8,29,-6,10,-8,7,130
13,5,1,5,5,4,2,2,-3,22,2,4,17,5,18,17,4,17,130
13,5,2,5,5,4,2,46,-3,3,2,4,-2,49,-1,4,-2,6,130
13,5,3,5,5,4,18,2,-3,2,2,20,-3,21,-2,20,-3,13,130
13,5,4,5,5,5,2,3,-4,3,3,5,-3,7,-1,5,-3,6,130
13,5,6,5,5,6,2,2,-5,4,3,6,-3,7,-1,6,-3,6,130
13,5,7,5,5,6,4,4,-5,2,2,8,-5,11,-4,8,-5,6,130
13,5,8,5,5,7,2,2,-6,6,3,7,-2,8,0,7,-2,6,130
13,5,9,5,5,7,3,3,-6,2,3,8,-6,10,-4,8,-6,6,130
13,5,11,5,5,8,3,2,-7,2,14,9,-7,10,6,9,-7,6,130
13,5,12,5,5,8,30,11,-7,2,2,36,-7,46,-6,36,-7,6,130
13,5,13,5,5,9,2,4,-8,3,2,9,-7,12,-6,9,-7,6,130
13,5,14,5,5,9,8,2,-8,2,2,15,-8,16,-7,15,-8,6,130
14,5,1,5,5,4,2,2,-3,5,2,4,0,5,1,4,0,7,130
14,5,2,5,5,4,4,2,-3,2,2,6,-3,7,-2,6,-3,6,130
19,5,13,5,5,10,3,3,-9,2,3,11,-9,13,-7,11,-9,6,130
19,5,14,5,5,11,2,2,-10,17,2,11,5,12,6,11,5,6,130
14,5,3,5,5,5,2,2,-4,8,2,5,2,6,3,5,2,9,130
14,5,4,5,5,5,3,2,-4,2,4,6,-4,7,-1,6,-4,6,130
14,5,6,5,5,6,2,16,-5,3,2,6,-4,21,-3,6,-4,6,130
14,5,7,5,5,6,15,2,-5,2,2,19,-5,20,-4,19,-5,6,130
14,5,8,5,5,7,2,3,-6,3,3,7,-5,9,-3,7,-5,6,130
14,5,9,5,5,7,6,4,-6,2,2,11,-6,14,-5,11,-6,6,130
14,5,11,5,5,8,4,3,-7,2,2,10,-7,12,-6,10,-7,6,130
14,5,12,5,5,9,2,2,-8,7,2,9,-3,10,-2,9,-3,6,130
14,5,13,5,5,9,3,3,-8,2,3,10,-8,12,-6,10,-8,6,130
14,5,14,5,5,10,2,2,-9,17,2,10,6,11,7,10,6,7,130
16,5,1,5,5,4,3,7,-3,2,3,5,-3,11,-1,5,-3,6,130
16,5,2,5,5,5,2,2,-4,11,3,5,5,6,7,5,5,6,130
16,5,3,5,5,5,3,2,-4,2,7,6,-4,7,2,6,-4,6,130
16,5,4,5,5,5,90,4,-4,2,2,93,-4,96,-3,93,-4,84,130
16,5,6,5,5,6,9,3,-5,2,2,13,-5,15,-4,13,-5,6,130
16,5,7,5,5,7,2,2,-6,4,2,7,-4,8,-3,7,-4,6,130
16,5,8,5,5,7,5,2,-6,2,2,10,-6,11,-5,10,-6,6,130
16,5,9,5,5,8,2,2,-7,5,2,8,-4,9,-3,8,-4,6,130
16,5,11,5,5,9,2,2,-8,9,2,9,-1,10,0,9,-1,6,130
16,5,12,5,5,9,3,2,-8,2,5,10,-8,11,-4,10,-8,6,130
16,5,13,5,5,10,2,2,-9,73,3,10,62,11,64,62,10,6,130
16,5,14,5,5,10,2,7,-9,3,2,10,-8,16,-7,10,-8,6,130
17,5,1,5,5,4,7,3,-3,2,2,9,-3,11,-2,9,-3,6,130
17,5,2,5,5,5,2,2,-4,4,2,5,-2,6,-1,5,-2,6,130
17,5,13,5,5,10,2,2,-9,5,4,10,-6,11,-3,10,-6,6,130
17,5,14,5,5,10,3,20,-9,2,3,11,-9,30,-7,11,-9,6,130
18,5,1,5,5,5,2,2,-4,22,2,5,16,6,17,16,5,16,130
18,5,2,5,5,5,2,46,-4,3,2,5,-3,50,-2,5,-3,6,130
18,5,3,5,5,5,18,2,-4,2,2,21,-4,22,-3,21,-4,12,130
18,5,4,5,5,6,2,3,-5,3,3,6,-4,8,-2,6,-4,6,130
18,5,6,5,5,7,2,2,-6,4,3,7,-4,8,-2,7,-4,6,130
18,5,7,5,5,7,4,4,-6,2,2,9,-6,12,-5,9,-6,6,130
17,5,3,5,5,5,4,8,-4,2,2,7,-4,14,-3,7,-4,6,130
17,5,4,5,5,6,2,2,-5,6,2,6,-1,7,0,6,-1,6,130
17,5,6,5,5,7,2,2,-6,13,2,7,5,8,6,7,5,6,130
17,5,7,5,5,7,3,2,-6,2,9,8,-6,9,2,8,-6,6,130
17,5,8,5,5,7,45,8,-6,2,2,50,-6,57,-5,50,-6,7,130
17,5,9,5,5,8,2,4,-7,3,2,8,-6,11,-5,8,-6,6,130
17,5,11,5,5,9,2,2,-8,4,2,9,-6,10,-5,9,-6,6,130
17,5,12,5,5,9,5,2,-8,2,2,12,-8,13,-7,12,-8,6,130
18,5,8,5,5,8,2,2,-7,6,3,8,-3,9,-1,8,-3,6,130
18,5,9,5,5,8,3,3,-7,2,3,9,-7,11,-5,9,-7,6,130
18,5,11,5,5,9,3,2,-8,2,14,10,-8,11,5,10,-8,6,130
18,5,12,5,5,9,30,11,-8,2,2,37,-8,47,-7,37,-8,6,130
18,5,13,5,5,10,2,4,-9,3,2,10,-8,13,-7,10,-8,6,130
18,5,14,5,5,10,8,2,-9,2,2,16,-9,17,-8,16,-9,6,130
19,5,1,5,5,5,2,2,-4,5,2,5,-1,6,0,5,-1,7,130
19,5,2,5,5,5,4,2,-4,2,2,7,-4,8,-3,7,-4,6,130
19,5,3,5,5,6,2,2,-5,8,2,6,1,7,2,6,1,8,130
19,5,4,5,5,6,3,2,-5,2,4,7,-5,8,-2,7,-5,6,130
19,5,6,5,5,7,2,16,-6,3,2,7,-5,22,-4,7,-5,6,130
19,5,7,5,5,7,15,2,-6,2,2,20,-6,21,-5,20,-6,7,130
19,5,8,5,5,8,2,3,-7,3,3,8,-6,10,-4,8,-6,6,130
19,5,9,5,5,8,6,4,-7,2,2,12,-7,15,-6,12,-7,6,130
19,5,11,5,5,9,4,3,-8,2,2,11,-8,13,-7,11,-8,6,130
19,5,12,5,5,10,2,2,-9,7,2,10,-4,11,-3,10,-4,6,130
