pa,qa,pb,qb,D,c1,c2,d1,d2,bx,bn,ft,prof_ok,thm,residual,target
-6,1,1,1,2,-4,2,5,3,-4,6,6,1,-1,1,120
-6,1,2,1,2,-3,6,4,2,1,4,6,1,-1,1,120
-6,1,3,1,2,-1,2,2,5,-1,5,6,1,-1,1,120
-6,1,4,1,2,0,3,1,2,1,1,6,1,-1,0,120
-5,1,1,1,2,-3,2,4,3,-3,5,6,1,-1,1,120
-5,1,2,1,2,-2,6,3,2,2,3,7,1,-1,0,120
-5,1,3,1,2,0,2,1,5,0,4,6,1,-1,0,120
-5,1,4,1,2,1,3,0,2,2,0,6,1,-1,1,120
-4,1,1,1,2,-2,2,3,3,-2,4,6,1,-1,1,120
-4,1,2,1,2,-1,6,2,2,3,2,6,1,-1,0,120
-4,1,3,1,2,1,2,0,5,1,3,6,1,-1,0,120
-4,1,4,1,2,2,3,-1,2,3,-1,6,1,-1,1,120
-3,1,1,1,2,-1,2,2,3,-1,3,6,1,-1,1,120
-3,1,2,1,2,0,6,1,2,4,1,6,1,-1,0,120
-3,1,3,1,2,2,2,-1,5,2,2,6,1,-1,0,120
-3,1,4,1,2,3,3,-2,2,4,-2,6,1,-1,1,120
-2,1,1,1,2,0,2,1,3,0,2,6,1,-1,1,120
-2,1,2,1,2,1,6,0,2,5,0,6,1,-1,0,120
-2,1,3,1,2,3,2,-2,5,3,1,6,1,-1,1,120
-2,1,4,1,2,4,3,-3,2,5,-3,6,1,-1,1,120
-1,1,1,1,2,1,2,0,3,1,1,6,1,-1,0,120
-1,1,2,1,2,2,6,-1,2,6,-1,6,1,-1,0,120
-1,1,3,1,2,4,2,-3,5,4,0,7,1,-1,1,120
-1,1,4,1,2,5,3,-4,2,6,-4,7,1,-1,1,120
0,1,1,1,2,2,2,-1,3,2,0,-1,1,-1,1,120
0,1,2,1,2,3,6,-2,2,7,-2,-1,1,-1,1,120
0,1,3,1,2,5,2,-4,5,5,-1,-1,1,-1,1,120
0,1,4,1,2,6,3,-5,2,7,-5,-1,1,-1,1,120
1,1,1,1,2,3,2,-2,3,3,-1,6,1,-1,1,120
1,1,2,1,2,4,6,-3,2,8,-3,6,1,-1,1,120
1,1,3,1,2,6,2,-5,5,6,-2,7,1,-1,1,120
1,1,4,1,2,7,3,-6,2,8,-6,6,1,-1,1,120
-5,1,1,2,2,-4,4,5,2,-2,5,6,1,-1,1,120
-5,1,3,2,2,-2,2,3,9,-2,10,7,1,-1,0,120
-5,1,5,2,2,-1,3,2,2,0,2,7,1,-1,1,120
-5,1,7,2,2,0,20,1,2,18,1,18,1,18,0,120
-4,1,1,2,2,-3,4,4,2,-1,4,6,1,-1,1,120
-4,1,3,2,2,-1,2,2,9,-1,9,6,1,6,0,120
-4,1,5,2,2,0,3,1,2,1,1,6,1,-1,0,120
-4,1,7,2,2,1,20,0,2,19,0,18,1,18,0,120
2,1,1,1,2,4,2,-3,3,4,-2,6,1,-1,1,120
2,1,2,1,2,5,6,-4,2,9,-4,6,1,-1,1,120
2,1,3,1,2,7,2,-6,5,7,-3,6,1,-1,1,120
2,1,4,1,2,8,3,-7,2,9,-7,6,1,-1,1,120
3,1,1,1,2,5,2,-4,3,5,-3,6,1,-1,1,120
3,1,2,1,2,6,6,-5,2,10,-5,6,1,-1,1,120
3,1,3,1,2,8,2,-7,5,8,-4,6,1,-1,1,120
3,1,4,1,2,9,3,-8,2,10,-8,6,1,-1,1,120
4,1,1,1,2,6,2,-5,3,6,-4,6,1,-1,1,120
4,1,2,1,2,7,6,-6,2,11,-6,6,1,-1,1,120
4,1,3,1,2,9,2,-8,5,9,-5,6,1,-1,1,120
4,1,4,1,2,10,3,-9,2,11,-9,6,1,-1,1,120
5,1,1,1,2,7,2,-6,3,7,-5,6,1,-1,1,120
5,1,2,1,2,8,6,-7,2,12,-7,6,1,-1,1,120
5,1,3,1,2,10,2,-9,5,10,-6,6,1,-1,1,120
5,1,4,1,2,11,3,-10,2,12,-10,6,1,-1,1,120
6,1,1,1,2,8,2,-7,3,8,-6,6,1,-1,1,120
6,1,2,1,2,9,6,-8,2,13,-8,6,1,-1,1,120
6,1,3,1,2,11,2,-10,5,11,-7,6,1,-1,1,120
6,1,4,1,2,12,3,-11,2,13,-11,6,1,-1,1,120
-6,1,1,2,2,-5,4,6,2,-3,6,6,1,-1,1,120
-6,1,3,2,2,-3,2,4,9,-3,11,6,1,-1,1,120
-6,1,5,2,2,-2,3,3,2,-1,3,6,1,-1,1,120
-6,1,7,2,2,-1,20,2,2,17,2,17,1,17,0,120
-3,1,1,2,2,-2,4,3,2,0,3,6,1,-1,1,120
-3,1,3,2,2,0,2,1,9,0,8,7,1,7,0,120
-3,1,5,2,2,1,3,0,2,2,0,6,1,-1,1,120
-3,1,7,2,2,2,20,-1,2,20,-1,17,1,17,0,120
-2,1,1,2,2,-1,4,2,2,1,2,6,1,-1,0,120
-2,1,3,2,2,1,2,0,9,1,7,7,1,7,0,120
-2,1,5,2,2,2,3,-1,2,3,-1,6,1,-1,1,120
-2,1,7,2,2,3,20,-2,2,21,-2,16,1,16,0,120
-1,1,1,2,2,0,4,1,2,2,1,7,1,-1,0,120
-1,1,3,2,2,2,2,-1,9,2,6,6,1,6,0,120
-1,1,5,2,2,3,3,-2,2,4,-2,6,1,-1,1,120
-1,1,7,2,2,4,20,-3,2,22,-3,15,1,15,0,120
0,1,1,2,2,1,4,0,2,3,0,6,1,-1,0,120
0,1,3,2,2,3,2,-2,9,3,5,6,1,-1,0,120
0,1,5,2,2,4,3,-3,2,5,-3,6,1,-1,1,120
0,1,7,2,2,5,20,-4,2,23,-4,14,1,14,0,120
1,1,1,2,2,2,4,-1,2,4,-1,7,1,-1,1,120
1,1,3,2,2,4,2,-3,9,4,4,8,1,-1,0,120
1,1,5,2,2,5,3,-4,2,6,-4,6,1,-1,1,120
1,1,7,2,2,6,20,-5,2,24,-5,6,1,6,0,120
2,1,1,2,2,3,4,-2,2,5,-2,6,1,-1,1,120
2,1,3,2,2,5,2,-4,9,5,3,7,1,-1,1,120
2,1,5,2,2,6,3,-5,2,7,-5,6,1,-1,1,120
2,1,7,2,2,7,20,-6,2,25,-6,7,1,7,0,120
3,1,1,2,2,4,4,-3,2,6,-3,6,1,-1,1,120
3,1,3,2,2,6,2,-5,9,6,2,6,1,-1,1,120
3,1,5,2,2,7,3,-6,2,8,-6,6,1,-1,1,120
3,1,7,2,2,8,20,-7,2,26,-7,6,1,6,0,120
4,1,1,2,2,5,4,-4,2,7,-4,6,1,-1,1,120
4,1,3,2,2,7,2,-6,9,7,1,6,1,-1,1,120
4,1,5,2,2,8,3,-7,2,9,-7,6,1,-1,1,120
4,1,7,2,2,9,20,-8,2,27,-8,6,1,6,0,120
-6,1,1,3,2,-5,2,6,3,-5,7,6,1,-1,1,120
-6,1,2,3,2,-5,18,6,2,11,6,11,1,11,0,120
-6,1,4,3,2,-4,9,5,2,3,5,7,1,-1,1,120
-6,1,5,3,2,-3,2,4,3,-3,5,6,1,-1,1,120
-6,1,7,3,2,-2,2,3,4,-2,5,8,1,-1,1,120
-6,1,8,3,2,-2,5,3,2,1,3,6,1,-1,1,120
-6,1,10,3,2,-1,4,2,2,1,2,6,1,-1,0,120
-6,1,11,3,2,0,2,1,6,0,5,6,1,-1,0,120
5,1,1,2,2,6,4,-5,2,8,-5,6,1,-1,1,120
5,1,3,2,2,8,2,-7,9,8,0,6,1,-1,1,120
5,1,5,2,2,9,3,-8,2,10,-8,7,1,-1,1,120
5,1,7,2,2,10,20,-9,2,28,-9,6,1,-1,1,120
6,1,1,2,2,7,4,-6,2,9,-6,6,1,-1,1,120
6,1,3,2,2,9,2,-8,9,9,-1,6,1,-1,1,120
6,1,5,2,2,10,3,-9,2,11,-9,6,1,-1,1,120
6,1,7,2,2,11,20,-10,2,29,-10,6,1,-1,1,120
-5,1,1,3,2,-4,2,5,3,-4,6,7,1,-1,1,120
-5,1,2,3,2,-4,18,5,2,12,5,12,1,12,0,120
-5,1,4,3,2,-3,9,4,2,4,4,6,1,-1,0,120
-5,1,5,3,2,-2,2,3,3,-2,4,6,1,-1,1,120
-5,1,7,3,2,-1,2,2,4,-1,4,6,1,-1,1,120
-5,1,8,3,2,-1,5,2,2,2,2,6,1,-1,0,120
-5,1,10,3,2,0,4,1,2,2,1,6,1,-1,0,120
-5,1,11,3,2,1,2,0,6,1,4,6,1,-1,0,120
-4,1,1,3,2,-3,2,4,3,-3,5,6,1,-1,1,120
-4,1,2,3,2,-3,18,4,2,13,4,13,1,13,0,120
-4,1,4,3,2,-2,9,3,2,5,3,6,1,-1,0,120
-4,1,5,3,2,-1,2,2,3,-1,3,6,1,-1,1,120
-4,1,7,3,2,0,2,1,4,0,3,6,1,-1,0,120
-4,1,8,3,2,0,5,1,2,3,1,6,1,-1,0,120
-4,1,10,3,2,1,4,0,2,3,0,7,1,-1,0,120
-4,1,11,3,2,2,2,-1,6,2,3,6,1,-1,0,120
-3,1,1,3,2,-2,2,3,3,-2,4,6,1,-1,1,120
-3,1,2,3,2,-2,18,3,2,14,3,14,1,14,0,120
-3,1,4,3,2,-1,9,2,2,6,2,6,1,6,0,120
-3,1,5,3,2,0,2,1,3,0,2,6,1,-1,1,120
-3,1,7,3,2,1,2,0,4,1,2,6,1,-1,0,120
-3,1,8,3,2,1,5,0,2,4,0,6,1,-1,0,120
-3,1,10,3,2,2,4,-1,2,4,-1,6,1,-1,1,120
-3,1,11,3,2,3,2,-2,6,3,2,6,1,-1,0,120
-2,1,1,3,2,-1,2,2,3,-1,3,7,1,-1,1,120
-2,1,2,3,2,-1,18,2,2,15,2,15,1,15,0,120
-2,1,4,3,2,0,9,1,2,7,1,7,1,7,0,120
-2,1,5,3,2,1,2,0,3,1,1,6,1,-1,0,120
-2,1,7,3,2,2,2,-1,4,2,1,7,1,-1,0,120
-2,1,8,3,2,2,5,-1,2,5,-1,6,1,-1,1,120
-2,1,10,3,2,3,4,-2,2,5,-2,6,1,-1,1,120
-2,1,11,3,2,4,2,-3,6,4,1,6,1,-1,1,120
-1,1,1,3,2,0,2,1,3,0,2,6,1,-1,1,120
-1,1,2,3,2,0,18,1,2,16,1,16,1,16,0,120
-1,1,4,3,2,1,9,0,2,8,0,7,1,7,0,120
-1,1,5,3,2,2,2,-1,3,2,0,6,1,-1,1,120
-1,1,7,3,2,3,2,-2,4,3,0,6,1,-1,1,120
-1,1,8,3,2,3,5,-2,2,6,-2,6,1,-1,1,120
-1,1,10,3,2,4,4,-3,2,6,-3,6,1,-1,1,120
-1,1,11,3,2,5,2,-4,6,5,0,6,1,-1,1,120
0,1,1,3,2,1,2,0,3,1,1,6,1,-1,0,120
0,1,2,3,2,1,18,0,2,17,0,16,1,16,0,120
0,1,4,3,2,2,9,-1,2,9,-1,6,1,6,0,120
0,1,5,3,2,3,2,-2,3,3,-1,6,1,-1,1,120
0,1,7,3,2,4,2,-3,4,4,-1,6,1,-1,1,120
0,1,8,3,2,4,5,-3,2,7,-3,6,1,-1,1,120
0,1,10,3,2,5,4,-4,2,7,-4,6,1,-1,1,120
0,1,11,3,2,6,2,-5,6,6,-1,6,1,-1,1,120
1,1,1,3,2,2,2,-1,3,2,0,6,1,-1,1,120
1,1,2,3,2,2,18,-1,2,18,-1,15,1,15,0,120
1,1,4,3,2,3,9,-2,2,10,-2,6,1,-1,0,120
1,1,5,3,2,4,2,-3,3,4,-2,6,1,-1,1,120
1,1,7,3,2,5,2,-4,4,5,-2,6,1,-1,1,120
1,1,8,3,2,5,5,-4,2,8,-4,6,1,-1,1,120
1,1,10,3,2,6,4,-5,2,8,-5,6,1,-1,1,120
1,1,11,3,2,7,2,-6,6,7,-2,6,1,-1,1,120
3,1,1,3,2,4,2,-3,3,4,-2,7,1,-1,1,120
3,1,2,3,2,4,18,-3,2,20,-3,13,1,13,0,120
3,1,4,3,2,5,9,-4,2,12,-4,6,1,-1,1,120
3,1,5,3,2,6,2,-5,3,6,-4,6,1,-1,1,120
3,1,7,3,2,7,2,-6,4,7,-4,6,1,-1,1,120
3,1,8,3,2,7,5,-6,2,10,-6,6,1,-1,1,120
3,1,10,3,2,8,4,-7,2,10,-7,6,1,-1,1,120
3,1,11,3,2,9,2,-8,6,9,-4,6,1,-1,1,120
2,1,1,3,2,3,2,-2,3,3,-1,9,1,-1,1,120
2,1,2,3,2,3,18,-2,2,19,-2,14,1,14,0,120
2,1,4,3,2,4,9,-3,2,11,-3,7,1,-1,1,120
2,1,5,3,2,5,2,-4,3,5,-3,6,1,-1,1,120
2,1,7,3,2,6,2,-5,4,6,-3,6,1,-1,1,120
2,1,8,3,2,6,5,-5,2,9,-5,6,1,-1,1,120
2,1,10,3,2,7,4,-6,2,9,-6,6,1,-1,1,120
2,1,11,3,2,8,2,-7,6,8,-3,6,1,-1,1,120
4,1,1,3,2,5,2,-4,3,5,-3,7,1,-1,1,120
4,1,2,3,2,5,18,-4,2,21,-4,12,1,12,0,120
4,1,4,3,2,6,9,-5,2,13,-5,6,1,-1,1,120
4,1,5,3,2,7,2,-6,3,7,-5,6,1,-1,1,120
4,1,7,3,2,8,2,-7,4,8,-5,6,1,-1,1,120
4,1,8,3,2,8,5,-7,2,11,-7,6,1,-1,1,120
4,1,10,3,2,9,4,-8,2,11,-8,6,1,-1,1,120
4,1,11,3,2,10,2,-9,6,10,-5,6,1,-1,1,120
-6,1,1,4,2,-5,2,6,3,-5,7,6,1,-1,1,120
-6,1,3,4,2,-4,2,5,17,-4,20,11,1,11,0,120
-6,1,5,4,2,-4,5,5,2,-1,5,6,1,-1,1,120
-6,1,7,4,2,-3,2,4,3,-3,5,6,1,-1,1,120
-6,1,9,4,2,-2,2,3,6,-2,7,6,1,-1,1,120
-6,1,11,4,2,-2,10,3,2,6,3,6,1,6,0,120
-6,1,13,4,2,-1,3,2,2,0,2,6,1,-1,1,120
-6,1,15,4,2,0,2,1,4,0,3,6,1,-1,0,120
5,1,1,3,2,6,2,-5,3,6,-4,6,1,-1,1,120
5,1,2,3,2,6,18,-5,2,22,-5,6,1,6,0,120
5,1,4,3,2,7,9,-6,2,14,-6,6,1,-1,1,120
5,1,5,3,2,8,2,-7,3,8,-6,6,1,-1,1,120
5,1,7,3,2,9,2,-8,4,9,-6,6,1,-1,1,120
5,1,8,3,2,9,5,-8,2,12,-8,6,1,-1,1,120
5,1,10,3,2,10,4,-9,2,12,-9,6,1,-1,1,120
5,1,11,3,2,11,2,-10,6,11,-6,6,1,-1,1,120
6,1,1,3,2,7,2,-6,3,7,-5,6,1,-1,1,120
6,1,2,3,2,7,18,-6,2,23,-6,7,1,7,0,120
6,1,4,3,2,8,9,-7,2,15,-7,6,1,-1,1,120
6,1,5,3,2,9,2,-8,3,9,-7,6,1,-1,1,120
6,1,7,3,2,10,2,-9,4,10,-7,6,1,-1,1,120
6,1,8,3,2,10,5,-9,2,13,-9,6,1,-1,1,120
6,1,10,3,2,11,4,-10,2,13,-10,6,1,-1,1,120
6,1,11,3,2,12,2,-11,6,12,-7,6,1,-1,1,120
-5,1,1,4,2,-4,2,5,3,-4,6,6,1,-1,1,120
-5,1,3,4,2,-3,2,4,17,-3,19,12,1,12,0,120
-5,1,5,4,2,-3,5,4,2,0,4,7,1,-1,1,120
-5,1,7,4,2,-2,2,3,3,-2,4,6,1,-1,1,120
-5,1,9,4,2,-1,2,2,6,-1,6,6,1,-1,0,120
-5,1,11,4,2,-1,10,2,2,7,2,7,1,7,0,120
-5,1,13,4,2,0,3,1,2,1,1,6,1,-1,0,120
-5,1,15,4,2,1,2,0,4,1,2,6,1,-1,0,120
-4,1,1,4,2,-3,2,4,3,-3,5,6,1,-1,1,120
-4,1,3,4,2,-2,2,3,17,-2,18,13,1,13,0,120
-4,1,5,4,2,-2,5,3,2,1,3,6,1,-1,1,120
-4,1,7,4,2,-1,2,2,3,-1,3,7,1,-1,1,120
-4,1,9,4,2,0,2,1,6,0,5,6,1,-1,0,120
-4,1,11,4,2,0,10,1,2,8,1,8,1,8,0,120
-4,1,13,4,2,1,3,0,2,2,0,6,1,-1,1,120
-4,1,15,4,2,2,2,-1,4,2,1,6,1,-1,0,120
-3,1,1,4,2,-2,2,3,3,-2,4,6,1,-1,1,120
-3,1,3,4,2,-1,2,2,17,-1,17,14,1,14,0,120
-3,1,5,4,2,-1,5,2,2,2,2,6,1,-1,0,120
-3,1,7,4,2,0,2,1,3,0,2,6,1,-1,1,120
-3,1,9,4,2,1,2,0,6,1,4,6,1,-1,0,120
-3,1,11,4,2,1,10,0,2,9,0,8,1,8,0,120
-3,1,13,4,2,2,3,-1,2,3,-1,6,1,-1,1,120
-3,1,15,4,2,3,2,-2,4,3,0,6,1,-1,1,120
-2,1,1,4,2,-1,2,2,3,-1,3,6,1,-1,1,120
-2,1,3,4,2,0,2,1,17,0,16,15,1,15,0,120
-2,1,5,4,2,0,5,1,2,3,1,7,1,-1,0,120
-2,1,7,4,2,1,2,0,3,1,1,6,1,-1,0,120
-2,1,9,4,2,2,2,-1,6,2,3,6,1,-1,0,120
-2,1,11,4,2,2,10,-1,2,10,-1,7,1,7,0,120
-2,1,13,4,2,3,3,-2,2,4,-2,6,1,-1,1,120
-2,1,15,4,2,4,2,-3,4,4,-1,6,1,-1,1,120
-1,1,1,4,2,0,2,1,3,0,2,6,1,-1,1,120
-1,1,3,4,2,1,2,0,17,1,15,15,1,15,0,120
-1,1,5,4,2,1,5,0,2,4,0,6,1,-1,0,120
-1,1,7,4,2,2,2,-1,3,2,0,6,1,-1,1,120
-1,1,9,4,2,3,2,-2,6,3,2,7,1,-1,0,120
-1,1,11,4,2,3,10,-2,2,11,-2,6,1,6,0,120
-1,1,13,4,2,4,3,-3,2,5,-3,6,1,-1,1,120
-1,1,15,4,2,5,2,-4,4,5,-2,6,1,-1,1,120
0,1,1,4,2,1,2,0,3,1,1,6,1,-1,0,120
0,1,3,4,2,2,2,-1,17,2,14,14,1,14,0,120
0,1,5,4,2,2,5,-1,2,5,-1,6,1,-1,1,120
0,1,7,4,2,3,2,-2,3,3,-1,7,1,-1,1,120
0,1,9,4,2,4,2,-3,6,4,1,6,1,-1,1,120
0,1,11,4,2,4,10,-3,2,12,-3,7,1,-1,0,120
0,1,13,4,2,5,3,-4,2,6,-4,6,1,-1,1,120
0,1,15,4,2,6,2,-5,4,6,-3,6,1,-1,1,120
1,1,1,4,2,2,2,-1,3,2,0,6,1,-1,1,120
1,1,3,4,2,3,2,-2,17,3,13,13,1,13,0,120
1,1,5,4,2,3,5,-2,2,6,-2,6,1,-1,1,120
1,1,7,4,2,4,2,-3,3,4,-2,6,1,-1,1,120
1,1,9,4,2,5,2,-4,6,5,0,6,1,-1,1,120
1,1,11,4,2,5,10,-4,2,13,-4,6,1,-1,1,120
1,1,13,4,2,6,3,-5,2,7,-5,7,1,-1,1,120
1,1,15,4,2,7,2,-6,4,7,-4,6,1,-1,1,120
2,1,1,4,2,3,2,-2,3,3,-1,6,1,-1,1,120
2,1,3,4,2,4,2,-3,17,4,12,12,1,12,0,120
2,1,5,4,2,4,5,-3,2,7,-3,6,1,-1,1,120
2,1,7,4,2,5,2,-4,3,5,-3,6,1,-1,1,120
2,1,9,4,2,6,2,-5,6,6,-1,7,1,-1,1,120
2,1,11,4,2,6,10,-5,2,14,-5,8,1,-1,1,120
2,1,13,4,2,7,3,-6,2,8,-6,6,1,-1,1,120
2,1,15,4,2,8,2,-7,4,8,-5,6,1,-1,1,120
3,1,1,4,2,4,2,-3,3,4,-2,6,1,-1,1,120
3,1,3,4,2,5,2,-4,17,5,11,11,1,11,0,120
3,1,5,4,2,5,5,-4,2,8,-4,6,1,-1,1,120
3,1,7,4,2,6,2,-5,3,6,-4,6,1,-1,1,120
3,1,9,4,2,7,2,-6,6,7,-2,6,1,-1,1,120
3,1,11,4,2,7,10,-6,2,15,-6,7,1,-1,1,120
3,1,13,4,2,8,3,-7,2,9,-7,6,1,-1,1,120
3,1,15,4,2,9,2,-8,4,9,-6,6,1,-1,1,120
4,1,1,4,2,5,2,-4,3,5,-3,6,1,-1,1,120
4,1,3,4,2,6,2,-5,17,6,10,10,1,10,0,120
4,1,5,4,2,6,5,-5,2,9,-5,6,1,-1,1,120
4,1,7,4,2,7,2,-6,3,7,-5,6,1,-1,1,120
4,1,9,4,2,8,2,-7,6,8,-3,6,1,-1,1,120
4,1,11,4,2,8,10,-7,2,16,-7,6,1,-1,1,120
4,1,13,4,2,9,3,-8,2,10,-8,6,1,-1,1,120
4,1,15,4,2,10,2,-9,4,10,-7,6,1,-1,1,120
5,1,1,4,2,6,2,-5,3,6,-4,6,1,-1,1,120
5,1,3,4,2,7,2,-6,17,7,9,9,1,9,0,120
5,1,5,4,2,7,5,-6,2,10,-6,6,1,-1,1,120
5,1,7,4,2,8,2,-7,3,8,-6,7,1,-1,1,120
5,1,9,4,2,9,2,-8,6,9,-4,6,1,-1,1,120
5,1,11,4,2,9,10,-8,2,17,-8,6,1,-1,1,120
5,1,13,4,2,10,3,-9,2,11,-9,6,1,-1,1,120
5,1,15,4,2,11,2,-10,4,11,-8,6,1,-1,1,120
6,1,1,4,2,7,2,-6,3,7,-5,6,1,-1,1,120
6,1,3,4,2,8,2,-7,17,8,8,6,1,6,0,120
6,1,5,4,2,8,5,-7,2,11,-7,6,1,-1,1,120
6,1,7,4,2,9,2,-8,3,9,-7,6,1,-1,1,120
6,1,9,4,2,10,2,-9,6,10,-5,6,1,-1,1,120
6,1,11,4,2,10,10,-9,2,18,-9,6,1,-1,1,120
6,1,13,4,2,11,3,-10,2,12,-10,6,1,-1,1,120
6,1,15,4,2,12,2,-11,4,12,-9,6,1,-1,1,120
-6,1,1,5,2,-5,2,6,4,-5,8,6,1,-1,1,120
-6,1,2,5,2,-5,3,6,2,-4,6,6,1,-1,1,120
-6,1,3,5,2,-5,7,6,2,0,6,6,1,-1,1,120
-6,1,4,5,2,-4,2,5,8,-4,11,6,1,-1,1,120
-6,1,6,5,2,-4,4,5,2,-2,5,6,1,-1,1,120
-6,1,7,5,2,-4,50,5,2,44,5,44,1,44,0,120
-6,1,8,5,2,-3,2,4,4,-3,6,6,1,-1,1,120
-6,1,9,5,2,-3,3,4,2,-2,4,6,1,-1,1,120
-6,1,11,5,2,-2,2,3,9,-2,10,6,1,-1,0,120
-6,1,12,5,2,-2,2,3,3,-2,4,6,1,-1,1,120
-6,1,13,5,2,-2,4,3,2,0,3,6,1,-1,1,120
-6,1,14,5,2,-2,25,3,2,21,3,21,1,21,0,120
-6,1,16,5,2,-1,3,2,2,0,2,6,1,-1,1,120
-6,1,17,5,2,-1,6,2,2,3,2,6,1,-1,0,120
-6,1,18,5,2,0,2,1,11,0,10,9,1,9,0,120
-6,1,19,5,2,0,2,1,3,0,2,6,1,-1,1,120
-5,1,1,5,2,-4,2,5,4,-4,7,6,1,-1,1,120
-5,1,2,5,2,-4,3,5,2,-3,5,6,1,-1,1,120
-5,1,3,5,2,-4,7,5,2,1,5,6,1,-1,1,120
-5,1,4,5,2,-3,2,4,8,-3,10,6,1,-1,1,120
-5,1,6,5,2,-3,4,4,2,-1,4,6,1,-1,1,120
-5,1,7,5,2,-3,50,4,2,45,4,45,1,45,0,120
-5,1,8,5,2,-2,2,3,4,-2,5,7,1,-1,1,120
-5,1,9,5,2,-2,3,3,2,-1,3,6,1,-1,1,120
-5,1,11,5,2,-1,2,2,9,-1,9,6,1,6,0,120
-5,1,12,5,2,-1,2,2,3,-1,3,6,1,-1,1,120
-5,1,13,5,2,-1,4,2,2,1,2,6,1,-1,0,120
-5,1,14,5,2,-1,25,2,2,22,2,22,1,22,0,120
-5,1,16,5,2,0,3,1,2,1,1,6,1,-1,0,120
-5,1,17,5,2,0,6,1,2,4,1,7,1,-1,0,120
-5,1,18,5,2,1,2,0,11,1,9,9,1,9,0,120
-5,1,19,5,2,1,2,0,3,1,1,6,1,-1,0,120
-4,1,1,5,2,-3,2,4,4,-3,6,6,1,-1,1,120
-4,1,2,5,2,-3,3,4,2,-2,4,6,1,-1,1,120
-4,1,3,5,2,-3,7,4,2,2,4,6,1,-1,1,120
-4,1,4,5,2,-2,2,3,8,-2,9,6,1,-1,0,120
-4,1,6,5,2,-2,4,3,2,0,3,6,1,-1,1,120
-4,1,7,5,2,-2,50,3,2,46,3,46,1,46,0,120
-4,1,8,5,2,-1,2,2,4,-1,4,6,1,-1,1,120
-4,1,9,5,2,-1,3,2,2,0,2,6,1,-1,1,120
-4,1,11,5,2,0,2,1,9,0,8,7,1,7,0,120
-4,1,12,5,2,0,2,1,3,0,2,6,1,-1,1,120
-4,1,13,5,2,0,4,1,2,2,1,7,1,-1,0,120
-4,1,14,5,2,0,25,1,2,23,1,23,1,23,0,120
-4,1,16,5,2,1,3,0,2,2,0,6,1,-1,1,120
-4,1,17,5,2,1,6,0,2,5,0,7,1,-1,0,120
-4,1,18,5,2,2,2,-1,11,2,8,8,1,8,0,120
-4,1,19,5,2,2,2,-1,3,2,0,6,1,-1,1,120
-3,1,1,5,2,-2,2,3,4,-2,5,6,1,-1,1,120
-3,1,2,5,2,-2,3,3,2,-1,3,6,1,-1,1,120
-3,1,3,5,2,-2,7,3,2,3,3,6,1,-1,0,120
-3,1,4,5,2,-1,2,2,8,-1,8,6,1,-1,0,120
-3,1,6,5,2,-1,4,2,2,1,2,6,1,-1,0,120
-3,1,7,5,2,-1,50,2,2,47,2,47,1,47,0,120
-3,1,8,5,2,0,2,1,4,0,3,6,1,-1,0,120
-3,1,9,5,2,0,3,1,2,1,1,6,1,-1,0,120
-3,1,11,5,2,1,2,0,9,1,7,7,1,7,0,120
-3,1,12,5,2,1,2,0,3,1,1,6,1,-1,0,120
-3,1,13,5,2,1,4,0,2,3,0,7,1,-1,0,120
-3,1,14,5,2,1,25,0,2,24,0,23,1,23,0,120
-3,1,16,5,2,2,3,-1,2,3,-1,7,1,-1,1,120
-3,1,17,5,2,2,6,-1,2,6,-1,6,1,-1,0,120
-3,1,18,5,2,3,2,-2,11,3,7,7,1,7,0,120
-3,1,19,5,2,3,2,-2,3,3,-1,6,1,-1,1,120
-2,1,1,5,2,-1,2,2,4,-1,4,6,1,-1,1,120
-2,1,2,5,2,-1,3,2,2,0,2,6,1,-1,1,120
-2,1,3,5,2,-1,7,2,2,4,2,6,1,-1,0,120
-2,1,4,5,2,0,2,1,8,0,7,6,1,6,0,120
-2,1,6,5,2,0,4,1,2,2,1,6,1,-1,0,120
-2,1,7,5,2,0,50,1,2,48,1,48,1,48,0,120
-2,1,8,5,2,1,2,0,4,1,2,6,1,-1,0,120
-2,1,9,5,2,1,3,0,2,2,0,6,1,-1,1,120
-1,1,1,5,2,0,2,1,4,0,3,6,1,-1,0,120
-1,1,2,5,2,0,3,1,2,1,1,6,1,-1,0,120
-1,1,3,5,2,0,7,1,2,5,1,6,1,-1,0,120
-1,1,4,5,2,1,2,0,8,1,6,6,1,6,0,120
-1,1,6,5,2,1,4,0,2,3,0,6,1,-1,0,120
-1,1,7,5,2,1,50,0,2,49,0,48,1,48,0,120
-1,1,8,5,2,2,2,-1,4,2,1,6,1,-1,0,120
-1,1,9,5,2,2,3,-1,2,3,-1,7,1,-1,1,120
-2,1,11,5,2,2,2,-1,9,2,6,6,1,6,0,120
-2,1,12,5,2,2,2,-1,3,2,0,6,1,-1,1,120
-2,1,13,5,2,2,4,-1,2,4,-1,6,1,-1,1,120
-2,1,14,5,2,2,25,-1,2,25,-1,22,1,22,0,120
-2,1,16,5,2,3,3,-2,2,4,-2,6,1,-1,1,120
-2,1,17,5,2,3,6,-2,2,7,-2,6,1,-1,1,120
-2,1,18,5,2,4,2,-3,11,4,6,6,1,6,0,120
-2,1,19,5,2,4,2,-3,3,4,-2,6,1,-1,1,120
-1,1,11,5,2,3,2,-2,9,3,5,6,1,-1,0,120
-1,1,12,5,2,3,2,-2,3,3,-1,6,1,-1,1,120
-1,1,13,5,2,3,4,-2,2,5,-2,6,1,-1,1,120
-1,1,14,5,2,3,25,-2,2,26,-2,21,1,21,0,120
-1,1,16,5,2,4,3,-3,2,5,-3,6,1,-1,1,120
-1,1,17,5,2,4,6,-3,2,8,-3,6,1,-1,1,120
-1,1,18,5,2,5,2,-4,11,5,5,6,1,-1,0,120
-1,1,19,5,2,5,2,-4,3,5,-3,6,1,-1,1,120
0,1,1,5,2,1,2,0,4,1,2,6,1,-1,0,120
0,1,2,5,2,1,3,0,2,2,0,6,1,-1,1,120
0,1,3,5,2,1,7,0,2,6,0,6,1,-1,0,120
0,1,4,5,2,2,2,-1,8,2,5,6,1,-1,0,120
0,1,6,5,2,2,4,-1,2,4,-1,6,1,-1,1,120
0,1,7,5,2,2,50,-1,2,50,-1,47,1,47,0,120
0,1,8,5,2,3,2,-2,4,3,0,6,1,-1,1,120
0,1,9,5,2,3,3,-2,2,4,-2,6,1,-1,1,120
0,1,11,5,2,4,2,-3,9,4,4,6,1,-1,0,120
0,1,12,5,2,4,2,-3,3,4,-2,6,1,-1,1,120
0,1,13,5,2,4,4,-3,2,6,-3,6,1,-1,1,120
0,1,14,5,2,4,25,-3,2,27,-3,20,1,20,0,120
0,1,16,5,2,5,3,-4,2,6,-4,6,1,-1,1,120
0,1,17,5,2,5,6,-4,2,9,-4,6,1,-1,1,120
0,1,18,5,2,6,2,-5,11,6,4,6,1,-1,1,120
0,1,19,5,2,6,2,-5,3,6,-4,6,1,-1,1,120
1,1,1,5,2,2,2,-1,4,2,1,6,1,-1,0,120
1,1,2,5,2,2,3,-1,2,3,-1,7,1,-1,1,120
1,1,3,5,2,2,7,-1,2,7,-1,6,1,-1,0,120
1,1,4,5,2,3,2,-2,8,3,4,6,1,-1,0,120
1,1,6,5,2,3,4,-2,2,5,-2,6,1,-1,1,120
1,1,7,5,2,3,50,-2,2,51,-2,46,1,46,0,120
1,1,8,5,2,4,2,-3,4,4,-1,6,1,-1,1,120
1,1,9,5,2,4,3,-3,2,5,-3,6,1,-1,1,120
1,1,11,5,2,5,2,-4,9,5,3,6,1,-1,1,120
1,1,12,5,2,5,2,-4,3,5,-3,6,1,-1,1,120
1,1,13,5,2,5,4,-4,2,7,-4,6,1,-1,1,120
1,1,14,5,2,5,25,-4,2,28,-4,19,1,19,0,120
1,1,16,5,2,6,3,-5,2,7,-5,6,1,-1,1,120
1,1,17,5,2,6,6,-5,2,10,-5,6,1,-1,1,120
1,1,18,5,2,7,2,-6,11,7,3,6,1,-1,1,120
1,1,19,5,2,7,2,-6,3,7,-5,6,1,-1,1,120
2,1,1,5,2,3,2,-2,4,3,0,6,1,-1,1,120
2,1,2,5,2,3,3,-2,2,4,-2,6,1,-1,1,120
2,1,3,5,2,3,7,-2,2,8,-2,6,1,-1,1,120
2,1,4,5,2,4,2,-3,8,4,3,6,1,-1,0,120
2,1,6,5,2,4,4,-3,2,6,-3,6,1,-1,1,120
2,1,7,5,2,4,50,-3,2,52,-3,45,1,45,0,120
2,1,8,5,2,5,2,-4,4,5,-2,6,1,-1,1,120
2,1,9,5,2,5,3,-4,2,6,-4,6,1,-1,1,120
2,1,11,5,2,6,2,-5,9,6,2,10,1,-1,1,120
2,1,12,5,2,6,2,-5,3,6,-4,6,1,-1,1,120
2,1,13,5,2,6,4,-5,2,8,-5,6,1,-1,1,120
2,1,14,5,2,6,25,-5,2,29,-5,6,1,6,0,120
2,1,16,5,2,7,3,-6,2,8,-6,6,1,-1,1,120
2,1,17,5,2,7,6,-6,2,11,-6,6,1,-1,1,120
2,1,18,5,2,8,2,-7,11,8,2,6,1,-1,1,120
2,1,19,5,2,8,2,-7,3,8,-6,6,1,-1,1,120
3,1,1,5,2,4,2,-3,4,4,-1,6,1,-1,1,120
3,1,2,5,2,4,3,-3,2,5,-3,6,1,-1,1,120
3,1,3,5,2,4,7,-3,2,9,-3,6,1,-1,1,120
3,1,4,5,2,5,2,-4,8,5,2,6,1,-1,1,120
3,1,6,5,2,5,4,-4,2,7,-4,6,1,-1,1,120
3,1,7,5,2,5,50,-4,2,53,-4,44,1,44,0,120
3,1,8,5,2,6,2,-5,4,6,-3,6,1,-1,1,120
3,1,9,5,2,6,3,-5,2,7,-5,7,1,-1,1,120
3,1,11,5,2,7,2,-6,9,7,1,9,1,-1,1,120
3,1,12,5,2,7,2,-6,3,7,-5,6,1,-1,1,120
3,1,13,5,2,7,4,-6,2,9,-6,6,1,-1,1,120
3,1,14,5,2,7,25,-6,2,30,-6,7,1,7,0,120
3,1,16,5,2,8,3,-7,2,9,-7,6,1,-1,1,120
3,1,17,5,2,8,6,-7,2,12,-7,6,1,-1,1,120
3,1,18,5,2,9,2,-8,11,9,1,6,1,-1,1,120
3,1,19,5,2,9,2,-8,3,9,-7,6,1,-1,1,120
4,1,1,5,2,5,2,-4,4,5,-2,6,1,-1,1,120
4,1,2,5,2,5,3,-4,2,6,-4,6,1,-1,1,120
4,1,3,5,2,5,7,-4,2,10,-4,6,1,-1,1,120
4,1,4,5,2,6,2,-5,8,6,1,6,1,-1,1,120
4,1,6,5,2,6,4,-5,2,8,-5,6,1,-1,1,120
4,1,7,5,2,6,50,-5,2,54,-5,6,1,6,0,120
4,1,8,5,2,7,2,-6,4,7,-4,6,1,-1,1,120
4,1,9,5,2,7,3,-6,2,8,-6,6,1,-1,1,120
4,1,11,5,2,8,2,-7,9,8,0,6,1,-1,1,120
4,1,12,5,2,8,2,-7,3,8,-6,6,1,-1,1,120
4,1,13,5,2,8,4,-7,2,10,-7,6,1,-1,1,120
4,1,14,5,2,8,25,-7,2,31,-7,6,1,6,0,120
4,1,16,5,2,9,3,-8,2,10,-8,6,1,-1,1,120
4,1,17,5,2,9,6,-8,2,13,-8,6,1,-1,1,120
4,1,18,5,2,10,2,-9,11,10,0,6,1,-1,1,120
4,1,19,5,2,10,2,-9,3,10,-8,6,1,-1,1,120
5,1,1,5,2,6,2,-5,4,6,-3,6,1,-1,1,120
5,1,2,5,2,6,3,-5,2,7,-5,6,1,-1,1,120
5,1,3,5,2,6,7,-5,2,11,-5,6,1,-1,1,120
5,1,4,5,2,7,2,-6,8,7,0,6,1,-1,1,120
5,1,6,5,2,7,4,-6,2,9,-6,6,1,-1,1,120
5,1,7,5,2,7,50,-6,2,55,-6,7,1,7,0,120
5,1,8,5,2,8,2,-7,4,8,-5,6,1,-1,1,120
5,1,9,5,2,8,3,-7,2,9,-7,6,1,-1,1,120
5,1,11,5,2,9,2,-8,9,9,-1,6,1,-1,1,120
5,1,12,5,2,9,2,-8,3,9,-7,6,1,-1,1,120
5,1,13,5,2,9,4,-8,2,11,-8,6,1,-1,1,120
5,1,14,5,2,9,25,-8,2,32,-8,6,1,6,0,120
5,1,16,5,2,10,3,-9,2,11,-9,6,1,-1,1,120
5,1,17,5,2,10,6,-9,2,14,-9,6,1,-1,1,120
5,1,18,5,2,11,2,-10,11,11,-1,6,1,-1,1,120
5,1,19,5,2,11,2,-10,3,11,-9,6,1,-1,1,120
6,1,1,5,2,7,2,-6,4,7,-4,6,1,-1,1,120
6,1,2,5,2,7,3,-6,2,8,-6,6,1,-1,1,120
6,1,3,5,2,7,7,-6,2,12,-6,6,1,-1,1,120
6,1,4,5,2,8,2,-7,8,8,-1,6,1,-1,1,120
6,1,6,5,2,8,4,-7,2,10,-7,6,1,-1,1,120
6,1,7,5,2,8,50,-7,2,56,-7,6,1,6,0,120
6,1,8,5,2,9,2,-8,4,9,-6,6,1,-1,1,120
6,1,9,5,2,9,3,-8,2,10,-8,6,1,-1,1,120
-11,2,1,1,2,-4,12,5,2,6,5,6,1,6,0,120
-11,2,2,1,2,-2,2,3,4,-2,5,6,1,-1,1,120
-11,2,3,1,2,-1,4,2,2,1,2,6,1,-1,0,120
-11,2,4,1,2,1,2,0,7,1,5,6,1,-1,0,120
-9,2,1,1,2,-3,12,4,2,7,4,7,1,7,0,120
-9,2,2,1,2,-1,2,2,4,-1,4,6,1,-1,1,120
-9,2,3,1,2,0,4,1,2,2,1,6,1,-1,0,120
-9,2,4,1,2,2,2,-1,7,2,4,6,1,-1,0,120
6,1,11,5,2,10,2,-9,9,10,-2,7,1,-1,1,120
6,1,12,5,2,10,2,-9,3,10,-8,6,1,-1,1,120
6,1,13,5,2,10,4,-9,2,12,-9,6,1,-1,1,120
6,1,14,5,2,10,25,-9,2,33,-9,6,1,6,0,120
6,1,16,5,2,11,3,-10,2,12,-10,6,1,-1,1,120
6,1,17,5,2,11,6,-10,2,15,-10,6,1,-1,1,120
6,1,18,5,2,12,2,-11,11,12,-2,6,1,-1,1,120
6,1,19,5,2,12,2,-11,3,12,-10,6,1,-1,1,120
-7,2,1,1,2,-2,12,3,2,8,3,8,1,8,0,120
-7,2,2,1,2,0,2,1,4,0,3,7,1,-1,0,120
-7,2,3,1,2,1,4,0,2,3,0,6,1,-1,0,120
-7,2,4,1,2,3,2,-2,7,3,3,6,1,-1,0,120
-5,2,1,1,2,-1,12,2,2,9,2,9,1,9,0,120
-5,2,2,1,2,1,2,0,4,1,2,7,1,-1,0,120
-5,2,3,1,2,2,4,-1,2,4,-1,6,1,-1,1,120
-5,2,4,1,2,4,2,-3,7,4,2,6,1,-1,1,120
-3,2,1,1,2,0,12,1,2,10,1,10,1,10,0,120
-3,2,2,1,2,2,2,-1,4,2,1,6,1,-1,0,120
-3,2,3,1,2,3,4,-2,2,5,-2,6,1,-1,1,120
-3,2,4,1,2,5,2,-4,7,5,1,6,1,-1,1,120
-1,2,1,1,2,1,12,0,2,11,0,10,1,10,0,120
-1,2,2,1,2,3,2,-2,4,3,0,6,1,-1,1,120
-1,2,3,1,2,4,4,-3,2,6,-3,6,1,-1,1,120
-1,2,4,1,2,6,2,-5,7,6,0,6,1,-1,1,120
1,2,1,1,2,2,12,-1,2,12,-1,9,1,9,0,120
1,2,2,1,2,4,2,-3,4,4,-1,6,1,-1,1,120
1,2,3,1,2,5,4,-4,2,7,-4,6,1,-1,1,120
1,2,4,1,2,7,2,-6,7,7,-1,6,1,-1,1,120
3,2,1,1,2,3,12,-2,2,13,-2,8,1,8,0,120
3,2,2,1,2,5,2,-4,4,5,-2,8,1,-1,1,120
3,2,3,1,2,6,4,-5,2,8,-5,6,1,-1,1,120
3,2,4,1,2,8,2,-7,7,8,-2,6,1,-1,1,120
5,2,1,1,2,4,12,-3,2,14,-3,7,1,7,0,120
5,2,2,1,2,6,2,-5,4,6,-3,6,1,-1,1,120
5,2,3,1,2,7,4,-6,2,9,-6,6,1,-1,1,120
5,2,4,1,2,9,2,-8,7,9,-3,6,1,-1,1,120
7,2,1,1,2,5,12,-4,2,15,-4,6,1,6,0,120
7,2,2,1,2,7,2,-6,4,7,-4,6,1,-1,1,120
7,2,3,1,2,8,4,-7,2,10,-7,6,1,-1,1,120
7,2,4,1,2,10,2,-9,7,10,-4,6,1,-1,1,120
9,2,1,1,2,6,12,-5,2,16,-5,7,1,-1,1,120
9,2,2,1,2,8,2,-7,4,8,-5,6,1,-1,1,120
9,2,3,1,2,9,4,-8,2,11,-8,6,1,-1,1,120
9,2,4,1,2,11,2,-10,7,11,-5,6,1,-1,1,120
11,2,1,1,2,7,12,-6,2,17,-6,6,1,-1,1,120
11,2,2,1,2,9,2,-8,4,9,-6,7,1,-1,1,120
11,2,3,1,2,10,4,-9,2,12,-9,6,1,-1,1,120
11,2,4,1,2,12,2,-11,7,12,-6,6,1,-1,1,120
-11,2,1,2,2,-4,2,5,5,-4,8,6,1,-1,1,120
-11,2,3,2,2,-3,3,4,2,-2,4,6,1,-1,1,120
-11,2,5,2,2,-1,2,2,29,-1,29,26,1,26,0,120
-11,2,7,2,2,0,2,1,3,0,2,6,1,-1,1,120
-9,2,1,2,2,-3,2,4,5,-3,7,6,1,-1,1,120
-9,2,3,2,2,-2,3,3,2,-1,3,6,1,-1,1,120
-9,2,5,2,2,0,2,1,29,0,28,27,1,27,0,120
-9,2,7,2,2,1,2,0,3,1,1,6,1,-1,0,120
-7,2,1,2,2,-2,2,3,5,-2,6,6,1,-1,1,120
-7,2,3,2,2,-1,3,2,2,0,2,6,1,-1,1,120
-7,2,5,2,2,1,2,0,29,1,27,27,1,27,0,120
-7,2,7,2,2,2,2,-1,3,2,0,7,1,-1,1,120
-5,2,1,2,2,-1,2,2,5,-1,5,6,1,-1,1,120
-5,2,3,2,2,0,3,1,2,1,1,6,1,-1,0,120
-5,2,5,2,2,2,2,-1,29,2,26,26,1,26,0,120
-5,2,7,2,2,3,2,-2,3,3,-1,9,1,-1,1,120
-3,2,1,2,2,0,2,1,5,0,4,6,1,-1,0,120
-3,2,3,2,2,1,3,0,2,2,0,6,1,-1,1,120
-3,2,5,2,2,3,2,-2,29,3,25,25,1,25,0,120
-3,2,7,2,2,4,2,-3,3,4,-2,7,1,-1,1,120
-1,2,1,2,2,1,2,0,5,1,3,6,1,-1,0,120
-1,2,3,2,2,2,3,-1,2,3,-1,6,1,-1,1,120
-1,2,5,2,2,4,2,-3,29,4,24,24,1,24,0,120
-1,2,7,2,2,5,2,-4,3,5,-3,6,1,-1,1,120
1,2,1,2,2,2,2,-1,5,2,2,6,1,-1,0,120
1,2,3,2,2,3,3,-2,2,4,-2,6,1,-1,1,120
1,2,5,2,2,5,2,-4,29,5,23,23,1,23,0,120
1,2,7,2,2,6,2,-5,3,6,-4,6,1,-1,1,120
3,2,1,2,2,3,2,-2,5,3,1,6,1,-1,1,120
3,2,3,2,2,4,3,-3,2,5,-3,6,1,-1,1,120
3,2,5,2,2,6,2,-5,29,6,22,22,1,22,0,120
3,2,7,2,2,7,2,-6,3,7,-5,6,1,-1,1,120
5,2,1,2,2,4,2,-3,5,4,0,6,1,-1,1,120
5,2,3,2,2,5,3,-4,2,6,-4,6,1,-1,1,120
5,2,5,2,2,7,2,-6,29,7,21,21,1,21,0,120
5,2,7,2,2,8,2,-7,3,8,-6,6,1,-1,1,120
7,2,1,2,2,5,2,-4,5,5,-1,6,1,-1,1,120
7,2,3,2,2,6,3,-5,2,7,-5,6,1,-1,1,120
7,2,5,2,2,8,2,-7,29,8,20,6,1,6,0,120
7,2,7,2,2,9,2,-8,3,9,-7,6,1,-1,1,120
9,2,1,2,2,6,2,-5,5,6,-2,6,1,-1,1,120
9,2,3,2,2,7,3,-6,2,8,-6,6,1,-1,1,120
9,2,5,2,2,9,2,-8,29,9,19,6,1,6,0,120
9,2,7,2,2,10,2,-9,3,10,-8,7,1,-1,1,120
11,2,1,2,2,7,2,-6,5,7,-3,6,1,-1,1,120
11,2,3,2,2,8,3,-7,2,9,-7,6,1,-1,1,120
11,2,5,2,2,10,2,-9,29,10,18,6,1,6,0,120
11,2,7,2,2,11,2,-10,3,11,-9,6,1,-1,1,120
-11,2,1,3,2,-5,35,6,2,28,6,28,1,28,0,120
-11,2,2,3,2,-4,2,5,3,-4,6,6,1,-1,1,120
-11,2,4,3,2,-3,2,4,3,-3,5,6,1,-1,1,120
-11,2,5,3,2,-3,7,4,2,2,4,8,1,-1,1,120
-11,2,7,3,2,-2,5,3,2,1,3,6,1,-1,1,120
-11,2,8,3,2,-1,2,2,4,-1,4,6,1,-1,1,120
-11,2,10,3,2,0,2,1,5,0,4,6,1,-1,0,120
-11,2,11,3,2,0,4,1,2,2,1,7,1,-1,0,120
-9,2,1,3,2,-4,35,5,2,29,5,29,1,29,0,120
-9,2,2,3,2,-3,2,4,3,-3,5,6,1,-1,1,120
-9,2,4,3,2,-2,2,3,3,-2,4,6,1,-1,1,120
-9,2,5,3,2,-2,7,3,2,3,3,6,1,-1,0,120
-9,2,7,3,2,-1,5,2,2,2,2,6,1,-1,0,120
-9,2,8,3,2,0,2,1,4,0,3,6,1,-1,0,120
-9,2,10,3,2,1,2,0,5,1,3,7,1,-1,0,120
-9,2,11,3,2,1,4,0,2,3,0,7,1,-1,0,120
-7,2,1,3,2,-3,35,4,2,30,4,30,1,30,0,120
-7,2,2,3,2,-2,2,3,3,-2,4,6,1,-1,1,120
-7,2,4,3,2,-1,2,2,3,-1,3,6,1,-1,1,120
-7,2,5,3,2,-1,7,2,2,4,2,6,1,-1,0,120
-7,2,7,3,2,0,5,1,2,3,1,6,1,-1,0,120
-7,2,8,3,2,1,2,0,4,1,2,6,1,-1,0,120
-7,2,10,3,2,2,2,-1,5,2,2,6,1,-1,0,120
-7,2,11,3,2,2,4,-1,2,4,-1,6,1,-1,1,120
-5,2,1,3,2,-2,35,3,2,31,3,31,1,31,0,120
-5,2,2,3,2,-1,2,2,3,-1,3,6,1,-1,1,120
-5,2,4,3,2,0,2,1,3,0,2,6,1,-1,1,120
-5,2,5,3,2,0,7,1,2,5,1,6,1,-1,0,120
-5,2,7,3,2,1,5,0,2,4,0,6,1,-1,0,120
-5,2,8,3,2,2,2,-1,4,2,1,6,1,-1,0,120
-5,2,10,3,2,3,2,-2,5,3,1,6,1,-1,1,120
-5,2,11,3,2,3,4,-2,2,5,-2,6,1,-1,1,120
-3,2,1,3,2,-1,35,2,2,32,2,32,1,32,0,120
-3,2,2,3,2,0,2,1,3,0,2,6,1,-1,1,120
-3,2,4,3,2,1,2,0,3,1,1,6,1,-1,0,120
-3,2,5,3,2,1,7,0,2,6,0,6,1,-1,0,120
-3,2,7,3,2,2,5,-1,2,5,-1,6,1,-1,1,120
-3,2,8,3,2,3,2,-2,4,3,0,6,1,-1,1,120
-3,2,10,3,2,4,2,-3,5,4,0,6,1,-1,1,120
-3,2,11,3,2,4,4,-3,2,6,-3,6,1,-1,1,120
-1,2,1,3,2,0,35,1,2,33,1,33,1,33,0,120
-1,2,2,3,2,1,2,0,3,1,1,6,1,-1,0,120
-1,2,4,3,2,2,2,-1,3,2,0,6,1,-1,1,120
-1,2,5,3,2,2,7,-1,2,7,-1,7,1,-1,0,120
-1,2,7,3,2,3,5,-2,2,6,-2,7,1,-1,1,120
-1,2,8,3,2,4,2,-3,4,4,-1,6,1,-1,1,120
-1,2,10,3,2,5,2,-4,5,5,-1,6,1,-1,1,120
-1,2,11,3,2,5,4,-4,2,7,-4,7,1,-1,1,120
1,2,1,3,2,1,35,0,2,34,0,33,1,33,0,120
1,2,2,3,2,2,2,-1,3,2,0,6,1,-1,1,120
1,2,4,3,2,3,2,-2,3,3,-1,6,1,-1,1,120
1,2,5,3,2,3,7,-2,2,8,-2,8,1,-1,1,120
1,2,7,3,2,4,5,-3,2,7,-3,6,1,-1,1,120
1,2,8,3,2,5,2,-4,4,5,-2,6,1,-1,1,120
1,2,10,3,2,6,2,-5,5,6,-2,6,1,-1,1,120
1,2,11,3,2,6,4,-5,2,8,-5,7,1,-1,1,120
3,2,1,3,2,2,35,-1,2,35,-1,32,1,32,0,120
3,2,2,3,2,3,2,-2,3,3,-1,6,1,-1,1,120
3,2,4,3,2,4,2,-3,3,4,-2,6,1,-1,1,120
3,2,5,3,2,4,7,-3,2,9,-3,10,1,-1,1,120
3,2,7,3,2,5,5,-4,2,8,-4,8,1,-1,1,120
3,2,8,3,2,6,2,-5,4,6,-3,6,1,-1,1,120
3,2,10,3,2,7,2,-6,5,7,-3,6,1,-1,1,120
3,2,11,3,2,7,4,-6,2,9,-6,6,1,-1,1,120
5,2,1,3,2,3,35,-2,2,36,-2,31,1,31,0,120
5,2,2,3,2,4,2,-3,3,4,-2,6,1,-1,1,120
5,2,4,3,2,5,2,-4,3,5,-3,6,1,-1,1,120
5,2,5,3,2,5,7,-4,2,10,-4,8,1,-1,1,120
5,2,7,3,2,6,5,-5,2,9,-5,6,1,-1,1,120
5,2,8,3,2,7,2,-6,4,7,-4,6,1,-1,1,120
5,2,10,3,2,8,2,-7,5,8,-4,6,1,-1,1,120
5,2,11,3,2,8,4,-7,2,10,-7,6,1,-1,1,120
7,2,1,3,2,4,35,-3,2,37,-3,30,1,30,0,120
7,2,2,3,2,5,2,-4,3,5,-3,6,1,-1,1,120
7,2,4,3,2,6,2,-5,3,6,-4,6,1,-1,1,120
7,2,5,3,2,6,7,-5,2,11,-5,6,1,-1,1,120
7,2,7,3,2,7,5,-6,2,10,-6,7,1,-1,1,120
7,2,8,3,2,8,2,-7,4,8,-5,6,1,-1,1,120
7,2,10,3,2,9,2,-8,5,9,-5,6,1,-1,1,120
7,2,11,3,2,9,4,-8,2,11,-8,6,1,-1,1,120
9,2,1,3,2,5,35,-4,2,38,-4,29,1,29,0,120
9,2,2,3,2,6,2,-5,3,6,-4,6,1,-1,1,120
9,2,4,3,2,7,2,-6,3,7,-5,6,1,-1,1,120
9,2,5,3,2,7,7,-6,2,12,-6,6,1,-1,1,120
9,2,7,3,2,8,5,-7,2,11,-7,6,1,-1,1,120
9,2,8,3,2,9,2,-8,4,9,-6,6,1,-1,1,120
9,2,10,3,2,10,2,-9,5,10,-6,6,1,-1,1,120
9,2,11,3,2,10,4,-9,2,12,-9,6,1,-1,1,120
-11,2,1,4,2,-5,7,6,2,0,6,6,1,-1,1,120
-11,2,3,4,2,-4,3,5,2,-3,5,6,1,-1,1,120
-11,2,5,4,2,-3,2,4,4,-3,6,6,1,-1,1,120
-11,2,7,4,2,-3,40,4,2,35,4,35,1,35,0,120
-11,2,9,4,2,-2,4,3,2,0,3,7,1,-1,1,120
-11,2,11,4,2,-1,2,2,3,-1,3,6,1,-1,1,120
-11,2,13,4,2,0,2,1,11,0,10,9,1,9,0,120
-11,2,15,4,2,0,6,1,2,4,1,7,1,-1,0,120
11,2,1,3,2,6,35,-5,2,39,-5,6,1,6,0,120
11,2,2,3,2,7,2,-6,3,7,-5,6,1,-1,1,120
11,2,4,3,2,8,2,-7,3,8,-6,6,1,-1,1,120
11,2,5,3,2,8,7,-7,2,13,-7,8,1,-1,1,120
11,2,7,3,2,9,5,-8,2,12,-8,7,1,-1,1,120
11,2,8,3,2,10,2,-9,4,10,-7,6,1,-1,1,120
11,2,10,3,2,11,2,-10,5,11,-7,6,1,-1,1,120
11,2,11,3,2,11,4,-10,2,13,-10,6,1,-1,1,120
-9,2,1,4,2,-4,7,5,2,1,5,6,1,-1,1,120
-9,2,3,4,2,-3,3,4,2,-2,4,6,1,-1,1,120
-9,2,5,4,2,-2,2,3,4,-2,5,6,1,-1,1,120
-9,2,7,4,2,-2,40,3,2,36,3,36,1,36,0,120
-9,2,9,4,2,-1,4,2,2,1,2,6,1,-1,0,120
-9,2,11,4,2,0,2,1,3,0,2,6,1,-1,1,120
-9,2,13,4,2,1,2,0,11,1,9,9,1,9,0,120
-9,2,15,4,2,1,6,0,2,5,0,7,1,-1,0,120
-7,2,1,4,2,-3,7,4,2,2,4,7,1,-1,1,120
-7,2,3,4,2,-2,3,3,2,-1,3,6,1,-1,1,120
-7,2,5,4,2,-1,2,2,4,-1,4,7,1,-1,1,120
-7,2,7,4,2,-1,40,2,2,37,2,37,1,37,0,120
-7,2,9,4,2,0,4,1,2,2,1,7,1,-1,0,120
-7,2,11,4,2,1,2,0,3,1,1,6,1,-1,0,120
-7,2,13,4,2,2,2,-1,11,2,8,8,1,8,0,120
-7,2,15,4,2,2,6,-1,2,6,-1,6,1,-1,0,120
-5,2,1,4,2,-2,7,3,2,3,3,6,1,-1,0,120
-5,2,3,4,2,-1,3,2,2,0,2,6,1,-1,1,120
-5,2,5,4,2,0,2,1,4,0,3,6,1,-1,0,120
-5,2,7,4,2,0,40,1,2,38,1,38,1,38,0,120
-5,2,9,4,2,1,4,0,2,3,0,7,1,-1,0,120
-5,2,11,4,2,2,2,-1,3,2,0,6,1,-1,1,120
-5,2,13,4,2,3,2,-2,11,3,7,7,1,7,0,120
-5,2,15,4,2,3,6,-2,2,7,-2,8,1,-1,1,120
-3,2,1,4,2,-1,7,2,2,4,2,6,1,-1,0,120
-3,2,3,4,2,0,3,1,2,1,1,6,1,-1,0,120
-3,2,5,4,2,1,2,0,4,1,2,6,1,-1,0,120
-3,2,7,4,2,1,40,0,2,39,0,38,1,38,0,120
-3,2,9,4,2,2,4,-1,2,4,-1,6,1,-1,1,120
-3,2,11,4,2,3,2,-2,3,3,-1,6,1,-1,1,120
-3,2,13,4,2,4,2,-3,11,4,6,6,1,6,0,120
-3,2,15,4,2,4,6,-3,2,8,-3,6,1,-1,1,120
-1,2,1,4,2,0,7,1,2,5,1,6,1,-1,0,120
-1,2,3,4,2,1,3,0,2,2,0,6,1,-1,1,120
-1,2,5,4,2,2,2,-1,4,2,1,6,1,-1,0,120
-1,2,7,4,2,2,40,-1,2,40,-1,37,1,37,0,120
-1,2,9,4,2,3,4,-2,2,5,-2,7,1,-1,1,120
-1,2,11,4,2,4,2,-3,3,4,-2,6,1,-1,1,120
-1,2,13,4,2,5,2,-4,11,5,5,6,1,-1,0,120
-1,2,15,4,2,5,6,-4,2,9,-4,6,1,-1,1,120
1,2,1,4,2,1,7,0,2,6,0,6,1,-1,0,120
1,2,3,4,2,2,3,-1,2,3,-1,6,1,-1,1,120
1,2,5,4,2,3,2,-2,4,3,0,6,1,-1,1,120
1,2,7,4,2,3,40,-2,2,41,-2,36,1,36,0,120
1,2,9,4,2,4,4,-3,2,6,-3,6,1,-1,1,120
1,2,11,4,2,5,2,-4,3,5,-3,6,1,-1,1,120
1,2,13,4,2,6,2,-5,11,6,4,6,1,-1,1,120
1,2,15,4,2,6,6,-5,2,10,-5,6,1,-1,1,120
5,2,1,4,2,3,7,-2,2,8,-2,9,1,-1,1,120
5,2,3,4,2,4,3,-3,2,5,-3,6,1,-1,1,120
5,2,5,4,2,5,2,-4,4,5,-2,6,1,-1,1,120
5,2,7,4,2,5,40,-4,2,43,-4,34,1,34,0,120
5,2,9,4,2,6,4,-5,2,8,-5,6,1,-1,1,120
5,2,11,4,2,7,2,-6,3,7,-5,6,1,-1,1,120
5,2,13,4,2,8,2,-7,11,8,2,6,1,-1,1,120
5,2,15,4,2,8,6,-7,2,12,-7,6,1,-1,1,120
3,2,1,4,2,2,7,-1,2,7,-1,7,1,-1,0,120
3,2,3,4,2,3,3,-2,2,4,-2,6,1,-1,1,120
3,2,5,4,2,4,2,-3,4,4,-1,6,1,-1,1,120
3,2,7,4,2,4,40,-3,2,42,-3,35,1,35,0,120
3,2,9,4,2,5,4,-4,2,7,-4,6,1,-1,1,120
3,2,11,4,2,6,2,-5,3,6,-4,6,1,-1,1,120
3,2,13,4,2,7,2,-6,11,7,3,6,1,-1,1,120
3,2,15,4,2,7,6,-6,2,11,-6,6,1,-1,1,120
7,2,1,4,2,4,7,-3,2,9,-3,7,1,-1,1,120
7,2,3,4,2,5,3,-4,2,6,-4,6,1,-1,1,120
7,2,5,4,2,6,2,-5,4,6,-3,6,1,-1,1,120
7,2,7,4,2,6,40,-5,2,44,-5,6,1,6,0,120
7,2,9,4,2,7,4,-6,2,9,-6,6,1,-1,1,120
7,2,11,4,2,8,2,-7,3,8,-6,6,1,-1,1,120
7,2,13,4,2,9,2,-8,11,9,1,6,1,-1,1,120
7,2,15,4,2,9,6,-8,2,13,-8,6,1,-1,1,120
9,2,1,4,2,5,7,-4,2,10,-4,6,1,-1,1,120
9,2,3,4,2,6,3,-5,2,7,-5,6,1,-1,1,120
9,2,5,4,2,7,2,-6,4,7,-4,6,1,-1,1,120
9,2,7,4,2,7,40,-6,2,45,-6,7,1,7,0,120
9,2,9,4,2,8,4,-7,2,10,-7,6,1,-1,1,120
9,2,11,4,2,9,2,-8,3,9,-7,6,1,-1,1,120
9,2,13,4,2,10,2,-9,11,10,0,6,1,-1,1,120
9,2,15,4,2,10,6,-9,2,14,-9,6,1,-1,1,120
-11,2,1,5,2,-5,5,6,2,-2,6,6,1,-1,1,120
-11,2,2,5,2,-4,2,5,16,-4,19,10,1,10,0,120
-11,2,3,5,2,-4,2,5,3,-4,6,6,1,-1,1,120
-11,2,4,5,2,-4,3,5,2,-3,5,6,1,-1,1,120
-11,2,6,5,2,-3,2,4,6,-3,8,6,1,-1,1,120
-11,2,7,5,2,-3,2,4,3,-3,5,6,1,-1,1,120
-11,2,8,5,2,-3,5,4,2,0,4,6,1,-1,1,120
-11,2,9,5,2,-2,2,3,22,-2,23,18,1,18,0,120
11,2,1,4,2,6,7,-5,2,11,-5,6,1,-1,1,120
11,2,3,4,2,7,3,-6,2,8,-6,6,1,-1,1,120
11,2,5,4,2,8,2,-7,4,8,-5,6,1,-1,1,120
11,2,7,4,2,8,40,-7,2,46,-7,6,1,6,0,120
11,2,9,4,2,9,4,-8,2,11,-8,6,1,-1,1,120
11,2,11,4,2,10,2,-9,3,10,-8,6,1,-1,1,120
11,2,13,4,2,11,2,-10,11,11,-1,6,1,-1,1,120
11,2,15,4,2,11,6,-10,2,15,-10,6,1,-1,1,120
-11,2,11,5,2,-2,3,3,2,-1,3,6,1,-1,1,120
-11,2,12,5,2,-2,10,3,2,6,3,6,1,6,0,120
-11,2,13,5,2,-1,2,2,6,-1,6,6,1,-1,0,120
-11,2,14,5,2,-1,2,2,3,-1,3,6,1,-1,1,120
-11,2,16,5,2,0,2,1,40,0,39,38,1,38,0,120
-11,2,17,5,2,0,2,1,4,0,3,6,1,-1,0,120
-11,2,18,5,2,0,3,1,2,1,1,6,1,-1,0,120
-11,2,19,5,2,0,8,1,2,6,1,6,1,6,0,120
-9,2,1,5,2,-4,5,5,2,-1,5,6,1,-1,1,120
-9,2,2,5,2,-3,2,4,16,-3,18,11,1,11,0,120
-9,2,3,5,2,-3,2,4,3,-3,5,6,1,-1,1,120
-9,2,4,5,2,-3,3,4,2,-2,4,6,1,-1,1,120
-9,2,6,5,2,-2,2,3,6,-2,7,8,1,-1,1,120
-9,2,7,5,2,-2,2,3,3,-2,4,6,1,-1,1,120
-9,2,8,5,2,-2,5,3,2,1,3,6,1,-1,1,120
-9,2,9,5,2,-1,2,2,22,-1,22,19,1,19,0,120
-7,2,1,5,2,-3,5,4,2,0,4,6,1,-1,1,120
-7,2,2,5,2,-2,2,3,16,-2,17,12,1,12,0,120
-7,2,3,5,2,-2,2,3,3,-2,4,6,1,-1,1,120
-7,2,4,5,2,-2,3,3,2,-1,3,6,1,-1,1,120
-7,2,6,5,2,-1,2,2,6,-1,6,6,1,-1,0,120
-7,2,7,5,2,-1,2,2,3,-1,3,7,1,-1,1,120
-7,2,8,5,2,-1,5,2,2,2,2,7,1,-1,0,120
-7,2,9,5,2,0,2,1,22,0,21,20,1,20,0,120
-9,2,11,5,2,-1,3,2,2,0,2,6,1,-1,1,120
-9,2,12,5,2,-1,10,2,2,7,2,7,1,7,0,120
-9,2,13,5,2,0,2,1,6,0,5,6,1,-1,0,120
-9,2,14,5,2,0,2,1,3,0,2,6,1,-1,1,120
-9,2,16,5,2,1,2,0,40,1,38,38,1,38,0,120
-9,2,17,5,2,1,2,0,4,1,2,6,1,-1,0,120
-9,2,18,5,2,1,3,0,2,2,0,6,1,-1,1,120
-9,2,19,5,2,1,8,0,2,7,0,6,1,6,0,120
-7,2,11,5,2,0,3,1,2,1,1,6,1,-1,0,120
-7,2,12,5,2,0,10,1,2,8,1,8,1,8,0,120
-7,2,13,5,2,1,2,0,6,1,4,6,1,-1,0,120
-7,2,14,5,2,1,2,0,3,1,1,6,1,-1,0,120
-7,2,16,5,2,2,2,-1,40,2,37,37,1,37,0,120
-7,2,17,5,2,2,2,-1,4,2,1,6,1,-1,0,120
-7,2,18,5,2,2,3,-1,2,3,-1,6,1,-1,1,120
-7,2,19,5,2,2,8,-1,2,8,-1,6,1,-1,0,120
-5,2,1,5,2,-2,5,3,2,1,3,6,1,-1,1,120
-5,2,2,5,2,-1,2,2,16,-1,16,13,1,13,0,120
-5,2,3,5,2,-1,2,2,3,-1,3,6,1,-1,1,120
-5,2,4,5,2,-1,3,2,2,0,2,6,1,-1,1,120
-5,2,6,5,2,0,2,1,6,0,5,7,1,-1,0,120
-5,2,7,5,2,0,2,1,3,0,2,6,1,-1,1,120
-5,2,8,5,2,0,5,1,2,3,1,6,1,-1,0,120
-5,2,9,5,2,1,2,0,22,1,20,20,1,20,0,120
-3,2,1,5,2,-1,5,2,2,2,2,6,1,-1,0,120
-3,2,2,5,2,0,2,1,16,0,15,14,1,14,0,120
-3,2,3,5,2,0,2,1,3,0,2,6,1,-1,1,120
-3,2,4,5,2,0,3,1,2,1,1,6,1,-1,0,120
-3,2,6,5,2,1,2,0,6,1,4,7,1,-1,0,120
-3,2,7,5,2,1,2,0,3,1,1,6,1,-1,0,120
-3,2,8,5,2,1,5,0,2,4,0,6,1,-1,0,120
-3,2,9,5,2,2,2,-1,22,2,19,19,1,19,0,120
-5,2,11,5,2,1,3,0,2,2,0,6,1,-1,1,120
-5,2,12,5,2,1,10,0,2,9,0,8,1,8,0,120
-5,2,13,5,2,2,2,-1,6,2,3,6,1,-1,0,120
-5,2,14,5,2,2,2,-1,3,2,0,6,1,-1,1,120
-5,2,16,5,2,3,2,-2,40,3,36,36,1,36,0,120
-5,2,17,5,2,3,2,-2,4,3,0,6,1,-1,1,120
-5,2,18,5,2,3,3,-2,2,4,-2,6,1,-1,1,120
-5,2,19,5,2,3,8,-2,2,9,-2,9,1,-1,0,120
-3,2,11,5,2,2,3,-1,2,3,-1,6,1,-1,1,120
-3,2,12,5,2,2,10,-1,2,10,-1,7,1,7,0,120
-3,2,13,5,2,3,2,-2,6,3,2,6,1,-1,0,120
-3,2,14,5,2,3,2,-2,3,3,-1,6,1,-1,1,120
-3,2,16,5,2,4,2,-3,40,4,35,35,1,35,0,120
-3,2,17,5,2,4,2,-3,4,4,-1,6,1,-1,1,120
-3,2,18,5,2,4,3,-3,2,5,-3,6,1,-1,1,120
-3,2,19,5,2,4,8,-3,2,10,-3,10,1,-1,1,120
-1,2,1,5,2,0,5,1,2,3,1,6,1,-1,0,120
-1,2,2,5,2,1,2,0,16,1,14,14,1,14,0,120
-1,2,3,5,2,1,2,0,3,1,1,6,1,-1,0,120
-1,2,4,5,2,1,3,0,2,2,0,6,1,-1,1,120
-1,2,6,5,2,2,2,-1,6,2,3,6,1,-1,0,120
-1,2,7,5,2,2,2,-1,3,2,0,6,1,-1,1,120
-1,2,8,5,2,2,5,-1,2,5,-1,7,1,-1,1,120
-1,2,9,5,2,3,2,-2,22,3,18,18,1,18,0,120
-1,2,11,5,2,3,3,-2,2,4,-2,6,1,-1,1,120
-1,2,12,5,2,3,10,-2,2,11,-2,6,1,6,0,120
-1,2,13,5,2,4,2,-3,6,4,1,6,1,-1,1,120
-1,2,14,5,2,4,2,-3,3,4,-2,6,1,-1,1,120
-1,2,16,5,2,5,2,-4,40,5,34,34,1,34,0,120
-1,2,17,5,2,5,2,-4,4,5,-2,6,1,-1,1,120
-1,2,18,5,2,5,3,-4,2,6,-4,6,1,-1,1,120
-1,2,19,5,2,5,8,-4,2,11,-4,10,1,-1,1,120
1,2,1,5,2,1,5,0,2,4,0,6,1,-1,0,120
1,2,2,5,2,2,2,-1,16,2,13,13,1,13,0,120
1,2,3,5,2,2,2,-1,3,2,0,6,1,-1,1,120
1,2,4,5,2,2,3,-1,2,3,-1,6,1,-1,1,120
1,2,6,5,2,3,2,-2,6,3,2,8,1,-1,0,120
1,2,7,5,2,3,2,-2,3,3,-1,7,1,-1,1,120
1,2,8,5,2,3,5,-2,2,6,-2,6,1,-1,1,120
1,2,9,5,2,4,2,-3,22,4,17,17,1,17,0,120
1,2,11,5,2,4,3,-3,2,5,-3,6,1,-1,1,120
1,2,12,5,2,4,10,-3,2,12,-3,7,1,-1,0,120
1,2,13,5,2,5,2,-4,6,5,0,6,1,-1,1,120
1,2,14,5,2,5,2,-4,3,5,-3,6,1,-1,1,120
1,2,16,5,2,6,2,-5,40,6,33,33,1,33,0,120
1,2,17,5,2,6,2,-5,4,6,-3,7,1,-1,1,120
1,2,18,5,2,6,3,-5,2,7,-5,6,1,-1,1,120
1,2,19,5,2,6,8,-5,2,12,-5,6,1,-1,1,120
3,2,1,5,2,2,5,-1,2,5,-1,6,1,-1,1,120
3,2,2,5,2,3,2,-2,16,3,12,12,1,12,0,120
3,2,3,5,2,3,2,-2,3,3,-1,6,1,-1,1,120
3,2,4,5,2,3,3,-2,2,4,-2,6,1,-1,1,120
3,2,6,5,2,4,2,-3,6,4,1,6,1,-1,1,120
3,2,7,5,2,4,2,-3,3,4,-2,6,1,-1,1,120
3,2,8,5,2,4,5,-3,2,7,-3,6,1,-1,1,120
3,2,9,5,2,5,2,-4,22,5,16,16,1,16,0,120
5,2,1,5,2,3,5,-2,2,6,-2,6,1,-1,1,120
5,2,2,5,2,4,2,-3,16,4,11,11,1,11,0,120
5,2,3,5,2,4,2,-3,3,4,-2,6,1,-1,1,120
5,2,4,5,2,4,3,-3,2,5,-3,6,1,-1,1,120
5,2,6,5,2,5,2,-4,6,5,0,6,1,-1,1,120
5,2,7,5,2,5,2,-4,3,5,-3,6,1,-1,1,120
5,2,8,5,2,5,5,-4,2,8,-4,6,1,-1,1,120
5,2,9,5,2,6,2,-5,22,6,15,15,1,15,0,120
3,2,11,5,2,5,3,-4,2,6,-4,6,1,-1,1,120
3,2,12,5,2,5,10,-4,2,13,-4,6,1,-1,1,120
3,2,13,5,2,6,2,-5,6,6,-1,6,1,-1,1,120
3,2,14,5,2,6,2,-5,3,6,-4,6,1,-1,1,120
3,2,16,5,2,7,2,-6,40,7,32,32,1,32,0,120
3,2,17,5,2,7,2,-6,4,7,-4,6,1,-1,1,120
3,2,18,5,2,7,3,-6,2,8,-6,6,1,-1,1,120
3,2,19,5,2,7,8,-6,2,13,-6,7,1,-1,1,120
5,2,11,5,2,6,3,-5,2,7,-5,6,1,-1,1,120
5,2,12,5,2,6,10,-5,2,14,-5,6,1,-1,1,120
5,2,13,5,2,7,2,-6,6,7,-2,6,1,-1,1,120
5,2,14,5,2,7,2,-6,3,7,-5,6,1,-1,1,120
5,2,16,5,2,8,2,-7,40,8,31,6,1,6,0,120
5,2,17,5,2,8,2,-7,4,8,-5,6,1,-1,1,120
5,2,18,5,2,8,3,-7,2,9,-7,6,1,-1,1,120
5,2,19,5,2,8,8,-7,2,14,-7,6,1,-1,1,120
7,2,1,5,2,4,5,-3,2,7,-3,6,1,-1,1,120
7,2,2,5,2,5,2,-4,16,5,10,10,1,10,0,120
7,2,3,5,2,5,2,-4,3,5,-3,6,1,-1,1,120
7,2,4,5,2,5,3,-4,2,6,-4,6,1,-1,1,120
7,2,6,5,2,6,2,-5,6,6,-1,9,1,-1,1,120
7,2,7,5,2,6,2,-5,3,6,-4,6,1,-1,1,120
7,2,8,5,2,6,5,-5,2,9,-5,6,1,-1,1,120
7,2,9,5,2,7,2,-6,22,7,14,14,1,14,0,120
7,2,11,5,2,7,3,-6,2,8,-6,6,1,-1,1,120
7,2,12,5,2,7,10,-6,2,15,-6,6,1,-1,1,120
7,2,13,5,2,8,2,-7,6,8,-3,6,1,-1,1,120
7,2,14,5,2,8,2,-7,3,8,-6,6,1,-1,1,120
7,2,16,5,2,9,2,-8,40,9,30,6,1,6,0,120
7,2,17,5,2,9,2,-8,4,9,-6,6,1,-1,1,120
7,2,18,5,2,9,3,-8,2,10,-8,6,1,-1,1,120
7,2,19,5,2,9,8,-8,2,15,-8,6,1,-1,1,120
9,2,1,5,2,5,5,-4,2,8,-4,6,1,-1,1,120
9,2,2,5,2,6,2,-5,16,6,9,9,1,9,0,120
9,2,3,5,2,6,2,-5,3,6,-4,6,1,-1,1,120
9,2,4,5,2,6,3,-5,2,7,-5,6,1,-1,1,120
9,2,6,5,2,7,2,-6,6,7,-2,8,1,-1,1,120
9,2,7,5,2,7,2,-6,3,7,-5,6,1,-1,1,120
9,2,8,5,2,7,5,-6,2,10,-6,7,1,-1,1,120
9,2,9,5,2,8,2,-7,22,8,13,6,1,6,0,120
9,2,11,5,2,8,3,-7,2,9,-7,6,1,-1,1,120
9,2,12,5,2,8,10,-7,2,16,-7,6,1,-1,1,120
9,2,13,5,2,9,2,-8,6,9,-4,6,1,-1,1,120
9,2,14,5,2,9,2,-8,3,9,-7,6,1,-1,1,120
9,2,16,5,2,10,2,-9,40,10,29,6,1,6,0,120
9,2,17,5,2,10,2,-9,4,10,-7,6,1,-1,1,120
9,2,18,5,2,10,3,-9,2,11,-9,6,1,-1,1,120
9,2,19,5,2,10,8,-9,2,16,-9,7,1,-1,1,120
11,2,1,5,2,6,5,-5,2,9,-5,6,1,-1,1,120
11,2,2,5,2,7,2,-6,16,7,8,8,1,8,0,120
11,2,3,5,2,7,2,-6,3,7,-5,6,1,-1,1,120
11,2,4,5,2,7,3,-6,2,8,-6,6,1,-1,1,120
11,2,6,5,2,8,2,-7,6,8,-3,6,1,-1,1,120
11,2,7,5,2,8,2,-7,3,8,-6,6,1,-1,1,120
11,2,8,5,2,8,5,-7,2,11,-7,6,1,-1,1,120
11,2,9,5,2,9,2,-8,22,9,12,6,1,6,0,120
-17,3,1,1,2,-4,4,5,2,-2,5,6,1,-1,1,120
-17,3,2,1,2,-2,2,3,7,-2,8,6,1,-1,1,120
-17,3,3,1,2,-1,3,2,2,0,2,6,1,-1,1,120
-17,3,4,1,2,0,102,1,2,100,1,100,1,100,0,120
-16,3,1,1,2,-3,2,4,13,-3,15,8,1,8,0,120
-16,3,2,1,2,-2,2,3,3,-2,4,6,1,-1,1,120
-16,3,3,1,2,-1,12,2,2,9,2,9,1,9,0,120
-16,3,4,1,2,1,2,0,4,1,2,7,1,-1,0,120
11,2,11,5,2,9,3,-8,2,10,-8,6,1,-1,1,120
11,2,12,5,2,9,10,-8,2,17,-8,6,1,-1,1,120
11,2,13,5,2,10,2,-9,6,10,-5,6,1,-1,1,120
11,2,14,5,2,10,2,-9,3,10,-8,6,1,-1,1,120
11,2,16,5,2,11,2,-10,40,11,28,6,1,6,0,120
11,2,17,5,2,11,2,-10,4,11,-8,6,1,-1,1,120
11,2,18,5,2,11,3,-10,2,12,-10,6,1,-1,1,120
11,2,19,5,2,11,8,-10,2,17,-10,6,1,-1,1,120
-14,3,1,1,2,-3,4,4,2,-1,4,6,1,-1,1,120
-14,3,2,1,2,-1,2,2,7,-1,7,6,1,-1,0,120
-14,3,3,1,2,0,3,1,2,1,1,6,1,-1,0,120
-14,3,4,1,2,1,102,0,2,101,0,100,1,100,0,120
-13,3,1,1,2,-2,2,3,13,-2,14,9,1,9,0,120
-13,3,2,1,2,-1,2,2,3,-1,3,7,1,-1,1,120
-13,3,3,1,2,0,12,1,2,10,1,10,1,10,0,120
-13,3,4,1,2,2,2,-1,4,2,1,6,1,-1,0,120
-11,3,1,1,2,-2,4,3,2,0,3,6,1,-1,1,120
-11,3,2,1,2,0,2,1,7,0,6,6,1,-1,0,120
-11,3,3,1,2,1,3,0,2,2,0,7,1,-1,1,120
-11,3,4,1,2,2,102,-1,2,102,-1,99,1,99,0,120
-10,3,1,1,2,-1,2,2,13,-1,13,10,1,10,0,120
-10,3,2,1,2,0,2,1,3,0,2,6,1,-1,1,120
-10,3,3,1,2,1,12,0,2,11,0,10,1,10,0,120
-10,3,4,1,2,3,2,-2,4,3,0,6,1,-1,1,120
-8,3,1,1,2,-1,4,2,2,1,2,6,1,-1,0,120
-8,3,2,1,2,1,2,0,7,1,5,6,1,-1,0,120
-8,3,3,1,2,2,3,-1,2,3,-1,6,1,-1,1,120
-8,3,4,1,2,3,102,-2,2,103,-2,98,1,98,0,120
-7,3,1,1,2,0,2,1,13,0,12,11,1,11,0,120
-7,3,2,1,2,1,2,0,3,1,1,6,1,-1,0,120
-7,3,3,1,2,2,12,-1,2,12,-1,9,1,9,0,120
-7,3,4,1,2,4,2,-3,4,4,-1,6,1,-1,1,120
-5,3,1,1,2,0,4,1,2,2,1,6,1,-1,0,120
-5,3,2,1,2,2,2,-1,7,2,4,7,1,-1,0,120
-5,3,3,1,2,3,3,-2,2,4,-2,6,1,-1,1,120
-5,3,4,1,2,4,102,-3,2,104,-3,97,1,97,0,120
-4,3,1,1,2,1,2,0,13,1,11,11,1,11,0,120
-4,3,2,1,2,2,2,-1,3,2,0,6,1,-1,1,120
-4,3,3,1,2,3,12,-2,2,13,-2,8,1,8,0,120
-4,3,4,1,2,5,2,-4,4,5,-2,8,1,-1,1,120
-2,3,1,1,2,1,4,0,2,3,0,6,1,-1,0,120
-2,3,2,1,2,3,2,-2,7,3,3,8,1,-1,0,120
-2,3,3,1,2,4,3,-3,2,5,-3,6,1,-1,1,120
-2,3,4,1,2,5,102,-4,2,105,-4,96,1,96,0,120
-1,3,1,1,2,2,2,-1,13,2,10,10,1,10,0,120
-1,3,2,1,2,3,2,-2,3,3,-1,7,1,-1,1,120
-1,3,3,1,2,4,12,-3,2,14,-3,7,1,7,0,120
-1,3,4,1,2,6,2,-5,4,6,-3,6,1,-1,1,120
1,3,1,1,2,2,4,-1,2,4,-1,6,1,-1,1,120
1,3,2,1,2,4,2,-3,7,4,2,7,1,-1,1,120
1,3,3,1,2,5,3,-4,2,6,-4,6,1,-1,1,120
1,3,4,1,2,6,102,-5,2,106,-5,6,1,6,0,120
2,3,1,1,2,3,2,-2,13,3,9,9,1,9,0,120
2,3,2,1,2,4,2,-3,3,4,-2,6,1,-1,1,120
2,3,3,1,2,5,12,-4,2,15,-4,6,1,6,0,120
2,3,4,1,2,7,2,-6,4,7,-4,6,1,-1,1,120
4,3,1,1,2,3,4,-2,2,5,-2,6,1,-1,1,120
4,3,2,1,2,5,2,-4,7,5,1,6,1,-1,1,120
4,3,3,1,2,6,3,-5,2,7,-5,6,1,-1,1,120
4,3,4,1,2,7,102,-6,2,107,-6,7,1,7,0,120
5,3,1,1,2,4,2,-3,13,4,8,8,1,8,0,120
5,3,2,1,2,5,2,-4,3,5,-3,6,1,-1,1,120
5,3,3,1,2,6,12,-5,2,16,-5,6,1,-1,1,120
5,3,4,1,2,8,2,-7,4,8,-5,6,1,-1,1,120
7,3,1,1,2,4,4,-3,2,6,-3,6,1,-1,1,120
7,3,2,1,2,6,2,-5,7,6,0,6,1,-1,1,120
7,3,3,1,2,7,3,-6,2,8,-6,6,1,-1,1,120
7,3,4,1,2,8,102,-7,2,108,-7,6,1,6,0,120
8,3,1,1,2,5,2,-4,13,5,7,7,1,7,0,120
8,3,2,1,2,6,2,-5,3,6,-4,6,1,-1,1,120
8,3,3,1,2,7,12,-6,2,17,-6,6,1,-1,1,120
8,3,4,1,2,9,2,-8,4,9,-6,6,1,-1,1,120
10,3,1,1,2,5,4,-4,2,7,-4,6,1,-1,1,120
10,3,2,1,2,7,2,-6,7,7,-1,7,1,-1,1,120
10,3,3,1,2,8,3,-7,2,9,-7,6,1,-1,1,120
10,3,4,1,2,9,102,-8,2,109,-8,6,1,6,0,120
11,3,1,1,2,6,2,-5,13,6,6,6,1,6,0,120
11,3,2,1,2,7,2,-6,3,7,-5,6,1,-1,1,120
11,3,3,1,2,8,12,-7,2,18,-7,8,1,-1,1,120
11,3,4,1,2,10,2,-9,4,10,-7,6,1,-1,1,120
13,3,1,1,2,6,4,-5,2,8,-5,8,1,-1,1,120
13,3,2,1,2,8,2,-7,7,8,-2,6,1,-1,1,120
13,3,3,1,2,9,3,-8,2,10,-8,6,1,-1,1,120
13,3,4,1,2,10,102,-9,2,110,-9,6,1,6,0,120
14,3,1,1,2,7,2,-6,13,7,5,6,1,-1,1,120
14,3,2,1,2,8,2,-7,3,8,-6,7,1,-1,1,120
14,3,3,1,2,9,12,-8,2,19,-8,6,1,-1,1,120
14,3,4,1,2,11,2,-10,4,11,-8,6,1,-1,1,120
16,3,1,1,2,7,4,-6,2,9,-6,7,1,-1,1,120
16,3,2,1,2,9,2,-8,7,9,-3,6,1,-1,1,120
16,3,3,1,2,10,3,-9,2,11,-9,6,1,-1,1,120
16,3,4,1,2,11,102,-10,2,111,-10,6,1,6,0,120
17,3,1,1,2,8,2,-7,13,8,4,6,1,-1,1,120
17,3,2,1,2,9,2,-8,3,9,-7,6,1,-1,1,120
17,3,3,1,2,10,12,-9,2,20,-9,6,1,-1,1,120
17,3,4,1,2,12,2,-11,4,12,-9,6,1,-1,1,120
-17,3,1,2,2,-4,2,5,25,-4,28,19,1,19,0,120
-17,3,3,2,2,-3,2,4,3,-3,5,7,1,-1,1,120
-17,3,5,2,2,-2,8,3,2,4,3,6,1,-1,0,120
-17,3,7,2,2,0,2,1,4,0,3,6,1,-1,0,120
-16,3,1,2,2,-4,2,5,3,-4,6,6,1,-1,1,120
-16,3,3,2,2,-3,5,4,2,0,4,6,1,-1,1,120
-16,3,5,2,2,-1,2,2,5,-1,5,6,1,-1,1,120
-16,3,7,2,2,0,3,1,2,1,1,6,1,-1,0,120
-14,3,1,2,2,-3,2,4,25,-3,27,20,1,20,0,120
-14,3,3,2,2,-2,2,3,3,-2,4,6,1,-1,1,120
-14,3,5,2,2,-1,8,2,2,5,2,6,1,-1,0,120
-14,3,7,2,2,1,2,0,4,1,2,6,1,-1,0,120
-13,3,1,2,2,-3,2,4,3,-3,5,6,1,-1,1,120
-13,3,3,2,2,-2,5,3,2,1,3,6,1,-1,1,120
-13,3,5,2,2,0,2,1,5,0,4,6,1,-1,0,120
-13,3,7,2,2,1,3,0,2,2,0,6,1,-1,1,120
-11,3,1,2,2,-2,2,3,25,-2,26,21,1,21,0,120
-11,3,3,2,2,-1,2,2,3,-1,3,6,1,-1,1,120
-11,3,5,2,2,0,8,1,2,6,1,6,1,6,0,120
-11,3,7,2,2,2,2,-1,4,2,1,6,1,-1,0,120
-10,3,1,2,2,-2,2,3,3,-2,4,6,1,-1,1,120
-10,3,3,2,2,-1,5,2,2,2,2,6,1,-1,0,120
-10,3,5,2,2,1,2,0,5,1,3,6,1,-1,0,120
-10,3,7,2,2,2,3,-1,2,3,-1,6,1,-1,1,120
-8,3,1,2,2,-1,2,2,25,-1,25,22,1,22,0,120
-8,3,3,2,2,0,2,1,3,0,2,6,1,-1,1,120
-8,3,5,2,2,1,8,0,2,7,0,6,1,6,0,120
-8,3,7,2,2,3,2,-2,4,3,0,6,1,-1,1,120
-7,3,1,2,2,-1,2,2,3,-1,3,6,1,-1,1,120
-7,3,3,2,2,0,5,1,2,3,1,7,1,-1,0,120
-7,3,5,2,2,2,2,-1,5,2,2,6,1,-1,0,120
-7,3,7,2,2,3,3,-2,2,4,-2,6,1,-1,1,120
-5,3,1,2,2,0,2,1,25,0,24,23,1,23,0,120
-5,3,3,2,2,1,2,0,3,1,1,6,1,-1,0,120
-5,3,5,2,2,2,8,-1,2,8,-1,6,1,-1,0,120
-5,3,7,2,2,4,2,-3,4,4,-1,6,1,-1,1,120
-4,3,1,2,2,0,2,1,3,0,2,6,1,-1,1,120
-4,3,3,2,2,1,5,0,2,4,0,6,1,-1,0,120
-4,3,5,2,2,3,2,-2,5,3,1,6,1,-1,1,120
-4,3,7,2,2,4,3,-3,2,5,-3,6,1,-1,1,120
-2,3,1,2,2,1,2,0,25,1,23,23,1,23,0,120
-2,3,3,2,2,2,2,-1,3,2,0,6,1,-1,1,120
-2,3,5,2,2,3,8,-2,2,9,-2,6,1,-1,0,120
-2,3,7,2,2,5,2,-4,4,5,-2,6,1,-1,1,120
-1,3,1,2,2,1,2,0,3,1,1,6,1,-1,0,120
-1,3,3,2,2,2,5,-1,2,5,-1,6,1,-1,1,120
-1,3,5,2,2,4,2,-3,5,4,0,6,1,-1,1,120
-1,3,7,2,2,5,3,-4,2,6,-4,6,1,-1,1,120
1,3,1,2,2,2,2,-1,25,2,22,22,1,22,0,120
1,3,3,2,2,3,2,-2,3,3,-1,6,1,-1,1,120
1,3,5,2,2,4,8,-3,2,10,-3,6,1,-1,1,120
1,3,7,2,2,6,2,-5,4,6,-3,6,1,-1,1,120
2,3,1,2,2,2,2,-1,3,2,0,6,1,-1,1,120
2,3,3,2,2,3,5,-2,2,6,-2,6,1,-1,1,120
2,3,5,2,2,5,2,-4,5,5,-1,6,1,-1,1,120
2,3,7,2,2,6,3,-5,2,7,-5,6,1,-1,1,120
4,3,1,2,2,3,2,-2,25,3,21,21,1,21,0,120
4,3,3,2,2,4,2,-3,3,4,-2,6,1,-1,1,120
4,3,5,2,2,5,8,-4,2,11,-4,6,1,-1,1,120
4,3,7,2,2,7,2,-6,4,7,-4,6,1,-1,1,120
5,3,1,2,2,3,2,-2,3,3,-1,6,1,-1,1,120
5,3,3,2,2,4,5,-3,2,7,-3,6,1,-1,1,120
5,3,5,2,2,6,2,-5,5,6,-2,6,1,-1,1,120
5,3,7,2,2,7,3,-6,2,8,-6,6,1,-1,1,120
7,3,1,2,2,4,2,-3,25,4,20,20,1,20,0,120
7,3,3,2,2,5,2,-4,3,5,-3,6,1,-1,1,120
7,3,5,2,2,6,8,-5,2,12,-5,6,1,-1,1,120
7,3,7,2,2,8,2,-7,4,8,-5,6,1,-1,1,120
8,3,1,2,2,4,2,-3,3,4,-2,6,1,-1,1,120
8,3,3,2,2,5,5,-4,2,8,-4,6,1,-1,1,120
8,3,5,2,2,7,2,-6,5,7,-3,6,1,-1,1,120
8,3,7,2,2,8,3,-7,2,9,-7,6,1,-1,1,120
10,3,1,2,2,5,2,-4,25,5,19,19,1,19,0,120
10,3,3,2,2,6,2,-5,3,6,-4,6,1,-1,1,120
10,3,5,2,2,7,8,-6,2,13,-6,6,1,-1,1,120
10,3,7,2,2,9,2,-8,4,9,-6,6,1,-1,1,120
11,3,1,2,2,5,2,-4,3,5,-3,6,1,-1,1,120
11,3,3,2,2,6,5,-5,2,9,-5,6,1,-1,1,120
11,3,5,2,2,8,2,-7,5,8,-4,6,1,-1,1,120
11,3,7,2,2,9,3,-8,2,10,-8,6,1,-1,1,120
13,3,1,2,2,6,2,-5,25,6,18,18,1,18,0,120
13,3,3,2,2,7,2,-6,3,7,-5,6,1,-1,1,120
13,3,5,2,2,8,8,-7,2,14,-7,6,1,-1,1,120
13,3,7,2,2,10,2,-9,4,10,-7,6,1,-1,1,120
14,3,1,2,2,6,2,-5,3,6,-4,6,1,-1,1,120
14,3,3,2,2,7,5,-6,2,10,-6,6,1,-1,1,120
14,3,5,2,2,9,2,-8,5,9,-5,6,1,-1,1,120
14,3,7,2,2,10,3,-9,2,11,-9,6,1,-1,1,120
-17,3,1,3,2,-5,6,6,2,-1,6,7,1,-1,1,120
-17,3,2,3,2,-4,2,5,4,-4,7,6,1,-1,1,120
-17,3,4,3,2,-3,2,4,5,-3,7,6,1,-1,1,120
-17,3,5,3,2,-3,4,4,2,-1,4,6,1,-1,1,120
-17,3,7,3,2,-2,3,3,2,-1,3,6,1,-1,1,120
-17,3,8,3,2,-1,2,2,10,-1,10,7,1,7,0,120
-17,3,10,3,2,0,2,1,22,0,21,20,1,20,0,120
-17,3,11,3,2,0,3,1,2,1,1,6,1,-1,0,120
16,3,1,2,2,7,2,-6,25,7,17,17,1,17,0,120
16,3,3,2,2,8,2,-7,3,8,-6,6,1,-1,1,120
16,3,5,2,2,9,8,-8,2,15,-8,6,1,-1,1,120
16,3,7,2,2,11,2,-10,4,11,-8,6,1,-1,1,120
17,3,1,2,2,7,2,-6,3,7,-5,6,1,-1,1,120
17,3,3,2,2,8,5,-7,2,11,-7,6,1,-1,1,120
17,3,5,2,2,10,2,-9,5,10,-6,6,1,-1,1,120
17,3,7,2,2,11,3,-10,2,12,-10,6,1,-1,1,120
-16,3,1,3,2,-4,2,5,8,-4,11,6,1,-1,1,120
-16,3,2,3,2,-4,3,5,2,-3,5,6,1,-1,1,120
-16,3,4,3,2,-3,3,4,2,-2,4,6,1,-1,1,120
-16,3,5,3,2,-2,2,3,43,-2,44,39,1,39,0,120
-16,3,7,3,2,-2,30,3,2,26,3,26,1,26,0,120
-16,3,8,3,2,-1,2,2,3,-1,3,6,1,-1,1,120
-16,3,10,3,2,0,2,1,3,0,2,6,1,-1,1,120
-16,3,11,3,2,0,7,1,2,5,1,6,1,-1,0,120
-14,3,1,3,2,-4,6,5,2,0,5,6,1,-1,1,120
-14,3,2,3,2,-3,2,4,4,-3,6,6,1,-1,1,120
-14,3,4,3,2,-2,2,3,5,-2,6,6,1,-1,1,120
-14,3,5,3,2,-2,4,3,2,0,3,6,1,-1,1,120
-14,3,7,3,2,-1,3,2,2,0,2,6,1,-1,1,120
-14,3,8,3,2,0,2,1,10,0,9,8,1,8,0,120
-14,3,10,3,2,1,2,0,22,1,20,20,1,20,0,120
-14,3,11,3,2,1,3,0,2,2,0,6,1,-1,1,120
-11,3,1,3,2,-3,6,4,2,1,4,6,1,-1,1,120
-11,3,2,3,2,-2,2,3,4,-2,5,6,1,-1,1,120
-11,3,4,3,2,-1,2,2,5,-1,5,6,1,-1,1,120
-11,3,5,3,2,-1,4,2,2,1,2,6,1,-1,0,120
-11,3,7,3,2,0,3,1,2,1,1,6,1,-1,0,120
-11,3,8,3,2,1,2,0,10,1,8,8,1,8,0,120
-11,3,10,3,2,2,2,-1,22,2,19,19,1,19,0,120
-11,3,11,3,2,2,3,-1,2,3,-1,7,1,-1,1,120
-13,3,1,3,2,-3,2,4,8,-3,10,6,1,-1,1,120
-13,3,2,3,2,-3,3,4,2,-2,4,6,1,-1,1,120
-13,3,4,3,2,-2,3,3,2,-1,3,6,1,-1,1,120
-13,3,5,3,2,-1,2,2,43,-1,43,40,1,40,0,120
-13,3,7,3,2,-1,30,2,2,27,2,27,1,27,0,120
-13,3,8,3,2,0,2,1,3,0,2,6,1,-1,1,120
-13,3,10,3,2,1,2,0,3,1,1,6,1,-1,0,120
-13,3,11,3,2,1,7,0,2,6,0,6,1,-1,0,120
-10,3,1,3,2,-2,2,3,8,-2,9,6,1,-1,0,120
-10,3,2,3,2,-2,3,3,2,-1,3,6,1,-1,1,120
-10,3,4,3,2,-1,3,2,2,0,2,6,1,-1,1,120
-10,3,5,3,2,0,2,1,43,0,42,41,1,41,0,120
-10,3,7,3,2,0,30,1,2,28,1,28,1,28,0,120
-10,3,8,3,2,1,2,0,3,1,1,6,1,-1,0,120
-10,3,10,3,2,2,2,-1,3,2,0,6,1,-1,1,120
-10,3,11,3,2,2,7,-1,2,7,-1,7,1,-1,0,120
-8,3,1,3,2,-2,6,3,2,2,3,8,1,-1,0,120
-8,3,2,3,2,-1,2,2,4,-1,4,6,1,-1,1,120
-8,3,4,3,2,0,2,1,5,0,4,6,1,-1,0,120
-8,3,5,3,2,0,4,1,2,2,1,6,1,-1,0,120
-8,3,7,3,2,1,3,0,2,2,0,6,1,-1,1,120
-8,3,8,3,2,2,2,-1,10,2,7,7,1,7,0,120
-8,3,10,3,2,3,2,-2,22,3,18,18,1,18,0,120
-8,3,11,3,2,3,3,-2,2,4,-2,6,1,-1,1,120
-7,3,1,3,2,-1,2,2,8,-1,8,7,1,-1,0,120
-7,3,2,3,2,-1,3,2,2,0,2,6,1,-1,1,120
-7,3,4,3,2,0,3,1,2,1,1,6,1,-1,0,120
-7,3,5,3,2,1,2,0,43,1,41,41,1,41,0,120
-7,3,7,3,2,1,30,0,2,29,0,28,1,28,0,120
-7,3,8,3,2,2,2,-1,3,2,0,6,1,-1,1,120
-7,3,10,3,2,3,2,-2,3,3,-1,6,1,-1,1,120
-7,3,11,3,2,3,7,-2,2,8,-2,7,1,-1,1,120
-5,3,1,3,2,-1,6,2,2,3,2,6,1,-1,0,120
-5,3,2,3,2,0,2,1,4,0,3,6,1,-1,0,120
-5,3,4,3,2,1,2,0,5,1,3,6,1,-1,0,120
-5,3,5,3,2,1,4,0,2,3,0,6,1,-1,0,120
-5,3,7,3,2,2,3,-1,2,3,-1,6,1,-1,1,120
-5,3,8,3,2,3,2,-2,10,3,6,6,1,6,0,120
-5,3,10,3,2,4,2,-3,22,4,17,17,1,17,0,120
-5,3,11,3,2,4,3,-3,2,5,-3,6,1,-1,1,120
-4,3,1,3,2,0,2,1,8,0,7,6,1,6,0,120
-4,3,2,3,2,0,3,1,2,1,1,6,1,-1,0,120
-4,3,4,3,2,1,3,0,2,2,0,6,1,-1,1,120
-4,3,5,3,2,2,2,-1,43,2,40,40,1,40,0,120
-4,3,7,3,2,2,30,-1,2,30,-1,27,1,27,0,120
-4,3,8,3,2,3,2,-2,3,3,-1,6,1,-1,1,120
-4,3,10,3,2,4,2,-3,3,4,-2,6,1,-1,1,120
-4,3,11,3,2,4,7,-3,2,9,-3,6,1,-1,1,120
-2,3,1,3,2,0,6,1,2,4,1,7,1,-1,0,120
-2,3,2,3,2,1,2,0,4,1,2,6,1,-1,0,120
-2,3,4,3,2,2,2,-1,5,2,2,6,1,-1,0,120
-2,3,5,3,2,2,4,-1,2,4,-1,6,1,-1,1,120
-2,3,7,3,2,3,3,-2,2,4,-2,6,1,-1,1,120
-2,3,8,3,2,4,2,-3,10,4,5,6,1,-1,0,120
-2,3,10,3,2,5,2,-4,22,5,16,16,1,16,0,120
-2,3,11,3,2,5,3,-4,2,6,-4,6,1,-1,1,120
-1,3,1,3,2,1,2,0,8,1,6,6,1,6,0,120
-1,3,2,3,2,1,3,0,2,2,0,6,1,-1,1,120
-1,3,4,3,2,2,3,-1,2,3,-1,6,1,-1,1,120
-1,3,5,3,2,3,2,-2,43,3,39,39,1,39,0,120
-1,3,7,3,2,3,30,-2,2,31,-2,26,1,26,0,120
-1,3,8,3,2,4,2,-3,3,4,-2,6,1,-1,1,120
-1,3,10,3,2,5,2,-4,3,5,-3,6,1,-1,1,120
-1,3,11,3,2,5,7,-4,2,10,-4,6,1,-1,1,120
1,3,1,3,2,1,6,0,2,5,0,7,1,-1,0,120
1,3,2,3,2,2,2,-1,4,2,1,6,1,-1,0,120
1,3,4,3,2,3,2,-2,5,3,1,6,1,-1,1,120
1,3,5,3,2,3,4,-2,2,5,-2,6,1,-1,1,120
1,3,7,3,2,4,3,-3,2,5,-3,6,1,-1,1,120
1,3,8,3,2,5,2,-4,10,5,4,6,1,-1,0,120
1,3,10,3,2,6,2,-5,22,6,15,15,1,15,0,120
1,3,11,3,2,6,3,-5,2,7,-5,7,1,-1,1,120
2,3,1,3,2,2,2,-1,8,2,5,6,1,-1,0,120
2,3,2,3,2,2,3,-1,2,3,-1,6,1,-1,1,120
2,3,4,3,2,3,3,-2,2,4,-2,6,1,-1,1,120
2,3,5,3,2,4,2,-3,43,4,38,38,1,38,0,120
2,3,7,3,2,4,30,-3,2,32,-3,25,1,25,0,120
2,3,8,3,2,5,2,-4,3,5,-3,6,1,-1,1,120
2,3,10,3,2,6,2,-5,3,6,-4,6,1,-1,1,120
2,3,11,3,2,6,7,-5,2,11,-5,6,1,-1,1,120
4,3,1,3,2,2,6,-1,2,6,-1,6,1,-1,0,120
4,3,2,3,2,3,2,-2,4,3,0,6,1,-1,1,120
4,3,4,3,2,4,2,-3,5,4,0,6,1,-1,1,120
4,3,5,3,2,4,4,-3,2,6,-3,6,1,-1,1,120
4,3,7,3,2,5,3,-4,2,6,-4,6,1,-1,1,120
4,3,8,3,2,6,2,-5,10,6,3,6,1,-1,1,120
4,3,10,3,2,7,2,-6,22,7,14,14,1,14,0,120
4,3,11,3,2,7,3,-6,2,8,-6,7,1,-1,1,120
5,3,1,3,2,3,2,-2,8,3,4,8,1,-1,0,120
5,3,2,3,2,3,3,-2,2,4,-2,6,1,-1,1,120
5,3,4,3,2,4,3,-3,2,5,-3,6,1,-1,1,120
5,3,5,3,2,5,2,-4,43,5,37,37,1,37,0,120
5,3,7,3,2,5,30,-4,2,33,-4,24,1,24,0,120
5,3,8,3,2,6,2,-5,3,6,-4,6,1,-1,1,120
5,3,10,3,2,7,2,-6,3,7,-5,6,1,-1,1,120
5,3,11,3,2,7,7,-6,2,12,-6,6,1,-1,1,120
7,3,1,3,2,3,6,-2,2,7,-2,8,1,-1,1,120
7,3,2,3,2,4,2,-3,4,4,-1,6,1,-1,1,120
7,3,4,3,2,5,2,-4,5,5,-1,6,1,-1,1,120
7,3,5,3,2,5,4,-4,2,7,-4,6,1,-1,1,120
7,3,7,3,2,6,3,-5,2,7,-5,6,1,-1,1,120
7,3,8,3,2,7,2,-6,10,7,2,6,1,-1,1,120
7,3,10,3,2,8,2,-7,22,8,13,6,1,6,0,120
7,3,11,3,2,8,3,-7,2,9,-7,6,1,-1,1,120
8,3,1,3,2,4,2,-3,8,4,3,7,1,-1,0,120
8,3,2,3,2,4,3,-3,2,5,-3,6,1,-1,1,120
8,3,4,3,2,5,3,-4,2,6,-4,6,1,-1,1,120
8,3,5,3,2,6,2,-5,43,6,36,36,1,36,0,120
8,3,7,3,2,6,30,-5,2,34,-5,6,1,6,0,120
8,3,8,3,2,7,2,-6,3,7,-5,6,1,-1,1,120
8,3,10,3,2,8,2,-7,3,8,-6,6,1,-1,1,120
8,3,11,3,2,8,7,-7,2,13,-7,6,1,-1,1,120
10,3,1,3,2,4,6,-3,2,8,-3,6,1,-1,1,120
10,3,2,3,2,5,2,-4,4,5,-2,6,1,-1,1,120
10,3,4,3,2,6,2,-5,5,6,-2,6,1,-1,1,120
10,3,5,3,2,6,4,-5,2,8,-5,6,1,-1,1,120
10,3,7,3,2,7,3,-6,2,8,-6,6,1,-1,1,120
10,3,8,3,2,8,2,-7,10,8,1,6,1,-1,1,120
10,3,10,3,2,9,2,-8,22,9,12,6,1,6,0,120
10,3,11,3,2,9,3,-8,2,10,-8,6,1,-1,1,120
11,3,1,3,2,5,2,-4,8,5,2,6,1,-1,1,120
11,3,2,3,2,5,3,-4,2,6,-4,6,1,-1,1,120
11,3,4,3,2,6,3,-5,2,7,-5,6,1,-1,1,120
11,3,5,3,2,7,2,-6,43,7,35,35,1,35,0,120
11,3,7,3,2,7,30,-6,2,35,-6,7,1,7,0,120
11,3,8,3,2,8,2,-7,3,8,-6,6,1,-1,1,120
11,3,10,3,2,9,2,-8,3,9,-7,6,1,-1,1,120
11,3,11,3,2,9,7,-8,2,14,-8,6,1,-1,1,120
13,3,1,3,2,5,6,-4,2,9,-4,6,1,-1,1,120
13,3,2,3,2,6,2,-5,4,6,-3,6,1,-1,1,120
13,3,4,3,2,7,2,-6,5,7,-3,6,1,-1,1,120
13,3,5,3,2,7,4,-6,2,9,-6,6,1,-1,1,120
13,3,7,3,2,8,3,-7,2,9,-7,6,1,-1,1,120
13,3,8,3,2,9,2,-8,10,9,0,6,1,-1,1,120
13,3,10,3,2,10,2,-9,22,10,11,6,1,6,0,120
13,3,11,3,2,10,3,-9,2,11,-9,7,1,-1,1,120
14,3,1,3,2,6,2,-5,8,6,1,6,1,-1,1,120
14,3,2,3,2,6,3,-5,2,7,-5,6,1,-1,1,120
14,3,4,3,2,7,3,-6,2,8,-6,6,1,-1,1,120
14,3,5,3,2,8,2,-7,43,8,34,6,1,6,0,120
14,3,7,3,2,8,30,-7,2,36,-7,6,1,6,0,120
14,3,8,3,2,9,2,-8,3,9,-7,6,1,-1,1,120
14,3,10,3,2,10,2,-9,3,10,-8,6,1,-1,1,120
14,3,11,3,2,10,7,-9,2,15,-9,6,1,-1,1,120
16,3,1,3,2,6,6,-5,2,10,-5,6,1,-1,1,120
16,3,2,3,2,7,2,-6,4,7,-4,6,1,-1,1,120
16,3,4,3,2,8,2,-7,5,8,-4,6,1,-1,1,120
16,3,5,3,2,8,4,-7,2,10,-7,6,1,-1,1,120
16,3,7,3,2,9,3,-8,2,10,-8,6,1,-1,1,120
16,3,8,3,2,10,2,-9,10,10,-1,6,1,-1,1,120
16,3,10,3,2,11,2,-10,22,11,10,6,1,6,0,120
16,3,11,3,2,11,3,-10,2,12,-10,6,1,-1,1,120
17,3,1,3,2,7,2,-6,8,7,0,8,1,-1,1,120
17,3,2,3,2,7,3,-6,2,8,-6,6,1,-1,1,120
17,3,4,3,2,8,3,-7,2,9,-7,6,1,-1,1,120
17,3,5,3,2,9,2,-8,43,9,33,6,1,6,0,120
17,3,7,3,2,9,30,-8,2,37,-8,6,1,6,0,120
17,3,8,3,2,10,2,-9,3,10,-8,6,1,-1,1,120
17,3,10,3,2,11,2,-10,3,11,-9,6,1,-1,1,120
17,3,11,3,2,11,7,-10,2,16,-10,6,1,-1,1,120
-17,3,1,4,2,-5,4,6,2,-3,6,6,1,-1,1,120
-17,3,3,4,2,-4,2,5,3,-4,6,6,1,-1,1,120
-17,3,5,4,2,-3,2,4,10,-3,12,6,1,-1,0,120
-17,3,7,4,2,-3,6,4,2,1,4,6,1,-1,1,120
-17,3,9,4,2,-2,3,3,2,-1,3,7,1,-1,1,120
-17,3,11,4,2,-1,2,2,5,-1,5,6,1,-1,1,120
-17,3,13,4,2,-1,15,2,2,12,2,12,1,12,0,120
-17,3,15,4,2,0,3,1,2,1,1,6,1,-1,0,120
-16,3,1,4,2,-4,2,5,50,-4,53,44,1,44,0,120
-16,3,3,4,2,-4,4,5,2,-2,5,6,1,-1,1,120
-16,3,5,4,2,-3,2,4,3,-3,5,6,1,-1,1,120
-16,3,7,4,2,-2,2,3,8,-2,9,6,1,-1,0,120
-16,3,9,4,2,-2,7,3,2,3,3,6,1,-1,0,120
-16,3,11,4,2,-1,3,2,2,0,2,6,1,-1,1,120
-16,3,13,4,2,0,2,1,4,0,3,6,1,-1,0,120
-16,3,15,4,2,0,34,1,2,32,1,32,1,32,0,120
-14,3,1,4,2,-4,4,5,2,-2,5,6,1,-1,1,120
-14,3,3,4,2,-3,2,4,3,-3,5,7,1,-1,1,120
-14,3,5,4,2,-2,2,3,10,-2,11,6,1,6,0,120
-14,3,7,4,2,-2,6,3,2,2,3,6,1,-1,0,120
-14,3,9,4,2,-1,3,2,2,0,2,6,1,-1,1,120
-14,3,11,4,2,0,2,1,5,0,4,6,1,-1,0,120
-14,3,13,4,2,0,15,1,2,13,1,13,1,13,0,120
-14,3,15,4,2,1,3,0,2,2,0,6,1,-1,1,120
-13,3,1,4,2,-3,2,4,50,-3,52,45,1,45,0,120
-13,3,3,4,2,-3,4,4,2,-1,4,6,1,-1,1,120
-13,3,5,4,2,-2,2,3,3,-2,4,6,1,-1,1,120
-13,3,7,4,2,-1,2,2,8,-1,8,7,1,-1,0,120
-13,3,9,4,2,-1,7,2,2,4,2,6,1,-1,0,120
-13,3,11,4,2,0,3,1,2,1,1,6,1,-1,0,120
-13,3,13,4,2,1,2,0,4,1,2,6,1,-1,0,120
-13,3,15,4,2,1,34,0,2,33,0,32,1,32,0,120
-11,3,1,4,2,-3,4,4,2,-1,4,6,1,-1,1,120
-11,3,3,4,2,-2,2,3,3,-2,4,6,1,-1,1,120
-11,3,5,4,2,-1,2,2,10,-1,10,7,1,7,0,120
-11,3,7,4,2,-1,6,2,2,3,2,6,1,-1,0,120
-11,3,9,4,2,0,3,1,2,1,1,6,1,-1,0,120
-11,3,11,4,2,1,2,0,5,1,3,6,1,-1,0,120
-11,3,13,4,2,1,15,0,2,14,0,13,1,13,0,120
-11,3,15,4,2,2,3,-1,2,3,-1,6,1,-1,1,120
-10,3,1,4,2,-2,2,3,50,-2,51,46,1,46,0,120
-10,3,3,4,2,-2,4,3,2,0,3,6,1,-1,1,120
-10,3,5,4,2,-1,2,2,3,-1,3,7,1,-1,1,120
-10,3,7,4,2,0,2,1,8,0,7,6,1,6,0,120
-10,3,9,4,2,0,7,1,2,5,1,6,1,-1,0,120
-10,3,11,4,2,1,3,0,2,2,0,6,1,-1,1,120
-10,3,13,4,2,2,2,-1,4,2,1,6,1,-1,0,120
-10,3,15,4,2,2,34,-1,2,34,-1,31,1,31,0,120
-8,3,1,4,2,-2,4,3,2,0,3,6,1,-1,1,120
-8,3,3,4,2,-1,2,2,3,-1,3,6,1,-1,1,120
-8,3,5,4,2,0,2,1,10,0,9,8,1,8,0,120
-8,3,7,4,2,0,6,1,2,4,1,7,1,-1,0,120
-8,3,9,4,2,1,3,0,2,2,0,6,1,-1,1,120
-8,3,11,4,2,2,2,-1,5,2,2,6,1,-1,0,120
-8,3,13,4,2,2,15,-1,2,15,-1,12,1,12,0,120
-8,3,15,4,2,3,3,-2,2,4,-2,6,1,-1,1,120
-7,3,1,4,2,-1,2,2,50,-1,50,47,1,47,0,120
-7,3,3,4,2,-1,4,2,2,1,2,6,1,-1,0,120
-7,3,5,4,2,0,2,1,3,0,2,6,1,-1,1,120
-7,3,7,4,2,1,2,0,8,1,6,6,1,6,0,120
-7,3,9,4,2,1,7,0,2,6,0,6,1,-1,0,120
-7,3,11,4,2,2,3,-1,2,3,-1,6,1,-1,1,120
-7,3,13,4,2,3,2,-2,4,3,0,6,1,-1,1,120
-7,3,15,4,2,3,34,-2,2,35,-2,30,1,30,0,120
-5,3,1,4,2,-1,4,2,2,1,2,7,1,-1,0,120
-5,3,3,4,2,0,2,1,3,0,2,6,1,-1,1,120
-5,3,5,4,2,1,2,0,10,1,8,8,1,8,0,120
-5,3,7,4,2,1,6,0,2,5,0,7,1,-1,0,120
-5,3,9,4,2,2,3,-1,2,3,-1,7,1,-1,1,120
-5,3,11,4,2,3,2,-2,5,3,1,6,1,-1,1,120
-5,3,13,4,2,3,15,-2,2,16,-2,11,1,11,0,120
-5,3,15,4,2,4,3,-3,2,5,-3,7,1,-1,1,120
-4,3,1,4,2,0,2,1,50,0,49,48,1,48,0,120
-4,3,3,4,2,0,4,1,2,2,1,6,1,-1,0,120
-4,3,5,4,2,1,2,0,3,1,1,6,1,-1,0,120
-4,3,7,4,2,2,2,-1,8,2,5,6,1,-1,0,120
-4,3,9,4,2,2,7,-1,2,7,-1,6,1,-1,0,120
-4,3,11,4,2,3,3,-2,2,4,-2,6,1,-1,1,120
-4,3,13,4,2,4,2,-3,4,4,-1,6,1,-1,1,120
-4,3,15,4,2,4,34,-3,2,36,-3,29,1,29,0,120
-2,3,1,4,2,0,4,1,2,2,1,7,1,-1,0,120
-2,3,3,4,2,1,2,0,3,1,1,6,1,-1,0,120
-2,3,5,4,2,2,2,-1,10,2,7,7,1,7,0,120
-2,3,7,4,2,2,6,-1,2,6,-1,6,1,-1,0,120
-2,3,9,4,2,3,3,-2,2,4,-2,6,1,-1,1,120
-2,3,11,4,2,4,2,-3,5,4,0,6,1,-1,1,120
-2,3,13,4,2,4,15,-3,2,17,-3,10,1,10,0,120
-2,3,15,4,2,5,3,-4,2,6,-4,6,1,-1,1,120
-1,3,1,4,2,1,2,0,50,1,48,48,1,48,0,120
-1,3,3,4,2,1,4,0,2,3,0,6,1,-1,0,120
-1,3,5,4,2,2,2,-1,3,2,0,6,1,-1,1,120
-1,3,7,4,2,3,2,-2,8,3,4,9,1,-1,0,120
-1,3,9,4,2,3,7,-2,2,8,-2,6,1,-1,1,120
-1,3,11,4,2,4,3,-3,2,5,-3,6,1,-1,1,120
-1,3,13,4,2,5,2,-4,4,5,-2,6,1,-1,1,120
-1,3,15,4,2,5,34,-4,2,37,-4,28,1,28,0,120
1,3,1,4,2,1,4,0,2,3,0,7,1,-1,0,120
1,3,3,4,2,2,2,-1,3,2,0,6,1,-1,1,120
1,3,5,4,2,3,2,-2,10,3,6,6,1,6,0,120
1,3,7,4,2,3,6,-2,2,7,-2,6,1,-1,1,120
1,3,9,4,2,4,3,-3,2,5,-3,6,1,-1,1,120
1,3,11,4,2,5,2,-4,5,5,-1,6,1,-1,1,120
1,3,13,4,2,5,15,-4,2,18,-4,9,1,9,0,120
1,3,15,4,2,6,3,-5,2,7,-5,6,1,-1,1,120
2,3,1,4,2,2,2,-1,50,2,47,47,1,47,0,120
2,3,3,4,2,2,4,-1,2,4,-1,6,1,-1,1,120
2,3,5,4,2,3,2,-2,3,3,-1,6,1,-1,1,120
2,3,7,4,2,4,2,-3,8,4,3,11,1,-1,0,120
2,3,9,4,2,4,7,-3,2,9,-3,6,1,-1,1,120
2,3,11,4,2,5,3,-4,2,6,-4,6,1,-1,1,120
2,3,13,4,2,6,2,-5,4,6,-3,6,1,-1,1,120
2,3,15,4,2,6,34,-5,2,38,-5,6,1,6,0,120
4,3,1,4,2,2,4,-1,2,4,-1,6,1,-1,1,120
4,3,3,4,2,3,2,-2,3,3,-1,6,1,-1,1,120
4,3,5,4,2,4,2,-3,10,4,5,6,1,-1,0,120
4,3,7,4,2,4,6,-3,2,8,-3,6,1,-1,1,120
4,3,9,4,2,5,3,-4,2,6,-4,6,1,-1,1,120
4,3,11,4,2,6,2,-5,5,6,-2,6,1,-1,1,120
4,3,13,4,2,6,15,-5,2,19,-5,6,1,6,0,120
4,3,15,4,2,7,3,-6,2,8,-6,6,1,-1,1,120
5,3,1,4,2,3,2,-2,50,3,46,46,1,46,0,120
5,3,3,4,2,3,4,-2,2,5,-2,6,1,-1,1,120
5,3,5,4,2,4,2,-3,3,4,-2,6,1,-1,1,120
5,3,7,4,2,5,2,-4,8,5,2,9,1,-1,1,120
5,3,9,4,2,5,7,-4,2,10,-4,6,1,-1,1,120
5,3,11,4,2,6,3,-5,2,7,-5,6,1,-1,1,120
5,3,13,4,2,7,2,-6,4,7,-4,6,1,-1,1,120
5,3,15,4,2,7,34,-6,2,39,-6,7,1,7,0,120
7,3,1,4,2,3,4,-2,2,5,-2,6,1,-1,1,120
7,3,3,4,2,4,2,-3,3,4,-2,6,1,-1,1,120
7,3,5,4,2,5,2,-4,10,5,4,6,1,-1,0,120
7,3,7,4,2,5,6,-4,2,9,-4,6,1,-1,1,120
7,3,9,4,2,6,3,-5,2,7,-5,7,1,-1,1,120
7,3,11,4,2,7,2,-6,5,7,-3,6,1,-1,1,120
7,3,13,4,2,7,15,-6,2,20,-6,7,1,-1,1,120
7,3,15,4,2,8,3,-7,2,9,-7,6,1,-1,1,120
8,3,1,4,2,4,2,-3,50,4,45,45,1,45,0,120
8,3,3,4,2,4,4,-3,2,6,-3,7,1,-1,1,120
8,3,5,4,2,5,2,-4,3,5,-3,6,1,-1,1,120
8,3,7,4,2,6,2,-5,8,6,1,8,1,-1,1,120
8,3,9,4,2,6,7,-5,2,11,-5,6,1,-1,1,120
8,3,11,4,2,7,3,-6,2,8,-6,6,1,-1,1,120
8,3,13,4,2,8,2,-7,4,8,-5,6,1,-1,1,120
8,3,15,4,2,8,34,-7,2,40,-7,6,1,6,0,120
10,3,1,4,2,4,4,-3,2,6,-3,6,1,-1,1,120
10,3,3,4,2,5,2,-4,3,5,-3,6,1,-1,1,120
10,3,5,4,2,6,2,-5,10,6,3,6,1,-1,1,120
10,3,7,4,2,6,6,-5,2,10,-5,8,1,-1,1,120
10,3,9,4,2,7,3,-6,2,8,-6,7,1,-1,1,120
10,3,11,4,2,8,2,-7,5,8,-4,6,1,-1,1,120
10,3,13,4,2,8,15,-7,2,21,-7,6,1,-1,1,120
10,3,15,4,2,9,3,-8,2,10,-8,6,1,-1,1,120
11,3,1,4,2,5,2,-4,50,5,44,44,1,44,0,120
11,3,3,4,2,5,4,-4,2,7,-4,6,1,-1,1,120
11,3,5,4,2,6,2,-5,3,6,-4,6,1,-1,1,120
11,3,7,4,2,7,2,-6,8,7,0,7,1,-1,1,120
11,3,9,4,2,7,7,-6,2,12,-6,6,1,-1,1,120
11,3,11,4,2,8,3,-7,2,9,-7,6,1,-1,1,120
11,3,13,4,2,9,2,-8,4,9,-6,6,1,-1,1,120
11,3,15,4,2,9,34,-8,2,41,-8,6,1,6,0,120
13,3,1,4,2,5,4,-4,2,7,-4,6,1,-1,1,120
13,3,3,4,2,6,2,-5,3,6,-4,6,1,-1,1,120
13,3,5,4,2,7,2,-6,10,7,2,11,1,-1,1,120
13,3,7,4,2,7,6,-6,2,11,-6,7,1,-1,1,120
13,3,9,4,2,8,3,-7,2,9,-7,6,1,-1,1,120
13,3,11,4,2,9,2,-8,5,9,-5,6,1,-1,1,120
13,3,13,4,2,9,15,-8,2,22,-8,6,1,-1,1,120
13,3,15,4,2,10,3,-9,2,11,-9,6,1,-1,1,120
14,3,1,4,2,6,2,-5,50,6,43,43,1,43,0,120
14,3,3,4,2,6,4,-5,2,8,-5,6,1,-1,1,120
14,3,5,4,2,7,2,-6,3,7,-5,6,1,-1,1,120
14,3,7,4,2,8,2,-7,8,8,-1,7,1,-1,1,120
14,3,9,4,2,8,7,-7,2,13,-7,6,1,-1,1,120
14,3,11,4,2,9,3,-8,2,10,-8,6,1,-1,1,120
14,3,13,4,2,10,2,-9,4,10,-7,6,1,-1,1,120
14,3,15,4,2,10,34,-9,2,42,-9,6,1,6,0,120
16,3,1,4,2,6,4,-5,2,8,-5,6,1,-1,1,120
16,3,3,4,2,7,2,-6,3,7,-5,6,1,-1,1,120
16,3,5,4,2,8,2,-7,10,8,1,6,1,-1,1,120
16,3,7,4,2,8,6,-7,2,12,-7,6,1,-1,1,120
16,3,9,4,2,9,3,-8,2,10,-8,6,1,-1,1,120
16,3,11,4,2,10,2,-9,5,10,-6,7,1,-1,1,120
16,3,13,4,2,10,15,-9,2,23,-9,8,1,-1,1,120
16,3,15,4,2,11,3,-10,2,12,-10,6,1,-1,1,120
17,3,1,4,2,7,2,-6,50,7,42,42,1,42,0,120
17,3,3,4,2,7,4,-6,2,9,-6,6,1,-1,1,120
17,3,5,4,2,8,2,-7,3,8,-6,6,1,-1,1,120
17,3,7,4,2,9,2,-8,8,9,-2,6,1,-1,1,120
17,3,9,4,2,9,7,-8,2,14,-8,6,1,-1,1,120
17,3,11,4,2,10,3,-9,2,11,-9,6,1,-1,1,120
17,3,13,4,2,11,2,-10,4,11,-8,6,1,-1,1,120
17,3,15,4,2,11,34,-10,2,43,-10,6,1,6,0,120
-17,3,1,5,2,-5,3,6,2,-4,6,6,1,-1,1,120
-17,3,2,5,2,-5,10,6,2,3,6,6,1,-1,1,120
-17,3,3,5,2,-4,2,5,6,-4,9,6,1,-1,1,120
-17,3,4,5,2,-4,2,5,3,-4,6,6,1,-1,1,120
-17,3,6,5,2,-3,2,4,33,-3,35,28,1,28,0,120
-17,3,7,5,2,-3,2,4,4,-3,6,6,1,-1,1,120
-17,3,8,5,2,-3,3,4,2,-2,4,6,1,-1,1,120
-17,3,9,5,2,-3,9,4,2,4,4,7,1,-1,0,120
-17,3,11,5,2,-2,2,3,3,-2,4,6,1,-1,1,120
-17,3,12,5,2,-2,4,3,2,0,3,6,1,-1,1,120
-17,3,13,5,2,-1,2,2,98,-1,98,95,1,95,0,120
-17,3,14,5,2,-1,2,2,4,-1,4,7,1,-1,1,120
-17,3,16,5,2,-1,8,2,2,5,2,6,1,-1,0,120
-17,3,17,5,2,0,2,1,8,0,7,6,1,6,0,120
-17,3,18,5,2,0,2,1,3,0,2,7,1,-1,1,120
-17,3,19,5,2,0,4,1,2,2,1,7,1,-1,0,120
-16,3,1,5,2,-5,20,6,2,13,6,13,1,13,0,120
-16,3,2,5,2,-4,2,5,5,-4,8,6,1,-1,1,120
-16,3,3,5,2,-4,3,5,2,-3,5,6,1,-1,1,120
-16,3,4,5,2,-4,5,5,2,-1,5,6,1,-1,1,120
-16,3,6,5,2,-3,2,4,3,-3,5,6,1,-1,1,120
-16,3,7,5,2,-3,3,4,2,-2,4,6,1,-1,1,120
-16,3,8,5,2,-3,15,4,2,10,4,10,1,10,0,120
-16,3,9,5,2,-2,2,3,5,-2,6,6,1,-1,1,120
-16,3,11,5,2,-2,5,3,2,1,3,6,1,-1,1,120
-16,3,12,5,2,-1,2,2,17,-1,17,14,1,14,0,120
-16,3,13,5,2,-1,2,2,3,-1,3,6,1,-1,1,120
-16,3,14,5,2,-1,3,2,2,0,2,6,1,-1,1,120
-16,3,16,5,2,0,2,1,6,0,5,7,1,-1,0,120
-16,3,17,5,2,0,2,1,3,0,2,6,1,-1,1,120
-16,3,18,5,2,0,5,1,2,3,1,6,1,-1,0,120
-16,3,19,5,2,1,2,0,25,1,23,23,1,23,0,120
-14,3,11,5,2,-1,2,2,3,-1,3,6,1,-1,1,120
-14,3,12,5,2,-1,4,2,2,1,2,6,1,-1,0,120
-14,3,13,5,2,0,2,1,98,0,97,96,1,96,0,120
-14,3,14,5,2,0,2,1,4,0,3,6,1,-1,0,120
-14,3,16,5,2,0,8,1,2,6,1,6,1,6,0,120
-14,3,17,5,2,1,2,0,8,1,6,6,1,6,0,120
-14,3,18,5,2,1,2,0,3,1,1,6,1,-1,0,120
-14,3,19,5,2,1,4,0,2,3,0,6,1,-1,0,120
-14,3,1,5,2,-4,3,5,2,-3,5,6,1,-1,1,120
-14,3,2,5,2,-4,10,5,2,4,5,6,1,-1,0,120
-14,3,3,5,2,-3,2,4,6,-3,8,7,1,-1,1,120
-14,3,4,5,2,-3,2,4,3,-3,5,6,1,-1,1,120
-14,3,6,5,2,-2,2,3,33,-2,34,29,1,29,0,120
-14,3,7,5,2,-2,2,3,4,-2,5,6,1,-1,1,120
-14,3,8,5,2,-2,3,3,2,-1,3,6,1,-1,1,120
-14,3,9,5,2,-2,9,3,2,5,3,6,1,-1,0,120
-13,3,11,5,2,-1,5,2,2,2,2,6,1,-1,0,120
-13,3,12,5,2,0,2,1,17,0,16,15,1,15,0,120
-13,3,13,5,2,0,2,1,3,0,2,6,1,-1,1,120
-13,3,14,5,2,0,3,1,2,1,1,6,1,-1,0,120
-13,3,16,5,2,1,2,0,6,1,4,7,1,-1,0,120
-13,3,17,5,2,1,2,0,3,1,1,6,1,-1,0,120
-13,3,18,5,2,1,5,0,2,4,0,6,1,-1,0,120
-13,3,19,5,2,2,2,-1,25,2,22,22,1,22,0,120
-13,3,1,5,2,-4,20,5,2,14,5,14,1,14,0,120
-13,3,2,5,2,-3,2,4,5,-3,7,6,1,-1,1,120
-13,3,3,5,2,-3,3,4,2,-2,4,6,1,-1,1,120
-13,3,4,5,2,-3,5,4,2,0,4,6,1,-1,1,120
-13,3,6,5,2,-2,2,3,3,-2,4,6,1,-1,1,120
-13,3,7,5,2,-2,3,3,2,-1,3,6,1,-1,1,120
-13,3,8,5,2,-2,15,3,2,11,3,11,1,11,0,120
-13,3,9,5,2,-1,2,2,5,-1,5,7,1,-1,1,120
-11,3,1,5,2,-3,3,4,2,-2,4,6,1,-1,1,120
-11,3,2,5,2,-3,10,4,2,5,4,6,1,-1,0,120
-11,3,3,5,2,-2,2,3,6,-2,7,6,1,-1,1,120
-11,3,4,5,2,-2,2,3,3,-2,4,6,1,-1,1,120
-11,3,6,5,2,-1,2,2,33,-1,33,30,1,30,0,120
-11,3,7,5,2,-1,2,2,4,-1,4,6,1,-1,1,120
-11,3,8,5,2,-1,3,2,2,0,2,6,1,-1,1,120
-11,3,9,5,2,-1,9,2,2,6,2,6,1,6,0,120
-11,3,11,5,2,0,2,1,3,0,2,6,1,-1,1,120
-11,3,12,5,2,0,4,1,2,2,1,6,1,-1,0,120
-11,3,13,5,2,1,2,0,98,1,96,96,1,96,0,120
-11,3,14,5,2,1,2,0,4,1,2,7,1,-1,0,120
-11,3,16,5,2,1,8,0,2,7,0,6,1,6,0,120
-11,3,17,5,2,2,2,-1,8,2,5,6,1,-1,0,120
-11,3,18,5,2,2,2,-1,3,2,0,6,1,-1,1,120
-11,3,19,5,2,2,4,-1,2,4,-1,6,1,-1,1,120
-10,3,1,5,2,-3,20,4,2,15,4,15,1,15,0,120
-10,3,2,5,2,-2,2,3,5,-2,6,6,1,-1,1,120
-10,3,3,5,2,-2,3,3,2,-1,3,7,1,-1,1,120
-10,3,4,5,2,-2,5,3,2,1,3,6,1,-1,1,120
-10,3,6,5,2,-1,2,2,3,-1,3,6,1,-1,1,120
-10,3,7,5,2,-1,3,2,2,0,2,6,1,-1,1,120
-10,3,8,5,2,-1,15,2,2,12,2,12,1,12,0,120
-10,3,9,5,2,0,2,1,5,0,4,6,1,-1,0,120
-10,3,11,5,2,0,5,1,2,3,1,6,1,-1,0,120
-10,3,12,5,2,1,2,0,17,1,15,15,1,15,0,120
-10,3,13,5,2,1,2,0,3,1,1,6,1,-1,0,120
-10,3,14,5,2,1,3,0,2,2,0,6,1,-1,1,120
-10,3,16,5,2,2,2,-1,6,2,3,6,1,-1,0,120
-10,3,17,5,2,2,2,-1,3,2,0,6,1,-1,1,120
-10,3,18,5,2,2,5,-1,2,5,-1,6,1,-1,1,120
-10,3,19,5,2,3,2,-2,25,3,21,21,1,21,0,120
-8,3,1,5,2,-2,3,3,2,-1,3,6,1,-1,1,120
-8,3,2,5,2,-2,10,3,2,6,3,6,1,6,0,120
-8,3,3,5,2,-1,2,2,6,-1,6,6,1,-1,0,120
-8,3,4,5,2,-1,2,2,3,-1,3,6,1,-1,1,120
-8,3,6,5,2,0,2,1,33,0,32,31,1,31,0,120
-8,3,7,5,2,0,2,1,4,0,3,7,1,-1,0,120
-8,3,8,5,2,0,3,1,2,1,1,6,1,-1,0,120
-8,3,9,5,2,0,9,1,2,7,1,7,1,7,0,120
-8,3,11,5,2,1,2,0,3,1,1,6,1,-1,0,120
-8,3,12,5,2,1,4,0,2,3,0,6,1,-1,0,120
-8,3,13,5,2,2,2,-1,98,2,95,95,1,95,0,120
-8,3,14,5,2,2,2,-1,4,2,1,6,1,-1,0,120
-8,3,16,5,2,2,8,-1,2,8,-1,7,1,-1,0,120
-8,3,17,5,2,3,2,-2,8,3,4,9,1,-1,0,120
-8,3,18,5,2,3,2,-2,3,3,-1,6,1,-1,1,120
-8,3,19,5,2,3,4,-2,2,5,-2,6,1,-1,1,120
-7,3,1,5,2,-2,20,3,2,16,3,16,1,16,0,120
-7,3,2,5,2,-1,2,2,5,-1,5,6,1,-1,1,120
-7,3,3,5,2,-1,3,2,2,0,2,6,1,-1,1,120
-7,3,4,5,2,-1,5,2,2,2,2,6,1,-1,0,120
-7,3,6,5,2,0,2,1,3,0,2,6,1,-1,1,120
-7,3,7,5,2,0,3,1,2,1,1,6,1,-1,0,120
-7,3,8,5,2,0,15,1,2,13,1,13,1,13,0,120
-7,3,9,5,2,1,2,0,5,1,3,7,1,-1,0,120
-7,3,11,5,2,1,5,0,2,4,0,6,1,-1,0,120
-7,3,12,5,2,2,2,-1,17,2,14,14,1,14,0,120
-7,3,13,5,2,2,2,-1,3,2,0,6,1,-1,1,120
-7,3,14,5,2,2,3,-1,2,3,-1,6,1,-1,1,120
-7,3,16,5,2,3,2,-2,6,3,2,6,1,-1,0,120
-7,3,17,5,2,3,2,-2,3,3,-1,7,1,-1,1,120
-7,3,18,5,2,3,5,-2,2,6,-2,6,1,-1,1,120
-7,3,19,5,2,4,2,-3,25,4,20,20,1,20,0,120
-5,3,1,5,2,-1,3,2,2,0,2,6,1,-1,1,120
-5,3,2,5,2,-1,10,2,2,7,2,7,1,7,0,120
-5,3,3,5,2,0,2,1,6,0,5,6,1,-1,0,120
-5,3,4,5,2,0,2,1,3,0,2,6,1,-1,1,120
-5,3,6,5,2,1,2,0,33,1,31,31,1,31,0,120
-5,3,7,5,2,1,2,0,4,1,2,7,1,-1,0,120
-5,3,8,5,2,1,3,0,2,2,0,6,1,-1,1,120
-5,3,9,5,2,1,9,0,2,8,0,7,1,7,0,120
-5,3,11,5,2,2,2,-1,3,2,0,6,1,-1,1,120
-5,3,12,5,2,2,4,-1,2,4,-1,6,1,-1,1,120
-5,3,13,5,2,3,2,-2,98,3,94,94,1,94,0,120
-5,3,14,5,2,3,2,-2,4,3,0,6,1,-1,1,120
-5,3,16,5,2,3,8,-2,2,9,-2,6,1,-1,0,120
-5,3,17,5,2,4,2,-3,8,4,3,11,1,-1,0,120
-5,3,18,5,2,4,2,-3,3,4,-2,6,1,-1,1,120
-5,3,19,5,2,4,4,-3,2,6,-3,6,1,-1,1,120
-4,3,1,5,2,-1,20,2,2,17,2,17,1,17,0,120
-4,3,2,5,2,0,2,1,5,0,4,6,1,-1,0,120
-4,3,3,5,2,0,3,1,2,1,1,6,1,-1,0,120
-4,3,4,5,2,0,5,1,2,3,1,6,1,-1,0,120
-4,3,6,5,2,1,2,0,3,1,1,6,1,-1,0,120
-4,3,7,5,2,1,3,0,2,2,0,6,1,-1,1,120
-4,3,8,5,2,1,15,0,2,14,0,13,1,13,0,120
-4,3,9,5,2,2,2,-1,5,2,2,6,1,-1,0,120
-4,3,11,5,2,2,5,-1,2,5,-1,6,1,-1,1,120
-4,3,12,5,2,3,2,-2,17,3,13,13,1,13,0,120
-4,3,13,5,2,3,2,-2,3,3,-1,6,1,-1,1,120
-4,3,14,5,2,3,3,-2,2,4,-2,6,1,-1,1,120
-4,3,16,5,2,4,2,-3,6,4,1,6,1,-1,1,120
-4,3,17,5,2,4,2,-3,3,4,-2,6,1,-1,1,120
-4,3,18,5,2,4,5,-3,2,7,-3,6,1,-1,1,120
-4,3,19,5,2,5,2,-4,25,5,19,19,1,19,0,120
-2,3,1,5,2,0,3,1,2,1,1,6,1,-1,0,120
-2,3,2,5,2,0,10,1,2,8,1,8,1,8,0,120
-2,3,3,5,2,1,2,0,6,1,4,6,1,-1,0,120
-2,3,4,5,2,1,2,0,3,1,1,6,1,-1,0,120
-2,3,6,5,2,2,2,-1,33,2,30,30,1,30,0,120
-2,3,7,5,2,2,2,-1,4,2,1,7,1,-1,0,120
-2,3,8,5,2,2,3,-1,2,3,-1,6,1,-1,1,120
-2,3,9,5,2,2,9,-1,2,9,-1,6,1,6,0,120
-2,3,11,5,2,3,2,-2,3,3,-1,6,1,-1,1,120
-2,3,12,5,2,3,4,-2,2,5,-2,6,1,-1,1,120
-2,3,13,5,2,4,2,-3,98,4,93,93,1,93,0,120
-2,3,14,5,2,4,2,-3,4,4,-1,6,1,-1,1,120
-2,3,16,5,2,4,8,-3,2,10,-3,6,1,-1,1,120
-2,3,17,5,2,5,2,-4,8,5,2,9,1,-1,1,120
-2,3,18,5,2,5,2,-4,3,5,-3,6,1,-1,1,120
-2,3,19,5,2,5,4,-4,2,7,-4,6,1,-1,1,120
-1,3,1,5,2,0,20,1,2,18,1,18,1,18,0,120
-1,3,2,5,2,1,2,0,5,1,3,7,1,-1,0,120
-1,3,3,5,2,1,3,0,2,2,0,6,1,-1,1,120
-1,3,4,5,2,1,5,0,2,4,0,6,1,-1,0,120
-1,3,6,5,2,2,2,-1,3,2,0,6,1,-1,1,120
-1,3,7,5,2,2,3,-1,2,3,-1,6,1,-1,1,120
-1,3,8,5,2,2,15,-1,2,15,-1,12,1,12,0,120
-1,3,9,5,2,3,2,-2,5,3,1,6,1,-1,1,120
-1,3,11,5,2,3,5,-2,2,6,-2,6,1,-1,1,120
-1,3,12,5,2,4,2,-3,17,4,12,12,1,12,0,120
-1,3,13,5,2,4,2,-3,3,4,-2,6,1,-1,1,120
-1,3,14,5,2,4,3,-3,2,5,-3,6,1,-1,1,120
-1,3,16,5,2,5,2,-4,6,5,0,6,1,-1,1,120
-1,3,17,5,2,5,2,-4,3,5,-3,6,1,-1,1,120
-1,3,18,5,2,5,5,-4,2,8,-4,6,1,-1,1,120
-1,3,19,5,2,6,2,-5,25,6,18,18,1,18,0,120
1,3,1,5,2,1,3,0,2,2,0,6,1,-1,1,120
1,3,2,5,2,1,10,0,2,9,0,8,1,8,0,120
1,3,3,5,2,2,2,-1,6,2,3,6,1,-1,0,120
1,3,4,5,2,2,2,-1,3,2,0,7,1,-1,1,120
1,3,6,5,2,3,2,-2,33,3,29,29,1,29,0,120
1,3,7,5,2,3,2,-2,4,3,0,6,1,-1,1,120
1,3,8,5,2,3,3,-2,2,4,-2,6,1,-1,1,120
1,3,9,5,2,3,9,-2,2,10,-2,7,1,-1,0,120
1,3,11,5,2,4,2,-3,3,4,-2,6,1,-1,1,120
1,3,12,5,2,4,4,-3,2,6,-3,7,1,-1,1,120
1,3,13,5,2,5,2,-4,98,5,92,92,1,92,0,120
1,3,14,5,2,5,2,-4,4,5,-2,6,1,-1,1,120
1,3,16,5,2,5,8,-4,2,11,-4,7,1,-1,1,120
1,3,17,5,2,6,2,-5,8,6,1,8,1,-1,1,120
1,3,18,5,2,6,2,-5,3,6,-4,6,1,-1,1,120
1,3,19,5,2,6,4,-5,2,8,-5,6,1,-1,1,120
2,3,1,5,2,1,20,0,2,19,0,18,1,18,0,120
2,3,2,5,2,2,2,-1,5,2,2,6,1,-1,0,120
2,3,3,5,2,2,3,-1,2,3,-1,7,1,-1,1,120
2,3,4,5,2,2,5,-1,2,5,-1,6,1,-1,1,120
2,3,6,5,2,3,2,-2,3,3,-1,6,1,-1,1,120
2,3,7,5,2,3,3,-2,2,4,-2,6,1,-1,1,120
2,3,8,5,2,3,15,-2,2,16,-2,11,1,11,0,120
2,3,9,5,2,4,2,-3,5,4,0,6,1,-1,1,120
4,3,1,5,2,2,3,-1,2,3,-1,6,1,-1,1,120
4,3,2,5,2,2,10,-1,2,10,-1,7,1,7,0,120
4,3,3,5,2,3,2,-2,6,3,2,7,1,-1,0,120
4,3,4,5,2,3,2,-2,3,3,-1,6,1,-1,1,120
4,3,6,5,2,4,2,-3,33,4,28,28,1,28,0,120
4,3,7,5,2,4,2,-3,4,4,-1,6,1,-1,1,120
4,3,8,5,2,4,3,-3,2,5,-3,6,1,-1,1,120
4,3,9,5,2,4,9,-3,2,11,-3,6,1,-1,1,120
2,3,11,5,2,4,5,-3,2,7,-3,6,1,-1,1,120
2,3,12,5,2,5,2,-4,17,5,11,11,1,11,0,120
2,3,13,5,2,5,2,-4,3,5,-3,6,1,-1,1,120
2,3,14,5,2,5,3,-4,2,6,-4,6,1,-1,1,120
2,3,16,5,2,6,2,-5,6,6,-1,6,1,-1,1,120
2,3,17,5,2,6,2,-5,3,6,-4,6,1,-1,1,120
2,3,18,5,2,6,5,-5,2,9,-5,6,1,-1,1,120
2,3,19,5,2,7,2,-6,25,7,17,17,1,17,0,120
4,3,11,5,2,5,2,-4,3,5,-3,6,1,-1,1,120
4,3,12,5,2,5,4,-4,2,7,-4,6,1,-1,1,120
4,3,13,5,2,6,2,-5,98,6,91,91,1,91,0,120
4,3,14,5,2,6,2,-5,4,6,-3,6,1,-1,1,120
4,3,16,5,2,6,8,-5,2,12,-5,6,1,-1,1,120
4,3,17,5,2,7,2,-6,8,7,0,7,1,-1,1,120
4,3,18,5,2,7,2,-6,3,7,-5,6,1,-1,1,120
4,3,19,5,2,7,4,-6,2,9,-6,6,1,-1,1,120
5,3,1,5,2,2,20,-1,2,20,-1,17,1,17,0,120
5,3,2,5,2,3,2,-2,5,3,1,6,1,-1,1,120
5,3,3,5,2,3,3,-2,2,4,-2,6,1,-1,1,120
5,3,4,5,2,3,5,-2,2,6,-2,7,1,-1,1,120
5,3,6,5,2,4,2,-3,3,4,-2,6,1,-1,1,120
5,3,7,5,2,4,3,-3,2,5,-3,6,1,-1,1,120
5,3,8,5,2,4,15,-3,2,17,-3,10,1,10,0,120
5,3,9,5,2,5,2,-4,5,5,-1,6,1,-1,1,120
5,3,11,5,2,5,5,-4,2,8,-4,6,1,-1,1,120
5,3,12,5,2,6,2,-5,17,6,10,10,1,10,0,120
5,3,13,5,2,6,2,-5,3,6,-4,6,1,-1,1,120
5,3,14,5,2,6,3,-5,2,7,-5,6,1,-1,1,120
5,3,16,5,2,7,2,-6,6,7,-2,7,1,-1,1,120
5,3,17,5,2,7,2,-6,3,7,-5,6,1,-1,1,120
5,3,18,5,2,7,5,-6,2,10,-6,6,1,-1,1,120
5,3,19,5,2,8,2,-7,25,8,16,6,1,6,0,120
7,3,1,5,2,3,3,-2,2,4,-2,6,1,-1,1,120
7,3,2,5,2,3,10,-2,2,11,-2,6,1,6,0,120
7,3,3,5,2,4,2,-3,6,4,1,6,1,-1,1,120
7,3,4,5,2,4,2,-3,3,4,-2,6,1,-1,1,120
7,3,6,5,2,5,2,-4,33,5,27,27,1,27,0,120
7,3,7,5,2,5,2,-4,4,5,-2,6,1,-1,1,120
7,3,8,5,2,5,3,-4,2,6,-4,6,1,-1,1,120
7,3,9,5,2,5,9,-4,2,12,-4,6,1,-1,1,120
7,3,11,5,2,6,2,-5,3,6,-4,6,1,-1,1,120
7,3,12,5,2,6,4,-5,2,8,-5,6,1,-1,1,120
7,3,13,5,2,7,2,-6,98,7,90,90,1,90,0,120
7,3,14,5,2,7,2,-6,4,7,-4,6,1,-1,1,120
7,3,16,5,2,7,8,-6,2,13,-6,6,1,-1,1,120
7,3,17,5,2,8,2,-7,8,8,-1,7,1,-1,1,120
7,3,18,5,2,8,2,-7,3,8,-6,6,1,-1,1,120
7,3,19,5,2,8,4,-7,2,10,-7,6,1,-1,1,120
8,3,1,5,2,3,20,-2,2,21,-2,16,1,16,0,120
8,3,2,5,2,4,2,-3,5,4,0,7,1,-1,1,120
8,3,3,5,2,4,3,-3,2,5,-3,6,1,-1,1,120
8,3,4,5,2,4,5,-3,2,7,-3,6,1,-1,1,120
8,3,6,5,2,5,2,-4,3,5,-3,6,1,-1,1,120
8,3,7,5,2,5,3,-4,2,6,-4,6,1,-1,1,120
8,3,8,5,2,5,15,-4,2,18,-4,9,1,9,0,120
8,3,9,5,2,6,2,-5,5,6,-2,6,1,-1,1,120
8,3,11,5,2,6,5,-5,2,9,-5,6,1,-1,1,120
8,3,12,5,2,7,2,-6,17,7,9,9,1,9,0,120
8,3,13,5,2,7,2,-6,3,7,-5,6,1,-1,1,120
8,3,14,5,2,7,3,-6,2,8,-6,6,1,-1,1,120
8,3,16,5,2,8,2,-7,6,8,-3,6,1,-1,1,120
8,3,17,5,2,8,2,-7,3,8,-6,7,1,-1,1,120
8,3,18,5,2,8,5,-7,2,11,-7,6,1,-1,1,120
8,3,19,5,2,9,2,-8,25,9,15,6,1,6,0,120
10,3,1,5,2,4,3,-3,2,5,-3,6,1,-1,1,120
10,3,2,5,2,4,10,-3,2,12,-3,6,1,-1,0,120
10,3,3,5,2,5,2,-4,6,5,0,6,1,-1,1,120
10,3,4,5,2,5,2,-4,3,5,-3,6,1,-1,1,120
10,3,6,5,2,6,2,-5,33,6,26,26,1,26,0,120
10,3,7,5,2,6,2,-5,4,6,-3,6,1,-1,1,120
10,3,8,5,2,6,3,-5,2,7,-5,7,1,-1,1,120
10,3,9,5,2,6,9,-5,2,13,-5,6,1,-1,1,120
10,3,11,5,2,7,2,-6,3,7,-5,6,1,-1,1,120
10,3,12,5,2,7,4,-6,2,9,-6,6,1,-1,1,120
10,3,13,5,2,8,2,-7,98,8,89,6,1,6,0,120
10,3,14,5,2,8,2,-7,4,8,-5,6,1,-1,1,120
10,3,16,5,2,8,8,-7,2,14,-7,6,1,-1,1,120
10,3,17,5,2,9,2,-8,8,9,-2,6,1,-1,1,120
10,3,18,5,2,9,2,-8,3,9,-7,6,1,-1,1,120
10,3,19,5,2,9,4,-8,2,11,-8,6,1,-1,1,120
11,3,1,5,2,4,20,-3,2,22,-3,15,1,15,0,120
11,3,2,5,2,5,2,-4,5,5,-1,6,1,-1,1,120
11,3,3,5,2,5,3,-4,2,6,-4,6,1,-1,1,120
11,3,4,5,2,5,5,-4,2,8,-4,8,1,-1,1,120
11,3,6,5,2,6,2,-5,3,6,-4,6,1,-1,1,120
11,3,7,5,2,6,3,-5,2,7,-5,6,1,-1,1,120
11,3,8,5,2,6,15,-5,2,19,-5,6,1,6,0,120
11,3,9,5,2,7,2,-6,5,7,-3,6,1,-1,1,120
13,3,1,5,2,5,3,-4,2,6,-4,6,1,-1,1,120
13,3,2,5,2,5,10,-4,2,13,-4,13,1,-1,1,120
13,3,3,5,2,6,2,-5,6,6,-1,7,1,-1,1,120
13,3,4,5,2,6,2,-5,3,6,-4,6,1,-1,1,120
13,3,6,5,2,7,2,-6,33,7,25,25,1,25,0,120
13,3,7,5,2,7,2,-6,4,7,-4,7,1,-1,1,120
13,3,8,5,2,7,3,-6,2,8,-6,6,1,-1,1,120
13,3,9,5,2,7,9,-6,2,14,-6,6,1,-1,1,120
11,3,11,5,2,7,5,-6,2,10,-6,6,1,-1,1,120
11,3,12,5,2,8,2,-7,17,8,8,6,1,6,0,120
11,3,13,5,2,8,2,-7,3,8,-6,6,1,-1,1,120
11,3,14,5,2,8,3,-7,2,9,-7,6,1,-1,1,120
11,3,16,5,2,9,2,-8,6,9,-4,6,1,-1,1,120
11,3,17,5,2,9,2,-8,3,9,-7,6,1,-1,1,120
11,3,18,5,2,9,5,-8,2,12,-8,6,1,-1,1,120
11,3,19,5,2,10,2,-9,25,10,14,6,1,6,0,120
13,3,11,5,2,8,2,-7,3,8,-6,7,1,-1,1,120
13,3,12,5,2,8,4,-7,2,10,-7,6,1,-1,1,120
13,3,13,5,2,9,2,-8,98,9,88,6,1,6,0,120
13,3,14,5,2,9,2,-8,4,9,-6,6,1,-1,1,120
13,3,16,5,2,9,8,-8,2,15,-8,6,1,-1,1,120
13,3,17,5,2,10,2,-9,8,10,-3,6,1,-1,1,120
13,3,18,5,2,10,2,-9,3,10,-8,6,1,-1,1,120
13,3,19,5,2,10,4,-9,2,12,-9,6,1,-1,1,120
14,3,1,5,2,5,20,-4,2,23,-4,14,1,14,0,120
14,3,2,5,2,6,2,-5,5,6,-2,6,1,-1,1,120
14,3,3,5,2,6,3,-5,2,7,-5,7,1,-1,1,120
14,3,4,5,2,6,5,-5,2,9,-5,6,1,-1,1,120
14,3,6,5,2,7,2,-6,3,7,-5,6,1,-1,1,120
14,3,7,5,2,7,3,-6,2,8,-6,6,1,-1,1,120
14,3,8,5,2,7,15,-6,2,20,-6,7,1,-1,1,120
14,3,9,5,2,8,2,-7,5,8,-4,6,1,-1,1,120
14,3,11,5,2,8,5,-7,2,11,-7,6,1,-1,1,120
14,3,12,5,2,9,2,-8,17,9,7,6,1,-1,1,120
14,3,13,5,2,9,2,-8,3,9,-7,6,1,-1,1,120
14,3,14,5,2,9,3,-8,2,10,-8,6,1,-1,1,120
14,3,16,5,2,10,2,-9,6,10,-5,6,1,-1,1,120
14,3,17,5,2,10,2,-9,3,10,-8,6,1,-1,1,120
14,3,18,5,2,10,5,-9,2,13,-9,6,1,-1,1,120
14,3,19,5,2,11,2,-10,25,11,13,6,1,6,0,120
16,3,1,5,2,6,3,-5,2,7,-5,6,1,-1,1,120
16,3,2,5,2,6,10,-5,2,14,-5,6,1,-1,1,120
16,3,3,5,2,7,2,-6,6,7,-2,6,1,-1,1,120
16,3,4,5,2,7,2,-6,3,7,-5,6,1,-1,1,120
16,3,6,5,2,8,2,-7,33,8,24,6,1,6,0,120
16,3,7,5,2,8,2,-7,4,8,-5,6,1,-1,1,120
16,3,8,5,2,8,3,-7,2,9,-7,6,1,-1,1,120
16,3,9,5,2,8,9,-7,2,15,-7,6,1,-1,1,120
16,3,11,5,2,9,2,-8,3,9,-7,6,1,-1,1,120
16,3,12,5,2,9,4,-8,2,11,-8,6,1,-1,1,120
16,3,13,5,2,10,2,-9,98,10,87,6,1,6,0,120
16,3,14,5,2,10,2,-9,4,10,-7,6,1,-1,1,120
16,3,16,5,2,10,8,-9,2,16,-9,6,1,-1,1,120
16,3,17,5,2,11,2,-10,8,11,-4,6,1,-1,1,120
16,3,18,5,2,11,2,-10,3,11,-9,6,1,-1,1,120
16,3,19,5,2,11,4,-10,2,13,-10,6,1,-1,1,120
-23,4,1,1,2,-4,3,5,2,-3,5,6,1,-1,1,120
-23,4,2,1,2,-2,2,3,13,-2,14,9,1,9,0,120
-23,4,3,1,2,-1,2,2,3,-1,3,7,1,-1,1,120
-23,4,4,1,2,0,11,1,2,9,1,9,1,9,0,120
-21,4,1,1,2,-3,2,4,7,-3,9,7,1,-1,1,120
-21,4,2,1,2,-2,3,3,2,-1,3,6,1,-1,1,120
-21,4,3,1,2,-1,136,2,2,133,2,-1,1,133,0,120
-21,4,4,1,2,1,2,0,3,1,1,6,1,-1,0,120
17,3,1,5,2,6,20,-5,2,24,-5,6,1,6,0,120
17,3,2,5,2,7,2,-6,5,7,-3,6,1,-1,1,120
17,3,3,5,2,7,3,-6,2,8,-6,7,1,-1,1,120
17,3,4,5,2,7,5,-6,2,10,-6,7,1,-1,1,120
17,3,6,5,2,8,2,-7,3,8,-6,6,1,-1,1,120
17,3,7,5,2,8,3,-7,2,9,-7,6,1,-1,1,120
17,3,8,5,2,8,15,-7,2,21,-7,6,1,-1,1,120
17,3,9,5,2,9,2,-8,5,9,-5,6,1,-1,1,120
17,3,11,5,2,9,5,-8,2,12,-8,6,1,-1,1,120
17,3,12,5,2,10,2,-9,17,10,6,7,1,-1,1,120
17,3,13,5,2,10,2,-9,3,10,-8,6,1,-1,1,120
17,3,14,5,2,10,3,-9,2,11,-9,6,1,-1,1,120
17,3,16,5,2,11,2,-10,6,11,-6,6,1,-1,1,120
17,3,17,5,2,11,2,-10,3,11,-9,6,1,-1,1,120
17,3,18,5,2,11,5,-10,2,14,-10,6,1,-1,1,120
17,3,19,5,2,12,2,-11,25,12,12,6,1,6,0,120
-19,4,1,1,2,-3,3,4,2,-2,4,6,1,-1,1,120
-19,4,2,1,2,-1,2,2,13,-1,13,10,1,10,0,120
-19,4,3,1,2,0,2,1,3,0,2,6,1,-1,1,120
-19,4,4,1,2,1,11,0,2,10,0,9,1,9,0,120
-17,4,1,1,2,-2,2,3,7,-2,8,6,1,-1,1,120
-17,4,2,1,2,-1,3,2,2,0,2,6,1,-1,1,120
-17,4,3,1,2,0,136,1,2,134,1,-1,1,134,0,120
-17,4,4,1,2,2,2,-1,3,2,0,6,1,-1,1,120
-15,4,1,1,2,-2,3,3,2,-1,3,6,1,-1,1,120
-15,4,2,1,2,0,2,1,13,0,12,11,1,11,0,120
-15,4,3,1,2,1,2,0,3,1,1,6,1,-1,0,120
-15,4,4,1,2,2,11,-1,2,11,-1,8,1,8,0,120
-13,4,1,1,2,-1,2,2,7,-1,7,6,1,-1,0,120
-13,4,2,1,2,0,3,1,2,1,1,6,1,-1,0,120
-13,4,3,1,2,1,136,0,2,135,0,-1,1,134,0,120
-13,4,4,1,2,3,2,-2,3,3,-1,6,1,-1,1,120
-11,4,1,1,2,-1,3,2,2,0,2,6,1,-1,1,120
-11,4,2,1,2,1,2,0,13,1,11,11,1,11,0,120
-11,4,3,1,2,2,2,-1,3,2,0,6,1,-1,1,120
-11,4,4,1,2,3,11,-2,2,12,-2,7,1,7,0,120
-9,4,1,1,2,0,2,1,7,0,6,6,1,-1,0,120
-9,4,2,1,2,1,3,0,2,2,0,6,1,-1,1,120
-9,4,3,1,2,2,136,-1,2,136,-1,-1,1,133,0,120
-9,4,4,1,2,4,2,-3,3,4,-2,6,1,-1,1,120
-7,4,1,1,2,0,3,1,2,1,1,6,1,-1,0,120
-7,4,2,1,2,2,2,-1,13,2,10,10,1,10,0,120
-7,4,3,1,2,3,2,-2,3,3,-1,7,1,-1,1,120
-7,4,4,1,2,4,11,-3,2,13,-3,6,1,6,0,120
-5,4,1,1,2,1,2,0,7,1,5,6,1,-1,0,120
-5,4,2,1,2,2,3,-1,2,3,-1,6,1,-1,1,120
-5,4,3,1,2,3,136,-2,2,137,-2,-1,1,132,0,120
-5,4,4,1,2,5,2,-4,3,5,-3,7,1,-1,1,120
-3,4,1,1,2,1,3,0,2,2,0,6,1,-1,1,120
-3,4,2,1,2,3,2,-2,13,3,9,9,1,9,0,120
-3,4,3,1,2,4,2,-3,3,4,-2,6,1,-1,1,120
-3,4,4,1,2,5,11,-4,2,14,-4,6,1,-1,1,120
-1,4,1,1,2,2,2,-1,7,2,4,7,1,-1,0,120
-1,4,2,1,2,3,3,-2,2,4,-2,6,1,-1,1,120
-1,4,3,1,2,4,136,-3,2,138,-3,-1,1,131,0,120
-1,4,4,1,2,6,2,-5,3,6,-4,6,1,-1,1,120
1,4,1,1,2,2,3,-1,2,3,-1,6,1,-1,1,120
1,4,2,1,2,4,2,-3,13,4,8,8,1,8,0,120
1,4,3,1,2,5,2,-4,3,5,-3,6,1,-1,1,120
1,4,4,1,2,6,11,-5,2,15,-5,6,1,-1,1,120
3,4,1,1,2,3,2,-2,7,3,3,8,1,-1,0,120
3,4,2,1,2,4,3,-3,2,5,-3,6,1,-1,1,120
3,4,3,1,2,5,136,-4,2,139,-4,-1,1,130,0,120
3,4,4,1,2,7,2,-6,3,7,-5,6,1,-1,1,120
5,4,1,1,2,3,3,-2,2,4,-2,6,1,-1,1,120
5,4,2,1,2,5,2,-4,13,5,7,7,1,7,0,120
5,4,3,1,2,6,2,-5,3,6,-4,6,1,-1,1,120
5,4,4,1,2,7,11,-6,2,16,-6,6,1,-1,1,120
7,4,1,1,2,4,2,-3,7,4,2,8,1,-1,1,120
7,4,2,1,2,5,3,-4,2,6,-4,6,1,-1,1,120
7,4,3,1,2,6,136,-5,2,140,-5,6,1,6,0,120
7,4,4,1,2,8,2,-7,3,8,-6,6,1,-1,1,120
9,4,1,1,2,4,3,-3,2,5,-3,6,1,-1,1,120
9,4,2,1,2,6,2,-5,13,6,6,6,1,6,0,120
9,4,3,1,2,7,2,-6,3,7,-5,6,1,-1,1,120
9,4,4,1,2,8,11,-7,2,17,-7,6,1,-1,1,120
11,4,1,1,2,5,2,-4,7,5,1,7,1,-1,1,120
11,4,2,1,2,6,3,-5,2,7,-5,6,1,-1,1,120
11,4,3,1,2,7,136,-6,2,141,-6,7,1,7,0,120
11,4,4,1,2,9,2,-8,3,9,-7,6,1,-1,1,120
13,4,1,1,2,5,3,-4,2,6,-4,7,1,-1,1,120
13,4,2,1,2,7,2,-6,13,7,5,6,1,-1,1,120
13,4,3,1,2,8,2,-7,3,8,-6,7,1,-1,1,120
13,4,4,1,2,9,11,-8,2,18,-8,6,1,-1,1,120
15,4,1,1,2,6,2,-5,7,6,0,6,1,-1,1,120
15,4,2,1,2,7,3,-6,2,8,-6,6,1,-1,1,120
15,4,3,1,2,8,136,-7,2,142,-7,6,1,6,0,120
15,4,4,1,2,10,2,-9,3,10,-8,6,1,-1,1,120
17,4,1,1,2,6,3,-5,2,7,-5,7,1,-1,1,120
17,4,2,1,2,8,2,-7,13,8,4,6,1,-1,1,120
17,4,3,1,2,9,2,-8,3,9,-7,6,1,-1,1,120
17,4,4,1,2,10,11,-9,2,19,-9,6,1,-1,1,120
19,4,1,1,2,7,2,-6,7,7,-1,6,1,-1,1,120
19,4,2,1,2,8,3,-7,2,9,-7,6,1,-1,1,120
19,4,3,1,2,9,136,-8,2,143,-8,6,1,6,0,120
19,4,4,1,2,11,2,-10,3,11,-9,6,1,-1,1,120
-23,4,1,2,2,-5,24,6,2,17,6,17,1,17,0,120
-23,4,3,2,2,-3,2,4,3,-3,5,6,1,-1,1,120
-23,4,5,2,2,-2,5,3,2,1,3,6,1,-1,1,120
-23,4,7,2,2,0,2,1,6,0,5,7,1,-1,0,120
-21,4,1,2,2,-4,2,5,3,-4,6,6,1,-1,1,120
-21,4,3,2,2,-3,8,4,2,3,4,6,1,-1,0,120
-21,4,5,2,2,-1,2,2,4,-1,4,6,1,-1,1,120
-21,4,7,2,2,0,4,1,2,2,1,6,1,-1,0,120
21,4,1,1,2,7,3,-6,2,8,-6,7,1,-1,1,120
21,4,2,1,2,9,2,-8,13,9,3,6,1,-1,1,120
21,4,3,1,2,10,2,-9,3,10,-8,7,1,-1,1,120
21,4,4,1,2,11,11,-10,2,20,-10,6,1,-1,1,120
23,4,1,1,2,8,2,-7,7,8,-2,6,1,-1,1,120
23,4,2,1,2,9,3,-8,2,10,-8,6,1,-1,1,120
23,4,3,1,2,10,136,-9,2,144,-9,6,1,6,0,120
23,4,4,1,2,12,2,-11,3,12,-10,6,1,-1,1,120
-19,4,1,2,2,-4,24,5,2,18,5,18,1,18,0,120
-19,4,3,2,2,-2,2,3,3,-2,4,6,1,-1,1,120
-19,4,5,2,2,-1,5,2,2,2,2,6,1,-1,0,120
-19,4,7,2,2,1,2,0,6,1,4,7,1,-1,0,120
-17,4,1,2,2,-3,2,4,3,-3,5,6,1,-1,1,120
-17,4,3,2,2,-2,8,3,2,4,3,6,1,-1,0,120
-17,4,5,2,2,0,2,1,4,0,3,6,1,-1,0,120
-17,4,7,2,2,1,4,0,2,3,0,6,1,-1,0,120
-15,4,1,2,2,-3,24,4,2,19,4,19,1,19,0,120
-15,4,3,2,2,-1,2,2,3,-1,3,6,1,-1,1,120
-15,4,5,2,2,0,5,1,2,3,1,6,1,-1,0,120
-15,4,7,2,2,2,2,-1,6,2,3,6,1,-1,0,120
-13,4,1,2,2,-2,2,3,3,-2,4,6,1,-1,1,120
-13,4,3,2,2,-1,8,2,2,5,2,6,1,-1,0,120
-13,4,5,2,2,1,2,0,4,1,2,6,1,-1,0,120
-13,4,7,2,2,2,4,-1,2,4,-1,6,1,-1,1,120
-11,4,1,2,2,-2,24,3,2,20,3,20,1,20,0,120
-11,4,3,2,2,0,2,1,3,0,2,6,1,-1,1,120
-11,4,5,2,2,1,5,0,2,4,0,6,1,-1,0,120
-11,4,7,2,2,3,2,-2,6,3,2,8,1,-1,0,120
-9,4,1,2,2,-1,2,2,3,-1,3,6,1,-1,1,120
-9,4,3,2,2,0,8,1,2,6,1,6,1,6,0,120
-9,4,5,2,2,2,2,-1,4,2,1,6,1,-1,0,120
-9,4,7,2,2,3,4,-2,2,5,-2,6,1,-1,1,120
-7,4,1,2,2,-1,24,2,2,21,2,21,1,21,0,120
-7,4,3,2,2,1,2,0,3,1,1,6,1,-1,0,120
-7,4,5,2,2,2,5,-1,2,5,-1,6,1,-1,1,120
-7,4,7,2,2,4,2,-3,6,4,1,6,1,-1,1,120
-5,4,1,2,2,0,2,1,3,0,2,6,1,-1,1,120
-5,4,3,2,2,1,8,0,2,7,0,6,1,6,0,120
-5,4,5,2,2,3,2,-2,4,3,0,6,1,-1,1,120
-5,4,7,2,2,4,4,-3,2,6,-3,6,1,-1,1,120
-3,4,1,2,2,0,24,1,2,22,1,22,1,22,0,120
-3,4,3,2,2,2,2,-1,3,2,0,6,1,-1,1,120
-3,4,5,2,2,3,5,-2,2,6,-2,6,1,-1,1,120
-3,4,7,2,2,5,2,-4,6,5,0,6,1,-1,1,120
-1,4,1,2,2,1,2,0,3,1,1,6,1,-1,0,120
-1,4,3,2,2,2,8,-1,2,8,-1,6,1,-1,0,120
-1,4,5,2,2,4,2,-3,4,4,-1,6,1,-1,1,120
-1,4,7,2,2,5,4,-4,2,7,-4,6,1,-1,1,120
1,4,1,2,2,1,24,0,2,23,0,22,1,22,0,120
1,4,3,2,2,3,2,-2,3,3,-1,7,1,-1,1,120
1,4,5,2,2,4,5,-3,2,7,-3,6,1,-1,1,120
1,4,7,2,2,6,2,-5,6,6,-1,9,1,-1,1,120
3,4,1,2,2,2,2,-1,3,2,0,6,1,-1,1,120
3,4,3,2,2,3,8,-2,2,9,-2,8,1,-1,0,120
3,4,5,2,2,5,2,-4,4,5,-2,6,1,-1,1,120
3,4,7,2,2,6,4,-5,2,8,-5,6,1,-1,1,120
5,4,1,2,2,2,24,-1,2,24,-1,21,1,21,0,120
5,4,3,2,2,4,2,-3,3,4,-2,6,1,-1,1,120
5,4,5,2,2,5,5,-4,2,8,-4,6,1,-1,1,120
5,4,7,2,2,7,2,-6,6,7,-2,8,1,-1,1,120
7,4,1,2,2,3,2,-2,3,3,-1,6,1,-1,1,120
7,4,3,2,2,4,8,-3,2,10,-3,7,1,-1,1,120
7,4,5,2,2,6,2,-5,4,6,-3,6,1,-1,1,120
7,4,7,2,2,7,4,-6,2,9,-6,6,1,-1,1,120
9,4,1,2,2,3,24,-2,2,25,-2,20,1,20,0,120
9,4,3,2,2,5,2,-4,3,5,-3,6,1,-1,1,120
9,4,5,2,2,6,5,-5,2,9,-5,6,1,-1,1,120
9,4,7,2,2,8,2,-7,6,8,-3,6,1,-1,1,120
11,4,1,2,2,4,2,-3,3,4,-2,6,1,-1,1,120
11,4,3,2,2,5,8,-4,2,11,-4,6,1,-1,1,120
11,4,5,2,2,7,2,-6,4,7,-4,6,1,-1,1,120
11,4,7,2,2,8,4,-7,2,10,-7,6,1,-1,1,120
13,4,1,2,2,4,24,-3,2,26,-3,19,1,19,0,120
13,4,3,2,2,6,2,-5,3,6,-4,6,1,-1,1,120
13,4,5,2,2,7,5,-6,2,10,-6,6,1,-1,1,120
13,4,7,2,2,9,2,-8,6,9,-4,7,1,-1,1,120
15,4,1,2,2,5,2,-4,3,5,-3,6,1,-1,1,120
15,4,3,2,2,6,8,-5,2,12,-5,6,1,-1,1,120
15,4,5,2,2,8,2,-7,4,8,-5,6,1,-1,1,120
15,4,7,2,2,9,4,-8,2,11,-8,6,1,-1,1,120
17,4,1,2,2,5,24,-4,2,27,-4,18,1,18,0,120
17,4,3,2,2,7,2,-6,3,7,-5,6,1,-1,1,120
17,4,5,2,2,8,5,-7,2,11,-7,6,1,-1,1,120
17,4,7,2,2,10,2,-9,6,10,-5,6,1,-1,1,120
19,4,1,2,2,6,2,-5,3,6,-4,6,1,-1,1,120
19,4,3,2,2,7,8,-6,2,13,-6,6,1,-1,1,120
19,4,5,2,2,9,2,-8,4,9,-6,6,1,-1,1,120
19,4,7,2,2,10,4,-9,2,12,-9,6,1,-1,1,120
-23,4,1,3,2,-5,4,6,2,-3,6,6,1,-1,1,120
-23,4,2,3,2,-4,2,5,6,-4,9,6,1,-1,1,120
-23,4,4,3,2,-3,2,4,8,-3,10,6,1,-1,1,120
-23,4,5,3,2,-3,3,4,2,-2,4,6,1,-1,1,120
-23,4,7,3,2,-2,3,3,2,-1,3,6,1,-1,1,120
-23,4,8,3,2,-1,2,2,48,-1,48,45,1,45,0,120
-23,4,10,3,2,-1,28,2,2,25,2,25,1,25,0,120
-23,4,11,3,2,0,2,1,3,0,2,7,1,-1,1,120
21,4,1,2,2,6,24,-5,2,28,-5,6,1,6,0,120
21,4,3,2,2,8,2,-7,3,8,-6,6,1,-1,1,120
21,4,5,2,2,9,5,-8,2,12,-8,6,1,-1,1,120
21,4,7,2,2,11,2,-10,6,11,-6,6,1,-1,1,120
23,4,1,2,2,7,2,-6,3,7,-5,6,1,-1,1,120
23,4,3,2,2,8,8,-7,2,14,-7,6,1,-1,1,120
23,4,5,2,2,10,2,-9,4,10,-7,6,1,-1,1,120
23,4,7,2,2,11,4,-10,2,13,-10,6,1,-1,1,120
-21,4,1,3,2,-4,2,5,5,-4,8,6,1,-1,1,120
-21,4,2,3,2,-4,4,5,2,-2,5,6,1,-1,1,120
-21,4,4,3,2,-3,3,4,2,-2,4,6,1,-1,1,120
-21,4,5,3,2,-2,2,3,10,-2,11,6,1,6,0,120
-21,4,7,3,2,-1,2,2,21,-1,21,18,1,18,0,120
-21,4,8,3,2,-1,3,2,2,0,2,6,1,-1,1,120
-21,4,10,3,2,0,2,1,3,0,2,6,1,-1,1,120
-21,4,11,3,2,0,16,1,2,14,1,14,1,14,0,120
-19,4,1,3,2,-4,4,5,2,-2,5,6,1,-1,1,120
-19,4,2,3,2,-3,2,4,6,-3,8,7,1,-1,1,120
-19,4,4,3,2,-2,2,3,8,-2,9,6,1,-1,0,120
-19,4,5,3,2,-2,3,3,2,-1,3,6,1,-1,1,120
-19,4,7,3,2,-1,3,2,2,0,2,6,1,-1,1,120
-19,4,8,3,2,0,2,1,48,0,47,46,1,46,0,120
-19,4,10,3,2,0,28,1,2,26,1,26,1,26,0,120
-19,4,11,3,2,1,2,0,3,1,1,6,1,-1,0,120
-17,4,1,3,2,-3,2,4,5,-3,7,6,1,-1,1,120
-17,4,2,3,2,-3,4,4,2,-1,4,6,1,-1,1,120
-17,4,4,3,2,-2,3,3,2,-1,3,6,1,-1,1,120
-17,4,5,3,2,-1,2,2,10,-1,10,7,1,7,0,120
-17,4,7,3,2,0,2,1,21,0,20,19,1,19,0,120
-17,4,8,3,2,0,3,1,2,1,1,6,1,-1,0,120
-17,4,10,3,2,1,2,0,3,1,1,6,1,-1,0,120
-17,4,11,3,2,1,16,0,2,15,0,14,1,14,0,120
-15,4,1,3,2,-3,4,4,2,-1,4,6,1,-1,1,120
-15,4,2,3,2,-2,2,3,6,-2,7,7,1,-1,1,120
-15,4,4,3,2,-1,2,2,8,-1,8,7,1,-1,0,120
-15,4,5,3,2,-1,3,2,2,0,2,6,1,-1,1,120
-15,4,7,3,2,0,3,1,2,1,1,6,1,-1,0,120
-15,4,8,3,2,1,2,0,48,1,46,46,1,46,0,120
-15,4,10,3,2,1,28,0,2,27,0,26,1,26,0,120
-15,4,11,3,2,2,2,-1,3,2,0,6,1,-1,1,120
-13,4,1,3,2,-2,2,3,5,-2,6,6,1,-1,1,120
-13,4,2,3,2,-2,4,3,2,0,3,7,1,-1,1,120
-13,4,4,3,2,-1,3,2,2,0,2,6,1,-1,1,120
-13,4,5,3,2,0,2,1,10,0,9,8,1,8,0,120
-13,4,7,3,2,1,2,0,21,1,19,19,1,19,0,120
-13,4,8,3,2,1,3,0,2,2,0,6,1,-1,1,120
-13,4,10,3,2,2,2,-1,3,2,0,9,1,-1,1,120
-13,4,11,3,2,2,16,-1,2,16,-1,13,1,13,0,120
-11,4,1,3,2,-2,4,3,2,0,3,6,1,-1,1,120
-11,4,2,3,2,-1,2,2,6,-1,6,6,1,-1,0,120
-11,4,4,3,2,0,2,1,8,0,7,6,1,6,0,120
-11,4,5,3,2,0,3,1,2,1,1,6,1,-1,0,120
-11,4,7,3,2,1,3,0,2,2,0,6,1,-1,1,120
-11,4,8,3,2,2,2,-1,48,2,45,45,1,45,0,120
-11,4,10,3,2,2,28,-1,2,28,-1,25,1,25,0,120
-11,4,11,3,2,3,2,-2,3,3,-1,6,1,-1,1,120
-7,4,1,3,2,-1,4,2,2,1,2,6,1,-1,0,120
-7,4,2,3,2,0,2,1,6,0,5,7,1,-1,0,120
-7,4,4,3,2,1,2,0,8,1,6,6,1,6,0,120
-7,4,5,3,2,1,3,0,2,2,0,6,1,-1,1,120
-7,4,7,3,2,2,3,-1,2,3,-1,6,1,-1,1,120
-7,4,8,3,2,3,2,-2,48,3,44,44,1,44,0,120
-7,4,10,3,2,3,28,-2,2,29,-2,24,1,24,0,120
-7,4,11,3,2,4,2,-3,3,4,-2,7,1,-1,1,120
-9,4,1,3,2,-1,2,2,5,-1,5,6,1,-1,1,120
-9,4,2,3,2,-1,4,2,2,1,2,6,1,-1,0,120
-9,4,4,3,2,0,3,1,2,1,1,6,1,-1,0,120
-9,4,5,3,2,1,2,0,10,1,8,8,1,8,0,120
-9,4,7,3,2,2,2,-1,21,2,18,18,1,18,0,120
-9,4,8,3,2,2,3,-1,2,3,-1,7,1,-1,1,120
-9,4,10,3,2,3,2,-2,3,3,-1,6,1,-1,1,120
-9,4,11,3,2,3,16,-2,2,17,-2,12,1,12,0,120
-5,4,1,3,2,0,2,1,5,0,4,6,1,-1,0,120
-5,4,2,3,2,0,4,1,2,2,1,6,1,-1,0,120
-5,4,4,3,2,1,3,0,2,2,0,6,1,-1,1,120
-5,4,5,3,2,2,2,-1,10,2,7,7,1,7,0,120
-5,4,7,3,2,3,2,-2,21,3,17,17,1,17,0,120
-5,4,8,3,2,3,3,-2,2,4,-2,6,1,-1,1,120
-5,4,10,3,2,4,2,-3,3,4,-2,10,1,-1,1,120
-5,4,11,3,2,4,16,-3,2,18,-3,11,1,11,0,120
-3,4,1,3,2,0,4,1,2,2,1,6,1,-1,0,120
-3,4,2,3,2,1,2,0,6,1,4,7,1,-1,0,120
-3,4,4,3,2,2,2,-1,8,2,5,6,1,-1,0,120
-3,4,5,3,2,2,3,-1,2,3,-1,6,1,-1,1,120
-3,4,7,3,2,3,3,-2,2,4,-2,6,1,-1,1,120
-3,4,8,3,2,4,2,-3,48,4,43,43,1,43,0,120
-3,4,10,3,2,4,28,-3,2,30,-3,23,1,23,0,120
-3,4,11,3,2,5,2,-4,3,5,-3,6,1,-1,1,120
1,4,1,3,2,1,4,0,2,3,0,6,1,-1,0,120
1,4,2,3,2,2,2,-1,6,2,3,6,1,-1,0,120
1,4,4,3,2,3,2,-2,8,3,4,6,1,-1,0,120
1,4,5,3,2,3,3,-2,2,4,-2,6,1,-1,1,120
1,4,7,3,2,4,3,-3,2,5,-3,6,1,-1,1,120
1,4,8,3,2,5,2,-4,48,5,42,42,1,42,0,120
1,4,10,3,2,5,28,-4,2,31,-4,22,1,22,0,120
1,4,11,3,2,6,2,-5,3,6,-4,6,1,-1,1,120
-1,4,1,3,2,1,2,0,5,1,3,6,1,-1,0,120
-1,4,2,3,2,1,4,0,2,3,0,6,1,-1,0,120
-1,4,4,3,2,2,3,-1,2,3,-1,6,1,-1,1,120
-1,4,5,3,2,3,2,-2,10,3,6,6,1,6,0,120
-1,4,7,3,2,4,2,-3,21,4,16,16,1,16,0,120
-1,4,8,3,2,4,3,-3,2,5,-3,6,1,-1,1,120
-1,4,10,3,2,5,2,-4,3,5,-3,6,1,-1,1,120
-1,4,11,3,2,5,16,-4,2,19,-4,10,1,10,0,120
3,4,1,3,2,2,2,-1,5,2,2,6,1,-1,0,120
3,4,2,3,2,2,4,-1,2,4,-1,6,1,-1,1,120
3,4,4,3,2,3,3,-2,2,4,-2,6,1,-1,1,120
3,4,5,3,2,4,2,-3,10,4,5,6,1,-1,0,120
3,4,7,3,2,5,2,-4,21,5,15,15,1,15,0,120
3,4,8,3,2,5,3,-4,2,6,-4,6,1,-1,1,120
3,4,10,3,2,6,2,-5,3,6,-4,8,1,-1,1,120
3,4,11,3,2,6,16,-5,2,20,-5,6,1,6,0,120
5,4,1,3,2,2,4,-1,2,4,-1,6,1,-1,1,120
5,4,2,3,2,3,2,-2,6,3,2,7,1,-1,0,120
5,4,4,3,2,4,2,-3,8,4,3,6,1,-1,0,120
5,4,5,3,2,4,3,-3,2,5,-3,6,1,-1,1,120
5,4,7,3,2,5,3,-4,2,6,-4,7,1,-1,1,120
5,4,8,3,2,6,2,-5,48,6,41,41,1,41,0,120
5,4,10,3,2,6,28,-5,2,32,-5,6,1,6,0,120
5,4,11,3,2,7,2,-6,3,7,-5,6,1,-1,1,120
7,4,1,3,2,3,2,-2,5,3,1,6,1,-1,1,120
7,4,2,3,2,3,4,-2,2,5,-2,7,1,-1,1,120
7,4,4,3,2,4,3,-3,2,5,-3,6,1,-1,1,120
7,4,5,3,2,5,2,-4,10,5,4,6,1,-1,0,120
7,4,7,3,2,6,2,-5,21,6,14,14,1,14,0,120
7,4,8,3,2,6,3,-5,2,7,-5,7,1,-1,1,120
7,4,10,3,2,7,2,-6,3,7,-5,6,1,-1,1,120
7,4,11,3,2,7,16,-6,2,21,-6,7,1,7,0,120
9,4,1,3,2,3,4,-2,2,5,-2,6,1,-1,1,120
9,4,2,3,2,4,2,-3,6,4,1,7,1,-1,1,120
9,4,4,3,2,5,2,-4,8,5,2,6,1,-1,1,120
9,4,5,3,2,5,3,-4,2,6,-4,6,1,-1,1,120
9,4,7,3,2,6,3,-5,2,7,-5,6,1,-1,1,120
9,4,8,3,2,7,2,-6,48,7,40,40,1,40,0,120
9,4,10,3,2,7,28,-6,2,33,-6,7,1,7,0,120
9,4,11,3,2,8,2,-7,3,8,-6,6,1,-1,1,120
11,4,1,3,2,4,2,-3,5,4,0,6,1,-1,1,120
11,4,2,3,2,4,4,-3,2,6,-3,6,1,-1,1,120
11,4,4,3,2,5,3,-4,2,6,-4,6,1,-1,1,120
11,4,5,3,2,6,2,-5,10,6,3,6,1,-1,1,120
11,4,7,3,2,7,2,-6,21,7,13,13,1,13,0,120
11,4,8,3,2,7,3,-6,2,8,-6,6,1,-1,1,120
11,4,10,3,2,8,2,-7,3,8,-6,6,1,-1,1,120
11,4,11,3,2,8,16,-7,2,22,-7,6,1,-1,1,120
13,4,1,3,2,4,4,-3,2,6,-3,6,1,-1,1,120
13,4,2,3,2,5,2,-4,6,5,0,6,1,-1,1,120
13,4,4,3,2,6,2,-5,8,6,1,6,1,-1,1,120
13,4,5,3,2,6,3,-5,2,7,-5,6,1,-1,1,120
13,4,7,3,2,7,3,-6,2,8,-6,6,1,-1,1,120
13,4,8,3,2,8,2,-7,48,8,39,6,1,6,0,120
13,4,10,3,2,8,28,-7,2,34,-7,6,1,6,0,120
13,4,11,3,2,9,2,-8,3,9,-7,6,1,-1,1,120
15,4,1,3,2,5,2,-4,5,5,-1,6,1,-1,1,120
15,4,2,3,2,5,4,-4,2,7,-4,6,1,-1,1,120
15,4,4,3,2,6,3,-5,2,7,-5,6,1,-1,1,120
15,4,5,3,2,7,2,-6,10,7,2,6,1,-1,1,120
15,4,7,3,2,8,2,-7,21,8,12,6,1,6,0,120
15,4,8,3,2,8,3,-7,2,9,-7,6,1,-1,1,120
15,4,10,3,2,9,2,-8,3,9,-7,6,1,-1,1,120
15,4,11,3,2,9,16,-8,2,23,-8,6,1,-1,1,120
17,4,1,3,2,5,4,-4,2,7,-4,6,1,-1,1,120
17,4,2,3,2,6,2,-5,6,6,-1,6,1,-1,1,120
17,4,4,3,2,7,2,-6,8,7,0,6,1,-1,1,120
17,4,5,3,2,7,3,-6,2,8,-6,6,1,-1,1,120
17,4,7,3,2,8,3,-7,2,9,-7,6,1,-1,1,120
17,4,8,3,2,9,2,-8,48,9,38,6,1,6,0,120
17,4,10,3,2,9,28,-8,2,35,-8,6,1,6,0,120
17,4,11,3,2,10,2,-9,3,10,-8,6,1,-1,1,120
19,4,1,3,2,6,2,-5,5,6,-2,6,1,-1,1,120
19,4,2,3,2,6,4,-5,2,8,-5,6,1,-1,1,120
19,4,4,3,2,7,3,-6,2,8,-6,6,1,-1,1,120
19,4,5,3,2,8,2,-7,10,8,1,6,1,-1,1,120
19,4,7,3,2,9,2,-8,21,9,11,6,1,6,0,120
19,4,8,3,2,9,3,-8,2,10,-8,6,1,-1,1,120
19,4,10,3,2,10,2,-9,3,10,-8,6,1,-1,1,120
19,4,11,3,2,10,16,-9,2,24,-9,6,1,-1,1,120
21,4,1,3,2,6,4,-5,2,8,-5,6,1,-1,1,120
21,4,2,3,2,7,2,-6,6,7,-2,6,1,-1,1,120
21,4,4,3,2,8,2,-7,8,8,-1,6,1,-1,1,120
21,4,5,3,2,8,3,-7,2,9,-7,7,1,-1,1,120
21,4,7,3,2,9,3,-8,2,10,-8,6,1,-1,1,120
21,4,8,3,2,10,2,-9,48,10,37,6,1,6,0,120
21,4,10,3,2,10,28,-9,2,36,-9,6,1,6,0,120
21,4,11,3,2,11,2,-10,3,11,-9,6,1,-1,1,120
-23,4,1,4,2,-5,3,6,2,-4,6,6,1,-1,1,120
-23,4,3,4,2,-4,2,5,4,-4,7,6,1,-1,1,120
-23,4,5,4,2,-3,2,4,57,-3,59,52,1,52,0,120
-23,4,7,4,2,-3,4,4,2,-1,4,6,1,-1,1,120
-23,4,9,4,2,-2,2,3,3,-2,4,6,1,-1,1,120
-23,4,11,4,2,-1,2,2,8,-1,8,7,1,-1,0,120
-23,4,13,4,2,-1,7,2,2,4,2,6,1,-1,0,120
-23,4,15,4,2,0,3,1,2,1,1,6,1,-1,0,120
23,4,1,3,2,7,2,-6,5,7,-3,6,1,-1,1,120
23,4,2,3,2,7,4,-6,2,9,-6,6,1,-1,1,120
23,4,4,3,2,8,3,-7,2,9,-7,6,1,-1,1,120
23,4,5,3,2,9,2,-8,10,9,0,6,1,-1,1,120
23,4,7,3,2,10,2,-9,21,10,10,6,1,6,0,120
23,4,8,3,2,10,3,-9,2,11,-9,6,1,-1,1,120
23,4,10,3,2,11,2,-10,3,11,-9,6,1,-1,1,120
23,4,11,3,2,11,16,-10,2,25,-10,6,1,-1,1,120
-21,4,1,4,2,-4,2,5,10,-4,13,6,1,-1,1,120
-21,4,3,4,2,-4,6,5,2,0,5,6,1,-1,1,120
-21,4,5,4,2,-3,3,4,2,-2,4,6,1,-1,1,120
-21,4,7,4,2,-2,2,3,5,-2,6,7,1,-1,1,120
-21,4,9,4,2,-2,15,3,2,11,3,11,1,11,0,120
-21,4,11,4,2,-1,3,2,2,0,2,6,1,-1,1,120
-21,4,13,4,2,0,2,1,3,0,2,6,1,-1,1,120
-21,4,15,4,2,1,2,0,19,1,17,17,1,17,0,120
-19,4,1,4,2,-4,3,5,2,-3,5,6,1,-1,1,120
-19,4,3,4,2,-3,2,4,4,-3,6,6,1,-1,1,120
-19,4,5,4,2,-2,2,3,57,-2,58,53,1,53,0,120
-19,4,7,4,2,-2,4,3,2,0,3,6,1,-1,1,120
-19,4,9,4,2,-1,2,2,3,-1,3,6,1,-1,1,120
-19,4,11,4,2,0,2,1,8,0,7,6,1,6,0,120
-19,4,13,4,2,0,7,1,2,5,1,6,1,-1,0,120
-19,4,15,4,2,1,3,0,2,2,0,6,1,-1,1,120
-17,4,1,4,2,-3,2,4,10,-3,12,6,1,-1,0,120
-17,4,3,4,2,-3,6,4,2,1,4,6,1,-1,1,120
-17,4,5,4,2,-2,3,3,2,-1,3,7,1,-1,1,120
-17,4,7,4,2,-1,2,2,5,-1,5,6,1,-1,1,120
-17,4,9,4,2,-1,15,2,2,12,2,12,1,12,0,120
-17,4,11,4,2,0,3,1,2,1,1,6,1,-1,0,120
-17,4,13,4,2,1,2,0,3,1,1,6,1,-1,0,120
-17,4,15,4,2,2,2,-1,19,2,16,16,1,16,0,120
-15,4,1,4,2,-3,3,4,2,-2,4,6,1,-1,1,120
-15,4,3,4,2,-2,2,3,4,-2,5,7,1,-1,1,120
-15,4,5,4,2,-1,2,2,57,-1,57,54,1,54,0,120
-15,4,7,4,2,-1,4,2,2,1,2,6,1,-1,0,120
-15,4,9,4,2,0,2,1,3,0,2,6,1,-1,1,120
-15,4,11,4,2,1,2,0,8,1,6,6,1,6,0,120
-15,4,13,4,2,1,7,0,2,6,0,6,1,-1,0,120
-15,4,15,4,2,2,3,-1,2,3,-1,6,1,-1,1,120
-13,4,1,4,2,-2,2,3,10,-2,11,6,1,6,0,120
-13,4,3,4,2,-2,6,3,2,2,3,6,1,-1,0,120
-13,4,5,4,2,-1,3,2,2,0,2,6,1,-1,1,120
-13,4,7,4,2,0,2,1,5,0,4,6,1,-1,0,120
-13,4,9,4,2,0,15,1,2,13,1,13,1,13,0,120
-13,4,11,4,2,1,3,0,2,2,0,6,1,-1,1,120
-13,4,13,4,2,2,2,-1,3,2,0,6,1,-1,1,120
-13,4,15,4,2,3,2,-2,19,3,15,15,1,15,0,120
-11,4,1,4,2,-2,3,3,2,-1,3,6,1,-1,1,120
-11,4,3,4,2,-1,2,2,4,-1,4,6,1,-1,1,120
-11,4,5,4,2,0,2,1,57,0,56,55,1,55,0,120
-11,4,7,4,2,0,4,1,2,2,1,6,1,-1,0,120
-11,4,9,4,2,1,2,0,3,1,1,6,1,-1,0,120
-11,4,11,4,2,2,2,-1,8,2,5,6,1,-1,0,120
-11,4,13,4,2,2,7,-1,2,7,-1,6,1,-1,0,120
-11,4,15,4,2,3,3,-2,2,4,-2,6,1,-1,1,120
-9,4,1,4,2,-1,2,2,10,-1,10,7,1,7,0,120
-9,4,3,4,2,-1,6,2,2,3,2,6,1,-1,0,120
-9,4,5,4,2,0,3,1,2,1,1,6,1,-1,0,120
-9,4,7,4,2,1,2,0,5,1,3,6,1,-1,0,120
-9,4,9,4,2,1,15,0,2,14,0,13,1,13,0,120
-9,4,11,4,2,2,3,-1,2,3,-1,6,1,-1,1,120
-9,4,13,4,2,3,2,-2,3,3,-1,6,1,-1,1,120
-9,4,15,4,2,4,2,-3,19,4,14,14,1,14,0,120
-7,4,1,4,2,-1,3,2,2,0,2,6,1,-1,1,120
-7,4,3,4,2,0,2,1,4,0,3,6,1,-1,0,120
-7,4,5,4,2,1,2,0,57,1,55,55,1,55,0,120
-7,4,7,4,2,1,4,0,2,3,0,6,1,-1,0,120
-7,4,9,4,2,2,2,-1,3,2,0,6,1,-1,1,120
-7,4,11,4,2,3,2,-2,8,3,4,9,1,-1,0,120
-7,4,13,4,2,3,7,-2,2,8,-2,6,1,-1,1,120
-7,4,15,4,2,4,3,-3,2,5,-3,6,1,-1,1,120
-5,4,1,4,2,0,2,1,10,0,9,8,1,8,0,120
-5,4,3,4,2,0,6,1,2,4,1,8,1,-1,0,120
-5,4,5,4,2,1,3,0,2,2,0,6,1,-1,1,120
-5,4,7,4,2,2,2,-1,5,2,2,6,1,-1,0,120
-5,4,9,4,2,2,15,-1,2,15,-1,12,1,12,0,120
-5,4,11,4,2,3,3,-2,2,4,-2,6,1,-1,1,120
-5,4,13,4,2,4,2,-3,3,4,-2,6,1,-1,1,120
-5,4,15,4,2,5,2,-4,19,5,13,13,1,13,0,120
-3,4,1,4,2,0,3,1,2,1,1,6,1,-1,0,120
-3,4,3,4,2,1,2,0,4,1,2,6,1,-1,0,120
-3,4,5,4,2,2,2,-1,57,2,54,54,1,54,0,120
-3,4,7,4,2,2,4,-1,2,4,-1,6,1,-1,1,120
-3,4,9,4,2,3,2,-2,3,3,-1,6,1,-1,1,120
-3,4,11,4,2,4,2,-3,8,4,3,8,1,-1,0,120
-3,4,13,4,2,4,7,-3,2,9,-3,6,1,-1,1,120
-3,4,15,4,2,5,3,-4,2,6,-4,6,1,-1,1,120
1,4,1,4,2,1,3,0,2,2,0,6,1,-1,1,120
1,4,3,4,2,2,2,-1,4,2,1,6,1,-1,0,120
1,4,5,4,2,3,2,-2,57,3,53,53,1,53,0,120
1,4,7,4,2,3,4,-2,2,5,-2,6,1,-1,1,120
1,4,9,4,2,4,2,-3,3,4,-2,6,1,-1,1,120
1,4,11,4,2,5,2,-4,8,5,2,7,1,-1,1,120
1,4,13,4,2,5,7,-4,2,10,-4,6,1,-1,1,120
1,4,15,4,2,6,3,-5,2,7,-5,6,1,-1,1,120
-1,4,1,4,2,1,2,0,10,1,8,8,1,8,0,120
-1,4,3,4,2,1,6,0,2,5,0,7,1,-1,0,120
-1,4,5,4,2,2,3,-1,2,3,-1,7,1,-1,1,120
-1,4,7,4,2,3,2,-2,5,3,1,6,1,-1,1,120
-1,4,9,4,2,3,15,-2,2,16,-2,11,1,11,0,120
-1,4,11,4,2,4,3,-3,2,5,-3,6,1,-1,1,120
-1,4,13,4,2,5,2,-4,3,5,-3,6,1,-1,1,120
-1,4,15,4,2,6,2,-5,19,6,12,12,1,12,0,120
3,4,1,4,2,2,2,-1,10,2,7,7,1,7,0,120
3,4,3,4,2,2,6,-1,2,6,-1,6,1,-1,0,120
3,4,5,4,2,3,3,-2,2,4,-2,6,1,-1,1,120
3,4,7,4,2,4,2,-3,5,4,0,6,1,-1,1,120
3,4,9,4,2,4,15,-3,2,17,-3,10,1,10,0,120
3,4,11,4,2,5,3,-4,2,6,-4,6,1,-1,1,120
3,4,13,4,2,6,2,-5,3,6,-4,6,1,-1,1,120
3,4,15,4,2,7,2,-6,19,7,11,11,1,11,0,120
5,4,1,4,2,2,3,-1,2,3,-1,6,1,-1,1,120
5,4,3,4,2,3,2,-2,4,3,0,6,1,-1,1,120
5,4,5,4,2,4,2,-3,57,4,52,52,1,52,0,120
5,4,7,4,2,4,4,-3,2,6,-3,6,1,-1,1,120
5,4,9,4,2,5,2,-4,3,5,-3,6,1,-1,1,120
5,4,11,4,2,6,2,-5,8,6,1,6,1,-1,1,120
5,4,13,4,2,6,7,-5,2,11,-5,6,1,-1,1,120
5,4,15,4,2,7,3,-6,2,8,-6,6,1,-1,1,120
7,4,1,4,2,3,2,-2,10,3,6,6,1,6,0,120
7,4,3,4,2,3,6,-2,2,7,-2,6,1,-1,1,120
7,4,5,4,2,4,3,-3,2,5,-3,6,1,-1,1,120
7,4,7,4,2,5,2,-4,5,5,-1,6,1,-1,1,120
7,4,9,4,2,5,15,-4,2,18,-4,9,1,9,0,120
7,4,11,4,2,6,3,-5,2,7,-5,6,1,-1,1,120
7,4,13,4,2,7,2,-6,3,7,-5,6,1,-1,1,120
7,4,15,4,2,8,2,-7,19,8,10,6,1,6,0,120
9,4,1,4,2,3,3,-2,2,4,-2,6,1,-1,1,120
9,4,3,4,2,4,2,-3,4,4,-1,6,1,-1,1,120
9,4,5,4,2,5,2,-4,57,5,51,51,1,51,0,120
9,4,7,4,2,5,4,-4,2,7,-4,6,1,-1,1,120
9,4,9,4,2,6,2,-5,3,6,-4,6,1,-1,1,120
9,4,11,4,2,7,2,-6,8,7,0,6,1,-1,1,120
9,4,13,4,2,7,7,-6,2,12,-6,7,1,-1,1,120
9,4,15,4,2,8,3,-7,2,9,-7,6,1,-1,1,120
11,4,1,4,2,4,2,-3,10,4,5,6,1,-1,0,120
11,4,3,4,2,4,6,-3,2,8,-3,7,1,-1,1,120
11,4,5,4,2,5,3,-4,2,6,-4,6,1,-1,1,120
11,4,7,4,2,6,2,-5,5,6,-2,6,1,-1,1,120
11,4,9,4,2,6,15,-5,2,19,-5,6,1,6,0,120
11,4,11,4,2,7,3,-6,2,8,-6,6,1,-1,1,120
11,4,13,4,2,8,2,-7,3,8,-6,6,1,-1,1,120
11,4,15,4,2,9,2,-8,19,9,9,6,1,6,0,120
13,4,1,4,2,4,3,-3,2,5,-3,6,1,-1,1,120
13,4,3,4,2,5,2,-4,4,5,-2,7,1,-1,1,120
13,4,5,4,2,6,2,-5,57,6,50,50,1,50,0,120
13,4,7,4,2,6,4,-5,2,8,-5,6,1,-1,1,120
13,4,9,4,2,7,2,-6,3,7,-5,6,1,-1,1,120
13,4,11,4,2,8,2,-7,8,8,-1,7,1,-1,1,120
13,4,13,4,2,8,7,-7,2,13,-7,6,1,-1,1,120
13,4,15,4,2,9,3,-8,2,10,-8,6,1,-1,1,120
15,4,1,4,2,5,2,-4,10,5,4,6,1,-1,0,120
15,4,3,4,2,5,6,-4,2,9,-4,6,1,-1,1,120
15,4,5,4,2,6,3,-5,2,7,-5,7,1,-1,1,120
15,4,7,4,2,7,2,-6,5,7,-3,6,1,-1,1,120
15,4,9,4,2,7,15,-6,2,20,-6,7,1,-1,1,120
15,4,11,4,2,8,3,-7,2,9,-7,6,1,-1,1,120
15,4,13,4,2,9,2,-8,3,9,-7,6,1,-1,1,120
15,4,15,4,2,10,2,-9,19,10,8,6,1,-1,1,120
17,4,1,4,2,5,3,-4,2,6,-4,6,1,-1,1,120
17,4,3,4,2,6,2,-5,4,6,-3,6,1,-1,1,120
17,4,5,4,2,7,2,-6,57,7,49,49,1,49,0,120
17,4,7,4,2,7,4,-6,2,9,-6,6,1,-1,1,120
17,4,9,4,2,8,2,-7,3,8,-6,6,1,-1,1,120
17,4,11,4,2,9,2,-8,8,9,-2,6,1,-1,1,120
17,4,13,4,2,9,7,-8,2,14,-8,6,1,-1,1,120
17,4,15,4,2,10,3,-9,2,11,-9,6,1,-1,1,120
19,4,1,4,2,6,2,-5,10,6,3,6,1,-1,1,120
19,4,3,4,2,6,6,-5,2,10,-5,6,1,-1,1,120
19,4,5,4,2,7,3,-6,2,8,-6,7,1,-1,1,120
19,4,7,4,2,8,2,-7,5,8,-4,6,1,-1,1,120
19,4,9,4,2,8,15,-7,2,21,-7,6,1,-1,1,120
19,4,11,4,2,9,3,-8,2,10,-8,6,1,-1,1,120
19,4,13,4,2,10,2,-9,3,10,-8,6,1,-1,1,120
19,4,15,4,2,11,2,-10,19,11,7,6,1,-1,1,120
21,4,1,4,2,6,3,-5,2,7,-5,6,1,-1,1,120
21,4,3,4,2,7,2,-6,4,7,-4,6,1,-1,1,120
21,4,5,4,2,8,2,-7,57,8,48,6,1,6,0,120
21,4,7,4,2,8,4,-7,2,10,-7,6,1,-1,1,120
21,4,9,4,2,9,2,-8,3,9,-7,6,1,-1,1,120
21,4,11,4,2,10,2,-9,8,10,-3,6,1,-1,1,120
21,4,13,4,2,10,7,-9,2,15,-9,6,1,-1,1,120
21,4,15,4,2,11,3,-10,2,12,-10,6,1,-1,1,120
23,4,1,4,2,7,2,-6,10,7,2,6,1,-1,1,120
23,4,3,4,2,7,6,-6,2,11,-6,7,1,-1,1,120
23,4,5,4,2,8,3,-7,2,9,-7,6,1,-1,1,120
23,4,7,4,2,9,2,-8,5,9,-5,6,1,-1,1,120
23,4,9,4,2,9,15,-8,2,22,-8,7,1,-1,1,120
23,4,11,4,2,10,3,-9,2,11,-9,6,1,-1,1,120
23,4,13,4,2,11,2,-10,3,11,-9,6,1,-1,1,120
23,4,15,4,2,12,2,-11,19,12,6,7,1,-1,1,120
-23,4,1,5,2,-5,3,6,2,-4,6,6,1,-1,1,120
-23,4,2,5,2,-5,6,6,2,-1,6,6,1,-1,1,120
-23,4,3,5,2,-4,2,5,11,-4,14,7,1,-1,1,120
-23,4,4,5,2,-4,2,5,3,-4,6,6,1,-1,1,120
-23,4,6,5,2,-4,19,5,2,13,5,13,1,13,0,120
-23,4,7,5,2,-3,2,4,5,-3,7,6,1,-1,1,120
-23,4,8,5,2,-3,3,4,2,-2,4,6,1,-1,1,120
-23,4,9,5,2,-3,5,4,2,0,4,6,1,-1,1,120
-23,4,11,5,2,-2,2,3,3,-2,4,6,1,-1,1,120
-23,4,12,5,2,-2,3,3,2,-1,3,6,1,-1,1,120
-23,4,13,5,2,-2,14,3,2,10,3,10,1,10,0,120
-23,4,14,5,2,-1,2,2,5,-1,5,6,1,-1,1,120
-23,4,16,5,2,-1,5,2,2,2,2,6,1,-1,0,120
-23,4,17,5,2,0,2,1,18,0,17,16,1,16,0,120
-23,4,18,5,2,0,2,1,3,0,2,6,1,-1,1,120
-23,4,19,5,2,0,3,1,2,1,1,6,1,-1,0,120
-21,4,1,5,2,-4,2,5,31,-4,34,25,1,25,0,120
-21,4,2,5,2,-4,2,5,4,-4,7,6,1,-1,1,120
-21,4,3,5,2,-4,3,5,2,-3,5,6,1,-1,1,120
-21,4,4,5,2,-4,9,5,2,3,5,6,1,-1,1,120
-21,4,6,5,2,-3,2,4,3,-3,5,7,1,-1,1,120
-21,4,7,5,2,-3,4,4,2,-1,4,6,1,-1,1,120
-21,4,8,5,2,-2,2,3,79,-2,80,75,1,75,0,120
-21,4,9,5,2,-2,2,3,4,-2,5,6,1,-1,1,120
-19,4,1,5,2,-4,3,5,2,-3,5,6,1,-1,1,120
-19,4,2,5,2,-4,6,5,2,0,5,6,1,-1,1,120
-19,4,3,5,2,-3,2,4,11,-3,13,6,1,6,0,120
-19,4,4,5,2,-3,2,4,3,-3,5,6,1,-1,1,120
-19,4,6,5,2,-3,19,4,2,14,4,14,1,14,0,120
-19,4,7,5,2,-2,2,3,5,-2,6,6,1,-1,1,120
-19,4,8,5,2,-2,3,3,2,-1,3,7,1,-1,1,120
-19,4,9,5,2,-2,5,3,2,1,3,6,1,-1,1,120
-21,4,11,5,2,-2,8,3,2,4,3,8,1,-1,0,120
-21,4,12,5,2,-1,2,2,7,-1,7,7,1,-1,0,120
-21,4,13,5,2,-1,2,2,3,-1,3,7,1,-1,1,120
-21,4,14,5,2,-1,4,2,2,1,2,6,1,-1,0,120
-21,4,16,5,2,0,2,1,4,0,3,6,1,-1,0,120
-21,4,17,5,2,0,3,1,2,1,1,6,1,-1,0,120
-21,4,18,5,2,0,7,1,2,5,1,6,1,-1,0,120
-21,4,19,5,2,1,2,0,9,1,7,7,1,7,0,120
-19,4,11,5,2,-1,2,2,3,-1,3,6,1,-1,1,120
-19,4,12,5,2,-1,3,2,2,0,2,6,1,-1,1,120
-19,4,13,5,2,-1,14,2,2,11,2,11,1,11,0,120
-19,4,14,5,2,0,2,1,5,0,4,6,1,-1,0,120
-19,4,16,5,2,0,5,1,2,3,1,6,1,-1,0,120
-19,4,17,5,2,1,2,0,18,1,16,16,1,16,0,120
-19,4,18,5,2,1,2,0,3,1,1,6,1,-1,0,120
-19,4,19,5,2,1,3,0,2,2,0,6,1,-1,1,120
-17,4,1,5,2,-3,2,4,31,-3,33,26,1,26,0,120
-17,4,2,5,2,-3,2,4,4,-3,6,6,1,-1,1,120
-17,4,3,5,2,-3,3,4,2,-2,4,6,1,-1,1,120
-17,4,4,5,2,-3,9,4,2,4,4,6,1,-1,0,120
-17,4,6,5,2,-2,2,3,3,-2,4,6,1,-1,1,120
-17,4,7,5,2,-2,4,3,2,0,3,6,1,-1,1,120
-17,4,8,5,2,-1,2,2,79,-1,79,76,1,76,0,120
-17,4,9,5,2,-1,2,2,4,-1,4,6,1,-1,1,120
-15,4,1,5,2,-3,3,4,2,-2,4,6,1,-1,1,120
-15,4,2,5,2,-3,6,4,2,1,4,6,1,-1,1,120
-15,4,3,5,2,-2,2,3,11,-2,12,7,1,7,0,120
-15,4,4,5,2,-2,2,3,3,-2,4,6,1,-1,1,120
-15,4,6,5,2,-2,19,3,2,15,3,15,1,15,0,120
-15,4,7,5,2,-1,2,2,5,-1,5,6,1,-1,1,120
-15,4,8,5,2,-1,3,2,2,0,2,6,1,-1,1,120
-15,4,9,5,2,-1,5,2,2,2,2,6,1,-1,0,120
-17,4,11,5,2,-1,8,2,2,5,2,6,1,-1,0,120
-17,4,12,5,2,0,2,1,7,0,6,6,1,-1,0,120
-17,4,13,5,2,0,2,1,3,0,2,7,1,-1,1,120
-17,4,14,5,2,0,4,1,2,2,1,6,1,-1,0,120
-17,4,16,5,2,1,2,0,4,1,2,6,1,-1,0,120
-17,4,17,5,2,1,3,0,2,2,0,6,1,-1,1,120
-17,4,18,5,2,1,7,0,2,6,0,6,1,-1,0,120
-17,4,19,5,2,2,2,-1,9,2,6,6,1,6,0,120
-15,4,11,5,2,0,2,1,3,0,2,6,1,-1,1,120
-15,4,12,5,2,0,3,1,2,1,1,6,1,-1,0,120
-15,4,13,5,2,0,14,1,2,12,1,12,1,12,0,120
-15,4,14,5,2,1,2,0,5,1,3,6,1,-1,0,120
-15,4,16,5,2,1,5,0,2,4,0,6,1,-1,0,120
-15,4,17,5,2,2,2,-1,18,2,15,15,1,15,0,120
-15,4,18,5,2,2,2,-1,3,2,0,6,1,-1,1,120
-15,4,19,5,2,2,3,-1,2,3,-1,6,1,-1,1,120
-13,4,1,5,2,-2,2,3,31,-2,32,27,1,27,0,120
-13,4,2,5,2,-2,2,3,4,-2,5,6,1,-1,1,120
-13,4,3,5,2,-2,3,3,2,-1,3,6,1,-1,1,120
-13,4,4,5,2,-2,9,3,2,5,3,6,1,-1,0,120
-13,4,6,5,2,-1,2,2,3,-1,3,6,1,-1,1,120
-13,4,7,5,2,-1,4,2,2,1,2,6,1,-1,0,120
-13,4,8,5,2,0,2,1,79,0,78,77,1,77,0,120
-13,4,9,5,2,0,2,1,4,0,3,6,1,-1,0,120
-11,4,1,5,2,-2,3,3,2,-1,3,6,1,-1,1,120
-11,4,2,5,2,-2,6,3,2,2,3,6,1,-1,0,120
-11,4,3,5,2,-1,2,2,11,-1,11,8,1,8,0,120
-11,4,4,5,2,-1,2,2,3,-1,3,6,1,-1,1,120
-11,4,6,5,2,-1,19,2,2,16,2,16,1,16,0,120
-11,4,7,5,2,0,2,1,5,0,4,6,1,-1,0,120
-11,4,8,5,2,0,3,1,2,1,1,6,1,-1,0,120
-11,4,9,5,2,0,5,1,2,3,1,6,1,-1,0,120
-13,4,11,5,2,0,8,1,2,6,1,6,1,6,0,120
-13,4,12,5,2,1,2,0,7,1,5,6,1,-1,0,120
-13,4,13,5,2,1,2,0,3,1,1,6,1,-1,0,120
-13,4,14,5,2,1,4,0,2,3,0,7,1,-1,0,120
-13,4,16,5,2,2,2,-1,4,2,1,6,1,-1,0,120
-13,4,17,5,2,2,3,-1,2,3,-1,6,1,-1,1,120
-13,4,18,5,2,2,7,-1,2,7,-1,6,1,-1,0,120
-13,4,19,5,2,3,2,-2,9,3,5,6,1,-1,0,120
-11,4,11,5,2,1,2,0,3,1,1,6,1,-1,0,120
-11,4,12,5,2,1,3,0,2,2,0,6,1,-1,1,120
-11,4,13,5,2,1,14,0,2,13,0,12,1,12,0,120
-11,4,14,5,2,2,2,-1,5,2,2,6,1,-1,0,120
-11,4,16,5,2,2,5,-1,2,5,-1,6,1,-1,1,120
-11,4,17,5,2,3,2,-2,18,3,14,14,1,14,0,120
-11,4,18,5,2,3,2,-2,3,3,-1,6,1,-1,1,120
-11,4,19,5,2,3,3,-2,2,4,-2,6,1,-1,1,120
-9,4,1,5,2,-1,2,2,31,-1,31,28,1,28,0,120
-9,4,2,5,2,-1,2,2,4,-1,4,6,1,-1,1,120
-9,4,3,5,2,-1,3,2,2,0,2,6,1,-1,1,120
-9,4,4,5,2,-1,9,2,2,6,2,6,1,6,0,120
-9,4,6,5,2,0,2,1,3,0,2,6,1,-1,1,120
-9,4,7,5,2,0,4,1,2,2,1,6,1,-1,0,120
-9,4,8,5,2,1,2,0,79,1,77,77,1,77,0,120
-9,4,9,5,2,1,2,0,4,1,2,6,1,-1,0,120
-7,4,1,5,2,-1,3,2,2,0,2,6,1,-1,1,120
-7,4,2,5,2,-1,6,2,2,3,2,6,1,-1,0,120
-7,4,3,5,2,0,2,1,11,0,10,9,1,9,0,120
-7,4,4,5,2,0,2,1,3,0,2,6,1,-1,1,120
-7,4,6,5,2,0,19,1,2,17,1,17,1,17,0,120
-7,4,7,5,2,1,2,0,5,1,3,6,1,-1,0,120
-7,4,8,5,2,1,3,0,2,2,0,6,1,-1,1,120
-7,4,9,5,2,1,5,0,2,4,0,6,1,-1,0,120
-9,4,11,5,2,1,8,0,2,7,0,6,1,6,0,120
-9,4,12,5,2,2,2,-1,7,2,4,6,1,-1,0,120
-9,4,13,5,2,2,2,-1,3,2,0,6,1,-1,1,120
-9,4,14,5,2,2,4,-1,2,4,-1,6,1,-1,1,120
-9,4,16,5,2,3,2,-2,4,3,0,6,1,-1,1,120
-9,4,17,5,2,3,3,-2,2,4,-2,6,1,-1,1,120
-9,4,18,5,2,3,7,-2,2,8,-2,6,1,-1,1,120
-9,4,19,5,2,4,2,-3,9,4,4,11,1,-1,0,120
-7,4,11,5,2,2,2,-1,3,2,0,6,1,-1,1,120
-7,4,12,5,2,2,3,-1,2,3,-1,6,1,-1,1,120
-7,4,13,5,2,2,14,-1,2,14,-1,11,1,11,0,120
-7,4,14,5,2,3,2,-2,5,3,1,6,1,-1,1,120
-7,4,16,5,2,3,5,-2,2,6,-2,7,1,-1,1,120
-7,4,17,5,2,4,2,-3,18,4,13,13,1,13,0,120
-7,4,18,5,2,4,2,-3,3,4,-2,6,1,-1,1,120
-7,4,19,5,2,4,3,-3,2,5,-3,6,1,-1,1,120
-5,4,1,5,2,0,2,1,31,0,30,29,1,29,0,120
-5,4,2,5,2,0,2,1,4,0,3,7,1,-1,0,120
-5,4,3,5,2,0,3,1,2,1,1,6,1,-1,0,120
-5,4,4,5,2,0,9,1,2,7,1,7,1,7,0,120
-5,4,6,5,2,1,2,0,3,1,1,6,1,-1,0,120
-5,4,7,5,2,1,4,0,2,3,0,6,1,-1,0,120
-5,4,8,5,2,2,2,-1,79,2,76,76,1,76,0,120
-5,4,9,5,2,2,2,-1,4,2,1,6,1,-1,0,120
-5,4,11,5,2,2,8,-1,2,8,-1,7,1,-1,0,120
-5,4,12,5,2,3,2,-2,7,3,3,6,1,-1,0,120
-5,4,13,5,2,3,2,-2,3,3,-1,6,1,-1,1,120
-5,4,14,5,2,3,4,-2,2,5,-2,6,1,-1,1,120
-5,4,16,5,2,4,2,-3,4,4,-1,6,1,-1,1,120
-5,4,17,5,2,4,3,-3,2,5,-3,6,1,-1,1,120
-5,4,18,5,2,4,7,-3,2,9,-3,6,1,-1,1,120
-5,4,19,5,2,5,2,-4,9,5,3,11,1,-1,1,120
-3,4,1,5,2,0,3,1,2,1,1,6,1,-1,0,120
-3,4,2,5,2,0,6,1,2,4,1,6,1,-1,0,120
-3,4,3,5,2,1,2,0,11,1,9,9,1,9,0,120
-3,4,4,5,2,1,2,0,3,1,1,6,1,-1,0,120
-3,4,6,5,2,1,19,0,2,18,0,17,1,17,0,120
-3,4,7,5,2,2,2,-1,5,2,2,6,1,-1,0,120
-3,4,8,5,2,2,3,-1,2,3,-1,7,1,-1,1,120
-3,4,9,5,2,2,5,-1,2,5,-1,6,1,-1,1,120
-3,4,11,5,2,3,2,-2,3,3,-1,6,1,-1,1,120
-3,4,12,5,2,3,3,-2,2,4,-2,6,1,-1,1,120
-3,4,13,5,2,3,14,-2,2,15,-2,10,1,10,0,120
-3,4,14,5,2,4,2,-3,5,4,0,6,1,-1,1,120
-3,4,16,5,2,4,5,-3,2,7,-3,7,1,-1,1,120
-3,4,17,5,2,5,2,-4,18,5,12,12,1,12,0,120
-3,4,18,5,2,5,2,-4,3,5,-3,6,1,-1,1,120
-3,4,19,5,2,5,3,-4,2,6,-4,6,1,-1,1,120
-1,4,1,5,2,1,2,0,31,1,29,29,1,29,0,120
-1,4,2,5,2,1,2,0,4,1,2,7,1,-1,0,120
-1,4,3,5,2,1,3,0,2,2,0,6,1,-1,1,120
-1,4,4,5,2,1,9,0,2,8,0,7,1,7,0,120
-1,4,6,5,2,2,2,-1,3,2,0,6,1,-1,1,120
-1,4,7,5,2,2,4,-1,2,4,-1,6,1,-1,1,120
-1,4,8,5,2,3,2,-2,79,3,75,75,1,75,0,120
-1,4,9,5,2,3,2,-2,4,3,0,6,1,-1,1,120
1,4,1,5,2,1,3,0,2,2,0,6,1,-1,1,120
1,4,2,5,2,1,6,0,2,5,0,6,1,-1,0,120
1,4,3,5,2,2,2,-1,11,2,8,8,1,8,0,120
1,4,4,5,2,2,2,-1,3,2,0,6,1,-1,1,120
1,4,6,5,2,2,19,-1,2,19,-1,16,1,16,0,120
1,4,7,5,2,3,2,-2,5,3,1,6,1,-1,1,120
1,4,8,5,2,3,3,-2,2,4,-2,6,1,-1,1,120
1,4,9,5,2,3,5,-2,2,6,-2,7,1,-1,1,120
-1,4,11,5,2,3,8,-2,2,9,-2,6,1,-1,0,120
-1,4,12,5,2,4,2,-3,7,4,2,8,1,-1,1,120
-1,4,13,5,2,4,2,-3,3,4,-2,6,1,-1,1,120
-1,4,14,5,2,4,4,-3,2,6,-3,6,1,-1,1,120
-1,4,16,5,2,5,2,-4,4,5,-2,6,1,-1,1,120
-1,4,17,5,2,5,3,-4,2,6,-4,6,1,-1,1,120
-1,4,18,5,2,5,7,-4,2,10,-4,6,1,-1,1,120
-1,4,19,5,2,6,2,-5,9,6,2,10,1,-1,1,120
1,4,11,5,2,4,2,-3,3,4,-2,6,1,-1,1,120
1,4,12,5,2,4,3,-3,2,5,-3,6,1,-1,1,120
1,4,13,5,2,4,14,-3,2,16,-3,9,1,9,0,120
1,4,14,5,2,5,2,-4,5,5,-1,6,1,-1,1,120
1,4,16,5,2,5,5,-4,2,8,-4,6,1,-1,1,120
1,4,17,5,2,6,2,-5,18,6,11,11,1,11,0,120
1,4,18,5,2,6,2,-5,3,6,-4,6,1,-1,1,120
1,4,19,5,2,6,3,-5,2,7,-5,6,1,-1,1,120
3,4,1,5,2,2,2,-1,31,2,28,28,1,28,0,120
3,4,2,5,2,2,2,-1,4,2,1,7,1,-1,0,120
3,4,3,5,2,2,3,-1,2,3,-1,6,1,-1,1,120
3,4,4,5,2,2,9,-1,2,9,-1,6,1,6,0,120
3,4,6,5,2,3,2,-2,3,3,-1,6,1,-1,1,120
3,4,7,5,2,3,4,-2,2,5,-2,6,1,-1,1,120
3,4,8,5,2,4,2,-3,79,4,74,74,1,74,0,120
3,4,9,5,2,4,2,-3,4,4,-1,6,1,-1,1,120
5,4,1,5,2,2,3,-1,2,3,-1,7,1,-1,1,120
5,4,2,5,2,2,6,-1,2,6,-1,6,1,-1,0,120
5,4,3,5,2,3,2,-2,11,3,7,7,1,7,0,120
5,4,4,5,2,3,2,-2,3,3,-1,6,1,-1,1,120
5,4,6,5,2,3,19,-2,2,20,-2,15,1,15,0,120
5,4,7,5,2,4,2,-3,5,4,0,6,1,-1,1,120
5,4,8,5,2,4,3,-3,2,5,-3,6,1,-1,1,120
5,4,9,5,2,4,5,-3,2,7,-3,6,1,-1,1,120
3,4,11,5,2,4,8,-3,2,10,-3,6,1,-1,1,120
3,4,12,5,2,5,2,-4,7,5,1,7,1,-1,1,120
3,4,13,5,2,5,2,-4,3,5,-3,6,1,-1,1,120
3,4,14,5,2,5,4,-4,2,7,-4,6,1,-1,1,120
3,4,16,5,2,6,2,-5,4,6,-3,6,1,-1,1,120
3,4,17,5,2,6,3,-5,2,7,-5,6,1,-1,1,120
3,4,18,5,2,6,7,-5,2,11,-5,6,1,-1,1,120
3,4,19,5,2,7,2,-6,9,7,1,9,1,-1,1,120
5,4,11,5,2,5,2,-4,3,5,-3,6,1,-1,1,120
5,4,12,5,2,5,3,-4,2,6,-4,6,1,-1,1,120
5,4,13,5,2,5,14,-4,2,17,-4,8,1,8,0,120
5,4,14,5,2,6,2,-5,5,6,-2,6,1,-1,1,120
5,4,16,5,2,6,5,-5,2,9,-5,6,1,-1,1,120
5,4,17,5,2,7,2,-6,18,7,10,10,1,10,0,120
5,4,18,5,2,7,2,-6,3,7,-5,6,1,-1,1,120
5,4,19,5,2,7,3,-6,2,8,-6,6,1,-1,1,120
7,4,1,5,2,3,2,-2,31,3,27,27,1,27,0,120
7,4,2,5,2,3,2,-2,4,3,0,6,1,-1,1,120
7,4,3,5,2,3,3,-2,2,4,-2,6,1,-1,1,120
7,4,4,5,2,3,9,-2,2,10,-2,7,1,-1,0,120
7,4,6,5,2,4,2,-3,3,4,-2,6,1,-1,1,120
7,4,7,5,2,4,4,-3,2,6,-3,6,1,-1,1,120
7,4,8,5,2,5,2,-4,79,5,73,73,1,73,0,120
7,4,9,5,2,5,2,-4,4,5,-2,6,1,-1,1,120
9,4,1,5,2,3,3,-2,2,4,-2,6,1,-1,1,120
9,4,2,5,2,3,6,-2,2,7,-2,6,1,-1,1,120
9,4,3,5,2,4,2,-3,11,4,6,6,1,6,0,120
9,4,4,5,2,4,2,-3,3,4,-2,6,1,-1,1,120
9,4,6,5,2,4,19,-3,2,21,-3,14,1,14,0,120
9,4,7,5,2,5,2,-4,5,5,-1,6,1,-1,1,120
9,4,8,5,2,5,3,-4,2,6,-4,6,1,-1,1,120
9,4,9,5,2,5,5,-4,2,8,-4,9,1,-1,1,120
7,4,11,5,2,5,8,-4,2,11,-4,6,1,-1,1,120
7,4,12,5,2,6,2,-5,7,6,0,6,1,-1,1,120
7,4,13,5,2,6,2,-5,3,6,-4,6,1,-1,1,120
7,4,14,5,2,6,4,-5,2,8,-5,6,1,-1,1,120
7,4,16,5,2,7,2,-6,4,7,-4,6,1,-1,1,120
7,4,17,5,2,7,3,-6,2,8,-6,6,1,-1,1,120
7,4,18,5,2,7,7,-6,2,12,-6,6,1,-1,1,120
7,4,19,5,2,8,2,-7,9,8,0,6,1,-1,1,120
9,4,11,5,2,6,2,-5,3,6,-4,6,1,-1,1,120
9,4,12,5,2,6,3,-5,2,7,-5,6,1,-1,1,120
9,4,13,5,2,6,14,-5,2,18,-5,6,1,6,0,120
9,4,14,5,2,7,2,-6,5,7,-3,6,1,-1,1,120
9,4,16,5,2,7,5,-6,2,10,-6,6,1,-1,1,120
9,4,17,5,2,8,2,-7,18,8,9,6,1,6,0,120
9,4,18,5,2,8,2,-7,3,8,-6,6,1,-1,1,120
9,4,19,5,2,8,3,-7,2,9,-7,6,1,-1,1,120
11,4,1,5,2,4,2,-3,31,4,26,26,1,26,0,120
11,4,2,5,2,4,2,-3,4,4,-1,6,1,-1,1,120
11,4,3,5,2,4,3,-3,2,5,-3,6,1,-1,1,120
11,4,4,5,2,4,9,-3,2,11,-3,6,1,-1,1,120
11,4,6,5,2,5,2,-4,3,5,-3,6,1,-1,1,120
11,4,7,5,2,5,4,-4,2,7,-4,6,1,-1,1,120
11,4,8,5,2,6,2,-5,79,6,72,72,1,72,0,120
11,4,9,5,2,6,2,-5,4,6,-3,6,1,-1,1,120
13,4,1,5,2,4,3,-3,2,5,-3,6,1,-1,1,120
13,4,2,5,2,4,6,-3,2,8,-3,6,1,-1,1,120
13,4,3,5,2,5,2,-4,11,5,5,6,1,-1,0,120
13,4,4,5,2,5,2,-4,3,5,-3,6,1,-1,1,120
13,4,6,5,2,5,19,-4,2,22,-4,13,1,13,0,120
13,4,7,5,2,6,2,-5,5,6,-2,6,1,-1,1,120
13,4,8,5,2,6,3,-5,2,7,-5,7,1,-1,1,120
13,4,9,5,2,6,5,-5,2,9,-5,6,1,-1,1,120
11,4,11,5,2,6,8,-5,2,12,-5,6,1,-1,1,120
11,4,12,5,2,7,2,-6,7,7,-1,6,1,-1,1,120
11,4,13,5,2,7,2,-6,3,7,-5,6,1,-1,1,120
11,4,14,5,2,7,4,-6,2,9,-6,6,1,-1,1,120
11,4,16,5,2,8,2,-7,4,8,-5,6,1,-1,1,120
11,4,17,5,2,8,3,-7,2,9,-7,6,1,-1,1,120
11,4,18,5,2,8,7,-7,2,13,-7,6,1,-1,1,120
11,4,19,5,2,9,2,-8,9,9,-1,6,1,-1,1,120
13,4,11,5,2,7,2,-6,3,7,-5,6,1,-1,1,120
13,4,12,5,2,7,3,-6,2,8,-6,6,1,-1,1,120
13,4,13,5,2,7,14,-6,2,19,-6,6,1,-1,1,120
13,4,14,5,2,8,2,-7,5,8,-4,6,1,-1,1,120
13,4,16,5,2,8,5,-7,2,11,-7,6,1,-1,1,120
13,4,17,5,2,9,2,-8,18,9,8,6,1,6,0,120
13,4,18,5,2,9,2,-8,3,9,-7,6,1,-1,1,120
13,4,19,5,2,9,3,-8,2,10,-8,6,1,-1,1,120
15,4,1,5,2,5,2,-4,31,5,25,25,1,25,0,120
15,4,2,5,2,5,2,-4,4,5,-2,6,1,-1,1,120
15,4,3,5,2,5,3,-4,2,6,-4,6,1,-1,1,120
15,4,4,5,2,5,9,-4,2,12,-4,7,1,-1,1,120
15,4,6,5,2,6,2,-5,3,6,-4,6,1,-1,1,120
15,4,7,5,2,6,4,-5,2,8,-5,6,1,-1,1,120
15,4,8,5,2,7,2,-6,79,7,71,71,1,71,0,120
15,4,9,5,2,7,2,-6,4,7,-4,6,1,-1,1,120
17,4,1,5,2,5,3,-4,2,6,-4,6,1,-1,1,120
17,4,2,5,2,5,6,-4,2,9,-4,7,1,-1,1,120
17,4,3,5,2,6,2,-5,11,6,4,10,1,-1,1,120
17,4,4,5,2,6,2,-5,3,6,-4,6,1,-1,1,120
17,4,6,5,2,6,19,-5,2,23,-5,6,1,6,0,120
17,4,7,5,2,7,2,-6,5,7,-3,6,1,-1,1,120
17,4,8,5,2,7,3,-6,2,8,-6,7,1,-1,1,120
17,4,9,5,2,7,5,-6,2,10,-6,6,1,-1,1,120
15,4,11,5,2,7,8,-6,2,13,-6,6,1,-1,1,120
15,4,12,5,2,8,2,-7,7,8,-2,6,1,-1,1,120
15,4,13,5,2,8,2,-7,3,8,-6,6,1,-1,1,120
15,4,14,5,2,8,4,-7,2,10,-7,6,1,-1,1,120
15,4,16,5,2,9,2,-8,4,9,-6,6,1,-1,1,120
15,4,17,5,2,9,3,-8,2,10,-8,6,1,-1,1,120
15,4,18,5,2,9,7,-8,2,14,-8,6,1,-1,1,120
15,4,19,5,2,10,2,-9,9,10,-2,7,1,-1,1,120
17,4,11,5,2,8,2,-7,3,8,-6,6,1,-1,1,120
17,4,12,5,2,8,3,-7,2,9,-7,6,1,-1,1,120
17,4,13,5,2,8,14,-7,2,20,-7,8,1,-1,1,120
17,4,14,5,2,9,2,-8,5,9,-5,6,1,-1,1,120
17,4,16,5,2,9,5,-8,2,12,-8,6,1,-1,1,120
17,4,17,5,2,10,2,-9,18,10,7,6,1,-1,1,120
17,4,18,5,2,10,2,-9,3,10,-8,6,1,-1,1,120
17,4,19,5,2,10,3,-9,2,11,-9,6,1,-1,1,120
19,4,1,5,2,6,2,-5,31,6,24,24,1,24,0,120
19,4,2,5,2,6,2,-5,4,6,-3,6,1,-1,1,120
19,4,3,5,2,6,3,-5,2,7,-5,7,1,-1,1,120
19,4,4,5,2,6,9,-5,2,13,-5,6,1,-1,1,120
19,4,6,5,2,7,2,-6,3,7,-5,6,1,-1,1,120
19,4,7,5,2,7,4,-6,2,9,-6,6,1,-1,1,120
19,4,8,5,2,8,2,-7,79,8,70,6,1,6,0,120
19,4,9,5,2,8,2,-7,4,8,-5,6,1,-1,1,120
19,4,11,5,2,8,8,-7,2,14,-7,7,1,-1,1,120
19,4,12,5,2,9,2,-8,7,9,-3,6,1,-1,1,120
19,4,13,5,2,9,2,-8,3,9,-7,6,1,-1,1,120
19,4,14,5,2,9,4,-8,2,11,-8,7,1,-1,1,120
19,4,16,5,2,10,2,-9,4,10,-7,6,1,-1,1,120
19,4,17,5,2,10,3,-9,2,11,-9,6,1,-1,1,120
19,4,18,5,2,10,7,-9,2,15,-9,6,1,-1,1,120
19,4,19,5,2,11,2,-10,9,11,-3,6,1,-1,1,120
21,4,1,5,2,6,3,-5,2,7,-5,6,1,-1,1,120
21,4,2,5,2,6,6,-5,2,10,-5,6,1,-1,1,120
21,4,3,5,2,7,2,-6,11,7,3,9,1,-1,1,120
21,4,4,5,2,7,2,-6,3,7,-5,6,1,-1,1,120
21,4,6,5,2,7,19,-6,2,24,-6,7,1,7,0,120
21,4,7,5,2,8,2,-7,5,8,-4,6,1,-1,1,120
21,4,8,5,2,8,3,-7,2,9,-7,6,1,-1,1,120
21,4,9,5,2,8,5,-7,2,11,-7,7,1,-1,1,120
23,4,1,5,2,7,2,-6,31,7,23,23,1,23,0,120
23,4,2,5,2,7,2,-6,4,7,-4,6,1,-1,1,120
23,4,3,5,2,7,3,-6,2,8,-6,6,1,-1,1,120
23,4,4,5,2,7,9,-6,2,14,-6,6,1,-1,1,120
23,4,6,5,2,8,2,-7,3,8,-6,6,1,-1,1,120
23,4,7,5,2,8,4,-7,2,10,-7,6,1,-1,1,120
23,4,8,5,2,9,2,-8,79,9,69,6,1,6,0,120
23,4,9,5,2,9,2,-8,4,9,-6,6,1,-1,1,120
21,4,11,5,2,9,2,-8,3,9,-7,6,1,-1,1,120
21,4,12,5,2,9,3,-8,2,10,-8,6,1,-1,1,120
21,4,13,5,2,9,14,-8,2,21,-8,6,1,-1,1,120
21,4,14,5,2,10,2,-9,5,10,-6,6,1,-1,1,120
21,4,16,5,2,10,5,-9,2,13,-9,6,1,-1,1,120
21,4,17,5,2,11,2,-10,18,11,6,7,1,-1,1,120
21,4,18,5,2,11,2,-10,3,11,-9,6,1,-1,1,120
21,4,19,5,2,11,3,-10,2,12,-10,6,1,-1,1,120
-29,5,1,1,2,-4,3,5,2,-3,5,6,1,-1,1,120
-29,5,2,1,2,-2,2,3,36,-2,37,32,1,32,0,120
-29,5,3,1,2,-1,2,2,3,-1,3,6,1,-1,1,120
-29,5,4,1,2,0,7,1,2,5,1,6,1,-1,0,120
-28,5,1,1,2,-4,6,5,2,0,5,6,1,-1,1,120
-28,5,2,1,2,-2,2,3,5,-2,6,6,1,-1,1,120
-28,5,3,1,2,-1,3,2,2,0,2,6,1,-1,1,120
-28,5,4,1,2,1,2,0,18,1,16,16,1,16,0,120
-27,5,1,1,2,-3,2,4,71,-3,73,66,1,66,0,120
-27,5,2,1,2,-2,2,3,3,-2,4,6,1,-1,1,120
-27,5,3,1,2,-1,7,2,2,4,2,6,1,-1,0,120
-27,5,4,1,2,1,2,0,4,1,2,6,1,-1,0,120
-26,5,1,1,2,-3,2,4,5,-3,7,6,1,-1,1,120
-26,5,2,1,2,-2,3,3,2,-1,3,6,1,-1,1,120
-26,5,3,1,2,0,2,1,24,0,23,22,1,22,0,120
-26,5,4,1,2,1,2,0,3,1,1,6,1,-1,0,120
-24,5,1,1,2,-3,3,4,2,-2,4,6,1,-1,1,120
-24,5,2,1,2,-1,2,2,36,-1,36,33,1,33,0,120
-24,5,3,1,2,0,2,1,3,0,2,6,1,-1,1,120
-24,5,4,1,2,1,7,0,2,6,0,6,1,-1,0,120
-23,5,1,1,2,-3,6,4,2,1,4,6,1,-1,1,120
-23,5,2,1,2,-1,2,2,5,-1,5,7,1,-1,1,120
-23,5,3,1,2,0,3,1,2,1,1,6,1,-1,0,120
-23,5,4,1,2,2,2,-1,18,2,15,15,1,15,0,120
23,4,11,5,2,9,8,-8,2,15,-8,7,1,-1,1,120
23,4,12,5,2,10,2,-9,7,10,-4,6,1,-1,1,120
23,4,13,5,2,10,2,-9,3,10,-8,6,1,-1,1,120
23,4,14,5,2,10,4,-9,2,12,-9,6,1,-1,1,120
23,4,16,5,2,11,2,-10,4,11,-8,6,1,-1,1,120
23,4,17,5,2,11,3,-10,2,12,-10,6,1,-1,1,120
23,4,18,5,2,11,7,-10,2,16,-10,6,1,-1,1,120
23,4,19,5,2,12,2,-11,9,12,-4,6,1,-1,1,120
-22,5,1,1,2,-2,2,3,71,-2,72,67,1,67,0,120
-22,5,2,1,2,-1,2,2,3,-1,3,7,1,-1,1,120
-22,5,3,1,2,0,7,1,2,5,1,6,1,-1,0,120
-22,5,4,1,2,2,2,-1,4,2,1,6,1,-1,0,120
-21,5,1,1,2,-2,2,3,5,-2,6,7,1,-1,1,120
-21,5,2,1,2,-1,3,2,2,0,2,6,1,-1,1,120
-21,5,3,1,2,1,2,0,24,1,22,22,1,22,0,120
-21,5,4,1,2,2,2,-1,3,2,0,6,1,-1,1,120
-17,5,1,1,2,-1,2,2,71,-1,71,68,1,68,0,120
-17,5,2,1,2,0,2,1,3,0,2,7,1,-1,1,120
-17,5,3,1,2,1,7,0,2,6,0,6,1,-1,0,120
-17,5,4,1,2,3,2,-2,4,3,0,6,1,-1,1,120
-16,5,1,1,2,-1,2,2,5,-1,5,7,1,-1,1,120
-16,5,2,1,2,0,3,1,2,1,1,6,1,-1,0,120
-16,5,3,1,2,2,2,-1,24,2,21,21,1,21,0,120
-16,5,4,1,2,3,2,-2,3,3,-1,6,1,-1,1,120
-19,5,1,1,2,-2,3,3,2,-1,3,6,1,-1,1,120
-19,5,2,1,2,0,2,1,36,0,35,34,1,34,0,120
-19,5,3,1,2,1,2,0,3,1,1,6,1,-1,0,120
-19,5,4,1,2,2,7,-1,2,7,-1,7,1,-1,0,120
-18,5,1,1,2,-2,6,3,2,2,3,6,1,-1,0,120
-18,5,2,1,2,0,2,1,5,0,4,6,1,-1,0,120
-18,5,3,1,2,1,3,0,2,2,0,6,1,-1,1,120
-18,5,4,1,2,3,2,-2,18,3,14,14,1,14,0,120
-14,5,1,1,2,-1,3,2,2,0,2,6,1,-1,1,120
-14,5,2,1,2,1,2,0,36,1,34,34,1,34,0,120
-14,5,3,1,2,2,2,-1,3,2,0,6,1,-1,1,120
-14,5,4,1,2,3,7,-2,2,8,-2,8,1,-1,1,120
-13,5,1,1,2,-1,6,2,2,3,2,6,1,-1,0,120
-13,5,2,1,2,1,2,0,5,1,3,6,1,-1,0,120
-13,5,3,1,2,2,3,-1,2,3,-1,6,1,-1,1,120
-13,5,4,1,2,4,2,-3,18,4,13,13,1,13,0,120
-12,5,1,1,2,0,2,1,71,0,70,69,1,69,0,120
-12,5,2,1,2,1,2,0,3,1,1,6,1,-1,0,120
-12,5,3,1,2,2,7,-1,2,7,-1,6,1,-1,0,120
-12,5,4,1,2,4,2,-3,4,4,-1,6,1,-1,1,120
-11,5,1,1,2,0,2,1,5,0,4,6,1,-1,0,120
-11,5,2,1,2,1,3,0,2,2,0,6,1,-1,1,120
-11,5,3,1,2,3,2,-2,24,3,20,20,1,20,0,120
-11,5,4,1,2,4,2,-3,3,4,-2,6,1,-1,1,120
-7,5,1,1,2,1,2,0,71,1,69,69,1,69,0,120
-7,5,2,1,2,2,2,-1,3,2,0,6,1,-1,1,120
-7,5,3,1,2,3,7,-2,2,8,-2,6,1,-1,1,120
-7,5,4,1,2,5,2,-4,4,5,-2,6,1,-1,1,120
-6,5,1,1,2,1,2,0,5,1,3,7,1,-1,0,120
-6,5,2,1,2,2,3,-1,2,3,-1,6,1,-1,1,120
-6,5,3,1,2,4,2,-3,24,4,19,19,1,19,0,120
-6,5,4,1,2,5,2,-4,3,5,-3,6,1,-1,1,120
-9,5,1,1,2,0,3,1,2,1,1,6,1,-1,0,120
-9,5,2,1,2,2,2,-1,36,2,33,33,1,33,0,120
-9,5,3,1,2,3,2,-2,3,3,-1,6,1,-1,1,120
-9,5,4,1,2,4,7,-3,2,9,-3,10,1,-1,1,120
-8,5,1,1,2,0,6,1,2,4,1,6,1,-1,0,120
-8,5,2,1,2,2,2,-1,5,2,2,6,1,-1,0,120
-8,5,3,1,2,3,3,-2,2,4,-2,6,1,-1,1,120
-8,5,4,1,2,5,2,-4,18,5,12,12,1,12,0,120
-4,5,1,1,2,1,3,0,2,2,0,6,1,-1,1,120
-4,5,2,1,2,3,2,-2,36,3,32,32,1,32,0,120
-4,5,3,1,2,4,2,-3,3,4,-2,6,1,-1,1,120
-4,5,4,1,2,5,7,-4,2,10,-4,8,1,-1,1,120
-3,5,1,1,2,1,6,0,2,5,0,6,1,-1,0,120
-3,5,2,1,2,3,2,-2,5,3,1,6,1,-1,1,120
-3,5,3,1,2,4,3,-3,2,5,-3,6,1,-1,1,120
-3,5,4,1,2,6,2,-5,18,6,11,11,1,11,0,120
-2,5,1,1,2,2,2,-1,71,2,68,68,1,68,0,120
-2,5,2,1,2,3,2,-2,3,3,-1,6,1,-1,1,120
-2,5,3,1,2,4,7,-3,2,9,-3,7,1,-1,1,120
-2,5,4,1,2,6,2,-5,4,6,-3,6,1,-1,1,120
-1,5,1,1,2,2,2,-1,5,2,2,6,1,-1,0,120
-1,5,2,1,2,3,3,-2,2,4,-2,6,1,-1,1,120
-1,5,3,1,2,5,2,-4,24,5,18,18,1,18,0,120
-1,5,4,1,2,6,2,-5,3,6,-4,6,1,-1,1,120
1,5,1,1,2,2,3,-1,2,3,-1,6,1,-1,1,120
1,5,2,1,2,4,2,-3,36,4,31,31,1,31,0,120
1,5,3,1,2,5,2,-4,3,5,-3,6,1,-1,1,120
1,5,4,1,2,6,7,-5,2,11,-5,6,1,-1,1,120
2,5,1,1,2,2,6,-1,2,6,-1,8,1,-1,0,120
2,5,2,1,2,4,2,-3,5,4,0,6,1,-1,1,120
2,5,3,1,2,5,3,-4,2,6,-4,6,1,-1,1,120
2,5,4,1,2,7,2,-6,18,7,10,10,1,10,0,120
3,5,1,1,2,3,2,-2,71,3,67,67,1,67,0,120
3,5,2,1,2,4,2,-3,3,4,-2,6,1,-1,1,120
3,5,3,1,2,5,7,-4,2,10,-4,6,1,-1,1,120
3,5,4,1,2,7,2,-6,4,7,-4,6,1,-1,1,120
4,5,1,1,2,3,2,-2,5,3,1,6,1,-1,1,120
4,5,2,1,2,4,3,-3,2,5,-3,6,1,-1,1,120
4,5,3,1,2,6,2,-5,24,6,17,17,1,17,0,120
4,5,4,1,2,7,2,-6,3,7,-5,6,1,-1,1,120
6,5,1,1,2,3,3,-2,2,4,-2,6,1,-1,1,120
6,5,2,1,2,5,2,-4,36,5,30,30,1,30,0,120
6,5,3,1,2,6,2,-5,3,6,-4,6,1,-1,1,120
6,5,4,1,2,7,7,-6,2,12,-6,6,1,-1,1,120
7,5,1,1,2,3,6,-2,2,7,-2,6,1,-1,1,120
7,5,2,1,2,5,2,-4,5,5,-1,6,1,-1,1,120
7,5,3,1,2,6,3,-5,2,7,-5,6,1,-1,1,120
7,5,4,1,2,8,2,-7,18,8,9,6,1,6,0,120
8,5,1,1,2,4,2,-3,71,4,66,66,1,66,0,120
8,5,2,1,2,5,2,-4,3,5,-3,6,1,-1,1,120
8,5,3,1,2,6,7,-5,2,11,-5,6,1,-1,1,120
8,5,4,1,2,8,2,-7,4,8,-5,6,1,-1,1,120
9,5,1,1,2,4,2,-3,5,4,0,6,1,-1,1,120
9,5,2,1,2,5,3,-4,2,6,-4,6,1,-1,1,120
9,5,3,1,2,7,2,-6,24,7,16,16,1,16,0,120
9,5,4,1,2,8,2,-7,3,8,-6,6,1,-1,1,120
11,5,1,1,2,4,3,-3,2,5,-3,6,1,-1,1,120
11,5,2,1,2,6,2,-5,36,6,29,29,1,29,0,120
11,5,3,1,2,7,2,-6,3,7,-5,6,1,-1,1,120
11,5,4,1,2,8,7,-7,2,13,-7,8,1,-1,1,120
12,5,1,1,2,4,6,-3,2,8,-3,6,1,-1,1,120
12,5,2,1,2,6,2,-5,5,6,-2,6,1,-1,1,120
12,5,3,1,2,7,3,-6,2,8,-6,6,1,-1,1,120
12,5,4,1,2,9,2,-8,18,9,8,6,1,6,0,120
13,5,1,1,2,5,2,-4,71,5,65,65,1,65,0,120
13,5,2,1,2,6,2,-5,3,6,-4,6,1,-1,1,120
13,5,3,1,2,7,7,-6,2,12,-6,7,1,-1,1,120
13,5,4,1,2,9,2,-8,4,9,-6,6,1,-1,1,120
14,5,1,1,2,5,2,-4,5,5,-1,6,1,-1,1,120
14,5,2,1,2,6,3,-5,2,7,-5,6,1,-1,1,120
14,5,3,1,2,8,2,-7,24,8,15,6,1,6,0,120
14,5,4,1,2,9,2,-8,3,9,-7,6,1,-1,1,120
16,5,1,1,2,5,3,-4,2,6,-4,6,1,-1,1,120
16,5,2,1,2,7,2,-6,36,7,28,28,1,28,0,120
16,5,3,1,2,8,2,-7,3,8,-6,6,1,-1,1,120
16,5,4,1,2,9,7,-8,2,14,-8,6,1,-1,1,120
17,5,1,1,2,5,6,-4,2,9,-4,6,1,-1,1,120
17,5,2,1,2,7,2,-6,5,7,-3,6,1,-1,1,120
17,5,3,1,2,8,3,-7,2,9,-7,6,1,-1,1,120
17,5,4,1,2,10,2,-9,18,10,7,6,1,-1,1,120
18,5,1,1,2,6,2,-5,71,6,64,64,1,64,0,120
18,5,2,1,2,7,2,-6,3,7,-5,6,1,-1,1,120
18,5,3,1,2,8,7,-7,2,13,-7,6,1,-1,1,120
18,5,4,1,2,10,2,-9,4,10,-7,6,1,-1,1,120
19,5,1,1,2,6,2,-5,5,6,-2,6,1,-1,1,120
19,5,2,1,2,7,3,-6,2,8,-6,6,1,-1,1,120
19,5,3,1,2,9,2,-8,24,9,14,6,1,6,0,120
19,5,4,1,2,10,2,-9,3,10,-8,6,1,-1,1,120
21,5,1,1,2,6,3,-5,2,7,-5,6,1,-1,1,120
21,5,2,1,2,8,2,-7,36,8,27,6,1,6,0,120
21,5,3,1,2,9,2,-8,3,9,-7,6,1,-1,1,120
21,5,4,1,2,10,7,-9,2,15,-9,6,1,-1,1,120
22,5,1,1,2,6,6,-5,2,10,-5,6,1,-1,1,120
22,5,2,1,2,8,2,-7,5,8,-4,6,1,-1,1,120
22,5,3,1,2,9,3,-8,2,10,-8,6,1,-1,1,120
22,5,4,1,2,11,2,-10,18,11,6,7,1,-1,1,120
23,5,1,1,2,7,2,-6,71,7,63,63,1,63,0,120
23,5,2,1,2,8,2,-7,3,8,-6,6,1,-1,1,120
23,5,3,1,2,9,7,-8,2,14,-8,6,1,-1,1,120
23,5,4,1,2,11,2,-10,4,11,-8,6,1,-1,1,120
24,5,1,1,2,7,2,-6,5,7,-3,6,1,-1,1,120
24,5,2,1,2,8,3,-7,2,9,-7,6,1,-1,1,120
24,5,3,1,2,10,2,-9,24,10,13,6,1,6,0,120
24,5,4,1,2,11,2,-10,3,11,-9,6,1,-1,1,120
26,5,1,1,2,7,3,-6,2,8,-6,6,1,-1,1,120
26,5,2,1,2,9,2,-8,36,9,26,6,1,6,0,120
26,5,3,1,2,10,2,-9,3,10,-8,6,1,-1,1,120
26,5,4,1,2,11,7,-10,2,16,-10,6,1,-1,1,120
27,5,1,1,2,7,6,-6,2,11,-6,6,1,-1,1,120
27,5,2,1,2,9,2,-8,5,9,-5,6,1,-1,1,120
27,5,3,1,2,10,3,-9,2,11,-9,6,1,-1,1,120
27,5,4,1,2,12,2,-11,18,12,5,6,1,-1,1,120
28,5,1,1,2,8,2,-7,71,8,62,6,1,6,0,120
28,5,2,1,2,9,2,-8,3,9,-7,6,1,-1,1,120
28,5,3,1,2,10,7,-9,2,15,-9,6,1,-1,1,120
28,5,4,1,2,12,2,-11,4,12,-9,6,1,-1,1,120
29,5,1,1,2,8,2,-7,5,8,-4,6,1,-1,1,120
29,5,2,1,2,9,3,-8,2,10,-8,6,1,-1,1,120
29,5,3,1,2,11,2,-10,24,11,12,6,1,6,0,120
29,5,4,1,2,12,2,-11,3,12,-10,6,1,-1,1,120
-29,5,1,2,2,-5,11,6,2,4,6,6,1,-1,1,120
-29,5,3,2,2,-3,2,4,4,-3,6,6,1,-1,1,120
-29,5,5,2,2,-2,4,3,2,0,3,6,1,-1,1,120
-29,5,7,2,2,0,2,1,7,0,6,6,1,-1,0,120
-28,5,1,2,2,-4,2,5,10,-4,13,6,1,-1,1,120
-28,5,3,2,2,-3,3,4,2,-2,4,6,1,-1,1,120
-28,5,5,2,2,-2,16,3,2,12,3,12,1,12,0,120
-28,5,7,2,2,0,2,1,3,0,2,6,1,-1,1,120
-27,5,1,2,2,-4,2,5,4,-4,7,6,1,-1,1,120
-27,5,3,2,2,-3,4,4,2,-1,4,6,1,-1,1,120
-27,5,5,2,2,-1,2,2,8,-1,8,7,1,-1,0,120
-27,5,7,2,2,0,3,1,2,1,1,6,1,-1,0,120
-26,5,1,2,2,-4,3,5,2,-3,5,6,1,-1,1,120
-26,5,3,2,2,-3,13,4,2,8,4,8,1,8,0,120
-26,5,5,2,2,-1,2,2,3,-1,3,6,1,-1,1,120
-26,5,7,2,2,0,4,1,2,2,1,6,1,-1,0,120
-24,5,1,2,2,-4,11,5,2,5,5,6,1,-1,0,120
-24,5,3,2,2,-2,2,3,4,-2,5,6,1,-1,1,120
-24,5,5,2,2,-1,4,2,2,1,2,6,1,-1,0,120
-24,5,7,2,2,1,2,0,7,1,5,6,1,-1,0,120
-23,5,1,2,2,-3,2,4,10,-3,12,7,1,-1,0,120
-23,5,3,2,2,-2,3,3,2,-1,3,7,1,-1,1,120
-23,5,5,2,2,-1,16,2,2,13,2,13,1,13,0,120
-23,5,7,2,2,1,2,0,3,1,1,6,1,-1,0,120
-22,5,1,2,2,-3,2,4,4,-3,6,6,1,-1,1,120
-22,5,3,2,2,-2,4,3,2,0,3,6,1,-1,1,120
-22,5,5,2,2,0,2,1,8,0,7,6,1,6,0,120
-22,5,7,2,2,1,3,0,2,2,0,6,1,-1,1,120
-21,5,1,2,2,-3,3,4,2,-2,4,6,1,-1,1,120
-21,5,3,2,2,-2,13,3,2,9,3,9,1,9,0,120
-21,5,5,2,2,0,2,1,3,0,2,6,1,-1,1,120
-21,5,7,2,2,1,4,0,2,3,0,6,1,-1,0,120
-17,5,1,2,2,-2,2,3,4,-2,5,7,1,-1,1,120
-17,5,3,2,2,-1,4,2,2,1,2,6,1,-1,0,120
-17,5,5,2,2,1,2,0,8,1,6,6,1,6,0,120
-17,5,7,2,2,2,3,-1,2,3,-1,6,1,-1,1,120
-16,5,1,2,2,-2,3,3,2,-1,3,7,1,-1,1,120
-16,5,3,2,2,-1,13,2,2,10,2,10,1,10,0,120
-16,5,5,2,2,1,2,0,3,1,1,6,1,-1,0,120
-16,5,7,2,2,2,4,-1,2,4,-1,6,1,-1,1,120
-19,5,1,2,2,-3,11,4,2,6,4,6,1,6,0,120
-19,5,3,2,2,-1,2,2,4,-1,4,6,1,-1,1,120
-19,5,5,2,2,0,4,1,2,2,1,6,1,-1,0,120
-19,5,7,2,2,2,2,-1,7,2,4,6,1,-1,0,120
-18,5,1,2,2,-2,2,3,10,-2,11,6,1,6,0,120
-18,5,3,2,2,-1,3,2,2,0,2,6,1,-1,1,120
-18,5,5,2,2,0,16,1,2,14,1,14,1,14,0,120
-18,5,7,2,2,2,2,-1,3,2,0,6,1,-1,1,120
-14,5,1,2,2,-2,11,3,2,7,3,7,1,7,0,120
-14,5,3,2,2,0,2,1,4,0,3,7,1,-1,0,120
-14,5,5,2,2,1,4,0,2,3,0,6,1,-1,0,120
-14,5,7,2,2,3,2,-2,7,3,3,7,1,-1,0,120
-13,5,1,2,2,-1,2,2,10,-1,10,7,1,7,0,120
-13,5,3,2,2,0,3,1,2,1,1,6,1,-1,0,120
-13,5,5,2,2,1,16,0,2,15,0,14,1,14,0,120
-13,5,7,2,2,3,2,-2,3,3,-1,6,1,-1,1,120
-12,5,1,2,2,-1,2,2,4,-1,4,6,1,-1,1,120
-12,5,3,2,2,0,4,1,2,2,1,6,1,-1,0,120
-12,5,5,2,2,2,2,-1,8,2,5,6,1,-1,0,120
-12,5,7,2,2,3,3,-2,2,4,-2,6,1,-1,1,120
-11,5,1,2,2,-1,3,2,2,0,2,6,1,-1,1,120
-11,5,3,2,2,0,13,1,2,11,1,11,1,11,0,120
-11,5,5,2,2,2,2,-1,3,2,0,6,1,-1,1,120
-11,5,7,2,2,3,4,-2,2,5,-2,6,1,-1,1,120
-7,5,1,2,2,0,2,1,4,0,3,6,1,-1,0,120
-7,5,3,2,2,1,4,0,2,3,0,6,1,-1,0,120
-7,5,5,2,2,3,2,-2,8,3,4,6,1,-1,0,120
-7,5,7,2,2,4,3,-3,2,5,-3,6,1,-1,1,120
-6,5,1,2,2,0,3,1,2,1,1,6,1,-1,0,120
-6,5,3,2,2,1,13,0,2,12,0,11,1,11,0,120
-6,5,5,2,2,3,2,-2,3,3,-1,6,1,-1,1,120
-6,5,7,2,2,4,4,-3,2,6,-3,6,1,-1,1,120
-9,5,1,2,2,-1,11,2,2,8,2,8,1,8,0,120
-9,5,3,2,2,1,2,0,4,1,2,7,1,-1,0,120
-9,5,5,2,2,2,4,-1,2,4,-1,6,1,-1,1,120
-9,5,7,2,2,4,2,-3,7,4,2,6,1,-1,1,120
-8,5,1,2,2,0,2,1,10,0,9,8,1,8,0,120
-8,5,3,2,2,1,3,0,2,2,0,6,1,-1,1,120
-8,5,5,2,2,2,16,-1,2,16,-1,13,1,13,0,120
-8,5,7,2,2,4,2,-3,3,4,-2,6,1,-1,1,120
-4,5,1,2,2,0,11,1,2,9,1,9,1,9,0,120
-4,5,3,2,2,2,2,-1,4,2,1,6,1,-1,0,120
-4,5,5,2,2,3,4,-2,2,5,-2,6,1,-1,1,120
-4,5,7,2,2,5,2,-4,7,5,1,6,1,-1,1,120
-3,5,1,2,2,1,2,0,10,1,8,8,1,8,0,120
-3,5,3,2,2,2,3,-1,2,3,-1,7,1,-1,1,120
-3,5,5,2,2,3,16,-2,2,17,-2,12,1,12,0,120
-3,5,7,2,2,5,2,-4,3,5,-3,6,1,-1,1,120
-2,5,1,2,2,1,2,0,4,1,2,6,1,-1,0,120
-2,5,3,2,2,2,4,-1,2,4,-1,6,1,-1,1,120
-2,5,5,2,2,4,2,-3,8,4,3,6,1,-1,0,120
-2,5,7,2,2,5,3,-4,2,6,-4,7,1,-1,1,120
-1,5,1,2,2,1,3,0,2,2,0,6,1,-1,1,120
-1,5,3,2,2,2,13,-1,2,13,-1,10,1,10,0,120
-1,5,5,2,2,4,2,-3,3,4,-2,6,1,-1,1,120
-1,5,7,2,2,5,4,-4,2,7,-4,6,1,-1,1,120
1,5,1,2,2,1,11,0,2,10,0,9,1,9,0,120
1,5,3,2,2,3,2,-2,4,3,0,6,1,-1,1,120
1,5,5,2,2,4,4,-3,2,6,-3,6,1,-1,1,120
1,5,7,2,2,6,2,-5,7,6,0,6,1,-1,1,120
2,5,1,2,2,2,2,-1,10,2,7,7,1,7,0,120
2,5,3,2,2,3,3,-2,2,4,-2,6,1,-1,1,120
2,5,5,2,2,4,16,-3,2,18,-3,11,1,11,0,120
2,5,7,2,2,6,2,-5,3,6,-4,6,1,-1,1,120
3,5,1,2,2,2,2,-1,4,2,1,6,1,-1,0,120
3,5,3,2,2,3,4,-2,2,5,-2,6,1,-1,1,120
3,5,5,2,2,5,2,-4,8,5,2,6,1,-1,1,120
3,5,7,2,2,6,3,-5,2,7,-5,6,1,-1,1,120
4,5,1,2,2,2,3,-1,2,3,-1,7,1,-1,1,120
4,5,3,2,2,3,13,-2,2,14,-2,9,1,9,0,120
4,5,5,2,2,5,2,-4,3,5,-3,6,1,-1,1,120
4,5,7,2,2,6,4,-5,2,8,-5,8,1,-1,1,120
6,5,1,2,2,2,11,-1,2,11,-1,8,1,8,0,120
6,5,3,2,2,4,2,-3,4,4,-1,6,1,-1,1,120
6,5,5,2,2,5,4,-4,2,7,-4,6,1,-1,1,120
6,5,7,2,2,7,2,-6,7,7,-1,6,1,-1,1,120
7,5,1,2,2,3,2,-2,10,3,6,6,1,6,0,120
7,5,3,2,2,4,3,-3,2,5,-3,6,1,-1,1,120
7,5,5,2,2,5,16,-4,2,19,-4,10,1,10,0,120
7,5,7,2,2,7,2,-6,3,7,-5,6,1,-1,1,120
8,5,1,2,2,3,2,-2,4,3,0,7,1,-1,1,120
8,5,3,2,2,4,4,-3,2,6,-3,6,1,-1,1,120
8,5,5,2,2,6,2,-5,8,6,1,6,1,-1,1,120
8,5,7,2,2,7,3,-6,2,8,-6,6,1,-1,1,120
9,5,1,2,2,3,3,-2,2,4,-2,6,1,-1,1,120
9,5,3,2,2,4,13,-3,2,15,-3,8,1,8,0,120
9,5,5,2,2,6,2,-5,3,6,-4,6,1,-1,1,120
9,5,7,2,2,7,4,-6,2,9,-6,7,1,-1,1,120
11,5,1,2,2,3,11,-2,2,12,-2,7,1,7,0,120
11,5,3,2,2,5,2,-4,4,5,-2,6,1,-1,1,120
11,5,5,2,2,6,4,-5,2,8,-5,6,1,-1,1,120
11,5,7,2,2,8,2,-7,7,8,-2,6,1,-1,1,120
12,5,1,2,2,4,2,-3,10,4,5,6,1,-1,0,120
12,5,3,2,2,5,3,-4,2,6,-4,6,1,-1,1,120
12,5,5,2,2,6,16,-5,2,20,-5,6,1,6,0,120
12,5,7,2,2,8,2,-7,3,8,-6,6,1,-1,1,120
13,5,1,2,2,4,2,-3,4,4,-1,6,1,-1,1,120
13,5,3,2,2,5,4,-4,2,7,-4,6,1,-1,1,120
13,5,5,2,2,7,2,-6,8,7,0,6,1,-1,1,120
13,5,7,2,2,8,3,-7,2,9,-7,6,1,-1,1,120
14,5,1,2,2,4,3,-3,2,5,-3,6,1,-1,1,120
14,5,3,2,2,5,13,-4,2,16,-4,7,1,7,0,120
14,5,5,2,2,7,2,-6,3,7,-5,6,1,-1,1,120
14,5,7,2,2,8,4,-7,2,10,-7,6,1,-1,1,120
16,5,1,2,2,4,11,-3,2,13,-3,6,1,6,0,120
16,5,3,2,2,6,2,-5,4,6,-3,6,1,-1,1,120
16,5,5,2,2,7,4,-6,2,9,-6,6,1,-1,1,120
16,5,7,2,2,9,2,-8,7,9,-3,6,1,-1,1,120
17,5,1,2,2,5,2,-4,10,5,4,6,1,-1,0,120
17,5,3,2,2,6,3,-5,2,7,-5,7,1,-1,1,120
17,5,5,2,2,7,16,-6,2,21,-6,7,1,7,0,120
17,5,7,2,2,9,2,-8,3,9,-7,6,1,-1,1,120
18,5,1,2,2,5,2,-4,4,5,-2,6,1,-1,1,120
18,5,3,2,2,6,4,-5,2,8,-5,6,1,-1,1,120
18,5,5,2,2,8,2,-7,8,8,-1,6,1,-1,1,120
18,5,7,2,2,9,3,-8,2,10,-8,6,1,-1,1,120
19,5,1,2,2,5,3,-4,2,6,-4,6,1,-1,1,120
19,5,3,2,2,6,13,-5,2,17,-5,6,1,-1,1,120
19,5,5,2,2,8,2,-7,3,8,-6,6,1,-1,1,120
19,5,7,2,2,9,4,-8,2,11,-8,6,1,-1,1,120
23,5,1,2,2,6,2,-5,4,6,-3,6,1,-1,1,120
23,5,3,2,2,7,4,-6,2,9,-6,6,1,-1,1,120
23,5,5,2,2,9,2,-8,8,9,-2,6,1,-1,1,120
23,5,7,2,2,10,3,-9,2,11,-9,7,1,-1,1,120
24,5,1,2,2,6,3,-5,2,7,-5,7,1,-1,1,120
24,5,3,2,2,7,13,-6,2,18,-6,6,1,-1,1,120
24,5,5,2,2,9,2,-8,3,9,-7,6,1,-1,1,120
24,5,7,2,2,10,4,-9,2,12,-9,7,1,-1,1,120
21,5,1,2,2,5,11,-4,2,14,-4,6,1,-1,1,120
21,5,3,2,2,7,2,-6,4,7,-4,6,1,-1,1,120
21,5,5,2,2,8,4,-7,2,10,-7,6,1,-1,1,120
21,5,7,2,2,10,2,-9,7,10,-4,6,1,-1,1,120
22,5,1,2,2,6,2,-5,10,6,3,6,1,-1,1,120
22,5,3,2,2,7,3,-6,2,8,-6,6,1,-1,1,120
22,5,5,2,2,8,16,-7,2,22,-7,6,1,-1,1,120
22,5,7,2,2,10,2,-9,3,10,-8,6,1,-1,1,120
26,5,1,2,2,6,11,-5,2,15,-5,6,1,-1,1,120
26,5,3,2,2,8,2,-7,4,8,-5,6,1,-1,1,120
26,5,5,2,2,9,4,-8,2,11,-8,6,1,-1,1,120
26,5,7,2,2,11,2,-10,7,11,-5,6,1,-1,1,120
27,5,1,2,2,7,2,-6,10,7,2,6,1,-1,1,120
27,5,3,2,2,8,3,-7,2,9,-7,6,1,-1,1,120
27,5,5,2,2,9,16,-8,2,23,-8,6,1,-1,1,120
27,5,7,2,2,11,2,-10,3,11,-9,6,1,-1,1,120
28,5,1,2,2,7,2,-6,4,7,-4,6,1,-1,1,120
28,5,3,2,2,8,4,-7,2,10,-7,6,1,-1,1,120
28,5,5,2,2,10,2,-9,8,10,-3,6,1,-1,1,120
28,5,7,2,2,11,3,-10,2,12,-10,6,1,-1,1,120
29,5,1,2,2,7,3,-6,2,8,-6,7,1,-1,1,120
29,5,3,2,2,8,13,-7,2,19,-7,6,1,-1,1,120
29,5,5,2,2,10,2,-9,3,10,-8,6,1,-1,1,120
29,5,7,2,2,11,4,-10,2,13,-10,6,1,-1,1,120
-29,5,1,3,2,-5,4,6,2,-3,6,6,1,-1,1,120
-29,5,2,3,2,-4,2,5,8,-4,11,7,1,-1,1,120
-29,5,4,3,2,-3,2,4,12,-3,14,7,1,7,0,120
-29,5,5,3,2,-3,3,4,2,-2,4,6,1,-1,1,120
-29,5,7,3,2,-2,2,3,3,-2,4,6,1,-1,1,120
-29,5,8,3,2,-2,35,3,2,31,3,31,1,31,0,120
-29,5,10,3,2,-1,12,2,2,9,2,9,1,9,0,120
-29,5,11,3,2,0,2,1,3,0,2,6,1,-1,1,120
-28,5,1,3,2,-5,8,6,2,1,6,6,1,-1,1,120
-28,5,2,3,2,-4,2,5,3,-4,6,7,1,-1,1,120
-28,5,4,3,2,-3,2,4,4,-3,6,6,1,-1,1,120
-28,5,5,3,2,-3,5,4,2,0,4,7,1,-1,1,120
-28,5,7,3,2,-2,4,3,2,0,3,6,1,-1,1,120
-28,5,8,3,2,-1,2,2,6,-1,6,6,1,-1,0,120
-28,5,10,3,2,0,2,1,9,0,8,7,1,7,0,120
-28,5,11,3,2,0,3,1,2,1,1,6,1,-1,0,120
-27,5,1,3,2,-4,2,5,15,-4,18,9,1,9,0,120
-27,5,2,3,2,-4,3,5,2,-3,5,6,1,-1,1,120
-27,5,4,3,2,-3,2,4,3,-3,5,6,1,-1,1,120
-27,5,5,3,2,-3,24,4,2,19,4,19,1,19,0,120
-27,5,7,3,2,-2,10,3,2,6,3,6,1,6,0,120
-27,5,8,3,2,-1,2,2,3,-1,3,6,1,-1,1,120
-27,5,10,3,2,0,2,1,4,0,3,7,1,-1,0,120
-27,5,11,3,2,0,5,1,2,3,1,6,1,-1,0,120
-26,5,1,3,2,-4,2,5,4,-4,7,6,1,-1,1,120
-26,5,2,3,2,-4,4,5,2,-2,5,6,1,-1,1,120
-26,5,4,3,2,-3,4,4,2,-1,4,6,1,-1,1,120
-26,5,5,3,2,-2,2,3,7,-2,8,6,1,-1,1,120
-26,5,7,3,2,-1,2,2,11,-1,11,8,1,8,0,120
-26,5,8,3,2,-1,3,2,2,0,2,6,1,-1,1,120
-26,5,10,3,2,0,3,1,2,1,1,6,1,-1,0,120
-26,5,11,3,2,0,69,1,2,67,1,67,1,67,0,120
-24,5,1,3,2,-4,4,5,2,-2,5,8,1,-1,1,120
-24,5,2,3,2,-3,2,4,8,-3,10,6,1,-1,1,120
-24,5,4,3,2,-2,2,3,12,-2,13,8,1,8,0,120
-24,5,5,3,2,-2,3,3,2,-1,3,6,1,-1,1,120
-24,5,7,3,2,-1,2,2,3,-1,3,7,1,-1,1,120
-24,5,8,3,2,-1,35,2,2,32,2,32,1,32,0,120
-24,5,10,3,2,0,12,1,2,10,1,10,1,10,0,120
-24,5,11,3,2,1,2,0,3,1,1,6,1,-1,0,120
-23,5,1,3,2,-4,8,5,2,2,5,6,1,-1,1,120
-23,5,2,3,2,-3,2,4,3,-3,5,6,1,-1,1,120
-23,5,4,3,2,-2,2,3,4,-2,5,6,1,-1,1,120
-23,5,5,3,2,-2,5,3,2,1,3,6,1,-1,1,120
-23,5,7,3,2,-1,4,2,2,1,2,6,1,-1,0,120
-23,5,8,3,2,0,2,1,6,0,5,6,1,-1,0,120
-23,5,10,3,2,1,2,0,9,1,7,7,1,7,0,120
-23,5,11,3,2,1,3,0,2,2,0,6,1,-1,1,120
-21,5,1,3,2,-3,2,4,4,-3,6,7,1,-1,1,120
-21,5,2,3,2,-3,4,4,2,-1,4,6,1,-1,1,120
-21,5,4,3,2,-2,4,3,2,0,3,6,1,-1,1,120
-21,5,5,3,2,-1,2,2,7,-1,7,6,1,-1,0,120
-21,5,7,3,2,0,2,1,11,0,10,9,1,9,0,120
-21,5,8,3,2,0,3,1,2,1,1,6,1,-1,0,120
-21,5,10,3,2,1,3,0,2,2,0,6,1,-1,1,120
-21,5,11,3,2,1,69,0,2,68,0,67,1,67,0,120
-22,5,1,3,2,-3,2,4,15,-3,17,10,1,10,0,120
-22,5,2,3,2,-3,3,4,2,-2,4,7,1,-1,1,120
-22,5,4,3,2,-2,2,3,3,-2,4,6,1,-1,1,120
-22,5,5,3,2,-2,24,3,2,20,3,20,1,20,0,120
-22,5,7,3,2,-1,10,2,2,7,2,7,1,7,0,120
-22,5,8,3,2,0,2,1,3,0,2,6,1,-1,1,120
-22,5,10,3,2,1,2,0,4,1,2,7,1,-1,0,120
-22,5,11,3,2,1,5,0,2,4,0,6,1,-1,0,120
-19,5,1,3,2,-3,4,4,2,-1,4,6,1,-1,1,120
-19,5,2,3,2,-2,2,3,8,-2,9,6,1,-1,0,120
-19,5,4,3,2,-1,2,2,12,-1,12,9,1,9,0,120
-19,5,5,3,2,-1,3,2,2,0,2,6,1,-1,1,120
-19,5,7,3,2,0,2,1,3,0,2,6,1,-1,1,120
-19,5,8,3,2,0,35,1,2,33,1,33,1,33,0,120
-19,5,10,3,2,1,12,0,2,11,0,10,1,10,0,120
-19,5,11,3,2,2,2,-1,3,2,0,6,1,-1,1,120
-18,5,1,3,2,-3,8,4,2,3,4,6,1,-1,0,120
-18,5,2,3,2,-2,2,3,3,-2,4,6,1,-1,1,120
-18,5,4,3,2,-1,2,2,4,-1,4,6,1,-1,1,120
-18,5,5,3,2,-1,5,2,2,2,2,6,1,-1,0,120
-18,5,7,3,2,0,4,1,2,2,1,6,1,-1,0,120
-18,5,8,3,2,1,2,0,6,1,4,6,1,-1,0,120
-18,5,10,3,2,2,2,-1,9,2,6,6,1,6,0,120
-18,5,11,3,2,2,3,-1,2,3,-1,6,1,-1,1,120
-16,5,1,3,2,-2,2,3,4,-2,5,6,1,-1,1,120
-16,5,2,3,2,-2,4,3,2,0,3,6,1,-1,1,120
-16,5,4,3,2,-1,4,2,2,1,2,7,1,-1,0,120
-16,5,5,3,2,0,2,1,7,0,6,6,1,-1,0,120
-16,5,7,3,2,1,2,0,11,1,9,9,1,9,0,120
-16,5,8,3,2,1,3,0,2,2,0,6,1,-1,1,120
-16,5,10,3,2,2,3,-1,2,3,-1,7,1,-1,1,120
-16,5,11,3,2,2,69,-1,2,69,-1,66,1,66,0,120
-17,5,1,3,2,-2,2,3,15,-2,16,11,1,11,0,120
-17,5,2,3,2,-2,3,3,2,-1,3,6,1,-1,1,120
-17,5,4,3,2,-1,2,2,3,-1,3,7,1,-1,1,120
-17,5,5,3,2,-1,24,2,2,21,2,21,1,21,0,120
-17,5,7,3,2,0,10,1,2,8,1,8,1,8,0,120
-17,5,8,3,2,1,2,0,3,1,1,6,1,-1,0,120
-17,5,10,3,2,2,2,-1,4,2,1,7,1,-1,0,120
-17,5,11,3,2,2,5,-1,2,5,-1,6,1,-1,1,120
-11,5,1,3,2,-1,2,2,4,-1,4,6,1,-1,1,120
-11,5,2,3,2,-1,4,2,2,1,2,6,1,-1,0,120
-11,5,4,3,2,0,4,1,2,2,1,7,1,-1,0,120
-11,5,5,3,2,1,2,0,7,1,5,6,1,-1,0,120
-11,5,7,3,2,2,2,-1,11,2,8,8,1,8,0,120
-11,5,8,3,2,2,3,-1,2,3,-1,6,1,-1,1,120
-11,5,10,3,2,3,3,-2,2,4,-2,6,1,-1,1,120
-11,5,11,3,2,3,69,-2,2,70,-2,65,1,65,0,120
-14,5,1,3,2,-2,4,3,2,0,3,6,1,-1,1,120
-14,5,2,3,2,-1,2,2,8,-1,8,7,1,-1,0,120
-14,5,4,3,2,0,2,1,12,0,11,10,1,10,0,120
-14,5,5,3,2,0,3,1,2,1,1,6,1,-1,0,120
-14,5,7,3,2,1,2,0,3,1,1,6,1,-1,0,120
-14,5,8,3,2,1,35,0,2,34,0,33,1,33,0,120
-14,5,10,3,2,2,12,-1,2,12,-1,9,1,9,0,120
-14,5,11,3,2,3,2,-2,3,3,-1,6,1,-1,1,120
-12,5,1,3,2,-1,2,2,15,-1,15,12,1,12,0,120
-12,5,2,3,2,-1,3,2,2,0,2,6,1,-1,1,120
-12,5,4,3,2,0,2,1,3,0,2,6,1,-1,1,120
-12,5,5,3,2,0,24,1,2,22,1,22,1,22,0,120
-12,5,7,3,2,1,10,0,2,9,0,8,1,8,0,120
-12,5,8,3,2,2,2,-1,3,2,0,6,1,-1,1,120
-12,5,10,3,2,3,2,-2,4,3,0,6,1,-1,1,120
-12,5,11,3,2,3,5,-2,2,6,-2,6,1,-1,1,120
-13,5,1,3,2,-2,8,3,2,4,3,6,1,-1,0,120
-13,5,2,3,2,-1,2,2,3,-1,3,6,1,-1,1,120
-13,5,4,3,2,0,2,1,4,0,3,6,1,-1,0,120
-13,5,5,3,2,0,5,1,2,3,1,6,1,-1,0,120
-13,5,7,3,2,1,4,0,2,3,0,6,1,-1,0,120
-13,5,8,3,2,2,2,-1,6,2,3,6,1,-1,0,120
-13,5,10,3,2,3,2,-2,9,3,5,6,1,-1,0,120
-13,5,11,3,2,3,3,-2,2,4,-2,6,1,-1,1,120
-6,5,1,3,2,0,2,1,4,0,3,6,1,-1,0,120
-6,5,2,3,2,0,4,1,2,2,1,6,1,-1,0,120
-6,5,4,3,2,1,4,0,2,3,0,7,1,-1,0,120
-6,5,5,3,2,2,2,-1,7,2,4,6,1,-1,0,120
-6,5,7,3,2,3,2,-2,11,3,7,7,1,7,0,120
-6,5,8,3,2,3,3,-2,2,4,-2,6,1,-1,1,120
-6,5,10,3,2,4,3,-3,2,5,-3,6,1,-1,1,120
-6,5,11,3,2,4,69,-3,2,71,-3,64,1,64,0,120
-9,5,1,3,2,-1,4,2,2,1,2,6,1,-1,0,120
-9,5,2,3,2,0,2,1,8,0,7,6,1,6,0,120
-9,5,4,3,2,1,2,0,12,1,10,10,1,10,0,120
-9,5,5,3,2,1,3,0,2,2,0,6,1,-1,1,120
-9,5,7,3,2,2,2,-1,3,2,0,6,1,-1,1,120
-9,5,8,3,2,2,35,-1,2,35,-1,32,1,32,0,120
-9,5,10,3,2,3,12,-2,2,13,-2,8,1,8,0,120
-9,5,11,3,2,4,2,-3,3,4,-2,6,1,-1,1,120
-7,5,1,3,2,0,2,1,15,0,14,13,1,13,0,120
-7,5,2,3,2,0,3,1,2,1,1,6,1,-1,0,120
-7,5,4,3,2,1,2,0,3,1,1,6,1,-1,0,120
-7,5,5,3,2,1,24,0,2,23,0,22,1,22,0,120
-7,5,7,3,2,2,10,-1,2,10,-1,7,1,7,0,120
-7,5,8,3,2,3,2,-2,3,3,-1,7,1,-1,1,120
-7,5,10,3,2,4,2,-3,4,4,-1,6,1,-1,1,120
-7,5,11,3,2,4,5,-3,2,7,-3,6,1,-1,1,120
-8,5,1,3,2,-1,8,2,2,5,2,6,1,-1,0,120
-8,5,2,3,2,0,2,1,3,0,2,6,1,-1,1,120
-8,5,4,3,2,1,2,0,4,1,2,6,1,-1,0,120
-8,5,5,3,2,1,5,0,2,4,0,6,1,-1,0,120
-8,5,7,3,2,2,4,-1,2,4,-1,6,1,-1,1,120
-8,5,8,3,2,3,2,-2,6,3,2,8,1,-1,0,120
-8,5,10,3,2,4,2,-3,9,4,4,6,1,-1,0,120
-8,5,11,3,2,4,3,-3,2,5,-3,6,1,-1,1,120
-1,5,1,3,2,1,2,0,4,1,2,6,1,-1,0,120
-1,5,2,3,2,1,4,0,2,3,0,6,1,-1,0,120
-1,5,4,3,2,2,4,-1,2,4,-1,6,1,-1,1,120
-1,5,5,3,2,3,2,-2,7,3,3,6,1,-1,0,120
-1,5,7,3,2,4,2,-3,11,4,6,6,1,6,0,120
-1,5,8,3,2,4,3,-3,2,5,-3,6,1,-1,1,120
-1,5,10,3,2,5,3,-4,2,6,-4,6,1,-1,1,120
-1,5,11,3,2,5,69,-4,2,72,-4,63,1,63,0,120
-4,5,1,3,2,0,4,1,2,2,1,7,1,-1,0,120
-4,5,2,3,2,1,2,0,8,1,6,6,1,6,0,120
-4,5,4,3,2,2,2,-1,12,2,9,9,1,9,0,120
-4,5,5,3,2,2,3,-1,2,3,-1,6,1,-1,1,120
-4,5,7,3,2,3,2,-2,3,3,-1,7,1,-1,1,120
-4,5,8,3,2,3,35,-2,2,36,-2,31,1,31,0,120
-4,5,10,3,2,4,12,-3,2,14,-3,7,1,7,0,120
-4,5,11,3,2,5,2,-4,3,5,-3,6,1,-1,1,120
-2,5,1,3,2,1,2,0,15,1,13,13,1,13,0,120
-2,5,2,3,2,1,3,0,2,2,0,6,1,-1,1,120
-2,5,4,3,2,2,2,-1,3,2,0,6,1,-1,1,120
-2,5,5,3,2,2,24,-1,2,24,-1,21,1,21,0,120
-2,5,7,3,2,3,10,-2,2,11,-2,6,1,6,0,120
-2,5,8,3,2,4,2,-3,3,4,-2,6,1,-1,1,120
-2,5,10,3,2,5,2,-4,4,5,-2,6,1,-1,1,120
-2,5,11,3,2,5,5,-4,2,8,-4,6,1,-1,1,120
-3,5,1,3,2,0,8,1,2,6,1,6,1,6,0,120
-3,5,2,3,2,1,2,0,3,1,1,6,1,-1,0,120
-3,5,4,3,2,2,2,-1,4,2,1,6,1,-1,0,120
-3,5,5,3,2,2,5,-1,2,5,-1,6,1,-1,1,120
-3,5,7,3,2,3,4,-2,2,5,-2,6,1,-1,1,120
-3,5,8,3,2,4,2,-3,6,4,1,6,1,-1,1,120
-3,5,10,3,2,5,2,-4,9,5,3,6,1,-1,1,120
-3,5,11,3,2,5,3,-4,2,6,-4,6,1,-1,1,120
1,5,1,3,2,1,4,0,2,3,0,7,1,-1,0,120
1,5,2,3,2,2,2,-1,8,2,5,6,1,-1,0,120
1,5,4,3,2,3,2,-2,12,3,8,8,1,8,0,120
1,5,5,3,2,3,3,-2,2,4,-2,6,1,-1,1,120
1,5,7,3,2,4,2,-3,3,4,-2,6,1,-1,1,120
1,5,8,3,2,4,35,-3,2,37,-3,30,1,30,0,120
1,5,10,3,2,5,12,-4,2,15,-4,6,1,6,0,120
1,5,11,3,2,6,2,-5,3,6,-4,6,1,-1,1,120
4,5,1,3,2,2,2,-1,4,2,1,6,1,-1,0,120
4,5,2,3,2,2,4,-1,2,4,-1,6,1,-1,1,120
4,5,4,3,2,3,4,-2,2,5,-2,6,1,-1,1,120
4,5,5,3,2,4,2,-3,7,4,2,6,1,-1,1,120
4,5,7,3,2,5,2,-4,11,5,5,6,1,-1,0,120
4,5,8,3,2,5,3,-4,2,6,-4,6,1,-1,1,120
4,5,10,3,2,6,3,-5,2,7,-5,7,1,-1,1,120
4,5,11,3,2,6,69,-5,2,73,-5,6,1,6,0,120
2,5,1,3,2,1,8,0,2,7,0,6,1,6,0,120
2,5,2,3,2,2,2,-1,3,2,0,6,1,-1,1,120
2,5,4,3,2,3,2,-2,4,3,0,6,1,-1,1,120
2,5,5,3,2,3,5,-2,2,6,-2,6,1,-1,1,120
2,5,7,3,2,4,4,-3,2,6,-3,6,1,-1,1,120
2,5,8,3,2,5,2,-4,6,5,0,6,1,-1,1,120
2,5,10,3,2,6,2,-5,9,6,2,6,1,-1,1,120
2,5,11,3,2,6,3,-5,2,7,-5,6,1,-1,1,120
3,5,1,3,2,2,2,-1,15,2,12,12,1,12,0,120
3,5,2,3,2,2,3,-1,2,3,-1,6,1,-1,1,120
3,5,4,3,2,3,2,-2,3,3,-1,7,1,-1,1,120
3,5,5,3,2,3,24,-2,2,25,-2,20,1,20,0,120
3,5,7,3,2,4,10,-3,2,12,-3,6,1,-1,0,120
3,5,8,3,2,5,2,-4,3,5,-3,6,1,-1,1,120
3,5,10,3,2,6,2,-5,4,6,-3,6,1,-1,1,120
3,5,11,3,2,6,5,-5,2,9,-5,6,1,-1,1,120
9,5,1,3,2,3,2,-2,4,3,0,6,1,-1,1,120
9,5,2,3,2,3,4,-2,2,5,-2,6,1,-1,1,120
9,5,4,3,2,4,4,-3,2,6,-3,6,1,-1,1,120
9,5,5,3,2,5,2,-4,7,5,1,6,1,-1,1,120
9,5,7,3,2,6,2,-5,11,6,4,14,1,-1,1,120
9,5,8,3,2,6,3,-5,2,7,-5,6,1,-1,1,120
9,5,10,3,2,7,3,-6,2,8,-6,7,1,-1,1,120
9,5,11,3,2,7,69,-6,2,74,-6,7,1,7,0,120
6,5,1,3,2,2,4,-1,2,4,-1,6,1,-1,1,120
6,5,2,3,2,3,2,-2,8,3,4,9,1,-1,0,120
6,5,4,3,2,4,2,-3,12,4,7,7,1,7,0,120
6,5,5,3,2,4,3,-3,2,5,-3,6,1,-1,1,120
6,5,7,3,2,5,2,-4,3,5,-3,6,1,-1,1,120
6,5,8,3,2,5,35,-4,2,38,-4,29,1,29,0,120
6,5,10,3,2,6,12,-5,2,16,-5,7,1,-1,1,120
6,5,11,3,2,7,2,-6,3,7,-5,6,1,-1,1,120
8,5,1,3,2,3,2,-2,15,3,11,11,1,11,0,120
8,5,2,3,2,3,3,-2,2,4,-2,6,1,-1,1,120
8,5,4,3,2,4,2,-3,3,4,-2,6,1,-1,1,120
8,5,5,3,2,4,24,-3,2,26,-3,19,1,19,0,120
8,5,7,3,2,5,10,-4,2,13,-4,13,1,-1,1,120
8,5,8,3,2,6,2,-5,3,6,-4,6,1,-1,1,120
8,5,10,3,2,7,2,-6,4,7,-4,6,1,-1,1,120
8,5,11,3,2,7,5,-6,2,10,-6,6,1,-1,1,120
7,5,1,3,2,2,8,-1,2,8,-1,6,1,-1,0,120
7,5,2,3,2,3,2,-2,3,3,-1,6,1,-1,1,120
7,5,4,3,2,4,2,-3,4,4,-1,6,1,-1,1,120
7,5,5,3,2,4,5,-3,2,7,-3,6,1,-1,1,120
7,5,7,3,2,5,4,-4,2,7,-4,6,1,-1,1,120
7,5,8,3,2,6,2,-5,6,6,-1,6,1,-1,1,120
7,5,10,3,2,7,2,-6,9,7,1,6,1,-1,1,120
7,5,11,3,2,7,3,-6,2,8,-6,6,1,-1,1,120
14,5,1,3,2,4,2,-3,4,4,-1,6,1,-1,1,120
14,5,2,3,2,4,4,-3,2,6,-3,6,1,-1,1,120
14,5,4,3,2,5,4,-4,2,7,-4,7,1,-1,1,120
14,5,5,3,2,6,2,-5,7,6,0,6,1,-1,1,120
14,5,7,3,2,7,2,-6,11,7,3,13,1,-1,1,120
14,5,8,3,2,7,3,-6,2,8,-6,6,1,-1,1,120
14,5,10,3,2,8,3,-7,2,9,-7,6,1,-1,1,120
14,5,11,3,2,8,69,-7,2,75,-7,6,1,6,0,120
13,5,1,3,2,4,2,-3,15,4,10,10,1,10,0,120
13,5,2,3,2,4,3,-3,2,5,-3,6,1,-1,1,120
13,5,4,3,2,5,2,-4,3,5,-3,6,1,-1,1,120
13,5,5,3,2,5,24,-4,2,27,-4,18,1,18,0,120
13,5,7,3,2,6,10,-5,2,14,-5,6,1,-1,1,120
13,5,8,3,2,7,2,-6,3,7,-5,6,1,-1,1,120
13,5,10,3,2,8,2,-7,4,8,-5,6,1,-1,1,120
13,5,11,3,2,8,5,-7,2,11,-7,6,1,-1,1,120
11,5,1,3,2,3,4,-2,2,5,-2,6,1,-1,1,120
11,5,2,3,2,4,2,-3,8,4,3,11,1,-1,0,120
11,5,4,3,2,5,2,-4,12,5,6,6,1,6,0,120
11,5,5,3,2,5,3,-4,2,6,-4,6,1,-1,1,120
11,5,7,3,2,6,2,-5,3,6,-4,6,1,-1,1,120
11,5,8,3,2,6,35,-5,2,39,-5,6,1,6,0,120
11,5,10,3,2,7,12,-6,2,17,-6,6,1,-1,1,120
11,5,11,3,2,8,2,-7,3,8,-6,6,1,-1,1,120
12,5,1,3,2,3,8,-2,2,9,-2,8,1,-1,0,120
12,5,2,3,2,4,2,-3,3,4,-2,6,1,-1,1,120
12,5,4,3,2,5,2,-4,4,5,-2,6,1,-1,1,120
12,5,5,3,2,5,5,-4,2,8,-4,6,1,-1,1,120
12,5,7,3,2,6,4,-5,2,8,-5,6,1,-1,1,120
12,5,8,3,2,7,2,-6,6,7,-2,6,1,-1,1,120
12,5,10,3,2,8,2,-7,9,8,0,6,1,-1,1,120
12,5,11,3,2,8,3,-7,2,9,-7,6,1,-1,1,120
19,5,1,3,2,5,2,-4,4,5,-2,6,1,-1,1,120
19,5,2,3,2,5,4,-4,2,7,-4,6,1,-1,1,120
19,5,4,3,2,6,4,-5,2,8,-5,6,1,-1,1,120
19,5,5,3,2,7,2,-6,7,7,-1,6,1,-1,1,120
19,5,7,3,2,8,2,-7,11,8,2,6,1,-1,1,120
19,5,8,3,2,8,3,-7,2,9,-7,6,1,-1,1,120
19,5,10,3,2,9,3,-8,2,10,-8,6,1,-1,1,120
19,5,11,3,2,9,69,-8,2,76,-8,6,1,6,0,120
16,5,1,3,2,4,4,-3,2,6,-3,6,1,-1,1,120
16,5,2,3,2,5,2,-4,8,5,2,9,1,-1,1,120
16,5,4,3,2,6,2,-5,12,6,5,6,1,-1,0,120
16,5,5,3,2,6,3,-5,2,7,-5,6,1,-1,1,120
16,5,7,3,2,7,2,-6,3,7,-5,6,1,-1,1,120
16,5,8,3,2,7,35,-6,2,40,-6,7,1,7,0,120
16,5,10,3,2,8,12,-7,2,18,-7,6,1,-1,1,120
16,5,11,3,2,9,2,-8,3,9,-7,6,1,-1,1,120
17,5,1,3,2,4,8,-3,2,10,-3,7,1,-1,1,120
17,5,2,3,2,5,2,-4,3,5,-3,6,1,-1,1,120
17,5,4,3,2,6,2,-5,4,6,-3,6,1,-1,1,120
17,5,5,3,2,6,5,-5,2,9,-5,6,1,-1,1,120
17,5,7,3,2,7,4,-6,2,9,-6,6,1,-1,1,120
17,5,8,3,2,8,2,-7,6,8,-3,6,1,-1,1,120
17,5,10,3,2,9,2,-8,9,9,-1,6,1,-1,1,120
17,5,11,3,2,9,3,-8,2,10,-8,6,1,-1,1,120
18,5,1,3,2,5,2,-4,15,5,9,9,1,9,0,120
18,5,2,3,2,5,3,-4,2,6,-4,6,1,-1,1,120
18,5,4,3,2,6,2,-5,3,6,-4,6,1,-1,1,120
18,5,5,3,2,6,24,-5,2,28,-5,6,1,6,0,120
18,5,7,3,2,7,10,-6,2,15,-6,7,1,-1,1,120
18,5,8,3,2,8,2,-7,3,8,-6,6,1,-1,1,120
18,5,10,3,2,9,2,-8,4,9,-6,7,1,-1,1,120
18,5,11,3,2,9,5,-8,2,12,-8,6,1,-1,1,120
24,5,1,3,2,6,2,-5,4,6,-3,6,1,-1,1,120
24,5,2,3,2,6,4,-5,2,8,-5,6,1,-1,1,120
24,5,4,3,2,7,4,-6,2,9,-6,6,1,-1,1,120
24,5,5,3,2,8,2,-7,7,8,-2,6,1,-1,1,120
24,5,7,3,2,9,2,-8,11,9,1,6,1,-1,1,120
24,5,8,3,2,9,3,-8,2,10,-8,6,1,-1,1,120
24,5,10,3,2,10,3,-9,2,11,-9,7,1,-1,1,120
24,5,11,3,2,10,69,-9,2,77,-9,6,1,6,0,120
21,5,1,3,2,5,4,-4,2,7,-4,6,1,-1,1,120
21,5,2,3,2,6,2,-5,8,6,1,8,1,-1,1,120
21,5,4,3,2,7,2,-6,12,7,4,6,1,-1,1,120
21,5,5,3,2,7,3,-6,2,8,-6,6,1,-1,1,120
21,5,7,3,2,8,2,-7,3,8,-6,7,1,-1,1,120
21,5,8,3,2,8,35,-7,2,41,-7,6,1,6,0,120
21,5,10,3,2,9,12,-8,2,19,-8,6,1,-1,1,120
21,5,11,3,2,10,2,-9,3,10,-8,6,1,-1,1,120
22,5,1,3,2,5,8,-4,2,11,-4,6,1,-1,1,120
22,5,2,3,2,6,2,-5,3,6,-4,6,1,-1,1,120
22,5,4,3,2,7,2,-6,4,7,-4,6,1,-1,1,120
22,5,5,3,2,7,5,-6,2,10,-6,6,1,-1,1,120
22,5,7,3,2,8,4,-7,2,10,-7,6,1,-1,1,120
22,5,8,3,2,9,2,-8,6,9,-4,6,1,-1,1,120
22,5,10,3,2,10,2,-9,9,10,-2,6,1,-1,1,120
22,5,11,3,2,10,3,-9,2,11,-9,6,1,-1,1,120
23,5,1,3,2,6,2,-5,15,6,8,8,1,8,0,120
23,5,2,3,2,6,3,-5,2,7,-5,6,1,-1,1,120
23,5,4,3,2,7,2,-6,3,7,-5,6,1,-1,1,120
23,5,5,3,2,7,24,-6,2,29,-6,7,1,7,0,120
23,5,7,3,2,8,10,-7,2,16,-7,6,1,-1,1,120
23,5,8,3,2,9,2,-8,3,9,-7,6,1,-1,1,120
23,5,10,3,2,10,2,-9,4,10,-7,6,1,-1,1,120
23,5,11,3,2,10,5,-9,2,13,-9,6,1,-1,1,120
28,5,1,3,2,7,2,-6,15,7,7,7,1,7,0,120
28,5,2,3,2,7,3,-6,2,8,-6,6,1,-1,1,120
28,5,4,3,2,8,2,-7,3,8,-6,7,1,-1,1,120
28,5,5,3,2,8,24,-7,2,30,-7,6,1,6,0,120
28,5,7,3,2,9,10,-8,2,17,-8,6,1,-1,1,120
28,5,8,3,2,10,2,-9,3,10,-8,6,1,-1,1,120
28,5,10,3,2,11,2,-10,4,11,-8,6,1,-1,1,120
28,5,11,3,2,11,5,-10,2,14,-10,6,1,-1,1,120
29,5,1,3,2,7,2,-6,4,7,-4,6,1,-1,1,120
29,5,2,3,2,7,4,-6,2,9,-6,6,1,-1,1,120
29,5,4,3,2,8,4,-7,2,10,-7,6,1,-1,1,120
29,5,5,3,2,9,2,-8,7,9,-3,6,1,-1,1,120
29,5,7,3,2,10,2,-9,11,10,0,6,1,-1,1,120
29,5,8,3,2,10,3,-9,2,11,-9,6,1,-1,1,120
29,5,10,3,2,11,3,-10,2,12,-10,6,1,-1,1,120
29,5,11,3,2,11,69,-10,2,78,-10,6,1,6,0,120
26,5,1,3,2,6,4,-5,2,8,-5,6,1,-1,1,120
26,5,2,3,2,7,2,-6,8,7,0,7,1,-1,1,120
26,5,4,3,2,8,2,-7,12,8,3,6,1,-1,1,120
26,5,5,3,2,8,3,-7,2,9,-7,6,1,-1,1,120
26,5,7,3,2,9,2,-8,3,9,-7,6,1,-1,1,120
26,5,8,3,2,9,35,-8,2,42,-8,6,1,6,0,120
26,5,10,3,2,10,12,-9,2,20,-9,6,1,-1,1,120
26,5,11,3,2,11,2,-10,3,11,-9,6,1,-1,1,120
27,5,1,3,2,6,8,-5,2,12,-5,6,1,-1,1,120
27,5,2,3,2,7,2,-6,3,7,-5,6,1,-1,1,120
27,5,4,3,2,8,2,-7,4,8,-5,6,1,-1,1,120
27,5,5,3,2,8,5,-7,2,11,-7,6,1,-1,1,120
27,5,7,3,2,9,4,-8,2,11,-8,6,1,-1,1,120
27,5,8,3,2,10,2,-9,6,10,-5,6,1,-1,1,120
27,5,10,3,2,11,2,-10,9,11,-3,6,1,-1,1,120
27,5,11,3,2,11,3,-10,2,12,-10,6,1,-1,1,120
-29,5,1,4,2,-5,3,6,2,-4,6,6,1,-1,1,120
-29,5,3,4,2,-4,2,5,4,-4,7,6,1,-1,1,120
-29,5,5,4,2,-4,32,5,2,26,5,26,1,26,0,120
-29,5,7,4,2,-3,4,4,2,-1,4,6,1,-1,1,120
-29,5,9,4,2,-2,2,3,3,-2,4,6,1,-1,1,120
-29,5,11,4,2,-1,2,2,12,-1,12,9,1,9,0,120
-29,5,13,4,2,-1,5,2,2,2,2,6,1,-1,0,120
-29,5,15,4,2,0,3,1,2,1,1,6,1,-1,0,120
-28,5,1,4,2,-5,5,6,2,-2,6,6,1,-1,1,120
-28,5,3,4,2,-4,2,5,3,-4,6,7,1,-1,1,120
-28,5,5,4,2,-3,2,4,6,-3,8,7,1,-1,1,120
-28,5,7,4,2,-3,8,4,2,3,4,6,1,-1,0,120
-28,5,9,4,2,-2,3,3,2,-1,3,6,1,-1,1,120
-28,5,11,4,2,-1,2,2,4,-1,4,6,1,-1,1,120
-28,5,13,4,2,-1,263,2,2,260,2,-1,1,260,0,120
-28,5,15,4,2,0,4,1,2,2,1,6,1,-1,0,120
-27,5,1,4,2,-5,22,6,2,15,6,15,1,15,0,120
-27,5,3,4,2,-4,3,5,2,-3,5,6,1,-1,1,120
-27,5,5,4,2,-3,2,4,3,-3,5,6,1,-1,1,120
-27,5,7,4,2,-2,2,3,14,-2,15,10,1,10,0,120
-27,5,9,4,2,-2,5,3,2,1,3,6,1,-1,1,120
-27,5,11,4,2,-1,2,2,3,-1,3,7,1,-1,1,120
-27,5,13,4,2,0,2,1,6,0,5,7,1,-1,0,120
-27,5,15,4,2,0,11,1,2,9,1,9,1,9,0,120
-26,5,1,4,2,-4,2,5,7,-4,10,6,1,-1,1,120
-26,5,3,4,2,-4,8,5,2,2,5,7,1,-1,1,120
-26,5,5,4,2,-3,3,4,2,-2,4,6,1,-1,1,120
-26,5,7,4,2,-2,2,3,4,-2,5,6,1,-1,1,120
-26,5,9,4,2,-2,56,3,2,52,3,52,1,52,0,120
-26,5,11,4,2,-1,4,2,2,1,2,6,1,-1,0,120
-26,5,13,4,2,0,2,1,3,0,2,6,1,-1,1,120
-26,5,15,4,2,1,2,0,10,1,8,8,1,8,0,120
-23,5,1,4,2,-4,5,5,2,-1,5,7,1,-1,1,120
-23,5,3,4,2,-3,2,4,3,-3,5,6,1,-1,1,120
-23,5,5,4,2,-2,2,3,6,-2,7,7,1,-1,1,120
-23,5,7,4,2,-2,8,3,2,4,3,6,1,-1,0,120
-23,5,9,4,2,-1,3,2,2,0,2,6,1,-1,1,120
-23,5,11,4,2,0,2,1,4,0,3,7,1,-1,0,120
-23,5,13,4,2,0,263,1,2,261,1,-1,1,261,0,120
-23,5,15,4,2,1,4,0,2,3,0,6,1,-1,0,120
-24,5,1,4,2,-4,3,5,2,-3,5,6,1,-1,1,120
-24,5,3,4,2,-3,2,4,4,-3,6,6,1,-1,1,120
-24,5,5,4,2,-3,32,4,2,27,4,27,1,27,0,120
-24,5,7,4,2,-2,4,3,2,0,3,6,1,-1,1,120
-24,5,9,4,2,-1,2,2,3,-1,3,6,1,-1,1,120
-24,5,11,4,2,0,2,1,12,0,11,10,1,10,0,120
-24,5,13,4,2,0,5,1,2,3,1,6,1,-1,0,120
-24,5,15,4,2,1,3,0,2,2,0,6,1,-1,1,120
-21,5,1,4,2,-3,2,4,7,-3,9,6,1,-1,1,120
-21,5,3,4,2,-3,8,4,2,3,4,8,1,-1,0,120
-21,5,5,4,2,-2,3,3,2,-1,3,6,1,-1,1,120
-21,5,7,4,2,-1,2,2,4,-1,4,6,1,-1,1,120
-21,5,9,4,2,-1,56,2,2,53,2,53,1,53,0,120
-21,5,11,4,2,0,4,1,2,2,1,6,1,-1,0,120
-21,5,13,4,2,1,2,0,3,1,1,6,1,-1,0,120
-21,5,15,4,2,2,2,-1,10,2,7,7,1,7,0,120
-22,5,1,4,2,-4,22,5,2,16,5,16,1,16,0,120
-22,5,3,4,2,-3,3,4,2,-2,4,6,1,-1,1,120
-22,5,5,4,2,-2,2,3,3,-2,4,6,1,-1,1,120
-22,5,7,4,2,-1,2,2,14,-1,14,11,1,11,0,120
-22,5,9,4,2,-1,5,2,2,2,2,6,1,-1,0,120
-22,5,11,4,2,0,2,1,3,0,2,6,1,-1,1,120
-22,5,13,4,2,1,2,0,6,1,4,7,1,-1,0,120
-22,5,15,4,2,1,11,0,2,10,0,9,1,9,0,120
-19,5,1,4,2,-3,3,4,2,-2,4,6,1,-1,1,120
-19,5,3,4,2,-2,2,3,4,-2,5,6,1,-1,1,120
-19,5,5,4,2,-2,32,3,2,28,3,28,1,28,0,120
-19,5,7,4,2,-1,4,2,2,1,2,6,1,-1,0,120
-19,5,9,4,2,0,2,1,3,0,2,6,1,-1,1,120
-19,5,11,4,2,1,2,0,12,1,10,10,1,10,0,120
-19,5,13,4,2,1,5,0,2,4,0,6,1,-1,0,120
-19,5,15,4,2,2,3,-1,2,3,-1,7,1,-1,1,120
-18,5,1,4,2,-3,5,4,2,0,4,7,1,-1,1,120
-18,5,3,4,2,-2,2,3,3,-2,4,6,1,-1,1,120
-18,5,5,4,2,-1,2,2,6,-1,6,6,1,-1,0,120
-18,5,7,4,2,-1,8,2,2,5,2,6,1,-1,0,120
-18,5,9,4,2,0,3,1,2,1,1,6,1,-1,0,120
-18,5,11,4,2,1,2,0,4,1,2,6,1,-1,0,120
-18,5,13,4,2,1,263,0,2,262,0,-1,1,261,0,120
-18,5,15,4,2,2,4,-1,2,4,-1,7,1,-1,1,120
-16,5,1,4,2,-2,2,3,7,-2,8,6,1,-1,1,120
-16,5,3,4,2,-2,8,3,2,4,3,9,1,-1,0,120
-16,5,5,4,2,-1,3,2,2,0,2,6,1,-1,1,120
-16,5,7,4,2,0,2,1,4,0,3,6,1,-1,0,120
-16,5,9,4,2,0,56,1,2,54,1,54,1,54,0,120
-16,5,11,4,2,1,4,0,2,3,0,6,1,-1,0,120
-16,5,13,4,2,2,2,-1,3,2,0,6,1,-1,1,120
-16,5,15,4,2,3,2,-2,10,3,6,6,1,6,0,120
-17,5,1,4,2,-3,22,4,2,17,4,17,1,17,0,120
-17,5,3,4,2,-2,3,3,2,-1,3,6,1,-1,1,120
-17,5,5,4,2,-1,2,2,3,-1,3,6,1,-1,1,120
-17,5,7,4,2,0,2,1,14,0,13,12,1,12,0,120
-17,5,9,4,2,0,5,1,2,3,1,6,1,-1,0,120
-17,5,11,4,2,1,2,0,3,1,1,6,1,-1,0,120
-17,5,13,4,2,2,2,-1,6,2,3,6,1,-1,0,120
-17,5,15,4,2,2,11,-1,2,11,-1,8,1,8,0,120
-13,5,1,4,2,-2,5,3,2,1,3,6,1,-1,1,120
-13,5,3,4,2,-1,2,2,3,-1,3,6,1,-1,1,120
-13,5,5,4,2,0,2,1,6,0,5,6,1,-1,0,120
-13,5,7,4,2,0,8,1,2,6,1,6,1,6,0,120
-13,5,9,4,2,1,3,0,2,2,0,6,1,-1,1,120
-13,5,11,4,2,2,2,-1,4,2,1,6,1,-1,0,120
-13,5,13,4,2,2,263,-1,2,263,-1,-1,1,260,0,120
-13,5,15,4,2,3,4,-2,2,5,-2,6,1,-1,1,120
-14,5,1,4,2,-2,3,3,2,-1,3,6,1,-1,1,120
-14,5,3,4,2,-1,2,2,4,-1,4,6,1,-1,1,120
-14,5,5,4,2,-1,32,2,2,29,2,29,1,29,0,120
-14,5,7,4,2,0,4,1,2,2,1,7,1,-1,0,120
-14,5,9,4,2,1,2,0,3,1,1,6,1,-1,0,120
-14,5,11,4,2,2,2,-1,12,2,9,9,1,9,0,120
-14,5,13,4,2,2,5,-1,2,5,-1,6,1,-1,1,120
-14,5,15,4,2,3,3,-2,2,4,-2,6,1,-1,1,120
-12,5,1,4,2,-2,22,3,2,18,3,18,1,18,0,120
-12,5,3,4,2,-1,3,2,2,0,2,6,1,-1,1,120
-12,5,5,4,2,0,2,1,3,0,2,6,1,-1,1,120
-12,5,7,4,2,1,2,0,14,1,12,12,1,12,0,120
-12,5,9,4,2,1,5,0,2,4,0,6,1,-1,0,120
-12,5,11,4,2,2,2,-1,3,2,0,6,1,-1,1,120
-12,5,13,4,2,3,2,-2,6,3,2,8,1,-1,0,120
-12,5,15,4,2,3,11,-2,2,12,-2,7,1,7,0,120
-11,5,1,4,2,-1,2,2,7,-1,7,6,1,-1,0,120
-11,5,3,4,2,-1,8,2,2,5,2,6,1,-1,0,120
-11,5,5,4,2,0,3,1,2,1,1,6,1,-1,0,120
-11,5,7,4,2,1,2,0,4,1,2,6,1,-1,0,120
-11,5,9,4,2,1,56,0,2,55,0,54,1,54,0,120
-11,5,11,4,2,2,4,-1,2,4,-1,6,1,-1,1,120
-11,5,13,4,2,3,2,-2,3,3,-1,6,1,-1,1,120
-11,5,15,4,2,4,2,-3,10,4,5,6,1,-1,0,120
-8,5,1,4,2,-1,5,2,2,2,2,6,1,-1,0,120
-8,5,3,4,2,0,2,1,3,0,2,6,1,-1,1,120
-8,5,5,4,2,1,2,0,6,1,4,6,1,-1,0,120
-8,5,7,4,2,1,8,0,2,7,0,6,1,6,0,120
-8,5,9,4,2,2,3,-1,2,3,-1,6,1,-1,1,120
-8,5,11,4,2,3,2,-2,4,3,0,6,1,-1,1,120
-8,5,13,4,2,3,263,-2,2,264,-2,-1,1,259,0,120
-8,5,15,4,2,4,4,-3,2,6,-3,6,1,-1,1,120
-9,5,1,4,2,-1,3,2,2,0,2,6,1,-1,1,120
-9,5,3,4,2,0,2,1,4,0,3,6,1,-1,0,120
-9,5,5,4,2,0,32,1,2,30,1,30,1,30,0,120
-9,5,7,4,2,1,4,0,2,3,0,7,1,-1,0,120
-9,5,9,4,2,2,2,-1,3,2,0,6,1,-1,1,120
-9,5,11,4,2,3,2,-2,12,3,8,8,1,8,0,120
-9,5,13,4,2,3,5,-2,2,6,-2,7,1,-1,1,120
-9,5,15,4,2,4,3,-3,2,5,-3,6,1,-1,1,120
-7,5,1,4,2,-1,22,2,2,19,2,19,1,19,0,120
-7,5,3,4,2,0,3,1,2,1,1,6,1,-1,0,120
-7,5,5,4,2,1,2,0,3,1,1,6,1,-1,0,120
-7,5,7,4,2,2,2,-1,14,2,11,11,1,11,0,120
-7,5,9,4,2,2,5,-1,2,5,-1,6,1,-1,1,120
-7,5,11,4,2,3,2,-2,3,3,-1,7,1,-1,1,120
-7,5,13,4,2,4,2,-3,6,4,1,6,1,-1,1,120
-7,5,15,4,2,4,11,-3,2,13,-3,6,1,6,0,120
-6,5,1,4,2,0,2,1,7,0,6,6,1,-1,0,120
-6,5,3,4,2,0,8,1,2,6,1,6,1,6,0,120
-6,5,5,4,2,1,3,0,2,2,0,6,1,-1,1,120
-6,5,7,4,2,2,2,-1,4,2,1,6,1,-1,0,120
-6,5,9,4,2,2,56,-1,2,56,-1,53,1,53,0,120
-6,5,11,4,2,3,4,-2,2,5,-2,8,1,-1,1,120
-6,5,13,4,2,4,2,-3,3,4,-2,6,1,-1,1,120
-6,5,15,4,2,5,2,-4,10,5,4,6,1,-1,0,120
-3,5,1,4,2,0,5,1,2,3,1,6,1,-1,0,120
-3,5,3,4,2,1,2,0,3,1,1,6,1,-1,0,120
-3,5,5,4,2,2,2,-1,6,2,3,6,1,-1,0,120
-3,5,7,4,2,2,8,-1,2,8,-1,6,1,-1,0,120
-3,5,9,4,2,3,3,-2,2,4,-2,6,1,-1,1,120
-3,5,11,4,2,4,2,-3,4,4,-1,6,1,-1,1,120
-3,5,13,4,2,4,263,-3,2,265,-3,-1,1,258,0,120
-3,5,15,4,2,5,4,-4,2,7,-4,6,1,-1,1,120
-4,5,1,4,2,0,3,1,2,1,1,6,1,-1,0,120
-4,5,3,4,2,1,2,0,4,1,2,6,1,-1,0,120
-4,5,5,4,2,1,32,0,2,31,0,30,1,30,0,120
-4,5,7,4,2,2,4,-1,2,4,-1,6,1,-1,1,120
-4,5,9,4,2,3,2,-2,3,3,-1,6,1,-1,1,120
-4,5,11,4,2,4,2,-3,12,4,7,7,1,7,0,120
-4,5,13,4,2,4,5,-3,2,7,-3,6,1,-1,1,120
-4,5,15,4,2,5,3,-4,2,6,-4,6,1,-1,1,120
-2,5,1,4,2,0,22,1,2,20,1,20,1,20,0,120
-2,5,3,4,2,1,3,0,2,2,0,6,1,-1,1,120
-2,5,5,4,2,2,2,-1,3,2,0,6,1,-1,1,120
-2,5,7,4,2,3,2,-2,14,3,10,10,1,10,0,120
-2,5,9,4,2,3,5,-2,2,6,-2,6,1,-1,1,120
-2,5,11,4,2,4,2,-3,3,4,-2,6,1,-1,1,120
-2,5,13,4,2,5,2,-4,6,5,0,6,1,-1,1,120
-2,5,15,4,2,5,11,-4,2,14,-4,7,1,-1,1,120
-1,5,1,4,2,1,2,0,7,1,5,6,1,-1,0,120
-1,5,3,4,2,1,8,0,2,7,0,6,1,6,0,120
-1,5,5,4,2,2,3,-1,2,3,-1,6,1,-1,1,120
-1,5,7,4,2,3,2,-2,4,3,0,6,1,-1,1,120
-1,5,9,4,2,3,56,-2,2,57,-2,52,1,52,0,120
-1,5,11,4,2,4,4,-3,2,6,-3,6,1,-1,1,120
-1,5,13,4,2,5,2,-4,3,5,-3,6,1,-1,1,120
-1,5,15,4,2,6,2,-5,10,6,3,7,1,-1,1,120
1,5,1,4,2,1,3,0,2,2,0,6,1,-1,1,120
1,5,3,4,2,2,2,-1,4,2,1,6,1,-1,0,120
1,5,5,4,2,2,32,-1,2,32,-1,29,1,29,0,120
1,5,7,4,2,3,4,-2,2,5,-2,6,1,-1,1,120
1,5,9,4,2,4,2,-3,3,4,-2,6,1,-1,1,120
1,5,11,4,2,5,2,-4,12,5,6,6,1,6,0,120
1,5,13,4,2,5,5,-4,2,8,-4,8,1,-1,1,120
1,5,15,4,2,6,3,-5,2,7,-5,7,1,-1,1,120
2,5,1,4,2,1,5,0,2,4,0,6,1,-1,0,120
2,5,3,4,2,2,2,-1,3,2,0,6,1,-1,1,120
2,5,5,4,2,3,2,-2,6,3,2,8,1,-1,0,120
2,5,7,4,2,3,8,-2,2,9,-2,9,1,-1,0,120
2,5,9,4,2,4,3,-3,2,5,-3,6,1,-1,1,120
2,5,11,4,2,5,2,-4,4,5,-2,6,1,-1,1,120
2,5,13,4,2,5,263,-4,2,266,-4,-1,1,257,0,120
2,5,15,4,2,6,4,-5,2,8,-5,6,1,-1,1,120
4,5,1,4,2,2,2,-1,7,2,4,6,1,-1,0,120
4,5,3,4,2,2,8,-1,2,8,-1,7,1,-1,0,120
4,5,5,4,2,3,3,-2,2,4,-2,6,1,-1,1,120
4,5,7,4,2,4,2,-3,4,4,-1,6,1,-1,1,120
4,5,9,4,2,4,56,-3,2,58,-3,51,1,51,0,120
4,5,11,4,2,5,4,-4,2,7,-4,6,1,-1,1,120
4,5,13,4,2,6,2,-5,3,6,-4,6,1,-1,1,120
4,5,15,4,2,7,2,-6,10,7,2,6,1,-1,1,120
3,5,1,4,2,1,22,0,2,21,0,20,1,20,0,120
3,5,3,4,2,2,3,-1,2,3,-1,6,1,-1,1,120
3,5,5,4,2,3,2,-2,3,3,-1,6,1,-1,1,120
3,5,7,4,2,4,2,-3,14,4,9,9,1,9,0,120
3,5,9,4,2,4,5,-3,2,7,-3,6,1,-1,1,120
3,5,11,4,2,5,2,-4,3,5,-3,6,1,-1,1,120
3,5,13,4,2,6,2,-5,6,6,-1,12,1,-1,1,120
3,5,15,4,2,6,11,-5,2,15,-5,6,1,-1,1,120
7,5,1,4,2,2,5,-1,2,5,-1,6,1,-1,1,120
7,5,3,4,2,3,2,-2,3,3,-1,6,1,-1,1,120
7,5,5,4,2,4,2,-3,6,4,1,6,1,-1,1,120
7,5,7,4,2,4,8,-3,2,10,-3,10,1,-1,1,120
7,5,9,4,2,5,3,-4,2,6,-4,6,1,-1,1,120
7,5,11,4,2,6,2,-5,4,6,-3,6,1,-1,1,120
7,5,13,4,2,6,263,-5,2,267,-5,6,1,6,0,120
7,5,15,4,2,7,4,-6,2,9,-6,6,1,-1,1,120
6,5,1,4,2,2,3,-1,2,3,-1,6,1,-1,1,120
6,5,3,4,2,3,2,-2,4,3,0,6,1,-1,1,120
6,5,5,4,2,3,32,-2,2,33,-2,28,1,28,0,120
6,5,7,4,2,4,4,-3,2,6,-3,6,1,-1,1,120
6,5,9,4,2,5,2,-4,3,5,-3,6,1,-1,1,120
6,5,11,4,2,6,2,-5,12,6,5,6,1,-1,0,120
6,5,13,4,2,6,5,-5,2,9,-5,6,1,-1,1,120
6,5,15,4,2,7,3,-6,2,8,-6,7,1,-1,1,120
9,5,1,4,2,3,2,-2,7,3,3,6,1,-1,0,120
9,5,3,4,2,3,8,-2,2,9,-2,6,1,-1,0,120
9,5,5,4,2,4,3,-3,2,5,-3,6,1,-1,1,120
9,5,7,4,2,5,2,-4,4,5,-2,6,1,-1,1,120
9,5,9,4,2,5,56,-4,2,59,-4,50,1,50,0,120
9,5,11,4,2,6,4,-5,2,8,-5,6,1,-1,1,120
9,5,13,4,2,7,2,-6,3,7,-5,6,1,-1,1,120
9,5,15,4,2,8,2,-7,10,8,1,6,1,-1,1,120
8,5,1,4,2,2,22,-1,2,22,-1,19,1,19,0,120
8,5,3,4,2,3,3,-2,2,4,-2,6,1,-1,1,120
8,5,5,4,2,4,2,-3,3,4,-2,6,1,-1,1,120
8,5,7,4,2,5,2,-4,14,5,8,8,1,8,0,120
8,5,9,4,2,5,5,-4,2,8,-4,6,1,-1,1,120
8,5,11,4,2,6,2,-5,3,6,-4,6,1,-1,1,120
8,5,13,4,2,7,2,-6,6,7,-2,9,1,-1,1,120
8,5,15,4,2,7,11,-6,2,16,-6,6,1,-1,1,120
11,5,1,4,2,3,3,-2,2,4,-2,6,1,-1,1,120
11,5,3,4,2,4,2,-3,4,4,-1,6,1,-1,1,120
11,5,5,4,2,4,32,-3,2,34,-3,27,1,27,0,120
11,5,7,4,2,5,4,-4,2,7,-4,6,1,-1,1,120
11,5,9,4,2,6,2,-5,3,6,-4,6,1,-1,1,120
11,5,11,4,2,7,2,-6,12,7,4,8,1,-1,1,120
11,5,13,4,2,7,5,-6,2,10,-6,7,1,-1,1,120
11,5,15,4,2,8,3,-7,2,9,-7,6,1,-1,1,120
12,5,1,4,2,3,5,-2,2,6,-2,6,1,-1,1,120
12,5,3,4,2,4,2,-3,3,4,-2,6,1,-1,1,120
12,5,5,4,2,5,2,-4,6,5,0,6,1,-1,1,120
12,5,7,4,2,5,8,-4,2,11,-4,10,1,-1,1,120
12,5,9,4,2,6,3,-5,2,7,-5,6,1,-1,1,120
12,5,11,4,2,7,2,-6,4,7,-4,6,1,-1,1,120
12,5,13,4,2,7,263,-6,2,268,-6,7,1,7,0,120
12,5,15,4,2,8,4,-7,2,10,-7,6,1,-1,1,120
13,5,1,4,2,3,22,-2,2,23,-2,18,1,18,0,120
13,5,3,4,2,4,3,-3,2,5,-3,6,1,-1,1,120
13,5,5,4,2,5,2,-4,3,5,-3,6,1,-1,1,120
13,5,7,4,2,6,2,-5,14,6,7,7,1,7,0,120
13,5,9,4,2,6,5,-5,2,9,-5,6,1,-1,1,120
13,5,11,4,2,7,2,-6,3,7,-5,6,1,-1,1,120
13,5,13,4,2,8,2,-7,6,8,-3,6,1,-1,1,120
13,5,15,4,2,8,11,-7,2,17,-7,6,1,-1,1,120
14,5,1,4,2,4,2,-3,7,4,2,6,1,-1,1,120
14,5,3,4,2,4,8,-3,2,10,-3,6,1,-1,1,120
14,5,5,4,2,5,3,-4,2,6,-4,6,1,-1,1,120
14,5,7,4,2,6,2,-5,4,6,-3,6,1,-1,1,120
14,5,9,4,2,6,56,-5,2,60,-5,6,1,6,0,120
14,5,11,4,2,7,4,-6,2,9,-6,6,1,-1,1,120
14,5,13,4,2,8,2,-7,3,8,-6,6,1,-1,1,120
14,5,15,4,2,9,2,-8,10,9,0,6,1,-1,1,120
17,5,1,4,2,4,5,-3,2,7,-3,6,1,-1,1,120
17,5,3,4,2,5,2,-4,3,5,-3,6,1,-1,1,120
17,5,5,4,2,6,2,-5,6,6,-1,6,1,-1,1,120
17,5,7,4,2,6,8,-5,2,12,-5,6,1,-1,1,120
17,5,9,4,2,7,3,-6,2,8,-6,6,1,-1,1,120
17,5,11,4,2,8,2,-7,4,8,-5,6,1,-1,1,120
17,5,13,4,2,8,263,-7,2,269,-7,6,1,6,0,120
17,5,15,4,2,9,4,-8,2,11,-8,6,1,-1,1,120
16,5,1,4,2,4,3,-3,2,5,-3,6,1,-1,1,120
16,5,3,4,2,5,2,-4,4,5,-2,6,1,-1,1,120
16,5,5,4,2,5,32,-4,2,35,-4,26,1,26,0,120
16,5,7,4,2,6,4,-5,2,8,-5,6,1,-1,1,120
16,5,9,4,2,7,2,-6,3,7,-5,6,1,-1,1,120
16,5,11,4,2,8,2,-7,12,8,3,6,1,-1,1,120
16,5,13,4,2,8,5,-7,2,11,-7,6,1,-1,1,120
16,5,15,4,2,9,3,-8,2,10,-8,6,1,-1,1,120
18,5,1,4,2,4,22,-3,2,24,-3,17,1,17,0,120
18,5,3,4,2,5,3,-4,2,6,-4,7,1,-1,1,120
18,5,5,4,2,6,2,-5,3,6,-4,6,1,-1,1,120
18,5,7,4,2,7,2,-6,14,7,6,6,1,6,0,120
18,5,9,4,2,7,5,-6,2,10,-6,6,1,-1,1,120
18,5,11,4,2,8,2,-7,3,8,-6,7,1,-1,1,120
18,5,13,4,2,9,2,-8,6,9,-4,6,1,-1,1,120
18,5,15,4,2,9,11,-8,2,18,-8,7,1,-1,1,120
19,5,1,4,2,5,2,-4,7,5,1,6,1,-1,1,120
19,5,3,4,2,5,8,-4,2,11,-4,8,1,-1,1,120
19,5,5,4,2,6,3,-5,2,7,-5,6,1,-1,1,120
19,5,7,4,2,7,2,-6,4,7,-4,6,1,-1,1,120
19,5,9,4,2,7,56,-6,2,61,-6,7,1,7,0,120
19,5,11,4,2,8,4,-7,2,10,-7,6,1,-1,1,120
19,5,13,4,2,9,2,-8,3,9,-7,6,1,-1,1,120
19,5,15,4,2,10,2,-9,10,10,-1,6,1,-1,1,120
22,5,1,4,2,5,5,-4,2,8,-4,6,1,-1,1,120
22,5,3,4,2,6,2,-5,3,6,-4,6,1,-1,1,120
22,5,5,4,2,7,2,-6,6,7,-2,6,1,-1,1,120
22,5,7,4,2,7,8,-6,2,13,-6,7,1,-1,1,120
22,5,9,4,2,8,3,-7,2,9,-7,6,1,-1,1,120
22,5,11,4,2,9,2,-8,4,9,-6,6,1,-1,1,120
22,5,13,4,2,9,263,-8,2,270,-8,6,1,6,0,120
22,5,15,4,2,10,4,-9,2,12,-9,6,1,-1,1,120
21,5,1,4,2,5,3,-4,2,6,-4,6,1,-1,1,120
21,5,3,4,2,6,2,-5,4,6,-3,6,1,-1,1,120
21,5,5,4,2,6,32,-5,2,36,-5,6,1,6,0,120
21,5,7,4,2,7,4,-6,2,9,-6,6,1,-1,1,120
21,5,9,4,2,8,2,-7,3,8,-6,6,1,-1,1,120
21,5,11,4,2,9,2,-8,12,9,2,6,1,-1,1,120
21,5,13,4,2,9,5,-8,2,12,-8,6,1,-1,1,120
21,5,15,4,2,10,3,-9,2,11,-9,7,1,-1,1,120
23,5,1,4,2,5,22,-4,2,25,-4,16,1,16,0,120
23,5,3,4,2,6,3,-5,2,7,-5,7,1,-1,1,120
23,5,5,4,2,7,2,-6,3,7,-5,6,1,-1,1,120
23,5,7,4,2,8,2,-7,14,8,5,6,1,-1,1,120
23,5,9,4,2,8,5,-7,2,11,-7,6,1,-1,1,120
23,5,11,4,2,9,2,-8,3,9,-7,6,1,-1,1,120
23,5,13,4,2,10,2,-9,6,10,-5,7,1,-1,1,120
23,5,15,4,2,10,11,-9,2,19,-9,6,1,-1,1,120
24,5,1,4,2,6,2,-5,7,6,0,6,1,-1,1,120
24,5,3,4,2,6,8,-5,2,12,-5,6,1,-1,1,120
24,5,5,4,2,7,3,-6,2,8,-6,6,1,-1,1,120
24,5,7,4,2,8,2,-7,4,8,-5,6,1,-1,1,120
24,5,9,4,2,8,56,-7,2,62,-7,6,1,6,0,120
24,5,11,4,2,9,4,-8,2,11,-8,6,1,-1,1,120
24,5,13,4,2,10,2,-9,3,10,-8,6,1,-1,1,120
24,5,15,4,2,11,2,-10,10,11,-2,6,1,-1,1,120
27,5,1,4,2,6,5,-5,2,9,-5,6,1,-1,1,120
27,5,3,4,2,7,2,-6,3,7,-5,6,1,-1,1,120
27,5,5,4,2,8,2,-7,6,8,-3,6,1,-1,1,120
27,5,7,4,2,8,8,-7,2,14,-7,6,1,-1,1,120
27,5,9,4,2,9,3,-8,2,10,-8,6,1,-1,1,120
27,5,11,4,2,10,2,-9,4,10,-7,6,1,-1,1,120
27,5,13,4,2,10,263,-9,2,271,-9,6,1,6,0,120
27,5,15,4,2,11,4,-10,2,13,-10,6,1,-1,1,120
26,5,1,4,2,6,3,-5,2,7,-5,6,1,-1,1,120
26,5,3,4,2,7,2,-6,4,7,-4,7,1,-1,1,120
26,5,5,4,2,7,32,-6,2,37,-6,7,1,7,0,120
26,5,7,4,2,8,4,-7,2,10,-7,7,1,-1,1,120
26,5,9,4,2,9,2,-8,3,9,-7,6,1,-1,1,120
26,5,11,4,2,10,2,-9,12,10,1,6,1,-1,1,120
26,5,13,4,2,10,5,-9,2,13,-9,6,1,-1,1,120
26,5,15,4,2,11,3,-10,2,12,-10,6,1,-1,1,120
28,5,1,4,2,6,22,-5,2,26,-5,6,1,6,0,120
28,5,3,4,2,7,3,-6,2,8,-6,7,1,-1,1,120
28,5,5,4,2,8,2,-7,3,8,-6,6,1,-1,1,120
28,5,7,4,2,9,2,-8,14,9,4,6,1,-1,1,120
28,5,9,4,2,9,5,-8,2,12,-8,6,1,-1,1,120
28,5,11,4,2,10,2,-9,3,10,-8,7,1,-1,1,120
28,5,13,4,2,11,2,-10,6,11,-6,6,1,-1,1,120
28,5,15,4,2,11,11,-10,2,20,-10,6,1,-1,1,120
29,5,1,4,2,7,2,-6,7,7,-1,6,1,-1,1,120
29,5,3,4,2,7,8,-6,2,13,-6,6,1,-1,1,120
29,5,5,4,2,8,3,-7,2,9,-7,6,1,-1,1,120
29,5,7,4,2,9,2,-8,4,9,-6,6,1,-1,1,120
29,5,9,4,2,9,56,-8,2,63,-8,6,1,6,0,120
29,5,11,4,2,10,4,-9,2,12,-9,6,1,-1,1,120
29,5,13,4,2,11,2,-10,3,11,-9,6,1,-1,1,120
29,5,15,4,2,12,2,-11,10,12,-3,7,1,-1,1,120
-29,5,1,5,2,-5,2,6,3,-5,7,7,1,-1,1,120
-29,5,2,5,2,-5,5,6,2,-2,6,7,1,-1,1,120
-29,5,3,5,2,-4,2,5,21,-4,24,15,1,15,0,120
-29,5,4,5,2,-4,2,5,4,-4,7,6,1,-1,1,120
-29,5,6,5,2,-4,10,5,2,4,5,6,1,-1,0,120
-29,5,7,5,2,-3,2,4,6,-3,8,6,1,-1,1,120
-29,5,8,5,2,-3,2,4,3,-3,5,6,1,-1,1,120
-29,5,9,5,2,-3,4,4,2,-1,4,6,1,-1,1,120
-29,5,11,5,2,-2,2,3,4,-2,5,6,1,-1,1,120
-29,5,12,5,2,-2,3,3,2,-1,3,6,1,-1,1,120
-29,5,13,5,2,-2,9,3,2,5,3,6,1,-1,0,120
-29,5,14,5,2,-1,2,2,7,-1,7,6,1,-1,0,120
-29,5,16,5,2,-1,4,2,2,1,2,6,1,-1,0,120
-29,5,17,5,2,0,2,1,121,0,120,119,1,119,0,120
-29,5,18,5,2,0,2,1,4,0,3,7,1,-1,0,120
-29,5,19,5,2,0,3,1,2,1,1,6,1,-1,0,120
-28,5,1,5,2,-5,4,6,2,-3,6,6,1,-1,1,120
-28,5,2,5,2,-5,30,6,2,23,6,23,1,23,0,120
-28,5,3,5,2,-4,2,5,5,-4,8,6,1,-1,1,120
-28,5,4,5,2,-4,3,5,2,-3,5,6,1,-1,1,120
-28,5,6,5,2,-3,2,4,11,-3,13,6,1,6,0,120
-28,5,7,5,2,-3,2,4,3,-3,5,6,1,-1,1,120
-28,5,8,5,2,-3,3,4,2,-2,4,6,1,-1,1,120
-28,5,9,5,2,-3,19,4,2,14,4,14,1,14,0,120
-28,5,11,5,2,-2,3,3,2,-1,3,7,1,-1,1,120
-28,5,12,5,2,-2,5,3,2,1,3,6,1,-1,1,120
-28,5,13,5,2,-1,2,2,13,-1,13,10,1,10,0,120
-28,5,14,5,2,-1,2,2,3,-1,3,6,1,-1,1,120
-28,5,16,5,2,-1,14,2,2,11,2,11,1,11,0,120
-28,5,17,5,2,0,2,1,5,0,4,6,1,-1,0,120
-28,5,18,5,2,0,2,1,3,0,2,6,1,-1,1,120
-28,5,19,5,2,0,5,1,2,3,1,6,1,-1,0,120
-27,5,1,5,2,-5,9,6,2,2,6,6,1,-1,1,120
-27,5,2,5,2,-4,2,5,7,-4,10,6,1,-1,1,120
-27,5,3,5,2,-4,2,5,3,-4,6,6,1,-1,1,120
-27,5,4,5,2,-4,4,5,2,-2,5,6,1,-1,1,120
-27,5,6,5,2,-3,2,4,4,-3,6,6,1,-1,1,120
-27,5,7,5,2,-3,3,4,2,-2,4,6,1,-1,1,120
-27,5,8,5,2,-3,8,4,2,3,4,6,1,-1,0,120
-27,5,9,5,2,-2,2,3,7,-2,8,8,1,-1,1,120
-27,5,11,5,2,-2,4,3,2,0,3,6,1,-1,1,120
-27,5,12,5,2,-2,170,3,2,166,3,-1,1,166,0,120
-27,5,13,5,2,-1,2,2,4,-1,4,6,1,-1,1,120
-27,5,14,5,2,-1,3,2,2,0,2,6,1,-1,1,120
-27,5,16,5,2,0,2,1,8,0,7,6,1,6,0,120
-27,5,17,5,2,0,2,1,3,0,2,6,1,-1,1,120
-27,5,18,5,2,0,4,1,2,2,1,6,1,-1,0,120
-27,5,19,5,2,0,39,1,2,37,1,37,1,37,0,120
-26,5,1,5,2,-4,2,5,13,-4,16,7,1,7,0,120
-26,5,2,5,2,-4,2,5,3,-4,6,6,1,-1,1,120
-26,5,3,5,2,-4,3,5,2,-3,5,6,1,-1,1,120
-26,5,4,5,2,-4,15,5,2,9,5,9,1,9,0,120
-26,5,6,5,2,-3,2,4,3,-3,5,6,1,-1,1,120
-26,5,7,5,2,-3,5,4,2,0,4,6,1,-1,1,120
-26,5,8,5,2,-2,2,3,16,-2,17,12,1,12,0,120
-26,5,9,5,2,-2,2,3,3,-2,4,6,1,-1,1,120
-26,5,11,5,2,-2,12,3,2,8,3,8,1,8,0,120
-26,5,12,5,2,-1,2,2,6,-1,6,6,1,-1,0,120
-26,5,13,5,2,-1,2,2,3,-1,3,7,1,-1,1,120
-26,5,14,5,2,-1,5,2,2,2,2,6,1,-1,0,120
-26,5,16,5,2,0,2,1,4,0,3,7,1,-1,0,120
-26,5,17,5,2,0,3,1,2,1,1,6,1,-1,0,120
-26,5,18,5,2,0,10,1,2,8,1,8,1,8,0,120
-26,5,19,5,2,1,2,0,6,1,4,6,1,-1,0,120
-24,5,1,5,2,-4,2,5,3,-4,6,6,1,-1,1,120
-24,5,2,5,2,-4,5,5,2,-1,5,6,1,-1,1,120
-24,5,3,5,2,-3,2,4,21,-3,23,16,1,16,0,120
-24,5,4,5,2,-3,2,4,4,-3,6,6,1,-1,1,120
-24,5,6,5,2,-3,10,4,2,5,4,6,1,-1,0,120
-24,5,7,5,2,-2,2,3,6,-2,7,6,1,-1,1,120
-24,5,8,5,2,-2,2,3,3,-2,4,7,1,-1,1,120
-24,5,9,5,2,-2,4,3,2,0,3,6,1,-1,1,120
-24,5,11,5,2,-1,2,2,4,-1,4,6,1,-1,1,120
-24,5,12,5,2,-1,3,2,2,0,2,6,1,-1,1,120
-24,5,13,5,2,-1,9,2,2,6,2,6,1,6,0,120
-24,5,14,5,2,0,2,1,7,0,6,6,1,-1,0,120
-24,5,16,5,2,0,4,1,2,2,1,6,1,-1,0,120
-24,5,17,5,2,1,2,0,121,1,119,119,1,119,0,120
-24,5,18,5,2,1,2,0,4,1,2,6,1,-1,0,120
-24,5,19,5,2,1,3,0,2,2,0,7,1,-1,1,120
-23,5,11,5,2,-1,3,2,2,0,2,6,1,-1,1,120
-23,5,12,5,2,-1,5,2,2,2,2,6,1,-1,0,120
-23,5,13,5,2,0,2,1,13,0,12,11,1,11,0,120
-23,5,14,5,2,0,2,1,3,0,2,6,1,-1,1,120
-23,5,16,5,2,0,14,1,2,12,1,12,1,12,0,120
-23,5,17,5,2,1,2,0,5,1,3,6,1,-1,0,120
-23,5,18,5,2,1,2,0,3,1,1,6,1,-1,0,120
-23,5,19,5,2,1,5,0,2,4,0,6,1,-1,0,120
-23,5,1,5,2,-4,4,5,2,-2,5,6,1,-1,1,120
-23,5,2,5,2,-4,30,5,2,24,5,24,1,24,0,120
-23,5,3,5,2,-3,2,4,5,-3,7,6,1,-1,1,120
-23,5,4,5,2,-3,3,4,2,-2,4,6,1,-1,1,120
-23,5,6,5,2,-2,2,3,11,-2,12,7,1,7,0,120
-23,5,7,5,2,-2,2,3,3,-2,4,6,1,-1,1,120
-23,5,8,5,2,-2,3,3,2,-1,3,6,1,-1,1,120
-23,5,9,5,2,-2,19,3,2,15,3,15,1,15,0,120
-22,5,1,5,2,-4,9,5,2,3,5,6,1,-1,1,120
-22,5,2,5,2,-3,2,4,7,-3,9,7,1,-1,1,120
-22,5,3,5,2,-3,2,4,3,-3,5,7,1,-1,1,120
-22,5,4,5,2,-3,4,4,2,-1,4,6,1,-1,1,120
-22,5,6,5,2,-2,2,3,4,-2,5,6,1,-1,1,120
-22,5,7,5,2,-2,3,3,2,-1,3,6,1,-1,1,120
-22,5,8,5,2,-2,8,3,2,4,3,7,1,-1,0,120
-22,5,9,5,2,-1,2,2,7,-1,7,7,1,-1,0,120
-22,5,11,5,2,-1,4,2,2,1,2,6,1,-1,0,120
-22,5,12,5,2,-1,170,2,2,167,2,-1,1,167,0,120
-22,5,13,5,2,0,2,1,4,0,3,6,1,-1,0,120
-22,5,14,5,2,0,3,1,2,1,1,6,1,-1,0,120
-22,5,16,5,2,1,2,0,8,1,6,6,1,6,0,120
-22,5,17,5,2,1,2,0,3,1,1,6,1,-1,0,120
-22,5,18,5,2,1,4,0,2,3,0,6,1,-1,0,120
-22,5,19,5,2,1,39,0,2,38,0,37,1,37,0,120
-21,5,1,5,2,-3,2,4,13,-3,15,8,1,8,0,120
-21,5,2,5,2,-3,2,4,3,-3,5,6,1,-1,1,120
-21,5,3,5,2,-3,3,4,2,-2,4,6,1,-1,1,120
-21,5,4,5,2,-3,15,4,2,10,4,10,1,10,0,120
-21,5,6,5,2,-2,2,3,3,-2,4,6,1,-1,1,120
-21,5,7,5,2,-2,5,3,2,1,3,6,1,-1,1,120
-21,5,8,5,2,-1,2,2,16,-1,16,13,1,13,0,120
-21,5,9,5,2,-1,2,2,3,-1,3,6,1,-1,1,120
-21,5,11,5,2,-1,12,2,2,9,2,9,1,9,0,120
-21,5,12,5,2,0,2,1,6,0,5,7,1,-1,0,120
-21,5,13,5,2,0,2,1,3,0,2,6,1,-1,1,120
-21,5,14,5,2,0,5,1,2,3,1,6,1,-1,0,120
-21,5,16,5,2,1,2,0,4,1,2,7,1,-1,0,120
-21,5,17,5,2,1,3,0,2,2,0,6,1,-1,1,120
-21,5,18,5,2,1,10,0,2,9,0,8,1,8,0,120
-21,5,19,5,2,2,2,-1,6,2,3,6,1,-1,0,120
-19,5,1,5,2,-3,2,4,3,-3,5,6,1,-1,1,120
-19,5,2,5,2,-3,5,4,2,0,4,7,1,-1,1,120
-19,5,3,5,2,-2,2,3,21,-2,22,17,1,17,0,120
-19,5,4,5,2,-2,2,3,4,-2,5,6,1,-1,1,120
-19,5,6,5,2,-2,10,3,2,6,3,6,1,6,0,120
-19,5,7,5,2,-1,2,2,6,-1,6,6,1,-1,0,120
-19,5,8,5,2,-1,2,2,3,-1,3,6,1,-1,1,120
-19,5,9,5,2,-1,4,2,2,1,2,6,1,-1,0,120
-19,5,11,5,2,0,2,1,4,0,3,6,1,-1,0,120
-19,5,12,5,2,0,3,1,2,1,1,6,1,-1,0,120
-19,5,13,5,2,0,9,1,2,7,1,7,1,7,0,120
-19,5,14,5,2,1,2,0,7,1,5,6,1,-1,0,120
-19,5,16,5,2,1,4,0,2,3,0,6,1,-1,0,120
-19,5,17,5,2,2,2,-1,121,2,118,118,1,118,0,120
-19,5,18,5,2,2,2,-1,4,2,1,6,1,-1,0,120
-19,5,19,5,2,2,3,-1,2,3,-1,7,1,-1,1,120
-18,5,1,5,2,-3,4,4,2,-1,4,6,1,-1,1,120
-18,5,2,5,2,-3,30,4,2,25,4,25,1,25,0,120
-18,5,3,5,2,-2,2,3,5,-2,6,6,1,-1,1,120
-18,5,4,5,2,-2,3,3,2,-1,3,6,1,-1,1,120
-18,5,6,5,2,-1,2,2,11,-1,11,8,1,8,0,120
-18,5,7,5,2,-1,2,2,3,-1,3,6,1,-1,1,120
-18,5,8,5,2,-1,3,2,2,0,2,6,1,-1,1,120
-18,5,9,5,2,-1,19,2,2,16,2,16,1,16,0,120
-18,5,11,5,2,0,3,1,2,1,1,6,1,-1,0,120
-18,5,12,5,2,0,5,1,2,3,1,6,1,-1,0,120
-18,5,13,5,2,1,2,0,13,1,11,11,1,11,0,120
-18,5,14,5,2,1,2,0,3,1,1,6,1,-1,0,120
-18,5,16,5,2,1,14,0,2,13,0,12,1,12,0,120
-18,5,17,5,2,2,2,-1,5,2,2,6,1,-1,0,120
-18,5,18,5,2,2,2,-1,3,2,0,6,1,-1,1,120
-18,5,19,5,2,2,5,-1,2,5,-1,6,1,-1,1,120
-17,5,1,5,2,-3,9,4,2,4,4,6,1,-1,0,120
-17,5,2,5,2,-2,2,3,7,-2,8,6,1,-1,1,120
-17,5,3,5,2,-2,2,3,3,-2,4,6,1,-1,1,120
-17,5,4,5,2,-2,4,3,2,0,3,6,1,-1,1,120
-17,5,6,5,2,-1,2,2,4,-1,4,7,1,-1,1,120
-17,5,7,5,2,-1,3,2,2,0,2,6,1,-1,1,120
-17,5,8,5,2,-1,8,2,2,5,2,6,1,-1,0,120
-17,5,9,5,2,0,2,1,7,0,6,6,1,-1,0,120
-17,5,11,5,2,0,4,1,2,2,1,6,1,-1,0,120
-17,5,12,5,2,0,170,1,2,168,1,-1,1,168,0,120
-17,5,13,5,2,1,2,0,4,1,2,6,1,-1,0,120
-17,5,14,5,2,1,3,0,2,2,0,6,1,-1,1,120
-17,5,16,5,2,2,2,-1,8,2,5,6,1,-1,0,120
-17,5,17,5,2,2,2,-1,3,2,0,6,1,-1,1,120
-17,5,18,5,2,2,4,-1,2,4,-1,6,1,-1,1,120
-17,5,19,5,2,2,39,-1,2,39,-1,36,1,36,0,120
-16,5,1,5,2,-2,2,3,13,-2,14,9,1,9,0,120
-16,5,2,5,2,-2,2,3,3,-2,4,6,1,-1,1,120
-16,5,3,5,2,-2,3,3,2,-1,3,6,1,-1,1,120
-16,5,4,5,2,-2,15,3,2,11,3,11,1,11,0,120
-16,5,6,5,2,-1,2,2,3,-1,3,7,1,-1,1,120
-16,5,7,5,2,-1,5,2,2,2,2,6,1,-1,0,120
-16,5,8,5,2,0,2,1,16,0,15,14,1,14,0,120
-16,5,9,5,2,0,2,1,3,0,2,6,1,-1,1,120
-16,5,11,5,2,0,12,1,2,10,1,10,1,10,0,120
-16,5,12,5,2,1,2,0,6,1,4,7,1,-1,0,120
-16,5,13,5,2,1,2,0,3,1,1,6,1,-1,0,120
-16,5,14,5,2,1,5,0,2,4,0,6,1,-1,0,120
-16,5,16,5,2,2,2,-1,4,2,1,6,1,-1,0,120
-16,5,17,5,2,2,3,-1,2,3,-1,6,1,-1,1,120
-16,5,18,5,2,2,10,-1,2,10,-1,7,1,7,0,120
-16,5,19,5,2,3,2,-2,6,3,2,6,1,-1,0,120
-14,5,1,5,2,-2,2,3,3,-2,4,6,1,-1,1,120
-14,5,2,5,2,-2,5,3,2,1,3,6,1,-1,1,120
-14,5,3,5,2,-1,2,2,21,-1,21,18,1,18,0,120
-14,5,4,5,2,-1,2,2,4,-1,4,6,1,-1,1,120
-14,5,6,5,2,-1,10,2,2,7,2,7,1,7,0,120
-14,5,7,5,2,0,2,1,6,0,5,6,1,-1,0,120
-14,5,8,5,2,0,2,1,3,0,2,6,1,-1,1,120
-14,5,9,5,2,0,4,1,2,2,1,6,1,-1,0,120
-14,5,11,5,2,1,2,0,4,1,2,6,1,-1,0,120
-14,5,12,5,2,1,3,0,2,2,0,6,1,-1,1,120
-14,5,13,5,2,1,9,0,2,8,0,7,1,7,0,120
-14,5,14,5,2,2,2,-1,7,2,4,7,1,-1,0,120
-14,5,16,5,2,2,4,-1,2,4,-1,6,1,-1,1,120
-14,5,17,5,2,3,2,-2,121,3,117,117,1,117,0,120
-14,5,18,5,2,3,2,-2,4,3,0,6,1,-1,1,120
-14,5,19,5,2,3,3,-2,2,4,-2,6,1,-1,1,120
-13,5,1,5,2,-2,4,3,2,0,3,7,1,-1,1,120
-13,5,2,5,2,-2,30,3,2,26,3,26,1,26,0,120
-13,5,3,5,2,-1,2,2,5,-1,5,6,1,-1,1,120
-13,5,4,5,2,-1,3,2,2,0,2,6,1,-1,1,120
-13,5,6,5,2,0,2,1,11,0,10,9,1,9,0,120
-13,5,7,5,2,0,2,1,3,0,2,6,1,-1,1,120
-13,5,8,5,2,0,3,1,2,1,1,6,1,-1,0,120
-13,5,9,5,2,0,19,1,2,17,1,17,1,17,0,120
-13,5,11,5,2,1,3,0,2,2,0,6,1,-1,1,120
-13,5,12,5,2,1,5,0,2,4,0,6,1,-1,0,120
-13,5,13,5,2,2,2,-1,13,2,10,10,1,10,0,120
-13,5,14,5,2,2,2,-1,3,2,0,6,1,-1,1,120
-13,5,16,5,2,2,14,-1,2,14,-1,11,1,11,0,120
-13,5,17,5,2,3,2,-2,5,3,1,6,1,-1,1,120
-13,5,18,5,2,3,2,-2,3,3,-1,7,1,-1,1,120
-13,5,19,5,2,3,5,-2,2,6,-2,6,1,-1,1,120
-12,5,1,5,2,-2,9,3,2,5,3,6,1,-1,0,120
-12,5,2,5,2,-1,2,2,7,-1,7,6,1,-1,0,120
-12,5,3,5,2,-1,2,2,3,-1,3,6,1,-1,1,120
-12,5,4,5,2,-1,4,2,2,1,2,6,1,-1,0,120
-12,5,6,5,2,0,2,1,4,0,3,6,1,-1,0,120
-12,5,7,5,2,0,3,1,2,1,1,6,1,-1,0,120
-12,5,8,5,2,0,8,1,2,6,1,6,1,6,0,120
-12,5,9,5,2,1,2,0,7,1,5,6,1,-1,0,120
-12,5,11,5,2,1,4,0,2,3,0,7,1,-1,0,120
-12,5,12,5,2,1,170,0,2,169,0,-1,1,168,0,120
-12,5,13,5,2,2,2,-1,4,2,1,6,1,-1,0,120
-12,5,14,5,2,2,3,-1,2,3,-1,6,1,-1,1,120
-12,5,16,5,2,3,2,-2,8,3,4,6,1,-1,0,120
-12,5,17,5,2,3,2,-2,3,3,-1,6,1,-1,1,120
-12,5,18,5,2,3,4,-2,2,5,-2,6,1,-1,1,120
-12,5,19,5,2,3,39,-2,2,40,-2,35,1,35,0,120
-11,5,1,5,2,-1,2,2,13,-1,13,10,1,10,0,120
-11,5,2,5,2,-1,2,2,3,-1,3,6,1,-1,1,120
-11,5,3,5,2,-1,3,2,2,0,2,6,1,-1,1,120
-11,5,4,5,2,-1,15,2,2,12,2,12,1,12,0,120
-11,5,6,5,2,0,2,1,3,0,2,6,1,-1,1,120
-11,5,7,5,2,0,5,1,2,3,1,6,1,-1,0,120
-11,5,8,5,2,1,2,0,16,1,14,14,1,14,0,120
-11,5,9,5,2,1,2,0,3,1,1,6,1,-1,0,120
-11,5,11,5,2,1,12,0,2,11,0,10,1,10,0,120
-11,5,12,5,2,2,2,-1,6,2,3,6,1,-1,0,120
-11,5,13,5,2,2,2,-1,3,2,0,6,1,-1,1,120
-11,5,14,5,2,2,5,-1,2,5,-1,6,1,-1,1,120
-11,5,16,5,2,3,2,-2,4,3,0,6,1,-1,1,120
-11,5,17,5,2,3,3,-2,2,4,-2,7,1,-1,1,120
-11,5,18,5,2,3,10,-2,2,11,-2,6,1,6,0,120
-11,5,19,5,2,4,2,-3,6,4,1,6,1,-1,1,120
-9,5,1,5,2,-1,2,2,3,-1,3,7,1,-1,1,120
-9,5,2,5,2,-1,5,2,2,2,2,6,1,-1,0,120
-9,5,3,5,2,0,2,1,21,0,20,19,1,19,0,120
-9,5,4,5,2,0,2,1,4,0,3,7,1,-1,0,120
-9,5,6,5,2,0,10,1,2,8,1,8,1,8,0,120
-9,5,7,5,2,1,2,0,6,1,4,6,1,-1,0,120
-9,5,8,5,2,1,2,0,3,1,1,6,1,-1,0,120
-9,5,9,5,2,1,4,0,2,3,0,6,1,-1,0,120
-9,5,11,5,2,2,2,-1,4,2,1,6,1,-1,0,120
-9,5,12,5,2,2,3,-1,2,3,-1,6,1,-1,1,120
-9,5,13,5,2,2,9,-1,2,9,-1,6,1,6,0,120
-9,5,14,5,2,3,2,-2,7,3,3,6,1,-1,0,120
-9,5,16,5,2,3,4,-2,2,5,-2,6,1,-1,1,120
-9,5,17,5,2,4,2,-3,121,4,116,116,1,116,0,120
-9,5,18,5,2,4,2,-3,4,4,-1,6,1,-1,1,120
-9,5,19,5,2,4,3,-3,2,5,-3,6,1,-1,1,120
-8,5,1,5,2,-1,4,2,2,1,2,6,1,-1,0,120
-8,5,2,5,2,-1,30,2,2,27,2,27,1,27,0,120
-8,5,3,5,2,0,2,1,5,0,4,6,1,-1,0,120
-8,5,4,5,2,0,3,1,2,1,1,6,1,-1,0,120
-8,5,6,5,2,1,2,0,11,1,9,9,1,9,0,120
-8,5,7,5,2,1,2,0,3,1,1,6,1,-1,0,120
-8,5,8,5,2,1,3,0,2,2,0,6,1,-1,1,120
-8,5,9,5,2,1,19,0,2,18,0,17,1,17,0,120
-8,5,11,5,2,2,3,-1,2,3,-1,7,1,-1,1,120
-8,5,12,5,2,2,5,-1,2,5,-1,6,1,-1,1,120
-8,5,13,5,2,3,2,-2,13,3,9,9,1,9,0,120
-8,5,14,5,2,3,2,-2,3,3,-1,6,1,-1,1,120
-8,5,16,5,2,3,14,-2,2,15,-2,10,1,10,0,120
-8,5,17,5,2,4,2,-3,5,4,0,6,1,-1,1,120
-8,5,18,5,2,4,2,-3,3,4,-2,6,1,-1,1,120
-8,5,19,5,2,4,5,-3,2,7,-3,7,1,-1,1,120
-7,5,1,5,2,-1,9,2,2,6,2,6,1,6,0,120
-7,5,2,5,2,0,2,1,7,0,6,6,1,-1,0,120
-7,5,3,5,2,0,2,1,3,0,2,6,1,-1,1,120
-7,5,4,5,2,0,4,1,2,2,1,6,1,-1,0,120
-7,5,6,5,2,1,2,0,4,1,2,6,1,-1,0,120
-7,5,7,5,2,1,3,0,2,2,0,6,1,-1,1,120
-7,5,8,5,2,1,8,0,2,7,0,6,1,6,0,120
-7,5,9,5,2,2,2,-1,7,2,4,6,1,-1,0,120
-7,5,11,5,2,2,4,-1,2,4,-1,6,1,-1,1,120
-7,5,12,5,2,2,170,-1,2,170,-1,-1,1,167,0,120
-7,5,13,5,2,3,2,-2,4,3,0,6,1,-1,1,120
-7,5,14,5,2,3,3,-2,2,4,-2,6,1,-1,1,120
-7,5,16,5,2,4,2,-3,8,4,3,6,1,-1,0,120
-7,5,17,5,2,4,2,-3,3,4,-2,6,1,-1,1,120
-7,5,18,5,2,4,4,-3,2,6,-3,6,1,-1,1,120
-7,5,19,5,2,4,39,-3,2,41,-3,34,1,34,0,120
-6,5,1,5,2,0,2,1,13,0,12,11,1,11,0,120
-6,5,2,5,2,0,2,1,3,0,2,6,1,-1,1,120
-6,5,3,5,2,0,3,1,2,1,1,6,1,-1,0,120
-6,5,4,5,2,0,15,1,2,13,1,13,1,13,0,120
-6,5,6,5,2,1,2,0,3,1,1,6,1,-1,0,120
-6,5,7,5,2,1,5,0,2,4,0,6,1,-1,0,120
-6,5,8,5,2,2,2,-1,16,2,13,13,1,13,0,120
-6,5,9,5,2,2,2,-1,3,2,0,6,1,-1,1,120
-6,5,11,5,2,2,12,-1,2,12,-1,9,1,9,0,120
-6,5,12,5,2,3,2,-2,6,3,2,8,1,-1,0,120
-6,5,13,5,2,3,2,-2,3,3,-1,7,1,-1,1,120
-6,5,14,5,2,3,5,-2,2,6,-2,6,1,-1,1,120
-6,5,16,5,2,4,2,-3,4,4,-1,6,1,-1,1,120
-6,5,17,5,2,4,3,-3,2,5,-3,6,1,-1,1,120
-6,5,18,5,2,4,10,-3,2,12,-3,7,1,-1,0,120
-6,5,19,5,2,5,2,-4,6,5,0,6,1,-1,1,120
-4,5,1,5,2,0,2,1,3,0,2,6,1,-1,1,120
-4,5,2,5,2,0,5,1,2,3,1,7,1,-1,0,120
-4,5,3,5,2,1,2,0,21,1,19,19,1,19,0,120
-4,5,4,5,2,1,2,0,4,1,2,7,1,-1,0,120
-4,5,6,5,2,1,10,0,2,9,0,8,1,8,0,120
-4,5,7,5,2,2,2,-1,6,2,3,6,1,-1,0,120
-4,5,8,5,2,2,2,-1,3,2,0,8,1,-1,1,120
-4,5,9,5,2,2,4,-1,2,4,-1,6,1,-1,1,120
-3,5,1,5,2,0,4,1,2,2,1,7,1,-1,0,120
-3,5,2,5,2,0,30,1,2,28,1,28,1,28,0,120
-3,5,3,5,2,1,2,0,5,1,3,6,1,-1,0,120
-3,5,4,5,2,1,3,0,2,2,0,6,1,-1,1,120
-3,5,6,5,2,2,2,-1,11,2,8,8,1,8,0,120
-3,5,7,5,2,2,2,-1,3,2,0,6,1,-1,1,120
-3,5,8,5,2,2,3,-1,2,3,-1,6,1,-1,1,120
-3,5,9,5,2,2,19,-1,2,19,-1,16,1,16,0,120
-4,5,11,5,2,3,2,-2,4,3,0,6,1,-1,1,120
-4,5,12,5,2,3,3,-2,2,4,-2,6,1,-1,1,120
-4,5,13,5,2,3,9,-2,2,10,-2,7,1,-1,0,120
-4,5,14,5,2,4,2,-3,7,4,2,6,1,-1,1,120
-4,5,16,5,2,4,4,-3,2,6,-3,6,1,-1,1,120
-4,5,17,5,2,5,2,-4,121,5,115,115,1,115,0,120
-4,5,18,5,2,5,2,-4,4,5,-2,6,1,-1,1,120
-4,5,19,5,2,5,3,-4,2,6,-4,6,1,-1,1,120
-3,5,11,5,2,3,3,-2,2,4,-2,6,1,-1,1,120
-3,5,12,5,2,3,5,-2,2,6,-2,7,1,-1,1,120
-3,5,13,5,2,4,2,-3,13,4,8,8,1,8,0,120
-3,5,14,5,2,4,2,-3,3,4,-2,6,1,-1,1,120
-3,5,16,5,2,4,14,-3,2,16,-3,9,1,9,0,120
-3,5,17,5,2,5,2,-4,5,5,-1,6,1,-1,1,120
-3,5,18,5,2,5,2,-4,3,5,-3,6,1,-1,1,120
-3,5,19,5,2,5,5,-4,2,8,-4,6,1,-1,1,120
-2,5,1,5,2,0,9,1,2,7,1,7,1,7,0,120
-2,5,2,5,2,1,2,0,7,1,5,6,1,-1,0,120
-2,5,3,5,2,1,2,0,3,1,1,6,1,-1,0,120
-2,5,4,5,2,1,4,0,2,3,0,6,1,-1,0,120
-2,5,6,5,2,2,2,-1,4,2,1,6,1,-1,0,120
-2,5,7,5,2,2,3,-1,2,3,-1,6,1,-1,1,120
-2,5,8,5,2,2,8,-1,2,8,-1,7,1,-1,0,120
-2,5,9,5,2,3,2,-2,7,3,3,6,1,-1,0,120
-2,5,11,5,2,3,4,-2,2,5,-2,6,1,-1,1,120
-2,5,12,5,2,3,170,-2,2,171,-2,-1,1,166,0,120
-2,5,13,5,2,4,2,-3,4,4,-1,6,1,-1,1,120
-2,5,14,5,2,4,3,-3,2,5,-3,6,1,-1,1,120
-2,5,16,5,2,5,2,-4,8,5,2,9,1,-1,1,120
-2,5,17,5,2,5,2,-4,3,5,-3,6,1,-1,1,120
-2,5,18,5,2,5,4,-4,2,7,-4,6,1,-1,1,120
-2,5,19,5,2,5,39,-4,2,42,-4,33,1,33,0,120
-1,5,1,5,2,1,2,0,13,1,11,11,1,11,0,120
-1,5,2,5,2,1,2,0,3,1,1,6,1,-1,0,120
-1,5,3,5,2,1,3,0,2,2,0,6,1,-1,1,120
-1,5,4,5,2,1,15,0,2,14,0,13,1,13,0,120
-1,5,6,5,2,2,2,-1,3,2,0,6,1,-1,1,120
-1,5,7,5,2,2,5,-1,2,5,-1,6,1,-1,1,120
-1,5,8,5,2,3,2,-2,16,3,12,12,1,12,0,120
-1,5,9,5,2,3,2,-2,3,3,-1,6,1,-1,1,120
-1,5,11,5,2,3,12,-2,2,13,-2,8,1,8,0,120
-1,5,12,5,2,4,2,-3,6,4,1,6,1,-1,1,120
-1,5,13,5,2,4,2,-3,3,4,-2,6,1,-1,1,120
-1,5,14,5,2,4,5,-3,2,7,-3,6,1,-1,1,120
-1,5,16,5,2,5,2,-4,4,5,-2,8,1,-1,1,120
-1,5,17,5,2,5,3,-4,2,6,-4,7,1,-1,1,120
-1,5,18,5,2,5,10,-4,2,13,-4,6,1,-1,1,120
-1,5,19,5,2,6,2,-5,6,6,-1,6,1,-1,1,120
1,5,1,5,2,1,2,0,3,1,1,6,1,-1,0,120
1,5,2,5,2,1,5,0,2,4,0,6,1,-1,0,120
1,5,3,5,2,2,2,-1,21,2,18,18,1,18,0,120
1,5,4,5,2,2,2,-1,4,2,1,6,1,-1,0,120
1,5,6,5,2,2,10,-1,2,10,-1,7,1,7,0,120
1,5,7,5,2,3,2,-2,6,3,2,6,1,-1,0,120
1,5,8,5,2,3,2,-2,3,3,-1,6,1,-1,1,120
1,5,9,5,2,3,4,-2,2,5,-2,6,1,-1,1,120
1,5,11,5,2,4,2,-3,4,4,-1,6,1,-1,1,120
1,5,12,5,2,4,3,-3,2,5,-3,6,1,-1,1,120
1,5,13,5,2,4,9,-3,2,11,-3,6,1,-1,1,120
1,5,14,5,2,5,2,-4,7,5,1,6,1,-1,1,120
1,5,16,5,2,5,4,-4,2,7,-4,6,1,-1,1,120
1,5,17,5,2,6,2,-5,121,6,114,114,1,114,0,120
1,5,18,5,2,6,2,-5,4,6,-3,6,1,-1,1,120
1,5,19,5,2,6,3,-5,2,7,-5,6,1,-1,1,120
2,5,1,5,2,1,4,0,2,3,0,7,1,-1,0,120
2,5,2,5,2,1,30,0,2,29,0,28,1,28,0,120
2,5,3,5,2,2,2,-1,5,2,2,6,1,-1,0,120
2,5,4,5,2,2,3,-1,2,3,-1,7,1,-1,1,120
2,5,6,5,2,3,2,-2,11,3,7,7,1,7,0,120
2,5,7,5,2,3,2,-2,3,3,-1,6,1,-1,1,120
2,5,8,5,2,3,3,-2,2,4,-2,6,1,-1,1,120
2,5,9,5,2,3,19,-2,2,20,-2,15,1,15,0,120
2,5,11,5,2,4,3,-3,2,5,-3,6,1,-1,1,120
2,5,12,5,2,4,5,-3,2,7,-3,7,1,-1,1,120
2,5,13,5,2,5,2,-4,13,5,7,7,1,7,0,120
2,5,14,5,2,5,2,-4,3,5,-3,6,1,-1,1,120
2,5,16,5,2,5,14,-4,2,17,-4,8,1,8,0,120
2,5,17,5,2,6,2,-5,5,6,-2,6,1,-1,1,120
2,5,18,5,2,6,2,-5,3,6,-4,6,1,-1,1,120
2,5,19,5,2,6,5,-5,2,9,-5,6,1,-1,1,120
3,5,1,5,2,1,9,0,2,8,0,7,1,7,0,120
3,5,2,5,2,2,2,-1,7,2,4,7,1,-1,0,120
3,5,3,5,2,2,2,-1,3,2,0,7,1,-1,1,120
3,5,4,5,2,2,4,-1,2,4,-1,6,1,-1,1,120
3,5,6,5,2,3,2,-2,4,3,0,6,1,-1,1,120
3,5,7,5,2,3,3,-2,2,4,-2,6,1,-1,1,120
3,5,8,5,2,3,8,-2,2,9,-2,6,1,-1,0,120
3,5,9,5,2,4,2,-3,7,4,2,8,1,-1,1,120
4,5,1,5,2,2,2,-1,13,2,10,10,1,10,0,120
4,5,2,5,2,2,2,-1,3,2,0,6,1,-1,1,120
4,5,3,5,2,2,3,-1,2,3,-1,6,1,-1,1,120
4,5,4,5,2,2,15,-1,2,15,-1,12,1,12,0,120
4,5,6,5,2,3,2,-2,3,3,-1,7,1,-1,1,120
4,5,7,5,2,3,5,-2,2,6,-2,6,1,-1,1,120
4,5,8,5,2,4,2,-3,16,4,11,11,1,11,0,120
4,5,9,5,2,4,2,-3,3,4,-2,6,1,-1,1,120
3,5,11,5,2,4,4,-3,2,6,-3,6,1,-1,1,120
3,5,12,5,2,4,170,-3,2,172,-3,-1,1,165,0,120
3,5,13,5,2,5,2,-4,4,5,-2,6,1,-1,1,120
3,5,14,5,2,5,3,-4,2,6,-4,6,1,-1,1,120
3,5,16,5,2,6,2,-5,8,6,1,8,1,-1,1,120
3,5,17,5,2,6,2,-5,3,6,-4,6,1,-1,1,120
3,5,18,5,2,6,4,-5,2,8,-5,6,1,-1,1,120
3,5,19,5,2,6,39,-5,2,43,-5,6,1,6,0,120
4,5,11,5,2,4,12,-3,2,14,-3,7,1,7,0,120
4,5,12,5,2,5,2,-4,6,5,0,6,1,-1,1,120
4,5,13,5,2,5,2,-4,3,5,-3,6,1,-1,1,120
4,5,14,5,2,5,5,-4,2,8,-4,7,1,-1,1,120
4,5,16,5,2,6,2,-5,4,6,-3,6,1,-1,1,120
4,5,17,5,2,6,3,-5,2,7,-5,6,1,-1,1,120
4,5,18,5,2,6,10,-5,2,14,-5,9,1,-1,1,120
4,5,19,5,2,7,2,-6,6,7,-2,6,1,-1,1,120
6,5,1,5,2,2,2,-1,3,2,0,6,1,-1,1,120
6,5,2,5,2,2,5,-1,2,5,-1,6,1,-1,1,120
6,5,3,5,2,3,2,-2,21,3,17,17,1,17,0,120
6,5,4,5,2,3,2,-2,4,3,0,6,1,-1,1,120
6,5,6,5,2,3,10,-2,2,11,-2,6,1,6,0,120
6,5,7,5,2,4,2,-3,6,4,1,6,1,-1,1,120
6,5,8,5,2,4,2,-3,3,4,-2,6,1,-1,1,120
6,5,9,5,2,4,4,-3,2,6,-3,6,1,-1,1,120
6,5,11,5,2,5,2,-4,4,5,-2,6,1,-1,1,120
6,5,12,5,2,5,3,-4,2,6,-4,6,1,-1,1,120
6,5,13,5,2,5,9,-4,2,12,-4,6,1,-1,1,120
6,5,14,5,2,6,2,-5,7,6,0,6,1,-1,1,120
6,5,16,5,2,6,4,-5,2,8,-5,6,1,-1,1,120
6,5,17,5,2,7,2,-6,121,7,113,113,1,113,0,120
6,5,18,5,2,7,2,-6,4,7,-4,6,1,-1,1,120
6,5,19,5,2,7,3,-6,2,8,-6,6,1,-1,1,120
7,5,1,5,2,2,4,-1,2,4,-1,6,1,-1,1,120
7,5,2,5,2,2,30,-1,2,30,-1,27,1,27,0,120
7,5,3,5,2,3,2,-2,5,3,1,6,1,-1,1,120
7,5,4,5,2,3,3,-2,2,4,-2,6,1,-1,1,120
7,5,6,5,2,4,2,-3,11,4,6,6,1,6,0,120
7,5,7,5,2,4,2,-3,3,4,-2,6,1,-1,1,120
7,5,8,5,2,4,3,-3,2,5,-3,6,1,-1,1,120
7,5,9,5,2,4,19,-3,2,21,-3,14,1,14,0,120
7,5,11,5,2,5,3,-4,2,6,-4,6,1,-1,1,120
7,5,12,5,2,5,5,-4,2,8,-4,6,1,-1,1,120
7,5,13,5,2,6,2,-5,13,6,6,6,1,6,0,120
7,5,14,5,2,6,2,-5,3,6,-4,6,1,-1,1,120
7,5,16,5,2,6,14,-5,2,18,-5,6,1,6,0,120
7,5,17,5,2,7,2,-6,5,7,-3,6,1,-1,1,120
7,5,18,5,2,7,2,-6,3,7,-5,6,1,-1,1,120
7,5,19,5,2,7,5,-6,2,10,-6,7,1,-1,1,120
8,5,1,5,2,2,9,-1,2,9,-1,6,1,6,0,120
8,5,2,5,2,3,2,-2,7,3,3,8,1,-1,0,120
8,5,3,5,2,3,2,-2,3,3,-1,6,1,-1,1,120
8,5,4,5,2,3,4,-2,2,5,-2,6,1,-1,1,120
8,5,6,5,2,4,2,-3,4,4,-1,6,1,-1,1,120
8,5,7,5,2,4,3,-3,2,5,-3,6,1,-1,1,120
8,5,8,5,2,4,8,-3,2,10,-3,6,1,-1,1,120
8,5,9,5,2,5,2,-4,7,5,1,7,1,-1,1,120
9,5,1,5,2,3,2,-2,13,3,9,9,1,9,0,120
9,5,2,5,2,3,2,-2,3,3,-1,6,1,-1,1,120
9,5,3,5,2,3,3,-2,2,4,-2,6,1,-1,1,120
9,5,4,5,2,3,15,-2,2,16,-2,11,1,11,0,120
9,5,6,5,2,4,2,-3,3,4,-2,6,1,-1,1,120
9,5,7,5,2,4,5,-3,2,7,-3,6,1,-1,1,120
9,5,8,5,2,5,2,-4,16,5,10,10,1,10,0,120
9,5,9,5,2,5,2,-4,3,5,-3,6,1,-1,1,120
8,5,11,5,2,5,4,-4,2,7,-4,6,1,-1,1,120
8,5,12,5,2,5,170,-4,2,173,-4,-1,1,164,0,120
8,5,13,5,2,6,2,-5,4,6,-3,6,1,-1,1,120
8,5,14,5,2,6,3,-5,2,7,-5,6,1,-1,1,120
8,5,16,5,2,7,2,-6,8,7,0,7,1,-1,1,120
8,5,17,5,2,7,2,-6,3,7,-5,6,1,-1,1,120
8,5,18,5,2,7,4,-6,2,9,-6,6,1,-1,1,120
8,5,19,5,2,7,39,-6,2,44,-6,7,1,7,0,120
9,5,11,5,2,5,12,-4,2,15,-4,6,1,6,0,120
9,5,12,5,2,6,2,-5,6,6,-1,6,1,-1,1,120
9,5,13,5,2,6,2,-5,3,6,-4,9,1,-1,1,120
9,5,14,5,2,6,5,-5,2,9,-5,6,1,-1,1,120
9,5,16,5,2,7,2,-6,4,7,-4,6,1,-1,1,120
9,5,17,5,2,7,3,-6,2,8,-6,6,1,-1,1,120
9,5,18,5,2,7,10,-6,2,15,-6,7,1,-1,1,120
9,5,19,5,2,8,2,-7,6,8,-3,6,1,-1,1,120
11,5,1,5,2,3,2,-2,3,3,-1,7,1,-1,1,120
11,5,2,5,2,3,5,-2,2,6,-2,6,1,-1,1,120
11,5,3,5,2,4,2,-3,21,4,16,16,1,16,0,120
11,5,4,5,2,4,2,-3,4,4,-1,6,1,-1,1,120
11,5,6,5,2,4,10,-3,2,12,-3,6,1,-1,0,120
11,5,7,5,2,5,2,-4,6,5,0,6,1,-1,1,120
11,5,8,5,2,5,2,-4,3,5,-3,6,1,-1,1,120
11,5,9,5,2,5,4,-4,2,7,-4,6,1,-1,1,120
12,5,1,5,2,3,4,-2,2,5,-2,7,1,-1,1,120
12,5,2,5,2,3,30,-2,2,31,-2,26,1,26,0,120
12,5,3,5,2,4,2,-3,5,4,0,7,1,-1,1,120
12,5,4,5,2,4,3,-3,2,5,-3,6,1,-1,1,120
12,5,6,5,2,5,2,-4,11,5,5,6,1,-1,0,120
12,5,7,5,2,5,2,-4,3,5,-3,6,1,-1,1,120
12,5,8,5,2,5,3,-4,2,6,-4,7,1,-1,1,120
12,5,9,5,2,5,19,-4,2,22,-4,13,1,13,0,120
11,5,11,5,2,6,2,-5,4,6,-3,6,1,-1,1,120
11,5,12,5,2,6,3,-5,2,7,-5,6,1,-1,1,120
11,5,13,5,2,6,9,-5,2,13,-5,6,1,-1,1,120
11,5,14,5,2,7,2,-6,7,7,-1,6,1,-1,1,120
11,5,16,5,2,7,4,-6,2,9,-6,6,1,-1,1,120
11,5,17,5,2,8,2,-7,121,8,112,6,1,6,0,120
11,5,18,5,2,8,2,-7,4,8,-5,6,1,-1,1,120
11,5,19,5,2,8,3,-7,2,9,-7,6,1,-1,1,120
13,5,1,5,2,3,9,-2,2,10,-2,6,1,-1,0,120
13,5,2,5,2,4,2,-3,7,4,2,8,1,-1,1,120
13,5,3,5,2,4,2,-3,3,4,-2,6,1,-1,1,120
13,5,4,5,2,4,4,-3,2,6,-3,6,1,-1,1,120
13,5,6,5,2,5,2,-4,4,5,-2,6,1,-1,1,120
13,5,7,5,2,5,3,-4,2,6,-4,6,1,-1,1,120
13,5,8,5,2,5,8,-4,2,11,-4,6,1,-1,1,120
13,5,9,5,2,6,2,-5,7,6,0,6,1,-1,1,120
12,5,11,5,2,6,3,-5,2,7,-5,7,1,-1,1,120
12,5,12,5,2,6,5,-5,2,9,-5,6,1,-1,1,120
12,5,13,5,2,7,2,-6,13,7,5,6,1,-1,1,120
12,5,14,5,2,7,2,-6,3,7,-5,6,1,-1,1,120
12,5,16,5,2,7,14,-6,2,19,-6,6,1,-1,1,120
12,5,17,5,2,8,2,-7,5,8,-4,6,1,-1,1,120
12,5,18,5,2,8,2,-7,3,8,-6,7,1,-1,1,120
12,5,19,5,2,8,5,-7,2,11,-7,6,1,-1,1,120
14,5,1,5,2,4,2,-3,13,4,8,8,1,8,0,120
14,5,2,5,2,4,2,-3,3,4,-2,6,1,-1,1,120
14,5,3,5,2,4,3,-3,2,5,-3,6,1,-1,1,120
14,5,4,5,2,4,15,-3,2,17,-3,10,1,10,0,120
14,5,6,5,2,5,2,-4,3,5,-3,6,1,-1,1,120
14,5,7,5,2,5,5,-4,2,8,-4,8,1,-1,1,120
14,5,8,5,2,6,2,-5,16,6,9,9,1,9,0,120
14,5,9,5,2,6,2,-5,3,6,-4,6,1,-1,1,120
13,5,11,5,2,6,4,-5,2,8,-5,6,1,-1,1,120
13,5,12,5,2,6,170,-5,2,174,-5,6,1,6,0,120
13,5,13,5,2,7,2,-6,4,7,-4,6,1,-1,1,120
13,5,14,5,2,7,3,-6,2,8,-6,6,1,-1,1,120
13,5,16,5,2,8,2,-7,8,8,-1,7,1,-1,1,120
13,5,17,5,2,8,2,-7,3,8,-6,6,1,-1,1,120
13,5,18,5,2,8,4,-7,2,10,-7,6,1,-1,1,120
13,5,19,5,2,8,39,-7,2,45,-7,6,1,6,0,120
16,5,1,5,2,4,2,-3,3,4,-2,6,1,-1,1,120
16,5,2,5,2,4,5,-3,2,7,-3,8,1,-1,1,120
16,5,3,5,2,5,2,-4,21,5,15,15,1,15,0,120
16,5,4,5,2,5,2,-4,4,5,-2,8,1,-1,1,120
16,5,6,5,2,5,10,-4,2,13,-4,7,1,-1,1,120
16,5,7,5,2,6,2,-5,6,6,-1,6,1,-1,1,120
16,5,8,5,2,6,2,-5,3,6,-4,6,1,-1,1,120
16,5,9,5,2,6,4,-5,2,8,-5,8,1,-1,1,120
14,5,11,5,2,6,12,-5,2,16,-5,6,1,-1,1,120
14,5,12,5,2,7,2,-6,6,7,-2,6,1,-1,1,120
14,5,13,5,2,7,2,-6,3,7,-5,6,1,-1,1,120
14,5,14,5,2,7,5,-6,2,10,-6,6,1,-1,1,120
14,5,16,5,2,8,2,-7,4,8,-5,6,1,-1,1,120
14,5,17,5,2,8,3,-7,2,9,-7,6,1,-1,1,120
14,5,18,5,2,8,10,-7,2,16,-7,6,1,-1,1,120
14,5,19,5,2,9,2,-8,6,9,-4,6,1,-1,1,120
17,5,1,5,2,4,4,-3,2,6,-3,6,1,-1,1,120
17,5,2,5,2,4,30,-3,2,32,-3,25,1,25,0,120
17,5,3,5,2,5,2,-4,5,5,-1,7,1,-1,1,120
17,5,4,5,2,5,3,-4,2,6,-4,6,1,-1,1,120
17,5,6,5,2,6,2,-5,11,6,4,7,1,-1,1,120
17,5,7,5,2,6,2,-5,3,6,-4,6,1,-1,1,120
17,5,8,5,2,6,3,-5,2,7,-5,7,1,-1,1,120
17,5,9,5,2,6,19,-5,2,23,-5,6,1,6,0,120
16,5,11,5,2,7,2,-6,4,7,-4,6,1,-1,1,120
16,5,12,5,2,7,3,-6,2,8,-6,6,1,-1,1,120
16,5,13,5,2,7,9,-6,2,14,-6,6,1,-1,1,120
16,5,14,5,2,8,2,-7,7,8,-2,6,1,-1,1,120
16,5,16,5,2,8,4,-7,2,10,-7,6,1,-1,1,120
16,5,17,5,2,9,2,-8,121,9,111,6,1,6,0,120
16,5,18,5,2,9,2,-8,4,9,-6,6,1,-1,1,120
16,5,19,5,2,9,3,-8,2,10,-8,6,1,-1,1,120
17,5,11,5,2,7,3,-6,2,8,-6,7,1,-1,1,120
17,5,12,5,2,7,5,-6,2,10,-6,6,1,-1,1,120
17,5,13,5,2,8,2,-7,13,8,4,6,1,-1,1,120
17,5,14,5,2,8,2,-7,3,8,-6,6,1,-1,1,120
17,5,16,5,2,8,14,-7,2,20,-7,6,1,-1,1,120
17,5,17,5,2,9,2,-8,5,9,-5,6,1,-1,1,120
17,5,18,5,2,9,2,-8,3,9,-7,6,1,-1,1,120
17,5,19,5,2,9,5,-8,2,12,-8,6,1,-1,1,120
18,5,1,5,2,4,9,-3,2,11,-3,6,1,-1,1,120
18,5,2,5,2,5,2,-4,7,5,1,7,1,-1,1,120
18,5,3,5,2,5,2,-4,3,5,-3,6,1,-1,1,120
18,5,4,5,2,5,4,-4,2,7,-4,6,1,-1,1,120
18,5,6,5,2,6,2,-5,4,6,-3,6,1,-1,1,120
18,5,7,5,2,6,3,-5,2,7,-5,6,1,-1,1,120
18,5,8,5,2,6,8,-5,2,12,-5,6,1,-1,1,120
18,5,9,5,2,7,2,-6,7,7,-1,6,1,-1,1,120
19,5,1,5,2,5,2,-4,13,5,7,7,1,7,0,120
19,5,2,5,2,5,2,-4,3,5,-3,6,1,-1,1,120
19,5,3,5,2,5,3,-4,2,6,-4,6,1,-1,1,120
19,5,4,5,2,5,15,-4,2,18,-4,9,1,9,0,120
19,5,6,5,2,6,2,-5,3,6,-4,6,1,-1,1,120
19,5,7,5,2,6,5,-5,2,9,-5,6,1,-1,1,120
19,5,8,5,2,7,2,-6,16,7,8,8,1,8,0,120
19,5,9,5,2,7,2,-6,3,7,-5,6,1,-1,1,120
18,5,11,5,2,7,4,-6,2,9,-6,6,1,-1,1,120
18,5,12,5,2,7,170,-6,2,175,-6,7,1,7,0,120
18,5,13,5,2,8,2,-7,4,8,-5,6,1,-1,1,120
18,5,14,5,2,8,3,-7,2,9,-7,6,1,-1,1,120
18,5,16,5,2,9,2,-8,8,9,-2,6,1,-1,1,120
18,5,17,5,2,9,2,-8,3,9,-7,6,1,-1,1,120
18,5,18,5,2,9,4,-8,2,11,-8,6,1,-1,1,120
18,5,19,5,2,9,39,-8,2,46,-8,6,1,6,0,120
21,5,1,5,2,5,2,-4,3,5,-3,6,1,-1,1,120
21,5,2,5,2,5,5,-4,2,8,-4,6,1,-1,1,120
21,5,3,5,2,6,2,-5,21,6,14,14,1,14,0,120
21,5,4,5,2,6,2,-5,4,6,-3,6,1,-1,1,120
21,5,6,5,2,6,10,-5,2,14,-5,6,1,-1,1,120
21,5,7,5,2,7,2,-6,6,7,-2,6,1,-1,1,120
21,5,8,5,2,7,2,-6,3,7,-5,6,1,-1,1,120
21,5,9,5,2,7,4,-6,2,9,-6,7,1,-1,1,120
19,5,11,5,2,7,12,-6,2,17,-6,6,1,-1,1,120
19,5,12,5,2,8,2,-7,6,8,-3,6,1,-1,1,120
19,5,13,5,2,8,2,-7,3,8,-6,6,1,-1,1,120
19,5,14,5,2,8,5,-7,2,11,-7,6,1,-1,1,120
19,5,16,5,2,9,2,-8,4,9,-6,7,1,-1,1,120
19,5,17,5,2,9,3,-8,2,10,-8,6,1,-1,1,120
19,5,18,5,2,9,10,-8,2,17,-8,6,1,-1,1,120
19,5,19,5,2,10,2,-9,6,10,-5,6,1,-1,1,120
22,5,1,5,2,5,4,-4,2,7,-4,6,1,-1,1,120
22,5,2,5,2,5,30,-4,2,33,-4,24,1,24,0,120
22,5,3,5,2,6,2,-5,5,6,-2,6,1,-1,1,120
22,5,4,5,2,6,3,-5,2,7,-5,6,1,-1,1,120
22,5,6,5,2,7,2,-6,11,7,3,6,1,-1,1,120
22,5,7,5,2,7,2,-6,3,7,-5,6,1,-1,1,120
22,5,8,5,2,7,3,-6,2,8,-6,7,1,-1,1,120
22,5,9,5,2,7,19,-6,2,24,-6,7,1,7,0,120
21,5,11,5,2,8,2,-7,4,8,-5,6,1,-1,1,120
21,5,12,5,2,8,3,-7,2,9,-7,6,1,-1,1,120
21,5,13,5,2,8,9,-7,2,15,-7,6,1,-1,1,120
21,5,14,5,2,9,2,-8,7,9,-3,6,1,-1,1,120
21,5,16,5,2,9,4,-8,2,11,-8,6,1,-1,1,120
21,5,17,5,2,10,2,-9,121,10,110,6,1,6,0,120
21,5,18,5,2,10,2,-9,4,10,-7,6,1,-1,1,120
21,5,19,5,2,10,3,-9,2,11,-9,6,1,-1,1,120
23,5,1,5,2,5,9,-4,2,12,-4,6,1,-1,1,120
23,5,2,5,2,6,2,-5,7,6,0,6,1,-1,1,120
23,5,3,5,2,6,2,-5,3,6,-4,6,1,-1,1,120
23,5,4,5,2,6,4,-5,2,8,-5,6,1,-1,1,120
23,5,6,5,2,7,2,-6,4,7,-4,6,1,-1,1,120
23,5,7,5,2,7,3,-6,2,8,-6,6,1,-1,1,120
23,5,8,5,2,7,8,-6,2,13,-6,6,1,-1,1,120
23,5,9,5,2,8,2,-7,7,8,-2,7,1,-1,1,120
22,5,11,5,2,8,3,-7,2,9,-7,6,1,-1,1,120
22,5,12,5,2,8,5,-7,2,11,-7,6,1,-1,1,120
22,5,13,5,2,9,2,-8,13,9,3,6,1,-1,1,120
22,5,14,5,2,9,2,-8,3,9,-7,6,1,-1,1,120
22,5,16,5,2,9,14,-8,2,21,-8,6,1,-1,1,120
22,5,17,5,2,10,2,-9,5,10,-6,6,1,-1,1,120
22,5,18,5,2,10,2,-9,3,10,-8,7,1,-1,1,120
22,5,19,5,2,10,5,-9,2,13,-9,6,1,-1,1,120
24,5,1,5,2,6,2,-5,13,6,6,6,1,6,0,120
24,5,2,5,2,6,2,-5,3,6,-4,6,1,-1,1,120
24,5,3,5,2,6,3,-5,2,7,-5,6,1,-1,1,120
24,5,4,5,2,6,15,-5,2,19,-5,6,1,6,0,120
24,5,6,5,2,7,2,-6,3,7,-5,6,1,-1,1,120
24,5,7,5,2,7,5,-6,2,10,-6,6,1,-1,1,120
24,5,8,5,2,8,2,-7,16,8,7,6,1,6,0,120
24,5,9,5,2,8,2,-7,3,8,-6,6,1,-1,1,120
23,5,11,5,2,8,4,-7,2,10,-7,6,1,-1,1,120
23,5,12,5,2,8,170,-7,2,176,-7,6,1,6,0,120
23,5,13,5,2,9,2,-8,4,9,-6,6,1,-1,1,120
23,5,14,5,2,9,3,-8,2,10,-8,6,1,-1,1,120
23,5,16,5,2,10,2,-9,8,10,-3,6,1,-1,1,120
23,5,17,5,2,10,2,-9,3,10,-8,6,1,-1,1,120
23,5,18,5,2,10,4,-9,2,12,-9,6,1,-1,1,120
23,5,19,5,2,10,39,-9,2,47,-9,6,1,6,0,120
26,5,1,5,2,6,2,-5,3,6,-4,6,1,-1,1,120
26,5,2,5,2,6,5,-5,2,9,-5,6,1,-1,1,120
26,5,3,5,2,7,2,-6,21,7,13,13,1,13,0,120
26,5,4,5,2,7,2,-6,4,7,-4,6,1,-1,1,120
26,5,6,5,2,7,10,-6,2,15,-6,6,1,-1,1,120
26,5,7,5,2,8,2,-7,6,8,-3,6,1,-1,1,120
26,5,8,5,2,8,2,-7,3,8,-6,6,1,-1,1,120
26,5,9,5,2,8,4,-7,2,10,-7,6,1,-1,1,120
24,5,11,5,2,8,12,-7,2,18,-7,6,1,-1,1,120
24,5,12,5,2,9,2,-8,6,9,-4,6,1,-1,1,120
24,5,13,5,2,9,2,-8,3,9,-7,6,1,-1,1,120
24,5,14,5,2,9,5,-8,2,12,-8,6,1,-1,1,120
24,5,16,5,2,10,2,-9,4,10,-7,6,1,-1,1,120
24,5,17,5,2,10,3,-9,2,11,-9,6,1,-1,1,120
24,5,18,5,2,10,10,-9,2,18,-9,6,1,-1,1,120
24,5,19,5,2,11,2,-10,6,11,-6,6,1,-1,1,120
27,5,1,5,2,6,4,-5,2,8,-5,6,1,-1,1,120
27,5,2,5,2,6,30,-5,2,34,-5,6,1,6,0,120
27,5,3,5,2,7,2,-6,5,7,-3,6,1,-1,1,120
27,5,4,5,2,7,3,-6,2,8,-6,6,1,-1,1,120
27,5,6,5,2,8,2,-7,11,8,2,6,1,-1,1,120
27,5,7,5,2,8,2,-7,3,8,-6,6,1,-1,1,120
27,5,8,5,2,8,3,-7,2,9,-7,6,1,-1,1,120
27,5,9,5,2,8,19,-7,2,25,-7,6,1,6,0,120
26,5,11,5,2,9,2,-8,4,9,-6,6,1,-1,1,120
26,5,12,5,2,9,3,-8,2,10,-8,6,1,-1,1,120
26,5,13,5,2,9,9,-8,2,16,-8,7,1,-1,1,120
26,5,14,5,2,10,2,-9,7,10,-4,6,1,-1,1,120
26,5,16,5,2,10,4,-9,2,12,-9,6,1,-1,1,120
26,5,17,5,2,11,2,-10,121,11,109,6,1,6,0,120
26,5,18,5,2,11,2,-10,4,11,-8,6,1,-1,1,120
26,5,19,5,2,11,3,-10,2,12,-10,6,1,-1,1,120
27,5,11,5,2,9,3,-8,2,10,-8,6,1,-1,1,120
27,5,12,5,2,9,5,-8,2,12,-8,6,1,-1,1,120
27,5,13,5,2,10,2,-9,13,10,2,6,1,-1,1,120
27,5,14,5,2,10,2,-9,3,10,-8,6,1,-1,1,120
27,5,16,5,2,10,14,-9,2,22,-9,6,1,-1,1,120
27,5,17,5,2,11,2,-10,5,11,-7,6,1,-1,1,120
27,5,18,5,2,11,2,-10,3,11,-9,6,1,-1,1,120
27,5,19,5,2,11,5,-10,2,14,-10,6,1,-1,1,120
28,5,1,5,2,6,9,-5,2,13,-5,6,1,-1,1,120
28,5,2,5,2,7,2,-6,7,7,-1,6,1,-1,1,120
28,5,3,5,2,7,2,-6,3,7,-5,6,1,-1,1,120
28,5,4,5,2,7,4,-6,2,9,-6,6,1,-1,1,120
28,5,6,5,2,8,2,-7,4,8,-5,6,1,-1,1,120
28,5,7,5,2,8,3,-7,2,9,-7,6,1,-1,1,120
28,5,8,5,2,8,8,-7,2,14,-7,6,1,-1,1,120
28,5,9,5,2,9,2,-8,7,9,-3,6,1,-1,1,120
28,5,11,5,2,9,4,-8,2,11,-8,6,1,-1,1,120
28,5,12,5,2,9,170,-8,2,177,-8,6,1,6,0,120
28,5,13,5,2,10,2,-9,4,10,-7,6,1,-1,1,120
28,5,14,5,2,10,3,-9,2,11,-9,6,1,-1,1,120
28,5,16,5,2,11,2,-10,8,11,-4,6,1,-1,1,120
28,5,17,5,2,11,2,-10,3,11,-9,6,1,-1,1,120
28,5,18,5,2,11,4,-10,2,13,-10,6,1,-1,1,120
28,5,19,5,2,11,39,-10,2,48,-10,6,1,6,0,120
29,5,1,5,2,7,2,-6,13,7,5,6,1,-1,1,120
29,5,2,5,2,7,2,-6,3,7,-5,6,1,-1,1,120
29,5,3,5,2,7,3,-6,2,8,-6,6,1,-1,1,120
29,5,4,5,2,7,15,-6,2,20,-6,7,1,-1,1,120
29,5,6,5,2,8,2,-7,3,8,-6,7,1,-1,1,120
29,5,7,5,2,8,5,-7,2,11,-7,6,1,-1,1,120
29,5,8,5,2,9,2,-8,16,9,6,7,1,-1,1,120
29,5,9,5,2,9,2,-8,3,9,-7,6,1,-1,1,120
-6,1,1,1,3,-4,4,5,2,-2,5,6,1,-1,1,120
-6,1,2,1,3,-2,2,3,3,-2,4,7,1,-1,1,120
-6,1,3,1,3,0,2,1,6,0,5,7,1,-1,0,120
-6,1,4,1,3,1,14,0,2,13,0,12,1,12,0,120
-5,1,1,1,3,-3,4,4,2,-1,4,6,1,-1,1,120
-5,1,2,1,3,-1,2,2,3,-1,3,6,1,-1,1,120
-5,1,3,1,3,1,2,0,6,1,4,7,1,-1,0,120
-5,1,4,1,3,2,14,-1,2,14,-1,11,1,11,0,120
29,5,11,5,2,9,12,-8,2,19,-8,6,1,-1,1,120
29,5,12,5,2,10,2,-9,6,10,-5,6,1,-1,1,120
29,5,13,5,2,10,2,-9,3,10,-8,6,1,-1,1,120
29,5,14,5,2,10,5,-9,2,13,-9,6,1,-1,1,120
29,5,16,5,2,11,2,-10,4,11,-8,6,1,-1,1,120
29,5,17,5,2,11,3,-10,2,12,-10,6,1,-1,1,120
29,5,18,5,2,11,10,-10,2,19,-10,6,1,-1,1,120
29,5,19,5,2,12,2,-11,6,12,-7,6,1,-1,1,120
-2,1,1,1,3,0,4,1,2,2,1,6,1,-1,0,120
-2,1,2,1,3,2,2,-1,3,2,0,9,1,-1,1,120
-2,1,3,1,3,4,2,-3,6,4,1,6,1,-1,1,120
-2,1,4,1,3,5,14,-4,2,17,-4,8,1,8,0,120
-1,1,1,1,3,1,4,0,2,3,0,6,1,-1,0,120
-1,1,2,1,3,3,2,-2,3,3,-1,6,1,-1,1,120
-1,1,3,1,3,5,2,-4,6,5,0,6,1,-1,1,120
-1,1,4,1,3,6,14,-5,2,18,-5,6,1,6,0,120
-4,1,1,1,3,-2,4,3,2,0,3,6,1,-1,1,120
-4,1,2,1,3,0,2,1,3,0,2,6,1,-1,1,120
-4,1,3,1,3,2,2,-1,6,2,3,6,1,-1,0,120
-4,1,4,1,3,3,14,-2,2,15,-2,10,1,10,0,120
-3,1,1,1,3,-1,4,2,2,1,2,6,1,-1,0,120
-3,1,2,1,3,1,2,0,3,1,1,6,1,-1,0,120
-3,1,3,1,3,3,2,-2,6,3,2,8,1,-1,0,120
-3,1,4,1,3,4,14,-3,2,16,-3,9,1,9,0,120
0,1,1,1,3,2,4,-1,2,4,-1,-1,1,-1,1,120
0,1,2,1,3,4,2,-3,3,4,-2,-1,1,-1,1,120
0,1,3,1,3,6,2,-5,6,6,-1,-1,1,-1,1,120
0,1,4,1,3,7,14,-6,2,19,-6,6,1,-1,1,120
1,1,1,1,3,3,4,-2,2,5,-2,6,1,-1,1,120
1,1,2,1,3,5,2,-4,3,5,-3,6,1,-1,1,120
1,1,3,1,3,7,2,-6,6,7,-2,9,1,-1,1,120
1,1,4,1,3,8,14,-7,2,20,-7,8,1,-1,1,120
2,1,1,1,3,4,4,-3,2,6,-3,6,1,-1,1,120
2,1,2,1,3,6,2,-5,3,6,-4,9,1,-1,1,120
2,1,3,1,3,8,2,-7,6,8,-3,6,1,-1,1,120
2,1,4,1,3,9,14,-8,2,21,-8,6,1,-1,1,120
3,1,1,1,3,5,4,-4,2,7,-4,6,1,-1,1,120
3,1,2,1,3,7,2,-6,3,7,-5,6,1,-1,1,120
3,1,3,1,3,9,2,-8,6,9,-4,6,1,-1,1,120
3,1,4,1,3,10,14,-9,2,22,-9,6,1,-1,1,120
6,1,1,1,3,8,4,-7,2,10,-7,6,1,-1,1,120
6,1,2,1,3,10,2,-9,3,10,-8,7,1,-1,1,120
6,1,3,1,3,12,2,-11,6,12,-7,6,1,-1,1,120
6,1,4,1,3,13,14,-12,2,25,-12,6,1,-1,1,120
-6,1,1,2,3,-5,8,6,2,1,6,6,1,-1,1,120
-6,1,3,2,3,-3,3,4,2,-2,4,6,1,-1,1,120
-6,1,5,2,3,-1,2,2,4,-1,4,6,1,-1,1,120
-6,1,7,2,3,1,2,0,17,1,15,15,1,15,0,120
4,1,1,1,3,6,4,-5,2,8,-5,6,1,-1,1,120
4,1,2,1,3,8,2,-7,3,8,-6,6,1,-1,1,120
4,1,3,1,3,10,2,-9,6,10,-5,7,1,-1,1,120
4,1,4,1,3,11,14,-10,2,23,-10,6,1,-1,1,120
5,1,1,1,3,7,4,-6,2,9,-6,6,1,-1,1,120
5,1,2,1,3,9,2,-8,3,9,-7,6,1,-1,1,120
5,1,3,1,3,11,2,-10,6,11,-6,6,1,-1,1,120
5,1,4,1,3,12,14,-11,2,24,-11,6,1,-1,1,120
-5,1,1,2,3,-4,8,5,2,2,5,7,1,-1,1,120
-5,1,3,2,3,-2,3,3,2,-1,3,6,1,-1,1,120
-5,1,5,2,3,0,2,1,4,0,3,7,1,-1,0,120
-5,1,7,2,3,2,2,-1,17,2,14,14,1,14,0,120
-4,1,1,2,3,-3,8,4,2,3,4,6,1,-1,0,120
-4,1,3,2,3,-1,3,2,2,0,2,6,1,-1,1,120
-4,1,5,2,3,1,2,0,4,1,2,7,1,-1,0,120
-4,1,7,2,3,3,2,-2,17,3,13,13,1,13,0,120
-3,1,1,2,3,-2,8,3,2,4,3,6,1,-1,0,120
-3,1,3,2,3,0,3,1,2,1,1,6,1,-1,0,120
-3,1,5,2,3,2,2,-1,4,2,1,6,1,-1,0,120
-3,1,7,2,3,4,2,-3,17,4,12,12,1,12,0,120
-2,1,1,2,3,-1,8,2,2,5,2,6,1,-1,0,120
-2,1,3,2,3,1,3,0,2,2,0,6,1,-1,1,120
-2,1,5,2,3,3,2,-2,4,3,0,6,1,-1,1,120
-2,1,7,2,3,5,2,-4,17,5,11,11,1,11,0,120
-1,1,1,2,3,0,8,1,2,6,1,6,1,6,0,120
-1,1,3,2,3,2,3,-1,2,3,-1,6,1,-1,1,120
-1,1,5,2,3,4,2,-3,4,4,-1,6,1,-1,1,120
-1,1,7,2,3,6,2,-5,17,6,10,10,1,10,0,120
0,1,1,2,3,1,8,0,2,7,0,6,1,6,0,120
0,1,3,2,3,3,3,-2,2,4,-2,6,1,-1,1,120
0,1,5,2,3,5,2,-4,4,5,-2,8,1,-1,1,120
0,1,7,2,3,7,2,-6,17,7,9,9,1,9,0,120
1,1,1,2,3,2,8,-1,2,8,-1,7,1,-1,0,120
1,1,3,2,3,4,3,-3,2,5,-3,6,1,-1,1,120
1,1,5,2,3,6,2,-5,4,6,-3,6,1,-1,1,120
1,1,7,2,3,8,2,-7,17,8,8,6,1,6,0,120
2,1,1,2,3,3,8,-2,2,9,-2,6,1,-1,0,120
2,1,3,2,3,5,3,-4,2,6,-4,6,1,-1,1,120
2,1,5,2,3,7,2,-6,4,7,-4,6,1,-1,1,120
2,1,7,2,3,9,2,-8,17,9,7,6,1,-1,1,120
3,1,1,2,3,4,8,-3,2,10,-3,7,1,-1,1,120
3,1,3,2,3,6,3,-5,2,7,-5,7,1,-1,1,120
3,1,5,2,3,8,2,-7,4,8,-5,6,1,-1,1,120
3,1,7,2,3,10,2,-9,17,10,6,7,1,-1,1,120
4,1,1,2,3,5,8,-4,2,11,-4,6,1,-1,1,120
4,1,3,2,3,7,3,-6,2,8,-6,6,1,-1,1,120
4,1,5,2,3,9,2,-8,4,9,-6,7,1,-1,1,120
4,1,7,2,3,11,2,-10,17,11,5,6,1,-1,1,120
5,1,1,2,3,6,8,-5,2,12,-5,6,1,-1,1,120
5,1,3,2,3,8,3,-7,2,9,-7,6,1,-1,1,120
5,1,5,2,3,10,2,-9,4,10,-7,6,1,-1,1,120
5,1,7,2,3,12,2,-11,17,12,4,6,1,-1,1,120
6,1,1,2,3,7,8,-6,2,13,-6,6,1,-1,1,120
6,1,3,2,3,9,3,-8,2,10,-8,6,1,-1,1,120
6,1,5,2,3,11,2,-10,4,11,-8,6,1,-1,1,120
6,1,7,2,3,13,2,-12,17,13,3,6,1,-1,1,120
-6,1,1,3,3,-5,3,6,2,-4,6,6,1,-1,1,120
-6,1,2,3,3,-4,2,5,7,-4,10,7,1,-1,1,120
-6,1,4,3,3,-3,2,4,4,-3,6,6,1,-1,1,120
-6,1,5,3,3,-3,9,4,2,4,4,6,1,-1,0,120
-6,1,7,3,3,-1,2,2,25,-1,25,22,1,22,0,120
-6,1,8,3,3,-1,3,2,2,0,2,6,1,-1,1,120
-6,1,10,3,3,0,5,1,2,3,1,6,1,-1,0,120
-6,1,11,3,3,1,2,0,3,1,1,6,1,-1,0,120
-4,1,1,3,3,-3,3,4,2,-2,4,6,1,-1,1,120
-4,1,2,3,3,-2,2,3,7,-2,8,7,1,-1,1,120
-4,1,4,3,3,-1,2,2,4,-1,4,6,1,-1,1,120
-4,1,5,3,3,-1,9,2,2,6,2,6,1,6,0,120
-4,1,7,3,3,1,2,0,25,1,23,23,1,23,0,120
-4,1,8,3,3,1,3,0,2,2,0,6,1,-1,1,120
-4,1,10,3,3,2,5,-1,2,5,-1,6,1,-1,1,120
-4,1,11,3,3,3,2,-2,3,3,-1,6,1,-1,1,120
-5,1,1,3,3,-4,3,5,2,-3,5,6,1,-1,1,120
-5,1,2,3,3,-3,2,4,7,-3,9,6,1,-1,1,120
-5,1,4,3,3,-2,2,3,4,-2,5,6,1,-1,1,120
-5,1,5,3,3,-2,9,3,2,5,3,6,1,-1,0,120
-5,1,7,3,3,0,2,1,25,0,24,23,1,23,0,120
-5,1,8,3,3,0,3,1,2,1,1,6,1,-1,0,120
-5,1,10,3,3,1,5,0,2,4,0,6,1,-1,0,120
-5,1,11,3,3,2,2,-1,3,2,0,6,1,-1,1,120
-3,1,1,3,3,-2,3,3,2,-1,3,6,1,-1,1,120
-3,1,2,3,3,-1,2,2,7,-1,7,6,1,-1,0,120
-3,1,4,3,3,0,2,1,4,0,3,6,1,-1,0,120
-3,1,5,3,3,0,9,1,2,7,1,7,1,7,0,120
-3,1,7,3,3,2,2,-1,25,2,22,22,1,22,0,120
-3,1,8,3,3,2,3,-1,2,3,-1,6,1,-1,1,120
-3,1,10,3,3,3,5,-2,2,6,-2,6,1,-1,1,120
-3,1,11,3,3,4,2,-3,3,4,-2,6,1,-1,1,120
-2,1,1,3,3,-1,3,2,2,0,2,6,1,-1,1,120
-2,1,2,3,3,0,2,1,7,0,6,6,1,-1,0,120
-2,1,4,3,3,1,2,0,4,1,2,6,1,-1,0,120
-2,1,5,3,3,1,9,0,2,8,0,7,1,7,0,120
-2,1,7,3,3,3,2,-2,25,3,21,21,1,21,0,120
-2,1,8,3,3,3,3,-2,2,4,-2,6,1,-1,1,120
-2,1,10,3,3,4,5,-3,2,7,-3,6,1,-1,1,120
-2,1,11,3,3,5,2,-4,3,5,-3,6,1,-1,1,120
-1,1,1,3,3,0,3,1,2,1,1,6,1,-1,0,120
-1,1,2,3,3,1,2,0,7,1,5,6,1,-1,0,120
-1,1,4,3,3,2,2,-1,4,2,1,6,1,-1,0,120
-1,1,5,3,3,2,9,-1,2,9,-1,6,1,6,0,120
-1,1,7,3,3,4,2,-3,25,4,20,20,1,20,0,120
-1,1,8,3,3,4,3,-3,2,5,-3,6,1,-1,1,120
-1,1,10,3,3,5,5,-4,2,8,-4,6,1,-1,1,120
-1,1,11,3,3,6,2,-5,3,6,-4,6,1,-1,1,120
0,1,1,3,3,1,3,0,2,2,0,6,1,-1,1,120
0,1,2,3,3,2,2,-1,7,2,4,6,1,-1,0,120
0,1,4,3,3,3,2,-2,4,3,0,6,1,-1,1,120
0,1,5,3,3,3,9,-2,2,10,-2,6,1,-1,0,120
0,1,7,3,3,5,2,-4,25,5,19,19,1,19,0,120
0,1,8,3,3,5,3,-4,2,6,-4,6,1,-1,1,120
0,1,10,3,3,6,5,-5,2,9,-5,6,1,-1,1,120
0,1,11,3,3,7,2,-6,3,7,-5,6,1,-1,1,120
1,1,1,3,3,2,3,-1,2,3,-1,6,1,-1,1,120
1,1,2,3,3,3,2,-2,7,3,3,6,1,-1,0,120
1,1,4,3,3,4,2,-3,4,4,-1,6,1,-1,1,120
1,1,5,3,3,4,9,-3,2,11,-3,9,1,-1,1,120
1,1,7,3,3,6,2,-5,25,6,18,18,1,18,0,120
1,1,8,3,3,6,3,-5,2,7,-5,6,1,-1,1,120
1,1,10,3,3,7,5,-6,2,10,-6,6,1,-1,1,120
1,1,11,3,3,8,2,-7,3,8,-6,6,1,-1,1,120
2,1,1,3,3,3,3,-2,2,4,-2,7,1,-1,1,120
2,1,2,3,3,4,2,-3,7,4,2,7,1,-1,1,120
2,1,4,3,3,5,2,-4,4,5,-2,8,1,-1,1,120
2,1,5,3,3,5,9,-4,2,12,-4,8,1,-1,1,120
2,1,7,3,3,7,2,-6,25,7,17,17,1,17,0,120
2,1,8,3,3,7,3,-6,2,8,-6,6,1,-1,1,120
2,1,10,3,3,8,5,-7,2,11,-7,7,1,-1,1,120
2,1,11,3,3,9,2,-8,3,9,-7,6,1,-1,1,120
3,1,1,3,3,4,3,-3,2,5,-3,6,1,-1,1,120
3,1,2,3,3,5,2,-4,7,5,1,6,1,-1,1,120
3,1,4,3,3,6,2,-5,4,6,-3,6,1,-1,1,120
3,1,5,3,3,6,9,-5,2,13,-5,6,1,-1,1,120
3,1,7,3,3,8,2,-7,25,8,16,6,1,6,0,120
3,1,8,3,3,8,3,-7,2,9,-7,6,1,-1,1,120
3,1,10,3,3,9,5,-8,2,12,-8,6,1,-1,1,120
3,1,11,3,3,10,2,-9,3,10,-8,6,1,-1,1,120
4,1,1,3,3,5,3,-4,2,6,-4,6,1,-1,1,120
4,1,2,3,3,6,2,-5,7,6,0,6,1,-1,1,120
4,1,4,3,3,7,2,-6,4,7,-4,6,1,-1,1,120
4,1,5,3,3,7,9,-6,2,14,-6,6,1,-1,1,120
4,1,7,3,3,9,2,-8,25,9,15,6,1,6,0,120
4,1,8,3,3,9,3,-8,2,10,-8,6,1,-1,1,120
4,1,10,3,3,10,5,-9,2,13,-9,6,1,-1,1,120
4,1,11,3,3,11,2,-10,3,11,-9,6,1,-1,1,120
5,1,1,3,3,6,3,-5,2,7,-5,6,1,-1,1,120
5,1,2,3,3,7,2,-6,7,7,-1,6,1,-1,1,120
5,1,4,3,3,8,2,-7,4,8,-5,6,1,-1,1,120
5,1,5,3,3,8,9,-7,2,15,-7,6,1,-1,1,120
5,1,7,3,3,10,2,-9,25,10,14,6,1,6,0,120
5,1,8,3,3,10,3,-9,2,11,-9,6,1,-1,1,120
5,1,10,3,3,11,5,-10,2,14,-10,6,1,-1,1,120
5,1,11,3,3,12,2,-11,3,12,-10,6,1,-1,1,120
6,1,1,3,3,7,3,-6,2,8,-6,6,1,-1,1,120
6,1,2,3,3,8,2,-7,7,8,-2,6,1,-1,1,120
6,1,4,3,3,9,2,-8,4,9,-6,6,1,-1,1,120
6,1,5,3,3,9,9,-8,2,16,-8,6,1,-1,1,120
6,1,7,3,3,11,2,-10,25,11,13,6,1,6,0,120
6,1,8,3,3,11,3,-10,2,12,-10,6,1,-1,1,120
6,1,10,3,3,12,5,-11,2,15,-11,6,1,-1,1,120
6,1,11,3,3,13,2,-12,3,13,-11,6,1,-1,1,120
-5,1,1,4,3,-4,2,5,3,-4,6,6,1,-1,1,120
-5,1,3,4,3,-3,2,4,4,-3,6,6,1,-1,1,120
-5,1,5,4,3,-2,2,3,7,-2,8,6,1,-1,1,120
-5,1,7,4,3,-1,2,2,33,-1,33,30,1,30,0,120
-5,1,9,4,3,-1,10,2,2,7,2,7,1,7,0,120
-5,1,11,4,3,0,5,1,2,3,1,6,1,-1,0,120
-5,1,13,4,3,1,3,0,2,2,0,6,1,-1,1,120
-5,1,15,4,3,2,2,-1,3,2,0,6,1,-1,1,120
-6,1,1,4,3,-5,2,6,3,-5,7,7,1,-1,1,120
-6,1,3,4,3,-4,2,5,4,-4,7,6,1,-1,1,120
-6,1,5,4,3,-3,2,4,7,-3,9,7,1,-1,1,120
-6,1,7,4,3,-2,2,3,33,-2,34,29,1,29,0,120
-6,1,9,4,3,-2,10,3,2,6,3,6,1,6,0,120
-6,1,11,4,3,-1,5,2,2,2,2,7,1,-1,0,120
-6,1,13,4,3,0,3,1,2,1,1,6,1,-1,0,120
-6,1,15,4,3,1,2,0,3,1,1,6,1,-1,0,120
-4,1,1,4,3,-3,2,4,3,-3,5,6,1,-1,1,120
-4,1,3,4,3,-2,2,3,4,-2,5,8,1,-1,1,120
-4,1,5,4,3,-1,2,2,7,-1,7,6,1,-1,0,120
-4,1,7,4,3,0,2,1,33,0,32,31,1,31,0,120
-4,1,9,4,3,0,10,1,2,8,1,8,1,8,0,120
-4,1,11,4,3,1,5,0,2,4,0,6,1,-1,0,120
-4,1,13,4,3,2,3,-1,2,3,-1,6,1,-1,1,120
-4,1,15,4,3,3,2,-2,3,3,-1,7,1,-1,1,120
-3,1,1,4,3,-2,2,3,3,-2,4,6,1,-1,1,120
-3,1,3,4,3,-1,2,2,4,-1,4,6,1,-1,1,120
-3,1,5,4,3,0,2,1,7,0,6,6,1,-1,0,120
-3,1,7,4,3,1,2,0,33,1,31,31,1,31,0,120
-3,1,9,4,3,1,10,0,2,9,0,8,1,8,0,120
-3,1,11,4,3,2,5,-1,2,5,-1,7,1,-1,1,120
-3,1,13,4,3,3,3,-2,2,4,-2,6,1,-1,1,120
-3,1,15,4,3,4,2,-3,3,4,-2,6,1,-1,1,120
-2,1,1,4,3,-1,2,2,3,-1,3,6,1,-1,1,120
-2,1,3,4,3,0,2,1,4,0,3,6,1,-1,0,120
-2,1,5,4,3,1,2,0,7,1,5,6,1,-1,0,120
-2,1,7,4,3,2,2,-1,33,2,30,30,1,30,0,120
-2,1,9,4,3,2,10,-1,2,10,-1,7,1,7,0,120
-2,1,11,4,3,3,5,-2,2,6,-2,6,1,-1,1,120
-2,1,13,4,3,4,3,-3,2,5,-3,6,1,-1,1,120
-2,1,15,4,3,5,2,-4,3,5,-3,6,1,-1,1,120
-1,1,1,4,3,0,2,1,3,0,2,6,1,-1,1,120
-1,1,3,4,3,1,2,0,4,1,2,6,1,-1,0,120
-1,1,5,4,3,2,2,-1,7,2,4,7,1,-1,0,120
-1,1,7,4,3,3,2,-2,33,3,29,29,1,29,0,120
-1,1,9,4,3,3,10,-2,2,11,-2,6,1,6,0,120
-1,1,11,4,3,4,5,-3,2,7,-3,6,1,-1,1,120
-1,1,13,4,3,5,3,-4,2,6,-4,6,1,-1,1,120
-1,1,15,4,3,6,2,-5,3,6,-4,6,1,-1,1,120
0,1,1,4,3,1,2,0,3,1,1,6,1,-1,0,120
0,1,3,4,3,2,2,-1,4,2,1,7,1,-1,0,120
0,1,5,4,3,3,2,-2,7,3,3,8,1,-1,0,120
0,1,7,4,3,4,2,-3,33,4,28,28,1,28,0,120
0,1,9,4,3,4,10,-3,2,12,-3,6,1,-1,0,120
0,1,11,4,3,5,5,-4,2,8,-4,6,1,-1,1,120
0,1,13,4,3,6,3,-5,2,7,-5,6,1,-1,1,120
0,1,15,4,3,7,2,-6,3,7,-5,6,1,-1,1,120
1,1,1,4,3,2,2,-1,3,2,0,6,1,-1,1,120
1,1,3,4,3,3,2,-2,4,3,0,6,1,-1,1,120
1,1,5,4,3,4,2,-3,7,4,2,8,1,-1,1,120
1,1,7,4,3,5,2,-4,33,5,27,27,1,27,0,120
1,1,9,4,3,5,10,-4,2,13,-4,7,1,-1,1,120
1,1,11,4,3,6,5,-5,2,9,-5,6,1,-1,1,120
1,1,13,4,3,7,3,-6,2,8,-6,6,1,-1,1,120
1,1,15,4,3,8,2,-7,3,8,-6,7,1,-1,1,120
2,1,1,4,3,3,2,-2,3,3,-1,6,1,-1,1,120
2,1,3,4,3,4,2,-3,4,4,-1,6,1,-1,1,120
2,1,5,4,3,5,2,-4,7,5,1,7,1,-1,1,120
2,1,7,4,3,6,2,-5,33,6,26,26,1,26,0,120
2,1,9,4,3,6,10,-5,2,14,-5,6,1,-1,1,120
2,1,11,4,3,7,5,-6,2,10,-6,6,1,-1,1,120
2,1,13,4,3,8,3,-7,2,9,-7,7,1,-1,1,120
2,1,15,4,3,9,2,-8,3,9,-7,6,1,-1,1,120
3,1,1,4,3,4,2,-3,3,4,-2,6,1,-1,1,120
3,1,3,4,3,5,2,-4,4,5,-2,6,1,-1,1,120
3,1,5,4,3,6,2,-5,7,6,0,6,1,-1,1,120
3,1,7,4,3,7,2,-6,33,7,25,25,1,25,0,120
3,1,9,4,3,7,10,-6,2,15,-6,6,1,-1,1,120
3,1,11,4,3,8,5,-7,2,11,-7,6,1,-1,1,120
3,1,13,4,3,9,3,-8,2,10,-8,6,1,-1,1,120
3,1,15,4,3,10,2,-9,3,10,-8,7,1,-1,1,120
4,1,1,4,3,5,2,-4,3,5,-3,6,1,-1,1,120
4,1,3,4,3,6,2,-5,4,6,-3,6,1,-1,1,120
4,1,5,4,3,7,2,-6,7,7,-1,6,1,-1,1,120
4,1,7,4,3,8,2,-7,33,8,24,6,1,6,0,120
4,1,9,4,3,8,10,-7,2,16,-7,6,1,-1,1,120
4,1,11,4,3,9,5,-8,2,12,-8,6,1,-1,1,120
4,1,13,4,3,10,3,-9,2,11,-9,6,1,-1,1,120
4,1,15,4,3,11,2,-10,3,11,-9,6,1,-1,1,120
5,1,1,4,3,6,2,-5,3,6,-4,6,1,-1,1,120
5,1,3,4,3,7,2,-6,4,7,-4,6,1,-1,1,120
5,1,5,4,3,8,2,-7,7,8,-2,6,1,-1,1,120
5,1,7,4,3,9,2,-8,33,9,23,6,1,6,0,120
5,1,9,4,3,9,10,-8,2,17,-8,6,1,-1,1,120
5,1,11,4,3,10,5,-9,2,13,-9,6,1,-1,1,120
5,1,13,4,3,11,3,-10,2,12,-10,7,1,-1,1,120
5,1,15,4,3,12,2,-11,3,12,-10,7,1,-1,1,120
-6,1,11,5,3,-2,6,3,2,2,3,6,1,-1,0,120
-6,1,12,5,3,-1,2,2,7,-1,7,6,1,-1,0,120
-6,1,13,5,3,-1,3,2,2,0,2,6,1,-1,1,120
-6,1,14,5,3,-1,7,2,2,4,2,6,1,-1,0,120
-6,1,16,5,3,0,3,1,2,1,1,6,1,-1,0,120
-6,1,17,5,3,0,10,1,2,8,1,8,1,8,0,120
-6,1,18,5,3,1,2,0,5,1,3,6,1,-1,0,120
-6,1,19,5,3,1,3,0,2,2,0,6,1,-1,1,120
6,1,1,4,3,7,2,-6,3,7,-5,6,1,-1,1,120
6,1,3,4,3,8,2,-7,4,8,-5,6,1,-1,1,120
6,1,5,4,3,9,2,-8,7,9,-3,6,1,-1,1,120
6,1,7,4,3,10,2,-9,33,10,22,6,1,6,0,120
6,1,9,4,3,10,10,-9,2,18,-9,6,1,-1,1,120
6,1,11,4,3,11,5,-10,2,14,-10,6,1,-1,1,120
6,1,13,4,3,12,3,-11,2,13,-11,6,1,-1,1,120
6,1,15,4,3,13,2,-12,3,13,-11,6,1,-1,1,120
-6,1,1,5,3,-5,2,6,3,-5,7,6,1,-1,1,120
-6,1,2,5,3,-5,4,6,2,-3,6,6,1,-1,1,120
-6,1,3,5,3,-4,2,5,26,-4,29,20,1,20,0,120
-6,1,4,5,3,-4,2,5,3,-4,6,6,1,-1,1,120
-6,1,6,5,3,-3,2,4,13,-3,15,8,1,8,0,120
-6,1,7,5,3,-3,2,4,3,-3,5,6,1,-1,1,120
-6,1,8,5,3,-3,5,4,2,0,4,6,1,-1,1,120
-6,1,9,5,3,-2,2,3,9,-2,10,7,1,-1,0,120
-5,1,1,5,3,-4,2,5,3,-4,6,6,1,-1,1,120
-5,1,2,5,3,-4,4,5,2,-2,5,6,1,-1,1,120
-5,1,3,5,3,-3,2,4,26,-3,28,21,1,21,0,120
-5,1,4,5,3,-3,2,4,3,-3,5,6,1,-1,1,120
-5,1,6,5,3,-2,2,3,13,-2,14,9,1,9,0,120
-5,1,7,5,3,-2,2,3,3,-2,4,6,1,-1,1,120
-5,1,8,5,3,-2,5,3,2,1,3,6,1,-1,1,120
-5,1,9,5,3,-1,2,2,9,-1,9,6,1,6,0,120
-5,1,11,5,3,-1,6,2,2,3,2,6,1,-1,0,120
-5,1,12,5,3,0,2,1,7,0,6,6,1,-1,0,120
-5,1,13,5,3,0,3,1,2,1,1,6,1,-1,0,120
-5,1,14,5,3,0,7,1,2,5,1,6,1,-1,0,120
-5,1,16,5,3,1,3,0,2,2,0,6,1,-1,1,120
-5,1,17,5,3,1,10,0,2,9,0,8,1,8,0,120
-5,1,18,5,3,2,2,-1,5,2,2,7,1,-1,0,120
-5,1,19,5,3,2,3,-1,2,3,-1,6,1,-1,1,120
-4,1,11,5,3,0,6,1,2,4,1,8,1,-1,0,120
-4,1,12,5,3,1,2,0,7,1,5,6,1,-1,0,120
-4,1,13,5,3,1,3,0,2,2,0,6,1,-1,1,120
-4,1,14,5,3,1,7,0,2,6,0,6,1,-1,0,120
-4,1,16,5,3,2,3,-1,2,3,-1,6,1,-1,1,120
-4,1,17,5,3,2,10,-1,2,10,-1,7,1,7,0,120
-4,1,18,5,3,3,2,-2,5,3,1,9,1,-1,1,120
-4,1,19,5,3,3,3,-2,2,4,-2,6,1,-1,1,120
-4,1,1,5,3,-3,2,4,3,-3,5,6,1,-1,1,120
-4,1,2,5,3,-3,4,4,2,-1,4,6,1,-1,1,120
-4,1,3,5,3,-2,2,3,26,-2,27,22,1,22,0,120
-4,1,4,5,3,-2,2,3,3,-2,4,6,1,-1,1,120
-4,1,6,5,3,-1,2,2,13,-1,13,10,1,10,0,120
-4,1,7,5,3,-1,2,2,3,-1,3,7,1,-1,1,120
-4,1,8,5,3,-1,5,2,2,2,2,6,1,-1,0,120
-4,1,9,5,3,0,2,1,9,0,8,7,1,7,0,120
-3,1,1,5,3,-2,2,3,3,-2,4,6,1,-1,1,120
-3,1,2,5,3,-2,4,3,2,0,3,7,1,-1,1,120
-3,1,3,5,3,-1,2,2,26,-1,26,23,1,23,0,120
-3,1,4,5,3,-1,2,2,3,-1,3,6,1,-1,1,120
-3,1,6,5,3,0,2,1,13,0,12,11,1,11,0,120
-3,1,7,5,3,0,2,1,3,0,2,7,1,-1,1,120
-3,1,8,5,3,0,5,1,2,3,1,6,1,-1,0,120
-3,1,9,5,3,1,2,0,9,1,7,7,1,7,0,120
-3,1,11,5,3,1,6,0,2,5,0,7,1,-1,0,120
-3,1,12,5,3,2,2,-1,7,2,4,6,1,-1,0,120
-3,1,13,5,3,2,3,-1,2,3,-1,7,1,-1,1,120
-3,1,14,5,3,2,7,-1,2,7,-1,6,1,-1,0,120
-3,1,16,5,3,3,3,-2,2,4,-2,6,1,-1,1,120
-3,1,17,5,3,3,10,-2,2,11,-2,6,1,6,0,120
-3,1,18,5,3,4,2,-3,5,4,0,7,1,-1,1,120
-3,1,19,5,3,4,3,-3,2,5,-3,6,1,-1,1,120
-2,1,1,5,3,-1,2,2,3,-1,3,6,1,-1,1,120
-2,1,2,5,3,-1,4,2,2,1,2,6,1,-1,0,120
-2,1,3,5,3,0,2,1,26,0,25,24,1,24,0,120
-2,1,4,5,3,0,2,1,3,0,2,6,1,-1,1,120
-2,1,6,5,3,1,2,0,13,1,11,11,1,11,0,120
-2,1,7,5,3,1,2,0,3,1,1,6,1,-1,0,120
-2,1,8,5,3,1,5,0,2,4,0,6,1,-1,0,120
-2,1,9,5,3,2,2,-1,9,2,6,6,1,6,0,120
-2,1,11,5,3,2,6,-1,2,6,-1,6,1,-1,0,120
-2,1,12,5,3,3,2,-2,7,3,3,6,1,-1,0,120
-2,1,13,5,3,3,3,-2,2,4,-2,6,1,-1,1,120
-2,1,14,5,3,3,7,-2,2,8,-2,6,1,-1,1,120
-2,1,16,5,3,4,3,-3,2,5,-3,6,1,-1,1,120
-2,1,17,5,3,4,10,-3,2,12,-3,7,1,-1,0,120
-2,1,18,5,3,5,2,-4,5,5,-1,6,1,-1,1,120
-2,1,19,5,3,5,3,-4,2,6,-4,6,1,-1,1,120
-1,1,1,5,3,0,2,1,3,0,2,6,1,-1,1,120
-1,1,2,5,3,0,4,1,2,2,1,6,1,-1,0,120
-1,1,3,5,3,1,2,0,26,1,24,24,1,24,0,120
-1,1,4,5,3,1,2,0,3,1,1,6,1,-1,0,120
-1,1,6,5,3,2,2,-1,13,2,10,10,1,10,0,120
-1,1,7,5,3,2,2,-1,3,2,0,6,1,-1,1,120
-1,1,8,5,3,2,5,-1,2,5,-1,6,1,-1,1,120
-1,1,9,5,3,3,2,-2,9,3,5,6,1,-1,0,120
-1,1,11,5,3,3,6,-2,2,7,-2,6,1,-1,1,120
-1,1,12,5,3,4,2,-3,7,4,2,6,1,-1,1,120
-1,1,13,5,3,4,3,-3,2,5,-3,6,1,-1,1,120
-1,1,14,5,3,4,7,-3,2,9,-3,6,1,-1,1,120
-1,1,16,5,3,5,3,-4,2,6,-4,6,1,-1,1,120
-1,1,17,5,3,5,10,-4,2,13,-4,6,1,-1,1,120
-1,1,18,5,3,6,2,-5,5,6,-2,6,1,-1,1,120
-1,1,19,5,3,6,3,-5,2,7,-5,6,1,-1,1,120
0,1,11,5,3,4,6,-3,2,8,-3,7,1,-1,1,120
0,1,12,5,3,5,2,-4,7,5,1,6,1,-1,1,120
0,1,13,5,3,5,3,-4,2,6,-4,6,1,-1,1,120
0,1,14,5,3,5,7,-4,2,10,-4,6,1,-1,1,120
0,1,16,5,3,6,3,-5,2,7,-5,6,1,-1,1,120
0,1,17,5,3,6,10,-5,2,14,-5,8,1,-1,1,120
0,1,18,5,3,7,2,-6,5,7,-3,6,1,-1,1,120
0,1,19,5,3,7,3,-6,2,8,-6,6,1,-1,1,120
0,1,1,5,3,1,2,0,3,1,1,6,1,-1,0,120
0,1,2,5,3,1,4,0,2,3,0,6,1,-1,0,120
0,1,3,5,3,2,2,-1,26,2,23,23,1,23,0,120
0,1,4,5,3,2,2,-1,3,2,0,6,1,-1,1,120
0,1,6,5,3,3,2,-2,13,3,9,9,1,9,0,120
0,1,7,5,3,3,2,-2,3,3,-1,6,1,-1,1,120
0,1,8,5,3,3,5,-2,2,6,-2,6,1,-1,1,120
0,1,9,5,3,4,2,-3,9,4,4,6,1,-1,0,120
1,1,1,5,3,2,2,-1,3,2,0,6,1,-1,1,120
1,1,2,5,3,2,4,-1,2,4,-1,6,1,-1,1,120
1,1,3,5,3,3,2,-2,26,3,22,22,1,22,0,120
1,1,4,5,3,3,2,-2,3,3,-1,6,1,-1,1,120
1,1,6,5,3,4,2,-3,13,4,8,8,1,8,0,120
1,1,7,5,3,4,2,-3,3,4,-2,6,1,-1,1,120
1,1,8,5,3,4,5,-3,2,7,-3,6,1,-1,1,120
1,1,9,5,3,5,2,-4,9,5,3,6,1,-1,1,120
1,1,11,5,3,5,6,-4,2,9,-4,6,1,-1,1,120
1,1,12,5,3,6,2,-5,7,6,0,6,1,-1,1,120
1,1,13,5,3,6,3,-5,2,7,-5,7,1,-1,1,120
1,1,14,5,3,6,7,-5,2,11,-5,6,1,-1,1,120
1,1,16,5,3,7,3,-6,2,8,-6,6,1,-1,1,120
1,1,17,5,3,7,10,-6,2,15,-6,7,1,-1,1,120
1,1,18,5,3,8,2,-7,5,8,-4,6,1,-1,1,120
1,1,19,5,3,8,3,-7,2,9,-7,6,1,-1,1,120
2,1,1,5,3,3,2,-2,3,3,-1,6,1,-1,1,120
2,1,2,5,3,3,4,-2,2,5,-2,7,1,-1,1,120
2,1,3,5,3,4,2,-3,26,4,21,21,1,21,0,120
2,1,4,5,3,4,2,-3,3,4,-2,6,1,-1,1,120
2,1,6,5,3,5,2,-4,13,5,7,7,1,7,0,120
2,1,7,5,3,5,2,-4,3,5,-3,6,1,-1,1,120
2,1,8,5,3,5,5,-4,2,8,-4,6,1,-1,1,120
2,1,9,5,3,6,2,-5,9,6,2,7,1,-1,1,120
2,1,11,5,3,6,6,-5,2,10,-5,6,1,-1,1,120
2,1,12,5,3,7,2,-6,7,7,-1,6,1,-1,1,120
2,1,13,5,3,7,3,-6,2,8,-6,7,1,-1,1,120
2,1,14,5,3,7,7,-6,2,12,-6,6,1,-1,1,120
2,1,16,5,3,8,3,-7,2,9,-7,6,1,-1,1,120
2,1,17,5,3,8,10,-7,2,16,-7,6,1,-1,1,120
2,1,18,5,3,9,2,-8,5,9,-5,7,1,-1,1,120
2,1,19,5,3,9,3,-8,2,10,-8,6,1,-1,1,120
3,1,1,5,3,4,2,-3,3,4,-2,6,1,-1,1,120
3,1,2,5,3,4,4,-3,2,6,-3,6,1,-1,1,120
3,1,3,5,3,5,2,-4,26,5,20,20,1,20,0,120
3,1,4,5,3,5,2,-4,3,5,-3,6,1,-1,1,120
3,1,6,5,3,6,2,-5,13,6,6,6,1,6,0,120
3,1,7,5,3,6,2,-5,3,6,-4,6,1,-1,1,120
3,1,8,5,3,6,5,-5,2,9,-5,6,1,-1,1,120
3,1,9,5,3,7,2,-6,9,7,1,6,1,-1,1,120
3,1,11,5,3,7,6,-6,2,11,-6,6,1,-1,1,120
3,1,12,5,3,8,2,-7,7,8,-2,6,1,-1,1,120
3,1,13,5,3,8,3,-7,2,9,-7,6,1,-1,1,120
3,1,14,5,3,8,7,-7,2,13,-7,6,1,-1,1,120
3,1,16,5,3,9,3,-8,2,10,-8,6,1,-1,1,120
3,1,17,5,3,9,10,-8,2,17,-8,6,1,-1,1,120
3,1,18,5,3,10,2,-9,5,10,-6,6,1,-1,1,120
3,1,19,5,3,10,3,-9,2,11,-9,6,1,-1,1,120
4,1,1,5,3,5,2,-4,3,5,-3,6,1,-1,1,120
4,1,2,5,3,5,4,-4,2,7,-4,6,1,-1,1,120
4,1,3,5,3,6,2,-5,26,6,19,19,1,19,0,120
4,1,4,5,3,6,2,-5,3,6,-4,6,1,-1,1,120
4,1,6,5,3,7,2,-6,13,7,5,6,1,-1,1,120
4,1,7,5,3,7,2,-6,3,7,-5,6,1,-1,1,120
4,1,8,5,3,7,5,-6,2,10,-6,6,1,-1,1,120
4,1,9,5,3,8,2,-7,9,8,0,6,1,-1,1,120
4,1,11,5,3,8,6,-7,2,12,-7,6,1,-1,1,120
4,1,12,5,3,9,2,-8,7,9,-3,6,1,-1,1,120
4,1,13,5,3,9,3,-8,2,10,-8,6,1,-1,1,120
4,1,14,5,3,9,7,-8,2,14,-8,6,1,-1,1,120
4,1,16,5,3,10,3,-9,2,11,-9,6,1,-1,1,120
4,1,17,5,3,10,10,-9,2,18,-9,6,1,-1,1,120
4,1,18,5,3,11,2,-10,5,11,-7,6,1,-1,1,120
4,1,19,5,3,11,3,-10,2,12,-10,6,1,-1,1,120
5,1,1,5,3,6,2,-5,3,6,-4,6,1,-1,1,120
5,1,2,5,3,6,4,-5,2,8,-5,6,1,-1,1,120
5,1,3,5,3,7,2,-6,26,7,18,18,1,18,0,120
5,1,4,5,3,7,2,-6,3,7,-5,6,1,-1,1,120
5,1,6,5,3,8,2,-7,13,8,4,6,1,-1,1,120
5,1,7,5,3,8,2,-7,3,8,-6,6,1,-1,1,120
5,1,8,5,3,8,5,-7,2,11,-7,6,1,-1,1,120
5,1,9,5,3,9,2,-8,9,9,-1,6,1,-1,1,120
5,1,11,5,3,9,6,-8,2,13,-8,6,1,-1,1,120
5,1,12,5,3,10,2,-9,7,10,-4,6,1,-1,1,120
5,1,13,5,3,10,3,-9,2,11,-9,7,1,-1,1,120
5,1,14,5,3,10,7,-9,2,15,-9,6,1,-1,1,120
5,1,16,5,3,11,3,-10,2,12,-10,6,1,-1,1,120
5,1,17,5,3,11,10,-10,2,19,-10,8,1,-1,1,120
5,1,18,5,3,12,2,-11,5,12,-8,6,1,-1,1,120
5,1,19,5,3,12,3,-11,2,13,-11,6,1,-1,1,120
6,1,1,5,3,7,2,-6,3,7,-5,6,1,-1,1,120
6,1,2,5,3,7,4,-6,2,9,-6,6,1,-1,1,120
6,1,3,5,3,8,2,-7,26,8,17,6,1,6,0,120
6,1,4,5,3,8,2,-7,3,8,-6,6,1,-1,1,120
6,1,6,5,3,9,2,-8,13,9,3,6,1,-1,1,120
6,1,7,5,3,9,2,-8,3,9,-7,6,1,-1,1,120
6,1,8,5,3,9,5,-8,2,12,-8,6,1,-1,1,120
6,1,9,5,3,10,2,-9,9,10,-2,7,1,-1,1,120
6,1,11,5,3,10,6,-9,2,14,-9,6,1,-1,1,120
6,1,12,5,3,11,2,-10,7,11,-5,6,1,-1,1,120
6,1,13,5,3,11,3,-10,2,12,-10,6,1,-1,1,120
6,1,14,5,3,11,7,-10,2,16,-10,6,1,-1,1,120
6,1,16,5,3,12,3,-11,2,13,-11,6,1,-1,1,120
6,1,17,5,3,12,10,-11,2,20,-11,7,1,-1,1,120
6,1,18,5,3,13,2,-12,5,13,-9,6,1,-1,1,120
6,1,19,5,3,13,3,-12,2,14,-12,6,1,-1,1,120
-11,2,1,1,3,-3,2,4,5,-3,7,6,1,-1,1,120
-11,2,2,1,3,-2,28,3,2,24,3,24,1,24,0,120
-11,2,3,1,3,0,4,1,2,2,1,6,1,-1,0,120
-11,2,4,1,3,2,2,-1,3,2,0,6,1,-1,1,120
-9,2,1,1,3,-2,2,3,5,-2,6,6,1,-1,1,120
-9,2,2,1,3,-1,28,2,2,25,2,25,1,25,0,120
-9,2,3,1,3,1,4,0,2,3,0,6,1,-1,0,120
-9,2,4,1,3,3,2,-2,3,3,-1,6,1,-1,1,120
-7,2,1,1,3,-1,2,2,5,-1,5,6,1,-1,1,120
-7,2,2,1,3,0,28,1,2,26,1,26,1,26,0,120
-7,2,3,1,3,2,4,-1,2,4,-1,6,1,-1,1,120
-7,2,4,1,3,4,2,-3,3,4,-2,6,1,-1,1,120
-5,2,1,1,3,0,2,1,5,0,4,6,1,-1,0,120
-5,2,2,1,3,1,28,0,2,27,0,26,1,26,0,120
-5,2,3,1,3,3,4,-2,2,5,-2,6,1,-1,1,120
-5,2,4,1,3,5,2,-4,3,5,-3,6,1,-1,1,120
-3,2,1,1,3,1,2,0,5,1,3,7,1,-1,0,120
-3,2,2,1,3,2,28,-1,2,28,-1,25,1,25,0,120
-3,2,3,1,3,4,4,-3,2,6,-3,6,1,-1,1,120
-3,2,4,1,3,6,2,-5,3,6,-4,6,1,-1,1,120
-1,2,1,1,3,2,2,-1,5,2,2,6,1,-1,0,120
-1,2,2,1,3,3,28,-2,2,29,-2,24,1,24,0,120
-1,2,3,1,3,5,4,-4,2,7,-4,6,1,-1,1,120
-1,2,4,1,3,7,2,-6,3,7,-5,6,1,-1,1,120
1,2,1,1,3,3,2,-2,5,3,1,6,1,-1,1,120
1,2,2,1,3,4,28,-3,2,30,-3,23,1,23,0,120
1,2,3,1,3,6,4,-5,2,8,-5,6,1,-1,1,120
1,2,4,1,3,8,2,-7,3,8,-6,6,1,-1,1,120
3,2,1,1,3,4,2,-3,5,4,0,6,1,-1,1,120
3,2,2,1,3,5,28,-4,2,31,-4,22,1,22,0,120
3,2,3,1,3,7,4,-6,2,9,-6,6,1,-1,1,120
3,2,4,1,3,9,2,-8,3,9,-7,6,1,-1,1,120
5,2,1,1,3,5,2,-4,5,5,-1,6,1,-1,1,120
5,2,2,1,3,6,28,-5,2,32,-5,6,1,6,0,120
5,2,3,1,3,8,4,-7,2,10,-7,6,1,-1,1,120
5,2,4,1,3,10,2,-9,3,10,-8,6,1,-1,1,120
7,2,1,1,3,6,2,-5,5,6,-2,6,1,-1,1,120
7,2,2,1,3,7,28,-6,2,33,-6,7,1,7,0,120
7,2,3,1,3,9,4,-8,2,11,-8,6,1,-1,1,120
7,2,4,1,3,11,2,-10,3,11,-9,6,1,-1,1,120
9,2,1,1,3,7,2,-6,5,7,-3,6,1,-1,1,120
9,2,2,1,3,8,28,-7,2,34,-7,6,1,6,0,120
9,2,3,1,3,10,4,-9,2,12,-9,6,1,-1,1,120
9,2,4,1,3,12,2,-11,3,12,-10,6,1,-1,1,120
11,2,1,1,3,8,2,-7,5,8,-4,6,1,-1,1,120
11,2,2,1,3,9,28,-8,2,35,-8,6,1,6,0,120
11,2,3,1,3,11,4,-10,2,13,-10,6,1,-1,1,120
11,2,4,1,3,13,2,-12,3,13,-11,6,1,-1,1,120
-11,2,1,2,3,-4,2,5,3,-4,6,6,1,-1,1,120
-11,2,3,2,3,-2,2,3,11,-2,12,7,1,7,0,120
-11,2,5,2,3,-1,6,2,2,3,2,6,1,-1,0,120
-11,2,7,2,3,1,3,0,2,2,0,6,1,-1,1,120
-9,2,1,2,3,-3,2,4,3,-3,5,6,1,-1,1,120
-9,2,3,2,3,-1,2,2,11,-1,11,8,1,8,0,120
-9,2,5,2,3,0,6,1,2,4,1,6,1,-1,0,120
-9,2,7,2,3,2,3,-1,2,3,-1,6,1,-1,1,120
-7,2,1,2,3,-2,2,3,3,-2,4,6,1,-1,1,120
-7,2,3,2,3,0,2,1,11,0,10,9,1,9,0,120
-7,2,5,2,3,1,6,0,2,5,0,6,1,-1,0,120
-7,2,7,2,3,3,3,-2,2,4,-2,6,1,-1,1,120
-5,2,1,2,3,-1,2,2,3,-1,3,6,1,-1,1,120
-5,2,3,2,3,1,2,0,11,1,9,9,1,9,0,120
-5,2,5,2,3,2,6,-1,2,6,-1,6,1,-1,0,120
-5,2,7,2,3,4,3,-3,2,5,-3,6,1,-1,1,120
-3,2,1,2,3,0,2,1,3,0,2,6,1,-1,1,120
-3,2,3,2,3,2,2,-1,11,2,8,8,1,8,0,120
-3,2,5,2,3,3,6,-2,2,7,-2,7,1,-1,1,120
-3,2,7,2,3,5,3,-4,2,6,-4,6,1,-1,1,120
-1,2,1,2,3,1,2,0,3,1,1,6,1,-1,0,120
-1,2,3,2,3,3,2,-2,11,3,7,7,1,7,0,120
-1,2,5,2,3,4,6,-3,2,8,-3,7,1,-1,1,120
-1,2,7,2,3,6,3,-5,2,7,-5,7,1,-1,1,120
1,2,1,2,3,2,2,-1,3,2,0,6,1,-1,1,120
1,2,3,2,3,4,2,-3,11,4,6,6,1,6,0,120
1,2,5,2,3,5,6,-4,2,9,-4,6,1,-1,1,120
1,2,7,2,3,7,3,-6,2,8,-6,6,1,-1,1,120
3,2,1,2,3,3,2,-2,3,3,-1,6,1,-1,1,120
3,2,3,2,3,5,2,-4,11,5,5,6,1,-1,0,120
3,2,5,2,3,6,6,-5,2,10,-5,7,1,-1,1,120
3,2,7,2,3,8,3,-7,2,9,-7,6,1,-1,1,120
5,2,1,2,3,4,2,-3,3,4,-2,6,1,-1,1,120
5,2,3,2,3,6,2,-5,11,6,4,9,1,-1,1,120
5,2,5,2,3,7,6,-6,2,11,-6,6,1,-1,1,120
5,2,7,2,3,9,3,-8,2,10,-8,6,1,-1,1,120
7,2,1,2,3,5,2,-4,3,5,-3,6,1,-1,1,120
7,2,3,2,3,7,2,-6,11,7,3,8,1,-1,1,120
7,2,5,2,3,8,6,-7,2,12,-7,6,1,-1,1,120
7,2,7,2,3,10,3,-9,2,11,-9,7,1,-1,1,120
9,2,1,2,3,6,2,-5,3,6,-4,6,1,-1,1,120
9,2,3,2,3,8,2,-7,11,8,2,6,1,-1,1,120
9,2,5,2,3,9,6,-8,2,13,-8,6,1,-1,1,120
9,2,7,2,3,11,3,-10,2,12,-10,6,1,-1,1,120
11,2,1,2,3,7,2,-6,3,7,-5,6,1,-1,1,120
11,2,3,2,3,9,2,-8,11,9,1,6,1,-1,1,120
11,2,5,2,3,10,6,-9,2,14,-9,7,1,-1,1,120
11,2,7,2,3,12,3,-11,2,13,-11,6,1,-1,1,120
-11,2,1,3,3,-4,2,5,13,-4,16,7,1,7,0,120
-11,2,2,3,3,-4,3,5,2,-3,5,6,1,-1,1,120
-11,2,4,3,3,-3,6,4,2,1,4,6,1,-1,1,120
-11,2,5,3,3,-2,2,3,3,-2,4,6,1,-1,1,120
-11,2,7,3,3,-1,3,2,2,0,2,6,1,-1,1,120
-11,2,8,3,3,0,2,1,9,0,8,7,1,7,0,120
-11,2,10,3,3,1,2,0,4,1,2,6,1,-1,0,120
-11,2,11,3,3,1,7,0,2,6,0,6,1,-1,0,120
-9,2,1,3,3,-3,2,4,13,-3,15,8,1,8,0,120
-9,2,2,3,3,-3,3,4,2,-2,4,6,1,-1,1,120
-9,2,4,3,3,-2,6,3,2,2,3,6,1,-1,0,120
-9,2,5,3,3,-1,2,2,3,-1,3,6,1,-1,1,120
-9,2,7,3,3,0,3,1,2,1,1,6,1,-1,0,120
-9,2,8,3,3,1,2,0,9,1,7,7,1,7,0,120
-9,2,10,3,3,2,2,-1,4,2,1,6,1,-1,0,120
-9,2,11,3,3,2,7,-1,2,7,-1,9,1,-1,0,120
-7,2,1,3,3,-2,2,3,13,-2,14,9,1,9,0,120
-7,2,2,3,3,-2,3,3,2,-1,3,6,1,-1,1,120
-7,2,4,3,3,-1,6,2,2,3,2,6,1,-1,0,120
-7,2,5,3,3,0,2,1,3,0,2,6,1,-1,1,120
-7,2,7,3,3,1,3,0,2,2,0,6,1,-1,1,120
-7,2,8,3,3,2,2,-1,9,2,6,6,1,6,0,120
-7,2,10,3,3,3,2,-2,4,3,0,6,1,-1,1,120
-7,2,11,3,3,3,7,-2,2,8,-2,6,1,-1,1,120
-5,2,1,3,3,-1,2,2,13,-1,13,10,1,10,0,120
-5,2,2,3,3,-1,3,2,2,0,2,6,1,-1,1,120
-5,2,4,3,3,0,6,1,2,4,1,7,1,-1,0,120
-5,2,5,3,3,1,2,0,3,1,1,6,1,-1,0,120
-5,2,7,3,3,2,3,-1,2,3,-1,6,1,-1,1,120
-5,2,8,3,3,3,2,-2,9,3,5,6,1,-1,0,120
-5,2,10,3,3,4,2,-3,4,4,-1,7,1,-1,1,120
-5,2,11,3,3,4,7,-3,2,9,-3,6,1,-1,1,120
-3,2,1,3,3,0,2,1,13,0,12,11,1,11,0,120
-3,2,2,3,3,0,3,1,2,1,1,6,1,-1,0,120
-3,2,4,3,3,1,6,0,2,5,0,7,1,-1,0,120
-3,2,5,3,3,2,2,-1,3,2,0,6,1,-1,1,120
-3,2,7,3,3,3,3,-2,2,4,-2,6,1,-1,1,120
-3,2,8,3,3,4,2,-3,9,4,4,6,1,-1,0,120
-3,2,10,3,3,5,2,-4,4,5,-2,6,1,-1,1,120
-3,2,11,3,3,5,7,-4,2,10,-4,6,1,-1,1,120
-1,2,1,3,3,1,2,0,13,1,11,11,1,11,0,120
-1,2,2,3,3,1,3,0,2,2,0,6,1,-1,1,120
-1,2,4,3,3,2,6,-1,2,6,-1,6,1,-1,0,120
-1,2,5,3,3,3,2,-2,3,3,-1,6,1,-1,1,120
-1,2,7,3,3,4,3,-3,2,5,-3,6,1,-1,1,120
-1,2,8,3,3,5,2,-4,9,5,3,6,1,-1,1,120
-1,2,10,3,3,6,2,-5,4,6,-3,6,1,-1,1,120
-1,2,11,3,3,6,7,-5,2,11,-5,6,1,-1,1,120
1,2,1,3,3,2,2,-1,13,2,10,10,1,10,0,120
1,2,2,3,3,2,3,-1,2,3,-1,6,1,-1,1,120
1,2,4,3,3,3,6,-2,2,7,-2,6,1,-1,1,120
1,2,5,3,3,4,2,-3,3,4,-2,6,1,-1,1,120
1,2,7,3,3,5,3,-4,2,6,-4,6,1,-1,1,120
1,2,8,3,3,6,2,-5,9,6,2,6,1,-1,1,120
1,2,10,3,3,7,2,-6,4,7,-4,6,1,-1,1,120
1,2,11,3,3,7,7,-6,2,12,-6,6,1,-1,1,120
3,2,1,3,3,3,2,-2,13,3,9,9,1,9,0,120
3,2,2,3,3,3,3,-2,2,4,-2,6,1,-1,1,120
3,2,4,3,3,4,6,-3,2,8,-3,6,1,-1,1,120
3,2,5,3,3,5,2,-4,3,5,-3,6,1,-1,1,120
3,2,7,3,3,6,3,-5,2,7,-5,6,1,-1,1,120
3,2,8,3,3,7,2,-6,9,7,1,6,1,-1,1,120
3,2,10,3,3,8,2,-7,4,8,-5,6,1,-1,1,120
3,2,11,3,3,8,7,-7,2,13,-7,6,1,-1,1,120
5,2,1,3,3,4,2,-3,13,4,8,8,1,8,0,120
5,2,2,3,3,4,3,-3,2,5,-3,6,1,-1,1,120
5,2,4,3,3,5,6,-4,2,9,-4,6,1,-1,1,120
5,2,5,3,3,6,2,-5,3,6,-4,6,1,-1,1,120
5,2,7,3,3,7,3,-6,2,8,-6,6,1,-1,1,120
5,2,8,3,3,8,2,-7,9,8,0,6,1,-1,1,120
5,2,10,3,3,9,2,-8,4,9,-6,6,1,-1,1,120
5,2,11,3,3,9,7,-8,2,14,-8,6,1,-1,1,120
7,2,1,3,3,5,2,-4,13,5,7,7,1,7,0,120
7,2,2,3,3,5,3,-4,2,6,-4,6,1,-1,1,120
7,2,4,3,3,6,6,-5,2,10,-5,6,1,-1,1,120
7,2,5,3,3,7,2,-6,3,7,-5,6,1,-1,1,120
7,2,7,3,3,8,3,-7,2,9,-7,6,1,-1,1,120
7,2,8,3,3,9,2,-8,9,9,-1,6,1,-1,1,120
7,2,10,3,3,10,2,-9,4,10,-7,6,1,-1,1,120
7,2,11,3,3,10,7,-9,2,15,-9,6,1,-1,1,120
9,2,1,3,3,6,2,-5,13,6,6,6,1,6,0,120
9,2,2,3,3,6,3,-5,2,7,-5,6,1,-1,1,120
9,2,4,3,3,7,6,-6,2,11,-6,6,1,-1,1,120
9,2,5,3,3,8,2,-7,3,8,-6,6,1,-1,1,120
9,2,7,3,3,9,3,-8,2,10,-8,6,1,-1,1,120
9,2,8,3,3,10,2,-9,9,10,-2,6,1,-1,1,120
9,2,10,3,3,11,2,-10,4,11,-8,6,1,-1,1,120
9,2,11,3,3,11,7,-10,2,16,-10,6,1,-1,1,120
11,2,1,3,3,7,2,-6,13,7,5,6,1,-1,1,120
11,2,2,3,3,7,3,-6,2,8,-6,6,1,-1,1,120
11,2,4,3,3,8,6,-7,2,12,-7,6,1,-1,1,120
11,2,5,3,3,9,2,-8,3,9,-7,6,1,-1,1,120
11,2,7,3,3,10,3,-9,2,11,-9,6,1,-1,1,120
11,2,8,3,3,11,2,-10,9,11,-3,6,1,-1,1,120
11,2,10,3,3,12,2,-11,4,12,-9,6,1,-1,1,120
11,2,11,3,3,12,7,-11,2,17,-11,6,1,-1,1,120
-9,2,1,4,3,-4,15,5,2,9,5,9,1,9,0,120
-9,2,3,4,3,-3,5,4,2,0,4,6,1,-1,1,120
-9,2,5,4,3,-2,3,3,2,-1,3,6,1,-1,1,120
-9,2,7,4,3,-1,3,2,2,0,2,6,1,-1,1,120
-9,2,9,4,3,0,2,1,3,0,2,6,1,-1,1,120
-9,2,11,4,3,1,2,0,4,1,2,6,1,-1,0,120
-9,2,13,4,3,2,2,-1,8,2,5,6,1,-1,0,120
-9,2,15,4,3,2,208,-1,2,208,-1,-1,1,205,0,120
-11,2,1,4,3,-5,15,6,2,8,6,8,1,8,0,120
-11,2,3,4,3,-4,5,5,2,-1,5,6,1,-1,1,120
-11,2,5,4,3,-3,3,4,2,-2,4,6,1,-1,1,120
-11,2,7,4,3,-2,3,3,2,-1,3,6,1,-1,1,120
-11,2,9,4,3,-1,2,2,3,-1,3,6,1,-1,1,120
-11,2,11,4,3,0,2,1,4,0,3,6,1,-1,0,120
-11,2,13,4,3,1,2,0,8,1,6,6,1,6,0,120
-11,2,15,4,3,1,208,0,2,207,0,-1,1,206,0,120
-7,2,1,4,3,-3,15,4,2,10,4,10,1,10,0,120
-7,2,3,4,3,-2,5,3,2,1,3,6,1,-1,1,120
-7,2,5,4,3,-1,3,2,2,0,2,6,1,-1,1,120
-7,2,7,4,3,0,3,1,2,1,1,6,1,-1,0,120
-7,2,9,4,3,1,2,0,3,1,1,6,1,-1,0,120
-7,2,11,4,3,2,2,-1,4,2,1,6,1,-1,0,120
-7,2,13,4,3,3,2,-2,8,3,4,6,1,-1,0,120
-7,2,15,4,3,3,208,-2,2,209,-2,-1,1,204,0,120
-5,2,1,4,3,-2,15,3,2,11,3,11,1,11,0,120
-5,2,3,4,3,-1,5,2,2,2,2,6,1,-1,0,120
-5,2,5,4,3,0,3,1,2,1,1,6,1,-1,0,120
-5,2,7,4,3,1,3,0,2,2,0,6,1,-1,1,120
-5,2,9,4,3,2,2,-1,3,2,0,6,1,-1,1,120
-5,2,11,4,3,3,2,-2,4,3,0,6,1,-1,1,120
-5,2,13,4,3,4,2,-3,8,4,3,7,1,-1,0,120
-5,2,15,4,3,4,208,-3,2,210,-3,-1,1,203,0,120
-3,2,1,4,3,-1,15,2,2,12,2,12,1,12,0,120
-3,2,3,4,3,0,5,1,2,3,1,6,1,-1,0,120
-3,2,5,4,3,1,3,0,2,2,0,6,1,-1,1,120
-3,2,7,4,3,2,3,-1,2,3,-1,7,1,-1,1,120
-3,2,9,4,3,3,2,-2,3,3,-1,6,1,-1,1,120
-3,2,11,4,3,4,2,-3,4,4,-1,6,1,-1,1,120
-3,2,13,4,3,5,2,-4,8,5,2,6,1,-1,1,120
-3,2,15,4,3,5,208,-4,2,211,-4,-1,1,202,0,120
-1,2,1,4,3,0,15,1,2,13,1,13,1,13,0,120
-1,2,3,4,3,1,5,0,2,4,0,6,1,-1,0,120
-1,2,5,4,3,2,3,-1,2,3,-1,6,1,-1,1,120
-1,2,7,4,3,3,3,-2,2,4,-2,6,1,-1,1,120
-1,2,9,4,3,4,2,-3,3,4,-2,6,1,-1,1,120
-1,2,11,4,3,5,2,-4,4,5,-2,6,1,-1,1,120
-1,2,13,4,3,6,2,-5,8,6,1,6,1,-1,1,120
-1,2,15,4,3,6,208,-5,2,212,-5,6,1,6,0,120
1,2,1,4,3,1,15,0,2,14,0,13,1,13,0,120
1,2,3,4,3,2,5,-1,2,5,-1,6,1,-1,1,120
1,2,5,4,3,3,3,-2,2,4,-2,6,1,-1,1,120
1,2,7,4,3,4,3,-3,2,5,-3,6,1,-1,1,120
1,2,9,4,3,5,2,-4,3,5,-3,6,1,-1,1,120
1,2,11,4,3,6,2,-5,4,6,-3,6,1,-1,1,120
1,2,13,4,3,7,2,-6,8,7,0,6,1,-1,1,120
1,2,15,4,3,7,208,-6,2,213,-6,7,1,7,0,120
3,2,1,4,3,2,15,-1,2,15,-1,12,1,12,0,120
3,2,3,4,3,3,5,-2,2,6,-2,7,1,-1,1,120
3,2,5,4,3,4,3,-3,2,5,-3,6,1,-1,1,120
3,2,7,4,3,5,3,-4,2,6,-4,6,1,-1,1,120
3,2,9,4,3,6,2,-5,3,6,-4,6,1,-1,1,120
3,2,11,4,3,7,2,-6,4,7,-4,6,1,-1,1,120
3,2,13,4,3,8,2,-7,8,8,-1,6,1,-1,1,120
3,2,15,4,3,8,208,-7,2,214,-7,6,1,6,0,120
5,2,1,4,3,3,15,-2,2,16,-2,11,1,11,0,120
5,2,3,4,3,4,5,-3,2,7,-3,6,1,-1,1,120
5,2,5,4,3,5,3,-4,2,6,-4,7,1,-1,1,120
5,2,7,4,3,6,3,-5,2,7,-5,7,1,-1,1,120
5,2,9,4,3,7,2,-6,3,7,-5,6,1,-1,1,120
5,2,11,4,3,8,2,-7,4,8,-5,6,1,-1,1,120
5,2,13,4,3,9,2,-8,8,9,-2,6,1,-1,1,120
5,2,15,4,3,9,208,-8,2,215,-8,6,1,6,0,120
7,2,1,4,3,4,15,-3,2,17,-3,10,1,10,0,120
7,2,3,4,3,5,5,-4,2,8,-4,8,1,-1,1,120
7,2,5,4,3,6,3,-5,2,7,-5,7,1,-1,1,120
7,2,7,4,3,7,3,-6,2,8,-6,6,1,-1,1,120
7,2,9,4,3,8,2,-7,3,8,-6,6,1,-1,1,120
7,2,11,4,3,9,2,-8,4,9,-6,6,1,-1,1,120
7,2,13,4,3,10,2,-9,8,10,-3,6,1,-1,1,120
7,2,15,4,3,10,208,-9,2,216,-9,6,1,6,0,120
9,2,1,4,3,5,15,-4,2,18,-4,9,1,9,0,120
9,2,3,4,3,6,5,-5,2,9,-5,6,1,-1,1,120
9,2,5,4,3,7,3,-6,2,8,-6,7,1,-1,1,120
9,2,7,4,3,8,3,-7,2,9,-7,6,1,-1,1,120
9,2,9,4,3,9,2,-8,3,9,-7,6,1,-1,1,120
9,2,11,4,3,10,2,-9,4,10,-7,6,1,-1,1,120
9,2,13,4,3,11,2,-10,8,11,-4,6,1,-1,1,120
9,2,15,4,3,11,208,-10,2,217,-10,6,1,6,0,120
11,2,1,4,3,6,15,-5,2,19,-5,6,1,6,0,120
11,2,3,4,3,7,5,-6,2,10,-6,7,1,-1,1,120
11,2,5,4,3,8,3,-7,2,9,-7,6,1,-1,1,120
11,2,7,4,3,9,3,-8,2,10,-8,7,1,-1,1,120
11,2,9,4,3,10,2,-9,3,10,-8,6,1,-1,1,120
11,2,11,4,3,11,2,-10,4,11,-8,6,1,-1,1,120
11,2,13,4,3,12,2,-11,8,12,-5,6,1,-1,1,120
11,2,15,4,3,12,208,-11,2,218,-11,6,1,6,0,120
-11,2,11,5,3,-1,2,2,4,-1,4,6,1,-1,1,120
-11,2,12,5,3,-1,3,2,2,0,2,6,1,-1,1,120
-11,2,13,5,3,0,2,1,301,0,300,-1,1,299,0,120
-11,2,14,5,3,0,2,1,3,0,2,6,1,-1,1,120
-11,2,16,5,3,1,2,0,24,1,22,22,1,22,0,120
-11,2,17,5,3,1,2,0,3,1,1,6,1,-1,0,120
-11,2,18,5,3,1,4,0,2,3,0,6,1,-1,0,120
-11,2,19,5,3,2,2,-1,13,2,10,10,1,10,0,120
-11,2,1,5,3,-5,7,6,2,0,6,6,1,-1,1,120
-11,2,2,5,3,-4,2,5,6,-4,9,6,1,-1,1,120
-11,2,3,5,3,-4,3,5,2,-3,5,6,1,-1,1,120
-11,2,4,5,3,-4,9,5,2,3,5,7,1,-1,1,120
-11,2,6,5,3,-3,3,4,2,-2,4,6,1,-1,1,120
-11,2,7,5,3,-3,14,4,2,9,4,9,1,9,0,120
-11,2,8,5,3,-2,2,3,4,-2,5,6,1,-1,1,120
-11,2,9,5,3,-2,3,3,2,-1,3,6,1,-1,1,120
-9,2,1,5,3,-4,7,5,2,1,5,6,1,-1,1,120
-9,2,2,5,3,-3,2,4,6,-3,8,7,1,-1,1,120
-9,2,3,5,3,-3,3,4,2,-2,4,6,1,-1,1,120
-9,2,4,5,3,-3,9,4,2,4,4,6,1,-1,0,120
-9,2,6,5,3,-2,3,3,2,-1,3,6,1,-1,1,120
-9,2,7,5,3,-2,14,3,2,10,3,10,1,10,0,120
-9,2,8,5,3,-1,2,2,4,-1,4,6,1,-1,1,120
-9,2,9,5,3,-1,3,2,2,0,2,6,1,-1,1,120
-9,2,11,5,3,0,2,1,4,0,3,6,1,-1,0,120
-9,2,12,5,3,0,3,1,2,1,1,6,1,-1,0,120
-9,2,13,5,3,1,2,0,301,1,299,-1,1,299,0,120
-9,2,14,5,3,1,2,0,3,1,1,6,1,-1,0,120
-9,2,16,5,3,2,2,-1,24,2,21,21,1,21,0,120
-9,2,17,5,3,2,2,-1,3,2,0,6,1,-1,1,120
-9,2,18,5,3,2,4,-1,2,4,-1,6,1,-1,1,120
-9,2,19,5,3,3,2,-2,13,3,9,9,1,9,0,120
-7,2,1,5,3,-3,7,4,2,2,4,6,1,-1,1,120
-7,2,2,5,3,-2,2,3,6,-2,7,7,1,-1,1,120
-7,2,3,5,3,-2,3,3,2,-1,3,6,1,-1,1,120
-7,2,4,5,3,-2,9,3,2,5,3,6,1,-1,0,120
-7,2,6,5,3,-1,3,2,2,0,2,6,1,-1,1,120
-7,2,7,5,3,-1,14,2,2,11,2,11,1,11,0,120
-7,2,8,5,3,0,2,1,4,0,3,6,1,-1,0,120
-7,2,9,5,3,0,3,1,2,1,1,6,1,-1,0,120
-7,2,11,5,3,1,2,0,4,1,2,6,1,-1,0,120
-7,2,12,5,3,1,3,0,2,2,0,6,1,-1,1,120
-7,2,13,5,3,2,2,-1,301,2,298,-1,1,298,0,120
-7,2,14,5,3,2,2,-1,3,2,0,6,1,-1,1,120
-7,2,16,5,3,3,2,-2,24,3,20,20,1,20,0,120
-7,2,17,5,3,3,2,-2,3,3,-1,6,1,-1,1,120
-7,2,18,5,3,3,4,-2,2,5,-2,6,1,-1,1,120
-7,2,19,5,3,4,2,-3,13,4,8,8,1,8,0,120
-5,2,1,5,3,-2,7,3,2,3,3,6,1,-1,0,120
-5,2,2,5,3,-1,2,2,6,-1,6,6,1,-1,0,120
-5,2,3,5,3,-1,3,2,2,0,2,6,1,-1,1,120
-5,2,4,5,3,-1,9,2,2,6,2,6,1,6,0,120
-5,2,6,5,3,0,3,1,2,1,1,6,1,-1,0,120
-5,2,7,5,3,0,14,1,2,12,1,12,1,12,0,120
-5,2,8,5,3,1,2,0,4,1,2,6,1,-1,0,120
-5,2,9,5,3,1,3,0,2,2,0,6,1,-1,1,120
-5,2,11,5,3,2,2,-1,4,2,1,6,1,-1,0,120
-5,2,12,5,3,2,3,-1,2,3,-1,6,1,-1,1,120
-5,2,13,5,3,3,2,-2,301,3,297,-1,1,297,0,120
-5,2,14,5,3,3,2,-2,3,3,-1,6,1,-1,1,120
-5,2,16,5,3,4,2,-3,24,4,19,19,1,19,0,120
-5,2,17,5,3,4,2,-3,3,4,-2,6,1,-1,1,120
-5,2,18,5,3,4,4,-3,2,6,-3,6,1,-1,1,120
-5,2,19,5,3,5,2,-4,13,5,7,7,1,7,0,120
-3,2,1,5,3,-1,7,2,2,4,2,6,1,-1,0,120
-3,2,2,5,3,0,2,1,6,0,5,7,1,-1,0,120
-3,2,3,5,3,0,3,1,2,1,1,6,1,-1,0,120
-3,2,4,5,3,0,9,1,2,7,1,7,1,7,0,120
-3,2,6,5,3,1,3,0,2,2,0,6,1,-1,1,120
-3,2,7,5,3,1,14,0,2,13,0,12,1,12,0,120
-3,2,8,5,3,2,2,-1,4,2,1,6,1,-1,0,120
-3,2,9,5,3,2,3,-1,2,3,-1,6,1,-1,1,120
-3,2,11,5,3,3,2,-2,4,3,0,6,1,-1,1,120
-3,2,12,5,3,3,3,-2,2,4,-2,6,1,-1,1,120
-3,2,13,5,3,4,2,-3,301,4,296,-1,1,296,0,120
-3,2,14,5,3,4,2,-3,3,4,-2,6,1,-1,1,120
-3,2,16,5,3,5,2,-4,24,5,18,18,1,18,0,120
-3,2,17,5,3,5,2,-4,3,5,-3,6,1,-1,1,120
-3,2,18,5,3,5,4,-4,2,7,-4,6,1,-1,1,120
-3,2,19,5,3,6,2,-5,13,6,6,6,1,6,0,120
-1,2,1,5,3,0,7,1,2,5,1,6,1,-1,0,120
-1,2,2,5,3,1,2,0,6,1,4,7,1,-1,0,120
-1,2,3,5,3,1,3,0,2,2,0,6,1,-1,1,120
-1,2,4,5,3,1,9,0,2,8,0,7,1,7,0,120
-1,2,6,5,3,2,3,-1,2,3,-1,6,1,-1,1,120
-1,2,7,5,3,2,14,-1,2,14,-1,11,1,11,0,120
-1,2,8,5,3,3,2,-2,4,3,0,6,1,-1,1,120
-1,2,9,5,3,3,3,-2,2,4,-2,6,1,-1,1,120
-1,2,11,5,3,4,2,-3,4,4,-1,6,1,-1,1,120
-1,2,12,5,3,4,3,-3,2,5,-3,6,1,-1,1,120
-1,2,13,5,3,5,2,-4,301,5,295,-1,1,295,0,120
-1,2,14,5,3,5,2,-4,3,5,-3,6,1,-1,1,120
-1,2,16,5,3,6,2,-5,24,6,17,17,1,17,0,120
-1,2,17,5,3,6,2,-5,3,6,-4,6,1,-1,1,120
-1,2,18,5,3,6,4,-5,2,8,-5,6,1,-1,1,120
-1,2,19,5,3,7,2,-6,13,7,5,6,1,-1,1,120
1,2,1,5,3,1,7,0,2,6,0,6,1,-1,0,120
1,2,2,5,3,2,2,-1,6,2,3,6,1,-1,0,120
1,2,3,5,3,2,3,-1,2,3,-1,6,1,-1,1,120
1,2,4,5,3,2,9,-1,2,9,-1,6,1,6,0,120
1,2,6,5,3,3,3,-2,2,4,-2,6,1,-1,1,120
1,2,7,5,3,3,14,-2,2,15,-2,10,1,10,0,120
1,2,8,5,3,4,2,-3,4,4,-1,6,1,-1,1,120
1,2,9,5,3,4,3,-3,2,5,-3,6,1,-1,1,120
1,2,11,5,3,5,2,-4,4,5,-2,7,1,-1,1,120
1,2,12,5,3,5,3,-4,2,6,-4,7,1,-1,1,120
1,2,13,5,3,6,2,-5,301,6,294,-1,1,294,0,120
1,2,14,5,3,6,2,-5,3,6,-4,6,1,-1,1,120
1,2,16,5,3,7,2,-6,24,7,16,16,1,16,0,120
1,2,17,5,3,7,2,-6,3,7,-5,6,1,-1,1,120
1,2,18,5,3,7,4,-6,2,9,-6,6,1,-1,1,120
1,2,19,5,3,8,2,-7,13,8,4,6,1,-1,1,120
3,2,1,5,3,2,7,-1,2,7,-1,6,1,-1,0,120
3,2,2,5,3,3,2,-2,6,3,2,7,1,-1,0,120
3,2,3,5,3,3,3,-2,2,4,-2,6,1,-1,1,120
3,2,4,5,3,3,9,-2,2,10,-2,6,1,-1,0,120
3,2,6,5,3,4,3,-3,2,5,-3,6,1,-1,1,120
3,2,7,5,3,4,14,-3,2,16,-3,9,1,9,0,120
3,2,8,5,3,5,2,-4,4,5,-2,6,1,-1,1,120
3,2,9,5,3,5,3,-4,2,6,-4,6,1,-1,1,120
3,2,11,5,3,6,2,-5,4,6,-3,6,1,-1,1,120
3,2,12,5,3,6,3,-5,2,7,-5,9,1,-1,1,120
3,2,13,5,3,7,2,-6,301,7,293,-1,1,293,0,120
3,2,14,5,3,7,2,-6,3,7,-5,6,1,-1,1,120
3,2,16,5,3,8,2,-7,24,8,15,6,1,6,0,120
3,2,17,5,3,8,2,-7,3,8,-6,6,1,-1,1,120
3,2,18,5,3,8,4,-7,2,10,-7,6,1,-1,1,120
3,2,19,5,3,9,2,-8,13,9,3,6,1,-1,1,120
5,2,1,5,3,3,7,-2,2,8,-2,6,1,-1,1,120
5,2,2,5,3,4,2,-3,6,4,1,7,1,-1,1,120
5,2,3,5,3,4,3,-3,2,5,-3,6,1,-1,1,120
5,2,4,5,3,4,9,-3,2,11,-3,7,1,-1,1,120
5,2,6,5,3,5,3,-4,2,6,-4,6,1,-1,1,120
5,2,7,5,3,5,14,-4,2,17,-4,8,1,8,0,120
5,2,8,5,3,6,2,-5,4,6,-3,6,1,-1,1,120
5,2,9,5,3,6,3,-5,2,7,-5,6,1,-1,1,120
5,2,11,5,3,7,2,-6,4,7,-4,6,1,-1,1,120
5,2,12,5,3,7,3,-6,2,8,-6,6,1,-1,1,120
5,2,13,5,3,8,2,-7,301,8,292,6,1,6,0,120
5,2,14,5,3,8,2,-7,3,8,-6,6,1,-1,1,120
5,2,16,5,3,9,2,-8,24,9,14,6,1,6,0,120
5,2,17,5,3,9,2,-8,3,9,-7,6,1,-1,1,120
5,2,18,5,3,9,4,-8,2,11,-8,6,1,-1,1,120
5,2,19,5,3,10,2,-9,13,10,2,6,1,-1,1,120
7,2,1,5,3,4,7,-3,2,9,-3,6,1,-1,1,120
7,2,2,5,3,5,2,-4,6,5,0,6,1,-1,1,120
7,2,3,5,3,5,3,-4,2,6,-4,7,1,-1,1,120
7,2,4,5,3,5,9,-4,2,12,-4,6,1,-1,1,120
7,2,6,5,3,6,3,-5,2,7,-5,6,1,-1,1,120
7,2,7,5,3,6,14,-5,2,18,-5,6,1,6,0,120
7,2,8,5,3,7,2,-6,4,7,-4,6,1,-1,1,120
7,2,9,5,3,7,3,-6,2,8,-6,6,1,-1,1,120
7,2,11,5,3,8,2,-7,4,8,-5,6,1,-1,1,120
7,2,12,5,3,8,3,-7,2,9,-7,6,1,-1,1,120
7,2,13,5,3,9,2,-8,301,9,291,6,1,6,0,120
7,2,14,5,3,9,2,-8,3,9,-7,6,1,-1,1,120
7,2,16,5,3,10,2,-9,24,10,13,6,1,6,0,120
7,2,17,5,3,10,2,-9,3,10,-8,6,1,-1,1,120
7,2,18,5,3,10,4,-9,2,12,-9,6,1,-1,1,120
7,2,19,5,3,11,2,-10,13,11,1,6,1,-1,1,120
9,2,1,5,3,5,7,-4,2,10,-4,6,1,-1,1,120
9,2,2,5,3,6,2,-5,6,6,-1,6,1,-1,1,120
9,2,3,5,3,6,3,-5,2,7,-5,6,1,-1,1,120
9,2,4,5,3,6,9,-5,2,13,-5,6,1,-1,1,120
9,2,6,5,3,7,3,-6,2,8,-6,6,1,-1,1,120
9,2,7,5,3,7,14,-6,2,19,-6,6,1,-1,1,120
9,2,8,5,3,8,2,-7,4,8,-5,6,1,-1,1,120
9,2,9,5,3,8,3,-7,2,9,-7,6,1,-1,1,120
9,2,11,5,3,9,2,-8,4,9,-6,6,1,-1,1,120
9,2,12,5,3,9,3,-8,2,10,-8,6,1,-1,1,120
9,2,13,5,3,10,2,-9,301,10,290,6,1,6,0,120
9,2,14,5,3,10,2,-9,3,10,-8,6,1,-1,1,120
9,2,16,5,3,11,2,-10,24,11,12,6,1,6,0,120
9,2,17,5,3,11,2,-10,3,11,-9,6,1,-1,1,120
9,2,18,5,3,11,4,-10,2,13,-10,6,1,-1,1,120
9,2,19,5,3,12,2,-11,13,12,0,7,1,-1,1,120
11,2,1,5,3,6,7,-5,2,11,-5,6,1,-1,1,120
11,2,2,5,3,7,2,-6,6,7,-2,6,1,-1,1,120
11,2,3,5,3,7,3,-6,2,8,-6,6,1,-1,1,120
11,2,4,5,3,7,9,-6,2,14,-6,6,1,-1,1,120
11,2,6,5,3,8,3,-7,2,9,-7,6,1,-1,1,120
11,2,7,5,3,8,14,-7,2,20,-7,6,1,-1,1,120
11,2,8,5,3,9,2,-8,4,9,-6,6,1,-1,1,120
11,2,9,5,3,9,3,-8,2,10,-8,6,1,-1,1,120
11,2,11,5,3,10,2,-9,4,10,-7,6,1,-1,1,120
11,2,12,5,3,10,3,-9,2,11,-9,6,1,-1,1,120
11,2,13,5,3,11,2,-10,301,11,289,6,1,6,0,120
11,2,14,5,3,11,2,-10,3,11,-9,6,1,-1,1,120
11,2,16,5,3,12,2,-11,24,12,11,6,1,6,0,120
11,2,17,5,3,12,2,-11,3,12,-10,6,1,-1,1,120
11,2,18,5,3,12,4,-11,2,14,-11,6,1,-1,1,120
11,2,19,5,3,13,2,-12,13,13,-1,6,1,-1,1,120
-17,3,1,1,3,-3,2,4,16,-3,18,11,1,11,0,120
-17,3,2,1,3,-2,5,3,2,1,3,6,1,-1,1,120
-17,3,3,1,3,0,3,1,2,1,1,6,1,-1,0,120
-17,3,4,1,3,2,2,-1,4,2,1,6,1,-1,0,120
-16,3,1,1,3,-3,2,4,3,-3,5,6,1,-1,1,120
-16,3,2,1,3,-1,2,2,8,-1,8,6,1,-1,0,120
-16,3,3,1,3,0,8,1,2,6,1,6,1,6,0,120
-16,3,4,1,3,2,3,-1,2,3,-1,6,1,-1,1,120
-14,3,1,1,3,-2,2,3,16,-2,17,12,1,12,0,120
-14,3,2,1,3,-1,5,2,2,2,2,6,1,-1,0,120
-14,3,3,1,3,1,3,0,2,2,0,6,1,-1,1,120
-14,3,4,1,3,3,2,-2,4,3,0,6,1,-1,1,120
-13,3,1,1,3,-2,2,3,3,-2,4,6,1,-1,1,120
-13,3,2,1,3,0,2,1,8,0,7,6,1,6,0,120
-13,3,3,1,3,1,8,0,2,7,0,6,1,6,0,120
-13,3,4,1,3,3,3,-2,2,4,-2,6,1,-1,1,120
-11,3,1,1,3,-1,2,2,16,-1,16,13,1,13,0,120
-11,3,2,1,3,0,5,1,2,3,1,6,1,-1,0,120
-11,3,3,1,3,2,3,-1,2,3,-1,7,1,-1,1,120
-11,3,4,1,3,4,2,-3,4,4,-1,6,1,-1,1,120
-10,3,1,1,3,-1,2,2,3,-1,3,6,1,-1,1,120
-10,3,2,1,3,1,2,0,8,1,6,6,1,6,0,120
-10,3,3,1,3,2,8,-1,2,8,-1,7,1,-1,0,120
-10,3,4,1,3,4,3,-3,2,5,-3,6,1,-1,1,120
-8,3,1,1,3,0,2,1,16,0,15,14,1,14,0,120
-8,3,2,1,3,1,5,0,2,4,0,6,1,-1,0,120
-8,3,3,1,3,3,3,-2,2,4,-2,6,1,-1,1,120
-8,3,4,1,3,5,2,-4,4,5,-2,6,1,-1,1,120
-7,3,1,1,3,0,2,1,3,0,2,6,1,-1,1,120
-7,3,2,1,3,2,2,-1,8,2,5,6,1,-1,0,120
-7,3,3,1,3,3,8,-2,2,9,-2,6,1,-1,0,120
-7,3,4,1,3,5,3,-4,2,6,-4,6,1,-1,1,120
-5,3,1,1,3,1,2,0,16,1,14,14,1,14,0,120
-5,3,2,1,3,2,5,-1,2,5,-1,6,1,-1,1,120
-5,3,3,1,3,4,3,-3,2,5,-3,6,1,-1,1,120
-5,3,4,1,3,6,2,-5,4,6,-3,6,1,-1,1,120
-4,3,1,1,3,1,2,0,3,1,1,6,1,-1,0,120
-4,3,2,1,3,3,2,-2,8,3,4,6,1,-1,0,120
-4,3,3,1,3,4,8,-3,2,10,-3,6,1,-1,1,120
-4,3,4,1,3,6,3,-5,2,7,-5,6,1,-1,1,120
-2,3,1,1,3,2,2,-1,16,2,13,13,1,13,0,120
-2,3,2,1,3,3,5,-2,2,6,-2,7,1,-1,1,120
-2,3,3,1,3,5,3,-4,2,6,-4,6,1,-1,1,120
-2,3,4,1,3,7,2,-6,4,7,-4,6,1,-1,1,120
-1,3,1,1,3,2,2,-1,3,2,0,6,1,-1,1,120
-1,3,2,1,3,4,2,-3,8,4,3,6,1,-1,0,120
-1,3,3,1,3,5,8,-4,2,11,-4,6,1,-1,1,120
-1,3,4,1,3,7,3,-6,2,8,-6,6,1,-1,1,120
1,3,1,1,3,3,2,-2,16,3,12,12,1,12,0,120
1,3,2,1,3,4,5,-3,2,7,-3,6,1,-1,1,120
1,3,3,1,3,6,3,-5,2,7,-5,6,1,-1,1,120
1,3,4,1,3,8,2,-7,4,8,-5,6,1,-1,1,120
2,3,1,1,3,3,2,-2,3,3,-1,6,1,-1,1,120
2,3,2,1,3,5,2,-4,8,5,2,6,1,-1,1,120
2,3,3,1,3,6,8,-5,2,12,-5,6,1,-1,1,120
2,3,4,1,3,8,3,-7,2,9,-7,6,1,-1,1,120
4,3,1,1,3,4,2,-3,16,4,11,11,1,11,0,120
4,3,2,1,3,5,5,-4,2,8,-4,8,1,-1,1,120
4,3,3,1,3,7,3,-6,2,8,-6,6,1,-1,1,120
4,3,4,1,3,9,2,-8,4,9,-6,6,1,-1,1,120
5,3,1,1,3,4,2,-3,3,4,-2,6,1,-1,1,120
5,3,2,1,3,6,2,-5,8,6,1,6,1,-1,1,120
5,3,3,1,3,7,8,-6,2,13,-6,6,1,-1,1,120
5,3,4,1,3,9,3,-8,2,10,-8,6,1,-1,1,120
7,3,1,1,3,5,2,-4,16,5,10,10,1,10,0,120
7,3,2,1,3,6,5,-5,2,9,-5,6,1,-1,1,120
7,3,3,1,3,8,3,-7,2,9,-7,6,1,-1,1,120
7,3,4,1,3,10,2,-9,4,10,-7,6,1,-1,1,120
8,3,1,1,3,5,2,-4,3,5,-3,6,1,-1,1,120
8,3,2,1,3,7,2,-6,8,7,0,6,1,-1,1,120
8,3,3,1,3,8,8,-7,2,14,-7,6,1,-1,1,120
8,3,4,1,3,10,3,-9,2,11,-9,6,1,-1,1,120
10,3,1,1,3,6,2,-5,16,6,9,9,1,9,0,120
10,3,2,1,3,7,5,-6,2,10,-6,7,1,-1,1,120
10,3,3,1,3,9,3,-8,2,10,-8,6,1,-1,1,120
10,3,4,1,3,11,2,-10,4,11,-8,6,1,-1,1,120
11,3,1,1,3,6,2,-5,3,6,-4,6,1,-1,1,120
11,3,2,1,3,8,2,-7,8,8,-1,6,1,-1,1,120
11,3,3,1,3,9,8,-8,2,15,-8,6,1,-1,1,120
11,3,4,1,3,11,3,-10,2,12,-10,6,1,-1,1,120
13,3,1,1,3,7,2,-6,16,7,8,8,1,8,0,120
13,3,2,1,3,8,5,-7,2,11,-7,6,1,-1,1,120
13,3,3,1,3,10,3,-9,2,11,-9,6,1,-1,1,120
13,3,4,1,3,12,2,-11,4,12,-9,6,1,-1,1,120
14,3,1,1,3,7,2,-6,3,7,-5,6,1,-1,1,120
14,3,2,1,3,9,2,-8,8,9,-2,6,1,-1,1,120
14,3,3,1,3,10,8,-9,2,16,-9,6,1,-1,1,120
14,3,4,1,3,12,3,-11,2,13,-11,6,1,-1,1,120
16,3,1,1,3,8,2,-7,16,8,7,6,1,6,0,120
16,3,2,1,3,9,5,-8,2,12,-8,7,1,-1,1,120
16,3,3,1,3,11,3,-10,2,12,-10,6,1,-1,1,120
16,3,4,1,3,13,2,-12,4,13,-10,6,1,-1,1,120
17,3,1,1,3,8,2,-7,3,8,-6,6,1,-1,1,120
17,3,2,1,3,10,2,-9,8,10,-3,6,1,-1,1,120
17,3,3,1,3,11,8,-10,2,17,-10,6,1,-1,1,120
17,3,4,1,3,13,3,-12,2,14,-12,6,1,-1,1,120
-17,3,1,2,3,-4,2,5,6,-4,9,6,1,-1,1,120
-17,3,3,2,3,-3,15,4,2,10,4,10,1,10,0,120
-17,3,5,2,3,-1,3,2,2,0,2,6,1,-1,1,120
-17,3,7,2,3,1,2,0,3,1,1,6,1,-1,0,120
-16,3,1,2,3,-4,3,5,2,-3,5,6,1,-1,1,120
-16,3,3,2,3,-2,2,3,4,-2,5,6,1,-1,1,120
-16,3,5,2,3,-1,312,2,2,309,2,-1,1,309,0,120
-16,3,7,2,3,1,4,0,2,3,0,6,1,-1,0,120
-14,3,1,2,3,-3,2,4,6,-3,8,6,1,-1,1,120
-14,3,3,2,3,-2,15,3,2,11,3,11,1,11,0,120
-14,3,5,2,3,0,3,1,2,1,1,6,1,-1,0,120
-14,3,7,2,3,2,2,-1,3,2,0,6,1,-1,1,120
-13,3,1,2,3,-3,3,4,2,-2,4,6,1,-1,1,120
-13,3,3,2,3,-1,2,2,4,-1,4,6,1,-1,1,120
-13,3,5,2,3,0,312,1,2,310,1,-1,1,310,0,120
-13,3,7,2,3,2,4,-1,2,4,-1,6,1,-1,1,120
-11,3,1,2,3,-2,2,3,6,-2,7,8,1,-1,1,120
-11,3,3,2,3,-1,15,2,2,12,2,12,1,12,0,120
-11,3,5,2,3,1,3,0,2,2,0,6,1,-1,1,120
-11,3,7,2,3,3,2,-2,3,3,-1,6,1,-1,1,120
-10,3,1,2,3,-2,3,3,2,-1,3,6,1,-1,1,120
-10,3,3,2,3,0,2,1,4,0,3,6,1,-1,0,120
-10,3,5,2,3,1,312,0,2,311,0,-1,1,310,0,120
-10,3,7,2,3,3,4,-2,2,5,-2,6,1,-1,1,120
-8,3,1,2,3,-1,2,2,6,-1,6,6,1,-1,0,120
-8,3,3,2,3,0,15,1,2,13,1,13,1,13,0,120
-8,3,5,2,3,2,3,-1,2,3,-1,6,1,-1,1,120
-8,3,7,2,3,4,2,-3,3,4,-2,6,1,-1,1,120
-7,3,1,2,3,-1,3,2,2,0,2,6,1,-1,1,120
-7,3,3,2,3,1,2,0,4,1,2,6,1,-1,0,120
-7,3,5,2,3,2,312,-1,2,312,-1,-1,1,309,0,120
-7,3,7,2,3,4,4,-3,2,6,-3,6,1,-1,1,120
-5,3,1,2,3,0,2,1,6,0,5,7,1,-1,0,120
-5,3,3,2,3,1,15,0,2,14,0,13,1,13,0,120
-5,3,5,2,3,3,3,-2,2,4,-2,6,1,-1,1,120
-5,3,7,2,3,5,2,-4,3,5,-3,6,1,-1,1,120
-4,3,1,2,3,0,3,1,2,1,1,6,1,-1,0,120
-4,3,3,2,3,2,2,-1,4,2,1,6,1,-1,0,120
-4,3,5,2,3,3,312,-2,2,313,-2,-1,1,308,0,120
-4,3,7,2,3,5,4,-4,2,7,-4,6,1,-1,1,120
-2,3,1,2,3,1,2,0,6,1,4,7,1,-1,0,120
-2,3,3,2,3,2,15,-1,2,15,-1,12,1,12,0,120
-2,3,5,2,3,4,3,-3,2,5,-3,6,1,-1,1,120
-2,3,7,2,3,6,2,-5,3,6,-4,6,1,-1,1,120
-1,3,1,2,3,1,3,0,2,2,0,6,1,-1,1,120
-1,3,3,2,3,3,2,-2,4,3,0,6,1,-1,1,120
-1,3,5,2,3,4,312,-3,2,314,-3,-1,1,307,0,120
-1,3,7,2,3,6,4,-5,2,8,-5,6,1,-1,1,120
1,3,1,2,3,2,2,-1,6,2,3,6,1,-1,0,120
1,3,3,2,3,3,15,-2,2,16,-2,11,1,11,0,120
1,3,5,2,3,5,3,-4,2,6,-4,7,1,-1,1,120
1,3,7,2,3,7,2,-6,3,7,-5,6,1,-1,1,120
2,3,1,2,3,2,3,-1,2,3,-1,7,1,-1,1,120
2,3,3,2,3,4,2,-3,4,4,-1,6,1,-1,1,120
2,3,5,2,3,5,312,-4,2,315,-4,-1,1,306,0,120
2,3,7,2,3,7,4,-6,2,9,-6,6,1,-1,1,120
4,3,1,2,3,3,2,-2,6,3,2,8,1,-1,0,120
4,3,3,2,3,4,15,-3,2,17,-3,10,1,10,0,120
4,3,5,2,3,6,3,-5,2,7,-5,7,1,-1,1,120
4,3,7,2,3,8,2,-7,3,8,-6,6,1,-1,1,120
5,3,1,2,3,3,3,-2,2,4,-2,6,1,-1,1,120
5,3,3,2,3,5,2,-4,4,5,-2,6,1,-1,1,120
5,3,5,2,3,6,312,-5,2,316,-5,6,1,6,0,120
5,3,7,2,3,8,4,-7,2,10,-7,6,1,-1,1,120
7,3,1,2,3,4,2,-3,6,4,1,6,1,-1,1,120
7,3,3,2,3,5,15,-4,2,18,-4,9,1,9,0,120
7,3,5,2,3,7,3,-6,2,8,-6,7,1,-1,1,120
7,3,7,2,3,9,2,-8,3,9,-7,6,1,-1,1,120
8,3,1,2,3,4,3,-3,2,5,-3,6,1,-1,1,120
8,3,3,2,3,6,2,-5,4,6,-3,6,1,-1,1,120
8,3,5,2,3,7,312,-6,2,317,-6,7,1,7,0,120
8,3,7,2,3,9,4,-8,2,11,-8,6,1,-1,1,120
10,3,1,2,3,5,2,-4,6,5,0,6,1,-1,1,120
10,3,3,2,3,6,15,-5,2,19,-5,6,1,6,0,120
10,3,5,2,3,8,3,-7,2,9,-7,6,1,-1,1,120
10,3,7,2,3,10,2,-9,3,10,-8,6,1,-1,1,120
11,3,1,2,3,5,3,-4,2,6,-4,6,1,-1,1,120
11,3,3,2,3,7,2,-6,4,7,-4,6,1,-1,1,120
11,3,5,2,3,8,312,-7,2,318,-7,6,1,6,0,120
11,3,7,2,3,10,4,-9,2,12,-9,6,1,-1,1,120
13,3,1,2,3,6,2,-5,6,6,-1,9,1,-1,1,120
13,3,3,2,3,7,15,-6,2,20,-6,7,1,-1,1,120
13,3,5,2,3,9,3,-8,2,10,-8,7,1,-1,1,120
13,3,7,2,3,11,2,-10,3,11,-9,6,1,-1,1,120
14,3,1,2,3,6,3,-5,2,7,-5,6,1,-1,1,120
14,3,3,2,3,8,2,-7,4,8,-5,6,1,-1,1,120
14,3,5,2,3,9,312,-8,2,319,-8,6,1,6,0,120
14,3,7,2,3,11,4,-10,2,13,-10,6,1,-1,1,120
16,3,1,2,3,7,2,-6,6,7,-2,8,1,-1,1,120
16,3,3,2,3,8,15,-7,2,21,-7,6,1,-1,1,120
16,3,5,2,3,10,3,-9,2,11,-9,6,1,-1,1,120
16,3,7,2,3,12,2,-11,3,12,-10,6,1,-1,1,120
17,3,1,2,3,7,3,-6,2,8,-6,6,1,-1,1,120
17,3,3,2,3,9,2,-8,4,9,-6,6,1,-1,1,120
17,3,5,2,3,10,312,-9,2,320,-9,6,1,6,0,120
17,3,7,2,3,12,4,-11,2,14,-11,6,1,-1,1,120
-17,3,1,3,3,-5,12,6,2,5,6,6,1,-1,0,120
-17,3,2,3,3,-4,2,5,3,-4,6,6,1,-1,1,120
-17,3,4,3,3,-3,3,4,2,-2,4,6,1,-1,1,120
-17,3,5,3,3,-2,2,3,5,-2,6,6,1,-1,1,120
-17,3,7,3,3,-1,2,2,3,-1,3,6,1,-1,1,120
-17,3,8,3,3,-1,21,2,2,18,2,18,1,18,0,120
-17,3,10,3,3,1,2,0,10,1,8,8,1,8,0,120
-17,3,11,3,3,1,4,0,2,3,0,7,1,-1,0,120
-16,3,1,3,3,-4,2,5,5,-4,8,6,1,-1,1,120
-16,3,2,3,3,-4,6,5,2,0,5,6,1,-1,1,120
-16,3,4,3,3,-3,42,4,2,37,4,37,1,37,0,120
-16,3,5,3,3,-2,3,3,2,-1,3,6,1,-1,1,120
-16,3,7,3,3,-1,4,2,2,1,2,6,1,-1,0,120
-16,3,8,3,3,0,2,1,4,0,3,6,1,-1,0,120
-16,3,10,3,3,1,2,0,3,1,1,6,1,-1,0,120
-16,3,11,3,3,2,2,-1,58,2,55,55,1,55,0,120
-14,3,1,3,3,-4,12,5,2,6,5,6,1,6,0,120
-14,3,2,3,3,-3,2,4,3,-3,5,6,1,-1,1,120
-14,3,4,3,3,-2,3,3,2,-1,3,6,1,-1,1,120
-14,3,5,3,3,-1,2,2,5,-1,5,6,1,-1,1,120
-14,3,7,3,3,0,2,1,3,0,2,6,1,-1,1,120
-14,3,8,3,3,0,21,1,2,19,1,19,1,19,0,120
-14,3,10,3,3,2,2,-1,10,2,7,7,1,7,0,120
-14,3,11,3,3,2,4,-1,2,4,-1,6,1,-1,1,120
-13,3,1,3,3,-3,2,4,5,-3,7,6,1,-1,1,120
-13,3,2,3,3,-3,6,4,2,1,4,6,1,-1,1,120
-13,3,4,3,3,-2,42,3,2,38,3,38,1,38,0,120
-13,3,5,3,3,-1,3,2,2,0,2,6,1,-1,1,120
-13,3,7,3,3,0,4,1,2,2,1,7,1,-1,0,120
-13,3,8,3,3,1,2,0,4,1,2,6,1,-1,0,120
-13,3,10,3,3,2,2,-1,3,2,0,6,1,-1,1,120
-13,3,11,3,3,3,2,-2,58,3,54,54,1,54,0,120
-11,3,1,3,3,-3,12,4,2,7,4,7,1,7,0,120
-11,3,2,3,3,-2,2,3,3,-2,4,6,1,-1,1,120
-11,3,4,3,3,-1,3,2,2,0,2,6,1,-1,1,120
-11,3,5,3,3,0,2,1,5,0,4,6,1,-1,0,120
-11,3,7,3,3,1,2,0,3,1,1,6,1,-1,0,120
-11,3,8,3,3,1,21,0,2,20,0,19,1,19,0,120
-11,3,10,3,3,3,2,-2,10,3,6,6,1,6,0,120
-11,3,11,3,3,3,4,-2,2,5,-2,7,1,-1,1,120
-10,3,1,3,3,-2,2,3,5,-2,6,6,1,-1,1,120
-10,3,2,3,3,-2,6,3,2,2,3,6,1,-1,0,120
-10,3,4,3,3,-1,42,2,2,39,2,39,1,39,0,120
-10,3,5,3,3,0,3,1,2,1,1,6,1,-1,0,120
-10,3,7,3,3,1,4,0,2,3,0,6,1,-1,0,120
-10,3,8,3,3,2,2,-1,4,2,1,6,1,-1,0,120
-10,3,10,3,3,3,2,-2,3,3,-1,6,1,-1,1,120
-10,3,11,3,3,4,2,-3,58,4,53,53,1,53,0,120
-8,3,1,3,3,-2,12,3,2,8,3,8,1,8,0,120
-8,3,2,3,3,-1,2,2,3,-1,3,7,1,-1,1,120
-8,3,4,3,3,0,3,1,2,1,1,6,1,-1,0,120
-8,3,5,3,3,1,2,0,5,1,3,6,1,-1,0,120
-8,3,7,3,3,2,2,-1,3,2,0,6,1,-1,1,120
-8,3,8,3,3,2,21,-1,2,21,-1,18,1,18,0,120
-8,3,10,3,3,4,2,-3,10,4,5,6,1,-1,0,120
-8,3,11,3,3,4,4,-3,2,6,-3,6,1,-1,1,120
-7,3,1,3,3,-1,2,2,5,-1,5,6,1,-1,1,120
-7,3,2,3,3,-1,6,2,2,3,2,6,1,-1,0,120
-7,3,4,3,3,0,42,1,2,40,1,40,1,40,0,120
-7,3,5,3,3,1,3,0,2,2,0,6,1,-1,1,120
-7,3,7,3,3,2,4,-1,2,4,-1,6,1,-1,1,120
-7,3,8,3,3,3,2,-2,4,3,0,6,1,-1,1,120
-7,3,10,3,3,4,2,-3,3,4,-2,6,1,-1,1,120
-7,3,11,3,3,5,2,-4,58,5,52,52,1,52,0,120
-5,3,1,3,3,-1,12,2,2,9,2,9,1,9,0,120
-5,3,2,3,3,0,2,1,3,0,2,6,1,-1,1,120
-5,3,4,3,3,1,3,0,2,2,0,6,1,-1,1,120
-5,3,5,3,3,2,2,-1,5,2,2,6,1,-1,0,120
-5,3,7,3,3,3,2,-2,3,3,-1,6,1,-1,1,120
-5,3,8,3,3,3,21,-2,2,22,-2,17,1,17,0,120
-5,3,10,3,3,5,2,-4,10,5,4,6,1,-1,0,120
-5,3,11,3,3,5,4,-4,2,7,-4,7,1,-1,1,120
-4,3,1,3,3,0,2,1,5,0,4,6,1,-1,0,120
-4,3,2,3,3,0,6,1,2,4,1,6,1,-1,0,120
-4,3,4,3,3,1,42,0,2,41,0,40,1,40,0,120
-4,3,5,3,3,2,3,-1,2,3,-1,6,1,-1,1,120
-4,3,7,3,3,3,4,-2,2,5,-2,6,1,-1,1,120
-4,3,8,3,3,4,2,-3,4,4,-1,6,1,-1,1,120
-4,3,10,3,3,5,2,-4,3,5,-3,6,1,-1,1,120
-4,3,11,3,3,6,2,-5,58,6,51,51,1,51,0,120
-2,3,1,3,3,0,12,1,2,10,1,10,1,10,0,120
-2,3,2,3,3,1,2,0,3,1,1,6,1,-1,0,120
-2,3,4,3,3,2,3,-1,2,3,-1,6,1,-1,1,120
-2,3,5,3,3,3,2,-2,5,3,1,6,1,-1,1,120
-2,3,7,3,3,4,2,-3,3,4,-2,6,1,-1,1,120
-2,3,8,3,3,4,21,-3,2,23,-3,16,1,16,0,120
-2,3,10,3,3,6,2,-5,10,6,3,6,1,-1,1,120
-2,3,11,3,3,6,4,-5,2,8,-5,6,1,-1,1,120
-1,3,1,3,3,1,2,0,5,1,3,6,1,-1,0,120
-1,3,2,3,3,1,6,0,2,5,0,6,1,-1,0,120
-1,3,4,3,3,2,42,-1,2,42,-1,39,1,39,0,120
-1,3,5,3,3,3,3,-2,2,4,-2,6,1,-1,1,120
-1,3,7,3,3,4,4,-3,2,6,-3,6,1,-1,1,120
-1,3,8,3,3,5,2,-4,4,5,-2,6,1,-1,1,120
-1,3,10,3,3,6,2,-5,3,6,-4,6,1,-1,1,120
-1,3,11,3,3,7,2,-6,58,7,50,50,1,50,0,120
1,3,1,3,3,1,12,0,2,11,0,10,1,10,0,120
1,3,2,3,3,2,2,-1,3,2,0,6,1,-1,1,120
1,3,4,3,3,3,3,-2,2,4,-2,6,1,-1,1,120
1,3,5,3,3,4,2,-3,5,4,0,6,1,-1,1,120
1,3,7,3,3,5,2,-4,3,5,-3,6,1,-1,1,120
1,3,8,3,3,5,21,-4,2,24,-4,15,1,15,0,120
1,3,10,3,3,7,2,-6,10,7,2,6,1,-1,1,120
1,3,11,3,3,7,4,-6,2,9,-6,7,1,-1,1,120
2,3,1,3,3,2,2,-1,5,2,2,6,1,-1,0,120
2,3,2,3,3,2,6,-1,2,6,-1,6,1,-1,0,120
2,3,4,3,3,3,42,-2,2,43,-2,38,1,38,0,120
2,3,5,3,3,4,3,-3,2,5,-3,6,1,-1,1,120
2,3,7,3,3,5,4,-4,2,7,-4,6,1,-1,1,120
2,3,8,3,3,6,2,-5,4,6,-3,6,1,-1,1,120
2,3,10,3,3,7,2,-6,3,7,-5,6,1,-1,1,120
2,3,11,3,3,8,2,-7,58,8,49,6,1,6,0,120
4,3,1,3,3,2,12,-1,2,12,-1,9,1,9,0,120
4,3,2,3,3,3,2,-2,3,3,-1,7,1,-1,1,120
4,3,4,3,3,4,3,-3,2,5,-3,6,1,-1,1,120
4,3,5,3,3,5,2,-4,5,5,-1,6,1,-1,1,120
4,3,7,3,3,6,2,-5,3,6,-4,6,1,-1,1,120
4,3,8,3,3,6,21,-5,2,25,-5,6,1,6,0,120
4,3,10,3,3,8,2,-7,10,8,1,6,1,-1,1,120
4,3,11,3,3,8,4,-7,2,10,-7,6,1,-1,1,120
5,3,1,3,3,3,2,-2,5,3,1,6,1,-1,1,120
5,3,2,3,3,3,6,-2,2,7,-2,7,1,-1,1,120
5,3,4,3,3,4,42,-3,2,44,-3,37,1,37,0,120
5,3,5,3,3,5,3,-4,2,6,-4,6,1,-1,1,120
5,3,7,3,3,6,4,-5,2,8,-5,6,1,-1,1,120
5,3,8,3,3,7,2,-6,4,7,-4,6,1,-1,1,120
5,3,10,3,3,8,2,-7,3,8,-6,6,1,-1,1,120
5,3,11,3,3,9,2,-8,58,9,48,6,1,6,0,120
7,3,1,3,3,3,12,-2,2,13,-2,8,1,8,0,120
7,3,2,3,3,4,2,-3,3,4,-2,6,1,-1,1,120
7,3,4,3,3,5,3,-4,2,6,-4,6,1,-1,1,120
7,3,5,3,3,6,2,-5,5,6,-2,6,1,-1,1,120
7,3,7,3,3,7,2,-6,3,7,-5,6,1,-1,1,120
7,3,8,3,3,7,21,-6,2,26,-6,7,1,7,0,120
7,3,10,3,3,9,2,-8,10,9,0,6,1,-1,1,120
7,3,11,3,3,9,4,-8,2,11,-8,7,1,-1,1,120
8,3,1,3,3,4,2,-3,5,4,0,7,1,-1,1,120
8,3,2,3,3,4,6,-3,2,8,-3,6,1,-1,1,120
8,3,4,3,3,5,42,-4,2,45,-4,36,1,36,0,120
8,3,5,3,3,6,3,-5,2,7,-5,6,1,-1,1,120
8,3,7,3,3,7,4,-6,2,9,-6,6,1,-1,1,120
8,3,8,3,3,8,2,-7,4,8,-5,6,1,-1,1,120
8,3,10,3,3,9,2,-8,3,9,-7,6,1,-1,1,120
8,3,11,3,3,10,2,-9,58,10,47,6,1,6,0,120
10,3,1,3,3,4,12,-3,2,14,-3,7,1,7,0,120
10,3,2,3,3,5,2,-4,3,5,-3,6,1,-1,1,120
10,3,4,3,3,6,3,-5,2,7,-5,6,1,-1,1,120
10,3,5,3,3,7,2,-6,5,7,-3,6,1,-1,1,120
10,3,7,3,3,8,2,-7,3,8,-6,6,1,-1,1,120
10,3,8,3,3,8,21,-7,2,27,-7,6,1,6,0,120
10,3,10,3,3,10,2,-9,10,10,-1,7,1,-1,1,120
10,3,11,3,3,10,4,-9,2,12,-9,6,1,-1,1,120
11,3,1,3,3,5,2,-4,5,5,-1,7,1,-1,1,120
11,3,2,3,3,5,6,-4,2,9,-4,9,1,-1,1,120
11,3,4,3,3,6,42,-5,2,46,-5,6,1,6,0,120
11,3,5,3,3,7,3,-6,2,8,-6,6,1,-1,1,120
11,3,7,3,3,8,4,-7,2,10,-7,6,1,-1,1,120
11,3,8,3,3,9,2,-8,4,9,-6,6,1,-1,1,120
11,3,10,3,3,10,2,-9,3,10,-8,6,1,-1,1,120
11,3,11,3,3,11,2,-10,58,11,46,6,1,6,0,120
13,3,1,3,3,5,12,-4,2,15,-4,6,1,6,0,120
13,3,2,3,3,6,2,-5,3,6,-4,6,1,-1,1,120
13,3,4,3,3,7,3,-6,2,8,-6,6,1,-1,1,120
13,3,5,3,3,8,2,-7,5,8,-4,6,1,-1,1,120
13,3,7,3,3,9,2,-8,3,9,-7,6,1,-1,1,120
13,3,8,3,3,9,21,-8,2,28,-8,6,1,6,0,120
13,3,10,3,3,11,2,-10,10,11,-2,6,1,-1,1,120
13,3,11,3,3,11,4,-10,2,13,-10,6,1,-1,1,120
14,3,1,3,3,6,2,-5,5,6,-2,6,1,-1,1,120
14,3,2,3,3,6,6,-5,2,10,-5,6,1,-1,1,120
14,3,4,3,3,7,42,-6,2,47,-6,7,1,7,0,120
14,3,5,3,3,8,3,-7,2,9,-7,6,1,-1,1,120
14,3,7,3,3,9,4,-8,2,11,-8,6,1,-1,1,120
14,3,8,3,3,10,2,-9,4,10,-7,6,1,-1,1,120
14,3,10,3,3,11,2,-10,3,11,-9,6,1,-1,1,120
14,3,11,3,3,12,2,-11,58,12,45,6,1,6,0,120
16,3,1,3,3,6,12,-5,2,16,-5,6,1,-1,1,120
16,3,2,3,3,7,2,-6,3,7,-5,6,1,-1,1,120
16,3,4,3,3,8,3,-7,2,9,-7,6,1,-1,1,120
16,3,5,3,3,9,2,-8,5,9,-5,6,1,-1,1,120
16,3,7,3,3,10,2,-9,3,10,-8,6,1,-1,1,120
16,3,8,3,3,10,21,-9,2,29,-9,6,1,-1,1,120
16,3,10,3,3,12,2,-11,10,12,-3,6,1,-1,1,120
16,3,11,3,3,12,4,-11,2,14,-11,6,1,-1,1,120
-17,3,1,4,3,-5,5,6,2,-2,6,6,1,-1,1,120
-17,3,3,4,3,-4,3,5,2,-3,5,6,1,-1,1,120
-17,3,5,4,3,-3,2,4,3,-3,5,6,1,-1,1,120
-17,3,7,4,3,-2,2,3,3,-2,4,6,1,-1,1,120
-17,3,9,4,3,-1,2,2,5,-1,5,6,1,-1,1,120
-17,3,11,4,3,0,2,1,11,0,10,9,1,9,0,120
-17,3,13,4,3,0,27,1,2,25,1,25,1,25,0,120
-17,3,15,4,3,1,6,0,2,5,0,6,1,-1,0,120
17,3,1,3,3,7,2,-6,5,7,-3,6,1,-1,1,120
17,3,2,3,3,7,6,-6,2,11,-6,7,1,-1,1,120
17,3,4,3,3,8,42,-7,2,48,-7,6,1,6,0,120
17,3,5,3,3,9,3,-8,2,10,-8,6,1,-1,1,120
17,3,7,3,3,10,4,-9,2,12,-9,6,1,-1,1,120
17,3,8,3,3,11,2,-10,4,11,-8,6,1,-1,1,120
17,3,10,3,3,12,2,-11,3,12,-10,6,1,-1,1,120
17,3,11,3,3,13,2,-12,58,13,44,6,1,6,0,120
-14,3,1,4,3,-4,5,5,2,-1,5,6,1,-1,1,120
-14,3,3,4,3,-3,3,4,2,-2,4,6,1,-1,1,120
-14,3,5,4,3,-2,2,3,3,-2,4,6,1,-1,1,120
-14,3,7,4,3,-1,2,2,3,-1,3,6,1,-1,1,120
-14,3,9,4,3,0,2,1,5,0,4,6,1,-1,0,120
-14,3,11,4,3,1,2,0,11,1,9,9,1,9,0,120
-14,3,13,4,3,1,27,0,2,26,0,25,1,25,0,120
-14,3,15,4,3,2,6,-1,2,6,-1,6,1,-1,0,120
-16,3,1,4,3,-4,2,5,11,-4,14,7,1,-1,1,120
-16,3,3,4,3,-4,30,5,2,24,5,24,1,24,0,120
-16,3,5,4,3,-3,6,4,2,1,4,6,1,-1,1,120
-16,3,7,4,3,-2,4,3,2,0,3,6,1,-1,1,120
-16,3,9,4,3,-1,3,2,2,0,2,6,1,-1,1,120
-16,3,11,4,3,0,2,1,3,0,2,6,1,-1,1,120
-16,3,13,4,3,1,2,0,4,1,2,6,1,-1,0,120
-16,3,15,4,3,2,2,-1,7,2,4,7,1,-1,0,120
-11,3,1,4,3,-3,5,4,2,0,4,6,1,-1,1,120
-11,3,3,4,3,-2,3,3,2,-1,3,6,1,-1,1,120
-11,3,5,4,3,-1,2,2,3,-1,3,7,1,-1,1,120
-11,3,7,4,3,0,2,1,3,0,2,6,1,-1,1,120
-11,3,9,4,3,1,2,0,5,1,3,6,1,-1,0,120
-11,3,11,4,3,2,2,-1,11,2,8,8,1,8,0,120
-11,3,13,4,3,2,27,-1,2,27,-1,24,1,24,0,120
-11,3,15,4,3,3,6,-2,2,7,-2,12,1,-1,1,120
-13,3,1,4,3,-3,2,4,11,-3,13,6,1,6,0,120
-13,3,3,4,3,-3,30,4,2,25,4,25,1,25,0,120
-13,3,5,4,3,-2,6,3,2,2,3,8,1,-1,0,120
-13,3,7,4,3,-1,4,2,2,1,2,6,1,-1,0,120
-13,3,9,4,3,0,3,1,2,1,1,6,1,-1,0,120
-13,3,11,4,3,1,2,0,3,1,1,6,1,-1,0,120
-13,3,13,4,3,2,2,-1,4,2,1,6,1,-1,0,120
-13,3,15,4,3,3,2,-2,7,3,3,8,1,-1,0,120
-10,3,1,4,3,-2,2,3,11,-2,12,7,1,7,0,120
-10,3,3,4,3,-2,30,3,2,26,3,26,1,26,0,120
-10,3,5,4,3,-1,6,2,2,3,2,6,1,-1,0,120
-10,3,7,4,3,0,4,1,2,2,1,6,1,-1,0,120
-10,3,9,4,3,1,3,0,2,2,0,7,1,-1,1,120
-10,3,11,4,3,2,2,-1,3,2,0,6,1,-1,1,120
-10,3,13,4,3,3,2,-2,4,3,0,6,1,-1,1,120
-10,3,15,4,3,4,2,-3,7,4,2,7,1,-1,1,120
-8,3,1,4,3,-2,5,3,2,1,3,6,1,-1,1,120
-8,3,3,4,3,-1,3,2,2,0,2,6,1,-1,1,120
-8,3,5,4,3,0,2,1,3,0,2,6,1,-1,1,120
-8,3,7,4,3,1,2,0,3,1,1,6,1,-1,0,120
-8,3,9,4,3,2,2,-1,5,2,2,6,1,-1,0,120
-8,3,11,4,3,3,2,-2,11,3,7,7,1,7,0,120
-8,3,13,4,3,3,27,-2,2,28,-2,23,1,23,0,120
-8,3,15,4,3,4,6,-3,2,8,-3,6,1,-1,1,120
-5,3,1,4,3,-1,5,2,2,2,2,6,1,-1,0,120
-5,3,3,4,3,0,3,1,2,1,1,6,1,-1,0,120
-5,3,5,4,3,1,2,0,3,1,1,6,1,-1,0,120
-5,3,7,4,3,2,2,-1,3,2,0,6,1,-1,1,120
-5,3,9,4,3,3,2,-2,5,3,1,6,1,-1,1,120
-5,3,11,4,3,4,2,-3,11,4,6,6,1,6,0,120
-5,3,13,4,3,4,27,-3,2,29,-3,22,1,22,0,120
-5,3,15,4,3,5,6,-4,2,9,-4,6,1,-1,1,120
-7,3,1,4,3,-1,2,2,11,-1,11,8,1,8,0,120
-7,3,3,4,3,-1,30,2,2,27,2,27,1,27,0,120
-7,3,5,4,3,0,6,1,2,4,1,6,1,-1,0,120
-7,3,7,4,3,1,4,0,2,3,0,6,1,-1,0,120
-7,3,9,4,3,2,3,-1,2,3,-1,6,1,-1,1,120
-7,3,11,4,3,3,2,-2,3,3,-1,6,1,-1,1,120
-7,3,13,4,3,4,2,-3,4,4,-1,6,1,-1,1,120
-7,3,15,4,3,5,2,-4,7,5,1,6,1,-1,1,120
-2,3,1,4,3,0,5,1,2,3,1,7,1,-1,0,120
-2,3,3,4,3,1,3,0,2,2,0,6,1,-1,1,120
-2,3,5,4,3,2,2,-1,3,2,0,6,1,-1,1,120
-2,3,7,4,3,3,2,-2,3,3,-1,6,1,-1,1,120
-2,3,9,4,3,4,2,-3,5,4,0,6,1,-1,1,120
-2,3,11,4,3,5,2,-4,11,5,5,6,1,-1,0,120
-2,3,13,4,3,5,27,-4,2,30,-4,21,1,21,0,120
-2,3,15,4,3,6,6,-5,2,10,-5,6,1,-1,1,120
-4,3,1,4,3,0,2,1,11,0,10,9,1,9,0,120
-4,3,3,4,3,0,30,1,2,28,1,28,1,28,0,120
-4,3,5,4,3,1,6,0,2,5,0,6,1,-1,0,120
-4,3,7,4,3,2,4,-1,2,4,-1,6,1,-1,1,120
-4,3,9,4,3,3,3,-2,2,4,-2,6,1,-1,1,120
-4,3,11,4,3,4,2,-3,3,4,-2,6,1,-1,1,120
-4,3,13,4,3,5,2,-4,4,5,-2,6,1,-1,1,120
-4,3,15,4,3,6,2,-5,7,6,0,6,1,-1,1,120
1,3,1,4,3,1,5,0,2,4,0,6,1,-1,0,120
1,3,3,4,3,2,3,-1,2,3,-1,6,1,-1,1,120
1,3,5,4,3,3,2,-2,3,3,-1,7,1,-1,1,120
1,3,7,4,3,4,2,-3,3,4,-2,6,1,-1,1,120
1,3,9,4,3,5,2,-4,5,5,-1,6,1,-1,1,120
1,3,11,4,3,6,2,-5,11,6,4,6,1,-1,1,120
1,3,13,4,3,6,27,-5,2,31,-5,6,1,6,0,120
1,3,15,4,3,7,6,-6,2,11,-6,6,1,-1,1,120
-1,3,1,4,3,1,2,0,11,1,9,9,1,9,0,120
-1,3,3,4,3,1,30,0,2,29,0,28,1,28,0,120
-1,3,5,4,3,2,6,-1,2,6,-1,6,1,-1,0,120
-1,3,7,4,3,3,4,-2,2,5,-2,6,1,-1,1,120
-1,3,9,4,3,4,3,-3,2,5,-3,6,1,-1,1,120
-1,3,11,4,3,5,2,-4,3,5,-3,6,1,-1,1,120
-1,3,13,4,3,6,2,-5,4,6,-3,6,1,-1,1,120
-1,3,15,4,3,7,2,-6,7,7,-1,6,1,-1,1,120
4,3,1,4,3,2,5,-1,2,5,-1,6,1,-1,1,120
4,3,3,4,3,3,3,-2,2,4,-2,6,1,-1,1,120
4,3,5,4,3,4,2,-3,3,4,-2,6,1,-1,1,120
4,3,7,4,3,5,2,-4,3,5,-3,6,1,-1,1,120
4,3,9,4,3,6,2,-5,5,6,-2,6,1,-1,1,120
4,3,11,4,3,7,2,-6,11,7,3,6,1,-1,1,120
4,3,13,4,3,7,27,-6,2,32,-6,7,1,7,0,120
4,3,15,4,3,8,6,-7,2,12,-7,6,1,-1,1,120
2,3,1,4,3,2,2,-1,11,2,8,8,1,8,0,120
2,3,3,4,3,2,30,-1,2,30,-1,27,1,27,0,120
2,3,5,4,3,3,6,-2,2,7,-2,7,1,-1,1,120
2,3,7,4,3,4,4,-3,2,6,-3,6,1,-1,1,120
2,3,9,4,3,5,3,-4,2,6,-4,6,1,-1,1,120
2,3,11,4,3,6,2,-5,3,6,-4,6,1,-1,1,120
2,3,13,4,3,7,2,-6,4,7,-4,6,1,-1,1,120
2,3,15,4,3,8,2,-7,7,8,-2,6,1,-1,1,120
7,3,1,4,3,3,5,-2,2,6,-2,7,1,-1,1,120
7,3,3,4,3,4,3,-3,2,5,-3,6,1,-1,1,120
7,3,5,4,3,5,2,-4,3,5,-3,6,1,-1,1,120
7,3,7,4,3,6,2,-5,3,6,-4,6,1,-1,1,120
7,3,9,4,3,7,2,-6,5,7,-3,6,1,-1,1,120
7,3,11,4,3,8,2,-7,11,8,2,6,1,-1,1,120
7,3,13,4,3,8,27,-7,2,33,-7,6,1,6,0,120
7,3,15,4,3,9,6,-8,2,13,-8,6,1,-1,1,120
5,3,1,4,3,3,2,-2,11,3,7,7,1,7,0,120
5,3,3,4,3,3,30,-2,2,31,-2,26,1,26,0,120
5,3,5,4,3,4,6,-3,2,8,-3,7,1,-1,1,120
5,3,7,4,3,5,4,-4,2,7,-4,6,1,-1,1,120
5,3,9,4,3,6,3,-5,2,7,-5,6,1,-1,1,120
5,3,11,4,3,7,2,-6,3,7,-5,6,1,-1,1,120
5,3,13,4,3,8,2,-7,4,8,-5,6,1,-1,1,120
5,3,15,4,3,9,2,-8,7,9,-3,6,1,-1,1,120
10,3,1,4,3,4,5,-3,2,7,-3,6,1,-1,1,120
10,3,3,4,3,5,3,-4,2,6,-4,6,1,-1,1,120
10,3,5,4,3,6,2,-5,3,6,-4,6,1,-1,1,120
10,3,7,4,3,7,2,-6,3,7,-5,6,1,-1,1,120
10,3,9,4,3,8,2,-7,5,8,-4,6,1,-1,1,120
10,3,11,4,3,9,2,-8,11,9,1,6,1,-1,1,120
10,3,13,4,3,9,27,-8,2,34,-8,6,1,6,0,120
10,3,15,4,3,10,6,-9,2,14,-9,6,1,-1,1,120
8,3,1,4,3,4,2,-3,11,4,6,6,1,6,0,120
8,3,3,4,3,4,30,-3,2,32,-3,25,1,25,0,120
8,3,5,4,3,5,6,-4,2,9,-4,6,1,-1,1,120
8,3,7,4,3,6,4,-5,2,8,-5,6,1,-1,1,120
8,3,9,4,3,7,3,-6,2,8,-6,6,1,-1,1,120
8,3,11,4,3,8,2,-7,3,8,-6,6,1,-1,1,120
8,3,13,4,3,9,2,-8,4,9,-6,6,1,-1,1,120
8,3,15,4,3,10,2,-9,7,10,-4,6,1,-1,1,120
11,3,1,4,3,5,2,-4,11,5,5,6,1,-1,0,120
11,3,3,4,3,5,30,-4,2,33,-4,24,1,24,0,120
11,3,5,4,3,6,6,-5,2,10,-5,10,1,-1,1,120
11,3,7,4,3,7,4,-6,2,9,-6,6,1,-1,1,120
11,3,9,4,3,8,3,-7,2,9,-7,6,1,-1,1,120
11,3,11,4,3,9,2,-8,3,9,-7,6,1,-1,1,120
11,3,13,4,3,10,2,-9,4,10,-7,6,1,-1,1,120
11,3,15,4,3,11,2,-10,7,11,-5,6,1,-1,1,120
13,3,1,4,3,5,5,-4,2,8,-4,6,1,-1,1,120
13,3,3,4,3,6,3,-5,2,7,-5,6,1,-1,1,120
13,3,5,4,3,7,2,-6,3,7,-5,6,1,-1,1,120
13,3,7,4,3,8,2,-7,3,8,-6,6,1,-1,1,120
13,3,9,4,3,9,2,-8,5,9,-5,6,1,-1,1,120
13,3,11,4,3,10,2,-9,11,10,0,6,1,-1,1,120
13,3,13,4,3,10,27,-9,2,35,-9,6,1,6,0,120
13,3,15,4,3,11,6,-10,2,15,-10,6,1,-1,1,120
16,3,1,4,3,6,5,-5,2,9,-5,6,1,-1,1,120
16,3,3,4,3,7,3,-6,2,8,-6,6,1,-1,1,120
16,3,5,4,3,8,2,-7,3,8,-6,7,1,-1,1,120
16,3,7,4,3,9,2,-8,3,9,-7,6,1,-1,1,120
16,3,9,4,3,10,2,-9,5,10,-6,6,1,-1,1,120
16,3,11,4,3,11,2,-10,11,11,-1,6,1,-1,1,120
16,3,13,4,3,11,27,-10,2,36,-10,6,1,6,0,120
16,3,15,4,3,12,6,-11,2,16,-11,6,1,-1,1,120
14,3,1,4,3,6,2,-5,11,6,4,14,1,-1,1,120
14,3,3,4,3,6,30,-5,2,34,-5,6,1,6,0,120
14,3,5,4,3,7,6,-6,2,11,-6,7,1,-1,1,120
14,3,7,4,3,8,4,-7,2,10,-7,6,1,-1,1,120
14,3,9,4,3,9,3,-8,2,10,-8,6,1,-1,1,120
14,3,11,4,3,10,2,-9,3,10,-8,6,1,-1,1,120
14,3,13,4,3,11,2,-10,4,11,-8,6,1,-1,1,120
14,3,15,4,3,12,2,-11,7,12,-6,6,1,-1,1,120
-17,3,1,5,3,-5,4,6,2,-3,6,6,1,-1,1,120
-17,3,2,5,3,-4,2,5,39,-4,42,33,1,33,0,120
-17,3,3,5,3,-4,2,5,3,-4,6,6,1,-1,1,120
-17,3,4,5,3,-4,4,5,2,-2,5,6,1,-1,1,120
-17,3,6,5,3,-3,2,4,3,-3,5,6,1,-1,1,120
-17,3,7,5,3,-3,5,4,2,0,4,7,1,-1,1,120
-17,3,8,5,3,-2,2,3,10,-2,11,6,1,6,0,120
-17,3,9,5,3,-2,2,3,3,-2,4,7,1,-1,1,120
17,3,1,4,3,7,2,-6,11,7,3,13,1,-1,1,120
17,3,3,4,3,7,30,-6,2,35,-6,7,1,7,0,120
17,3,5,4,3,8,6,-7,2,12,-7,6,1,-1,1,120
17,3,7,4,3,9,4,-8,2,11,-8,6,1,-1,1,120
17,3,9,4,3,10,3,-9,2,11,-9,6,1,-1,1,120
17,3,11,4,3,11,2,-10,3,11,-9,6,1,-1,1,120
17,3,13,4,3,12,2,-11,4,12,-9,6,1,-1,1,120
17,3,15,4,3,13,2,-12,7,13,-7,6,1,-1,1,120
-17,3,11,5,3,-1,2,2,7,-1,7,7,1,-1,0,120
-17,3,12,5,3,-1,2,2,3,-1,3,7,1,-1,1,120
-17,3,13,5,3,-1,7,2,2,4,2,7,1,-1,0,120
-17,3,14,5,3,0,2,1,6,0,5,6,1,-1,0,120
-17,3,16,5,3,0,9,1,2,7,1,7,1,7,0,120
-17,3,17,5,3,1,2,0,5,1,3,6,1,-1,0,120
-17,3,18,5,3,1,3,0,2,2,0,6,1,-1,1,120
-17,3,19,5,3,1,12,0,2,11,0,10,1,10,0,120
-16,3,1,5,3,-4,2,5,77,-4,80,71,1,71,0,120
-16,3,2,5,3,-4,2,5,3,-4,6,6,1,-1,1,120
-16,3,3,5,3,-4,4,5,2,-2,5,6,1,-1,1,120
-16,3,4,5,3,-3,2,4,20,-3,22,15,1,15,0,120
-16,3,6,5,3,-3,4,4,2,-1,4,6,1,-1,1,120
-16,3,7,5,3,-2,2,3,11,-2,12,7,1,7,0,120
-16,3,8,5,3,-2,2,3,3,-2,4,6,1,-1,1,120
-16,3,9,5,3,-2,5,3,2,1,3,6,1,-1,1,120
-16,3,11,5,3,-1,2,2,3,-1,3,7,1,-1,1,120
-16,3,12,5,3,-1,6,2,2,3,2,6,1,-1,0,120
-16,3,13,5,3,0,2,1,6,0,5,6,1,-1,0,120
-16,3,14,5,3,0,3,1,2,1,1,6,1,-1,0,120
-16,3,16,5,3,1,2,0,5,1,3,6,1,-1,0,120
-16,3,17,5,3,1,3,0,2,2,0,6,1,-1,1,120
-16,3,18,5,3,1,11,0,2,10,0,9,1,9,0,120
-16,3,19,5,3,2,2,-1,5,2,2,6,1,-1,0,120
-14,3,1,5,3,-4,4,5,2,-2,5,6,1,-1,1,120
-14,3,2,5,3,-3,2,4,39,-3,41,34,1,34,0,120
-14,3,3,5,3,-3,2,4,3,-3,5,6,1,-1,1,120
-14,3,4,5,3,-3,4,4,2,-1,4,6,1,-1,1,120
-14,3,6,5,3,-2,2,3,3,-2,4,6,1,-1,1,120
-14,3,7,5,3,-2,5,3,2,1,3,6,1,-1,1,120
-14,3,8,5,3,-1,2,2,10,-1,10,7,1,7,0,120
-14,3,9,5,3,-1,2,2,3,-1,3,6,1,-1,1,120
-14,3,11,5,3,0,2,1,7,0,6,6,1,-1,0,120
-14,3,12,5,3,0,2,1,3,0,2,6,1,-1,1,120
-14,3,13,5,3,0,7,1,2,5,1,6,1,-1,0,120
-14,3,14,5,3,1,2,0,6,1,4,6,1,-1,0,120
-14,3,16,5,3,1,9,0,2,8,0,7,1,7,0,120
-14,3,17,5,3,2,2,-1,5,2,2,6,1,-1,0,120
-14,3,18,5,3,2,3,-1,2,3,-1,6,1,-1,1,120
-14,3,19,5,3,2,12,-1,2,12,-1,9,1,9,0,120
-13,3,1,5,3,-3,2,4,77,-3,79,72,1,72,0,120
-13,3,2,5,3,-3,2,4,3,-3,5,6,1,-1,1,120
-13,3,3,5,3,-3,4,4,2,-1,4,6,1,-1,1,120
-13,3,4,5,3,-2,2,3,20,-2,21,16,1,16,0,120
-13,3,6,5,3,-2,4,3,2,0,3,6,1,-1,1,120
-13,3,7,5,3,-1,2,2,11,-1,11,8,1,8,0,120
-13,3,8,5,3,-1,2,2,3,-1,3,6,1,-1,1,120
-13,3,9,5,3,-1,5,2,2,2,2,6,1,-1,0,120
-13,3,11,5,3,0,2,1,3,0,2,6,1,-1,1,120
-13,3,12,5,3,0,6,1,2,4,1,6,1,-1,0,120
-13,3,13,5,3,1,2,0,6,1,4,6,1,-1,0,120
-13,3,14,5,3,1,3,0,2,2,0,6,1,-1,1,120
-13,3,16,5,3,2,2,-1,5,2,2,6,1,-1,0,120
-13,3,17,5,3,2,3,-1,2,3,-1,6,1,-1,1,120
-13,3,18,5,3,2,11,-1,2,11,-1,8,1,8,0,120
-13,3,19,5,3,3,2,-2,5,3,1,6,1,-1,1,120
-11,3,11,5,3,1,2,0,7,1,5,6,1,-1,0,120
-11,3,12,5,3,1,2,0,3,1,1,6,1,-1,0,120
-11,3,13,5,3,1,7,0,2,6,0,6,1,-1,0,120
-11,3,14,5,3,2,2,-1,6,2,3,6,1,-1,0,120
-11,3,16,5,3,2,9,-1,2,9,-1,6,1,6,0,120
-11,3,17,5,3,3,2,-2,5,3,1,6,1,-1,1,120
-11,3,18,5,3,3,3,-2,2,4,-2,6,1,-1,1,120
-11,3,19,5,3,3,12,-2,2,13,-2,8,1,8,0,120
-11,3,1,5,3,-3,4,4,2,-1,4,6,1,-1,1,120
-11,3,2,5,3,-2,2,3,39,-2,40,35,1,35,0,120
-11,3,3,5,3,-2,2,3,3,-2,4,6,1,-1,1,120
-11,3,4,5,3,-2,4,3,2,0,3,6,1,-1,1,120
-11,3,6,5,3,-1,2,2,3,-1,3,6,1,-1,1,120
-11,3,7,5,3,-1,5,2,2,2,2,6,1,-1,0,120
-11,3,8,5,3,0,2,1,10,0,9,8,1,8,0,120
-11,3,9,5,3,0,2,1,3,0,2,6,1,-1,1,120
-10,3,1,5,3,-2,2,3,77,-2,78,73,1,73,0,120
-10,3,2,5,3,-2,2,3,3,-2,4,6,1,-1,1,120
-10,3,3,5,3,-2,4,3,2,0,3,6,1,-1,1,120
-10,3,4,5,3,-1,2,2,20,-1,20,17,1,17,0,120
-10,3,6,5,3,-1,4,2,2,1,2,6,1,-1,0,120
-10,3,7,5,3,0,2,1,11,0,10,9,1,9,0,120
-10,3,8,5,3,0,2,1,3,0,2,6,1,-1,1,120
-10,3,9,5,3,0,5,1,2,3,1,6,1,-1,0,120
-10,3,11,5,3,1,2,0,3,1,1,6,1,-1,0,120
-10,3,12,5,3,1,6,0,2,5,0,6,1,-1,0,120
-10,3,13,5,3,2,2,-1,6,2,3,6,1,-1,0,120
-10,3,14,5,3,2,3,-1,2,3,-1,7,1,-1,1,120
-10,3,16,5,3,3,2,-2,5,3,1,6,1,-1,1,120
-10,3,17,5,3,3,3,-2,2,4,-2,6,1,-1,1,120
-10,3,18,5,3,3,11,-2,2,12,-2,7,1,7,0,120
-10,3,19,5,3,4,2,-3,5,4,0,7,1,-1,1,120
-8,3,11,5,3,2,2,-1,7,2,4,6,1,-1,0,120
-8,3,12,5,3,2,2,-1,3,2,0,6,1,-1,1,120
-8,3,13,5,3,2,7,-1,2,7,-1,6,1,-1,0,120
-8,3,14,5,3,3,2,-2,6,3,2,7,1,-1,0,120
-8,3,16,5,3,3,9,-2,2,10,-2,7,1,-1,0,120
-8,3,17,5,3,4,2,-3,5,4,0,6,1,-1,1,120
-8,3,18,5,3,4,3,-3,2,5,-3,6,1,-1,1,120
-8,3,19,5,3,4,12,-3,2,14,-3,7,1,7,0,120
-8,3,1,5,3,-2,4,3,2,0,3,6,1,-1,1,120
-8,3,2,5,3,-1,2,2,39,-1,39,36,1,36,0,120
-8,3,3,5,3,-1,2,2,3,-1,3,6,1,-1,1,120
-8,3,4,5,3,-1,4,2,2,1,2,6,1,-1,0,120
-8,3,6,5,3,0,2,1,3,0,2,6,1,-1,1,120
-8,3,7,5,3,0,5,1,2,3,1,6,1,-1,0,120
-8,3,8,5,3,1,2,0,10,1,8,8,1,8,0,120
-8,3,9,5,3,1,2,0,3,1,1,6,1,-1,0,120
-7,3,1,5,3,-1,2,2,77,-1,77,74,1,74,0,120
-7,3,2,5,3,-1,2,2,3,-1,3,6,1,-1,1,120
-7,3,3,5,3,-1,4,2,2,1,2,6,1,-1,0,120
-7,3,4,5,3,0,2,1,20,0,19,18,1,18,0,120
-7,3,6,5,3,0,4,1,2,2,1,6,1,-1,0,120
-7,3,7,5,3,1,2,0,11,1,9,9,1,9,0,120
-7,3,8,5,3,1,2,0,3,1,1,6,1,-1,0,120
-7,3,9,5,3,1,5,0,2,4,0,6,1,-1,0,120
-7,3,11,5,3,2,2,-1,3,2,0,6,1,-1,1,120
-7,3,12,5,3,2,6,-1,2,6,-1,8,1,-1,0,120
-7,3,13,5,3,3,2,-2,6,3,2,8,1,-1,0,120
-7,3,14,5,3,3,3,-2,2,4,-2,6,1,-1,1,120
-7,3,16,5,3,4,2,-3,5,4,0,6,1,-1,1,120
-7,3,17,5,3,4,3,-3,2,5,-3,6,1,-1,1,120
-7,3,18,5,3,4,11,-3,2,13,-3,6,1,6,0,120
-7,3,19,5,3,5,2,-4,5,5,-1,7,1,-1,1,120
-5,3,1,5,3,-1,4,2,2,1,2,6,1,-1,0,120
-5,3,2,5,3,0,2,1,39,0,38,37,1,37,0,120
-5,3,3,5,3,0,2,1,3,0,2,6,1,-1,1,120
-5,3,4,5,3,0,4,1,2,2,1,6,1,-1,0,120
-5,3,6,5,3,1,2,0,3,1,1,6,1,-1,0,120
-5,3,7,5,3,1,5,0,2,4,0,6,1,-1,0,120
-5,3,8,5,3,2,2,-1,10,2,7,7,1,7,0,120
-5,3,9,5,3,2,2,-1,3,2,0,6,1,-1,1,120
-5,3,11,5,3,3,2,-2,7,3,3,6,1,-1,0,120
-5,3,12,5,3,3,2,-2,3,3,-1,7,1,-1,1,120
-5,3,13,5,3,3,7,-2,2,8,-2,6,1,-1,1,120
-5,3,14,5,3,4,2,-3,6,4,1,6,1,-1,1,120
-5,3,16,5,3,4,9,-3,2,11,-3,6,1,-1,1,120
-5,3,17,5,3,5,2,-4,5,5,-1,6,1,-1,1,120
-5,3,18,5,3,5,3,-4,2,6,-4,6,1,-1,1,120
-5,3,19,5,3,5,12,-4,2,15,-4,6,1,6,0,120
-4,3,1,5,3,0,2,1,77,0,76,75,1,75,0,120
-4,3,2,5,3,0,2,1,3,0,2,6,1,-1,1,120
-4,3,3,5,3,0,4,1,2,2,1,7,1,-1,0,120
-4,3,4,5,3,1,2,0,20,1,18,18,1,18,0,120
-4,3,6,5,3,1,4,0,2,3,0,6,1,-1,0,120
-4,3,7,5,3,2,2,-1,11,2,8,8,1,8,0,120
-4,3,8,5,3,2,2,-1,3,2,0,6,1,-1,1,120
-4,3,9,5,3,2,5,-1,2,5,-1,6,1,-1,1,120
-2,3,1,5,3,0,4,1,2,2,1,7,1,-1,0,120
-2,3,2,5,3,1,2,0,39,1,37,37,1,37,0,120
-2,3,3,5,3,1,2,0,3,1,1,6,1,-1,0,120
-2,3,4,5,3,1,4,0,2,3,0,6,1,-1,0,120
-2,3,6,5,3,2,2,-1,3,2,0,6,1,-1,1,120
-2,3,7,5,3,2,5,-1,2,5,-1,6,1,-1,1,120
-2,3,8,5,3,3,2,-2,10,3,6,6,1,6,0,120
-2,3,9,5,3,3,2,-2,3,3,-1,6,1,-1,1,120
-4,3,11,5,3,3,2,-2,3,3,-1,7,1,-1,1,120
-4,3,12,5,3,3,6,-2,2,7,-2,6,1,-1,1,120
-4,3,13,5,3,4,2,-3,6,4,1,6,1,-1,1,120
-4,3,14,5,3,4,3,-3,2,5,-3,6,1,-1,1,120
-4,3,16,5,3,5,2,-4,5,5,-1,6,1,-1,1,120
-4,3,17,5,3,5,3,-4,2,6,-4,6,1,-1,1,120
-4,3,18,5,3,5,11,-4,2,14,-4,7,1,-1,1,120
-4,3,19,5,3,6,2,-5,5,6,-2,6,1,-1,1,120
-2,3,11,5,3,4,2,-3,7,4,2,8,1,-1,1,120
-2,3,12,5,3,4,2,-3,3,4,-2,6,1,-1,1,120
-2,3,13,5,3,4,7,-3,2,9,-3,7,1,-1,1,120
-2,3,14,5,3,5,2,-4,6,5,0,6,1,-1,1,120
-2,3,16,5,3,5,9,-4,2,12,-4,6,1,-1,1,120
-2,3,17,5,3,6,2,-5,5,6,-2,6,1,-1,1,120
-2,3,18,5,3,6,3,-5,2,7,-5,6,1,-1,1,120
-2,3,19,5,3,6,12,-5,2,16,-5,9,1,-1,1,120
-1,3,1,5,3,1,2,0,77,1,75,75,1,75,0,120
-1,3,2,5,3,1,2,0,3,1,1,6,1,-1,0,120
-1,3,3,5,3,1,4,0,2,3,0,6,1,-1,0,120
-1,3,4,5,3,2,2,-1,20,2,17,17,1,17,0,120
-1,3,6,5,3,2,4,-1,2,4,-1,6,1,-1,1,120
-1,3,7,5,3,3,2,-2,11,3,7,7,1,7,0,120
-1,3,8,5,3,3,2,-2,3,3,-1,6,1,-1,1,120
-1,3,9,5,3,3,5,-2,2,6,-2,6,1,-1,1,120
1,3,1,5,3,1,4,0,2,3,0,7,1,-1,0,120
1,3,2,5,3,2,2,-1,39,2,36,36,1,36,0,120
1,3,3,5,3,2,2,-1,3,2,0,6,1,-1,1,120
1,3,4,5,3,2,4,-1,2,4,-1,6,1,-1,1,120
1,3,6,5,3,3,2,-2,3,3,-1,6,1,-1,1,120
1,3,7,5,3,3,5,-2,2,6,-2,6,1,-1,1,120
1,3,8,5,3,4,2,-3,10,4,5,6,1,-1,0,120
1,3,9,5,3,4,2,-3,3,4,-2,6,1,-1,1,120
-1,3,11,5,3,4,2,-3,3,4,-2,6,1,-1,1,120
-1,3,12,5,3,4,6,-3,2,8,-3,7,1,-1,1,120
-1,3,13,5,3,5,2,-4,6,5,0,6,1,-1,1,120
-1,3,14,5,3,5,3,-4,2,6,-4,6,1,-1,1,120
-1,3,16,5,3,6,2,-5,5,6,-2,6,1,-1,1,120
-1,3,17,5,3,6,3,-5,2,7,-5,6,1,-1,1,120
-1,3,18,5,3,6,11,-5,2,15,-5,7,1,-1,1,120
-1,3,19,5,3,7,2,-6,5,7,-3,6,1,-1,1,120
1,3,11,5,3,5,2,-4,7,5,1,7,1,-1,1,120
1,3,12,5,3,5,2,-4,3,5,-3,6,1,-1,1,120
1,3,13,5,3,5,7,-4,2,10,-4,6,1,-1,1,120
1,3,14,5,3,6,2,-5,6,6,-1,7,1,-1,1,120
1,3,16,5,3,6,9,-5,2,13,-5,6,1,-1,1,120
1,3,17,5,3,7,2,-6,5,7,-3,6,1,-1,1,120
1,3,18,5,3,7,3,-6,2,8,-6,6,1,-1,1,120
1,3,19,5,3,7,12,-6,2,17,-6,7,1,-1,1,120
2,3,1,5,3,2,2,-1,77,2,74,74,1,74,0,120
2,3,2,5,3,2,2,-1,3,2,0,6,1,-1,1,120
2,3,3,5,3,2,4,-1,2,4,-1,7,1,-1,1,120
2,3,4,5,3,3,2,-2,20,3,16,16,1,16,0,120
2,3,6,5,3,3,4,-2,2,5,-2,6,1,-1,1,120
2,3,7,5,3,4,2,-3,11,4,6,6,1,6,0,120
2,3,8,5,3,4,2,-3,3,4,-2,6,1,-1,1,120
2,3,9,5,3,4,5,-3,2,7,-3,6,1,-1,1,120
4,3,1,5,3,2,4,-1,2,4,-1,6,1,-1,1,120
4,3,2,5,3,3,2,-2,39,3,35,35,1,35,0,120
4,3,3,5,3,3,2,-2,3,3,-1,6,1,-1,1,120
4,3,4,5,3,3,4,-2,2,5,-2,6,1,-1,1,120
4,3,6,5,3,4,2,-3,3,4,-2,6,1,-1,1,120
4,3,7,5,3,4,5,-3,2,7,-3,6,1,-1,1,120
4,3,8,5,3,5,2,-4,10,5,4,6,1,-1,0,120
4,3,9,5,3,5,2,-4,3,5,-3,6,1,-1,1,120
4,3,11,5,3,6,2,-5,7,6,0,6,1,-1,1,120
4,3,12,5,3,6,2,-5,3,6,-4,6,1,-1,1,120
4,3,13,5,3,6,7,-5,2,11,-5,6,1,-1,1,120
4,3,14,5,3,7,2,-6,6,7,-2,6,1,-1,1,120
4,3,16,5,3,7,9,-6,2,14,-6,6,1,-1,1,120
4,3,17,5,3,8,2,-7,5,8,-4,6,1,-1,1,120
4,3,18,5,3,8,3,-7,2,9,-7,6,1,-1,1,120
4,3,19,5,3,8,12,-7,2,18,-7,6,1,-1,1,120
2,3,11,5,3,5,2,-4,3,5,-3,6,1,-1,1,120
2,3,12,5,3,5,6,-4,2,9,-4,6,1,-1,1,120
2,3,13,5,3,6,2,-5,6,6,-1,6,1,-1,1,120
2,3,14,5,3,6,3,-5,2,7,-5,7,1,-1,1,120
2,3,16,5,3,7,2,-6,5,7,-3,6,1,-1,1,120
2,3,17,5,3,7,3,-6,2,8,-6,6,1,-1,1,120
2,3,18,5,3,7,11,-6,2,16,-6,6,1,-1,1,120
2,3,19,5,3,8,2,-7,5,8,-4,6,1,-1,1,120
5,3,1,5,3,3,2,-2,77,3,73,73,1,73,0,120
5,3,2,5,3,3,2,-2,3,3,-1,6,1,-1,1,120
5,3,3,5,3,3,4,-2,2,5,-2,6,1,-1,1,120
5,3,4,5,3,4,2,-3,20,4,15,15,1,15,0,120
5,3,6,5,3,4,4,-3,2,6,-3,6,1,-1,1,120
5,3,7,5,3,5,2,-4,11,5,5,6,1,-1,0,120
5,3,8,5,3,5,2,-4,3,5,-3,6,1,-1,1,120
5,3,9,5,3,5,5,-4,2,8,-4,6,1,-1,1,120
7,3,1,5,3,3,4,-2,2,5,-2,6,1,-1,1,120
7,3,2,5,3,4,2,-3,39,4,34,34,1,34,0,120
7,3,3,5,3,4,2,-3,3,4,-2,6,1,-1,1,120
7,3,4,5,3,4,4,-3,2,6,-3,6,1,-1,1,120
7,3,6,5,3,5,2,-4,3,5,-3,6,1,-1,1,120
7,3,7,5,3,5,5,-4,2,8,-4,6,1,-1,1,120
7,3,8,5,3,6,2,-5,10,6,3,6,1,-1,1,120
7,3,9,5,3,6,2,-5,3,6,-4,6,1,-1,1,120
5,3,11,5,3,6,2,-5,3,6,-4,13,1,-1,1,120
5,3,12,5,3,6,6,-5,2,10,-5,6,1,-1,1,120
5,3,13,5,3,7,2,-6,6,7,-2,6,1,-1,1,120
5,3,14,5,3,7,3,-6,2,8,-6,7,1,-1,1,120
5,3,16,5,3,8,2,-7,5,8,-4,6,1,-1,1,120
5,3,17,5,3,8,3,-7,2,9,-7,6,1,-1,1,120
5,3,18,5,3,8,11,-7,2,17,-7,7,1,-1,1,120
5,3,19,5,3,9,2,-8,5,9,-5,6,1,-1,1,120
7,3,11,5,3,7,2,-6,7,7,-1,6,1,-1,1,120
7,3,12,5,3,7,2,-6,3,7,-5,6,1,-1,1,120
7,3,13,5,3,7,7,-6,2,12,-6,6,1,-1,1,120
7,3,14,5,3,8,2,-7,6,8,-3,6,1,-1,1,120
7,3,16,5,3,8,9,-7,2,15,-7,6,1,-1,1,120
7,3,17,5,3,9,2,-8,5,9,-5,6,1,-1,1,120
7,3,18,5,3,9,3,-8,2,10,-8,6,1,-1,1,120
7,3,19,5,3,9,12,-8,2,19,-8,6,1,-1,1,120
8,3,1,5,3,4,2,-3,77,4,72,72,1,72,0,120
8,3,2,5,3,4,2,-3,3,4,-2,6,1,-1,1,120
8,3,3,5,3,4,4,-3,2,6,-3,6,1,-1,1,120
8,3,4,5,3,5,2,-4,20,5,14,14,1,14,0,120
8,3,6,5,3,5,4,-4,2,7,-4,6,1,-1,1,120
8,3,7,5,3,6,2,-5,11,6,4,6,1,-1,1,120
8,3,8,5,3,6,2,-5,3,6,-4,6,1,-1,1,120
8,3,9,5,3,6,5,-5,2,9,-5,6,1,-1,1,120
10,3,1,5,3,4,4,-3,2,6,-3,6,1,-1,1,120
10,3,2,5,3,5,2,-4,39,5,33,33,1,33,0,120
10,3,3,5,3,5,2,-4,3,5,-3,6,1,-1,1,120
10,3,4,5,3,5,4,-4,2,7,-4,6,1,-1,1,120
10,3,6,5,3,6,2,-5,3,6,-4,6,1,-1,1,120
10,3,7,5,3,6,5,-5,2,9,-5,6,1,-1,1,120
10,3,8,5,3,7,2,-6,10,7,2,6,1,-1,1,120
10,3,9,5,3,7,2,-6,3,7,-5,6,1,-1,1,120
10,3,11,5,3,8,2,-7,7,8,-2,6,1,-1,1,120
10,3,12,5,3,8,2,-7,3,8,-6,7,1,-1,1,120
10,3,13,5,3,8,7,-7,2,13,-7,7,1,-1,1,120
10,3,14,5,3,9,2,-8,6,9,-4,6,1,-1,1,120
10,3,16,5,3,9,9,-8,2,16,-8,6,1,-1,1,120
10,3,17,5,3,10,2,-9,5,10,-6,7,1,-1,1,120
10,3,18,5,3,10,3,-9,2,11,-9,6,1,-1,1,120
10,3,19,5,3,10,12,-9,2,20,-9,6,1,-1,1,120
8,3,11,5,3,7,2,-6,3,7,-5,6,1,-1,1,120
8,3,12,5,3,7,6,-6,2,11,-6,7,1,-1,1,120
8,3,13,5,3,8,2,-7,6,8,-3,6,1,-1,1,120
8,3,14,5,3,8,3,-7,2,9,-7,6,1,-1,1,120
8,3,16,5,3,9,2,-8,5,9,-5,6,1,-1,1,120
8,3,17,5,3,9,3,-8,2,10,-8,6,1,-1,1,120
8,3,18,5,3,9,11,-8,2,18,-8,6,1,-1,1,120
8,3,19,5,3,10,2,-9,5,10,-6,7,1,-1,1,120
11,3,1,5,3,5,2,-4,77,5,71,71,1,71,0,120
11,3,2,5,3,5,2,-4,3,5,-3,6,1,-1,1,120
11,3,3,5,3,5,4,-4,2,7,-4,6,1,-1,1,120
11,3,4,5,3,6,2,-5,20,6,13,13,1,13,0,120
11,3,6,5,3,6,4,-5,2,8,-5,8,1,-1,1,120
11,3,7,5,3,7,2,-6,11,7,3,6,1,-1,1,120
11,3,8,5,3,7,2,-6,3,7,-5,6,1,-1,1,120
11,3,9,5,3,7,5,-6,2,10,-6,6,1,-1,1,120
11,3,11,5,3,8,2,-7,3,8,-6,6,1,-1,1,120
11,3,12,5,3,8,6,-7,2,12,-7,6,1,-1,1,120
11,3,13,5,3,9,2,-8,6,9,-4,6,1,-1,1,120
11,3,14,5,3,9,3,-8,2,10,-8,6,1,-1,1,120
11,3,16,5,3,10,2,-9,5,10,-6,6,1,-1,1,120
11,3,17,5,3,10,3,-9,2,11,-9,6,1,-1,1,120
11,3,18,5,3,10,11,-9,2,19,-9,6,1,-1,1,120
11,3,19,5,3,11,2,-10,5,11,-7,6,1,-1,1,120
13,3,1,5,3,5,4,-4,2,7,-4,6,1,-1,1,120
13,3,2,5,3,6,2,-5,39,6,32,32,1,32,0,120
13,3,3,5,3,6,2,-5,3,6,-4,6,1,-1,1,120
13,3,4,5,3,6,4,-5,2,8,-5,6,1,-1,1,120
13,3,6,5,3,7,2,-6,3,7,-5,6,1,-1,1,120
13,3,7,5,3,7,5,-6,2,10,-6,7,1,-1,1,120
13,3,8,5,3,8,2,-7,10,8,1,6,1,-1,1,120
13,3,9,5,3,8,2,-7,3,8,-6,6,1,-1,1,120
13,3,11,5,3,9,2,-8,7,9,-3,6,1,-1,1,120
13,3,12,5,3,9,2,-8,3,9,-7,6,1,-1,1,120
13,3,13,5,3,9,7,-8,2,14,-8,8,1,-1,1,120
13,3,14,5,3,10,2,-9,6,10,-5,6,1,-1,1,120
13,3,16,5,3,10,9,-9,2,17,-9,7,1,-1,1,120
13,3,17,5,3,11,2,-10,5,11,-7,6,1,-1,1,120
13,3,18,5,3,11,3,-10,2,12,-10,6,1,-1,1,120
13,3,19,5,3,11,12,-10,2,21,-10,6,1,-1,1,120
14,3,1,5,3,6,2,-5,77,6,70,70,1,70,0,120
14,3,2,5,3,6,2,-5,3,6,-4,6,1,-1,1,120
14,3,3,5,3,6,4,-5,2,8,-5,6,1,-1,1,120
14,3,4,5,3,7,2,-6,20,7,12,12,1,12,0,120
14,3,6,5,3,7,4,-6,2,9,-6,7,1,-1,1,120
14,3,7,5,3,8,2,-7,11,8,2,6,1,-1,1,120
14,3,8,5,3,8,2,-7,3,8,-6,6,1,-1,1,120
14,3,9,5,3,8,5,-7,2,11,-7,6,1,-1,1,120
16,3,1,5,3,6,4,-5,2,8,-5,6,1,-1,1,120
16,3,2,5,3,7,2,-6,39,7,31,31,1,31,0,120
16,3,3,5,3,7,2,-6,3,7,-5,6,1,-1,1,120
16,3,4,5,3,7,4,-6,2,9,-6,6,1,-1,1,120
16,3,6,5,3,8,2,-7,3,8,-6,6,1,-1,1,120
16,3,7,5,3,8,5,-7,2,11,-7,6,1,-1,1,120
16,3,8,5,3,9,2,-8,10,9,0,6,1,-1,1,120
16,3,9,5,3,9,2,-8,3,9,-7,6,1,-1,1,120
16,3,11,5,3,10,2,-9,7,10,-4,6,1,-1,1,120
16,3,12,5,3,10,2,-9,3,10,-8,7,1,-1,1,120
16,3,13,5,3,10,7,-9,2,15,-9,8,1,-1,1,120
16,3,14,5,3,11,2,-10,6,11,-6,6,1,-1,1,120
16,3,16,5,3,11,9,-10,2,18,-10,6,1,-1,1,120
16,3,17,5,3,12,2,-11,5,12,-8,6,1,-1,1,120
16,3,18,5,3,12,3,-11,2,13,-11,6,1,-1,1,120
16,3,19,5,3,12,12,-11,2,22,-11,6,1,-1,1,120
14,3,11,5,3,9,2,-8,3,9,-7,6,1,-1,1,120
14,3,12,5,3,9,6,-8,2,13,-8,6,1,-1,1,120
14,3,13,5,3,10,2,-9,6,10,-5,6,1,-1,1,120
14,3,14,5,3,10,3,-9,2,11,-9,6,1,-1,1,120
14,3,16,5,3,11,2,-10,5,11,-7,6,1,-1,1,120
14,3,17,5,3,11,3,-10,2,12,-10,6,1,-1,1,120
14,3,18,5,3,11,11,-10,2,20,-10,7,1,-1,1,120
14,3,19,5,3,12,2,-11,5,12,-8,6,1,-1,1,120
17,3,1,5,3,7,2,-6,77,7,69,69,1,69,0,120
17,3,2,5,3,7,2,-6,3,7,-5,6,1,-1,1,120
17,3,3,5,3,7,4,-6,2,9,-6,6,1,-1,1,120
17,3,4,5,3,8,2,-7,20,8,11,6,1,6,0,120
17,3,6,5,3,8,4,-7,2,10,-7,6,1,-1,1,120
17,3,7,5,3,9,2,-8,11,9,1,6,1,-1,1,120
17,3,8,5,3,9,2,-8,3,9,-7,6,1,-1,1,120
17,3,9,5,3,9,5,-8,2,12,-8,6,1,-1,1,120
-23,4,1,1,3,-4,56,5,2,50,5,50,1,50,0,120
-23,4,2,1,3,-2,4,3,2,0,3,6,1,-1,1,120
-23,4,3,1,3,0,2,1,3,0,2,6,1,-1,1,120
-23,4,4,1,3,2,2,-1,6,2,3,6,1,-1,0,120
-21,4,1,1,3,-3,2,4,3,-3,5,6,1,-1,1,120
-21,4,2,1,3,-1,2,2,5,-1,5,7,1,-1,1,120
-21,4,3,1,3,0,19,1,2,17,1,17,1,17,0,120
-21,4,4,1,3,2,4,-1,2,4,-1,6,1,-1,1,120
-19,4,1,1,3,-3,56,4,2,51,4,51,1,51,0,120
-19,4,2,1,3,-1,4,2,2,1,2,6,1,-1,0,120
-19,4,3,1,3,1,2,0,3,1,1,6,1,-1,0,120
-19,4,4,1,3,3,2,-2,6,3,2,6,1,-1,0,120
-17,4,1,1,3,-2,2,3,3,-2,4,6,1,-1,1,120
-17,4,2,1,3,0,2,1,5,0,4,6,1,-1,0,120
-17,4,3,1,3,1,19,0,2,18,0,17,1,17,0,120
-17,4,4,1,3,3,4,-2,2,5,-2,6,1,-1,1,120
17,3,11,5,3,10,2,-9,3,10,-8,6,1,-1,1,120
17,3,12,5,3,10,6,-9,2,14,-9,6,1,-1,1,120
17,3,13,5,3,11,2,-10,6,11,-6,6,1,-1,1,120
17,3,14,5,3,11,3,-10,2,12,-10,6,1,-1,1,120
17,3,16,5,3,12,2,-11,5,12,-8,6,1,-1,1,120
17,3,17,5,3,12,3,-11,2,13,-11,6,1,-1,1,120
17,3,18,5,3,12,11,-11,2,21,-11,6,1,-1,1,120
17,3,19,5,3,13,2,-12,5,13,-9,6,1,-1,1,120
-15,4,1,1,3,-2,56,3,2,52,3,52,1,52,0,120
-15,4,2,1,3,0,4,1,2,2,1,6,1,-1,0,120
-15,4,3,1,3,2,2,-1,3,2,0,6,1,-1,1,120
-15,4,4,1,3,4,2,-3,6,4,1,6,1,-1,1,120
-13,4,1,1,3,-1,2,2,3,-1,3,7,1,-1,1,120
-13,4,2,1,3,1,2,0,5,1,3,7,1,-1,0,120
-13,4,3,1,3,2,19,-1,2,19,-1,16,1,16,0,120
-13,4,4,1,3,4,4,-3,2,6,-3,6,1,-1,1,120
-11,4,1,1,3,-1,56,2,2,53,2,53,1,53,0,120
-11,4,2,1,3,1,4,0,2,3,0,7,1,-1,0,120
-11,4,3,1,3,3,2,-2,3,3,-1,6,1,-1,1,120
-11,4,4,1,3,5,2,-4,6,5,0,6,1,-1,1,120
-9,4,1,1,3,0,2,1,3,0,2,6,1,-1,1,120
-9,4,2,1,3,2,2,-1,5,2,2,6,1,-1,0,120
-9,4,3,1,3,3,19,-2,2,20,-2,15,1,15,0,120
-9,4,4,1,3,5,4,-4,2,7,-4,6,1,-1,1,120
-7,4,1,1,3,0,56,1,2,54,1,54,1,54,0,120
-7,4,2,1,3,2,4,-1,2,4,-1,6,1,-1,1,120
-7,4,3,1,3,4,2,-3,3,4,-2,6,1,-1,1,120
-7,4,4,1,3,6,2,-5,6,6,-1,6,1,-1,1,120
-5,4,1,1,3,1,2,0,3,1,1,6,1,-1,0,120
-5,4,2,1,3,3,2,-2,5,3,1,6,1,-1,1,120
-5,4,3,1,3,4,19,-3,2,21,-3,14,1,14,0,120
-5,4,4,1,3,6,4,-5,2,8,-5,6,1,-1,1,120
-3,4,1,1,3,1,56,0,2,55,0,54,1,54,0,120
-3,4,2,1,3,3,4,-2,2,5,-2,6,1,-1,1,120
-3,4,3,1,3,5,2,-4,3,5,-3,6,1,-1,1,120
-3,4,4,1,3,7,2,-6,6,7,-2,6,1,-1,1,120
-1,4,1,1,3,2,2,-1,3,2,0,6,1,-1,1,120
-1,4,2,1,3,4,2,-3,5,4,0,6,1,-1,1,120
-1,4,3,1,3,5,19,-4,2,22,-4,13,1,13,0,120
-1,4,4,1,3,7,4,-6,2,9,-6,6,1,-1,1,120
1,4,1,1,3,2,56,-1,2,56,-1,53,1,53,0,120
1,4,2,1,3,4,4,-3,2,6,-3,6,1,-1,1,120
1,4,3,1,3,6,2,-5,3,6,-4,6,1,-1,1,120
1,4,4,1,3,8,2,-7,6,8,-3,6,1,-1,1,120
3,4,1,1,3,3,2,-2,3,3,-1,7,1,-1,1,120
3,4,2,1,3,5,2,-4,5,5,-1,6,1,-1,1,120
3,4,3,1,3,6,19,-5,2,23,-5,6,1,6,0,120
3,4,4,1,3,8,4,-7,2,10,-7,6,1,-1,1,120
5,4,1,1,3,3,56,-2,2,57,-2,52,1,52,0,120
5,4,2,1,3,5,4,-4,2,7,-4,6,1,-1,1,120
5,4,3,1,3,7,2,-6,3,7,-5,6,1,-1,1,120
5,4,4,1,3,9,2,-8,6,9,-4,6,1,-1,1,120
7,4,1,1,3,4,2,-3,3,4,-2,6,1,-1,1,120
7,4,2,1,3,6,2,-5,5,6,-2,6,1,-1,1,120
7,4,3,1,3,7,19,-6,2,24,-6,7,1,7,0,120
7,4,4,1,3,9,4,-8,2,11,-8,6,1,-1,1,120
9,4,1,1,3,4,56,-3,2,58,-3,51,1,51,0,120
9,4,2,1,3,6,4,-5,2,8,-5,6,1,-1,1,120
9,4,3,1,3,8,2,-7,3,8,-6,6,1,-1,1,120
9,4,4,1,3,10,2,-9,6,10,-5,6,1,-1,1,120
11,4,1,1,3,5,2,-4,3,5,-3,6,1,-1,1,120
11,4,2,1,3,7,2,-6,5,7,-3,6,1,-1,1,120
11,4,3,1,3,8,19,-7,2,25,-7,6,1,6,0,120
11,4,4,1,3,10,4,-9,2,12,-9,6,1,-1,1,120
13,4,1,1,3,5,56,-4,2,59,-4,50,1,50,0,120
13,4,2,1,3,7,4,-6,2,9,-6,6,1,-1,1,120
13,4,3,1,3,9,2,-8,3,9,-7,7,1,-1,1,120
13,4,4,1,3,11,2,-10,6,11,-6,6,1,-1,1,120
15,4,1,1,3,6,2,-5,3,6,-4,6,1,-1,1,120
15,4,2,1,3,8,2,-7,5,8,-4,6,1,-1,1,120
15,4,3,1,3,9,19,-8,2,26,-8,6,1,-1,1,120
15,4,4,1,3,11,4,-10,2,13,-10,6,1,-1,1,120
17,4,1,1,3,6,56,-5,2,60,-5,6,1,6,0,120
17,4,2,1,3,8,4,-7,2,10,-7,6,1,-1,1,120
17,4,3,1,3,10,2,-9,3,10,-8,6,1,-1,1,120
17,4,4,1,3,12,2,-11,6,12,-7,6,1,-1,1,120
19,4,1,1,3,7,2,-6,3,7,-5,6,1,-1,1,120
19,4,2,1,3,9,2,-8,5,9,-5,6,1,-1,1,120
19,4,3,1,3,10,19,-9,2,27,-9,6,1,-1,1,120
19,4,4,1,3,12,4,-11,2,14,-11,6,1,-1,1,120
-23,4,1,2,3,-4,2,5,9,-4,12,6,1,-1,1,120
-23,4,3,2,3,-3,7,4,2,2,4,6,1,-1,1,120
-23,4,5,2,3,-1,3,2,2,0,2,6,1,-1,1,120
-23,4,7,2,3,1,2,0,4,1,2,6,1,-1,0,120
-21,4,1,2,3,-4,3,5,2,-3,5,6,1,-1,1,120
-21,4,3,2,3,-2,2,3,3,-2,4,6,1,-1,1,120
-21,4,5,2,3,0,2,1,13,0,12,11,1,11,0,120
-21,4,7,2,3,1,6,0,2,5,0,7,1,-1,0,120
21,4,1,1,3,7,56,-6,2,61,-6,7,1,7,0,120
21,4,2,1,3,9,4,-8,2,11,-8,6,1,-1,1,120
21,4,3,1,3,11,2,-10,3,11,-9,6,1,-1,1,120
21,4,4,1,3,13,2,-12,6,13,-8,6,1,-1,1,120
23,4,1,1,3,8,2,-7,3,8,-6,7,1,-1,1,120
23,4,2,1,3,10,2,-9,5,10,-6,6,1,-1,1,120
23,4,3,1,3,11,19,-10,2,28,-10,6,1,-1,1,120
23,4,4,1,3,13,4,-12,2,15,-12,6,1,-1,1,120
-19,4,1,2,3,-3,2,4,9,-3,11,6,1,-1,1,120
-19,4,3,2,3,-2,7,3,2,3,3,6,1,-1,0,120
-19,4,5,2,3,0,3,1,2,1,1,6,1,-1,0,120
-19,4,7,2,3,2,2,-1,4,2,1,6,1,-1,0,120
-17,4,1,2,3,-3,3,4,2,-2,4,6,1,-1,1,120
-17,4,3,2,3,-1,2,2,3,-1,3,6,1,-1,1,120
-17,4,5,2,3,1,2,0,13,1,11,11,1,11,0,120
-17,4,7,2,3,2,6,-1,2,6,-1,6,1,-1,0,120
-15,4,1,2,3,-2,2,3,9,-2,10,6,1,-1,0,120
-15,4,3,2,3,-1,7,2,2,4,2,6,1,-1,0,120
-15,4,5,2,3,1,3,0,2,2,0,6,1,-1,1,120
-15,4,7,2,3,3,2,-2,4,3,0,6,1,-1,1,120
-13,4,1,2,3,-2,3,3,2,-1,3,6,1,-1,1,120
-13,4,3,2,3,0,2,1,3,0,2,6,1,-1,1,120
-13,4,5,2,3,2,2,-1,13,2,10,10,1,10,0,120
-13,4,7,2,3,3,6,-2,2,7,-2,6,1,-1,1,120
-11,4,1,2,3,-1,2,2,9,-1,9,6,1,6,0,120
-11,4,3,2,3,0,7,1,2,5,1,6,1,-1,0,120
-11,4,5,2,3,2,3,-1,2,3,-1,6,1,-1,1,120
-11,4,7,2,3,4,2,-3,4,4,-1,6,1,-1,1,120
-9,4,1,2,3,-1,3,2,2,0,2,6,1,-1,1,120
-9,4,3,2,3,1,2,0,3,1,1,6,1,-1,0,120
-9,4,5,2,3,3,2,-2,13,3,9,9,1,9,0,120
-9,4,7,2,3,4,6,-3,2,8,-3,6,1,-1,1,120
-7,4,1,2,3,0,2,1,9,0,8,7,1,7,0,120
-7,4,3,2,3,1,7,0,2,6,0,6,1,-1,0,120
-7,4,5,2,3,3,3,-2,2,4,-2,6,1,-1,1,120
-7,4,7,2,3,5,2,-4,4,5,-2,6,1,-1,1,120
-5,4,1,2,3,0,3,1,2,1,1,6,1,-1,0,120
-5,4,3,2,3,2,2,-1,3,2,0,6,1,-1,1,120
-5,4,5,2,3,4,2,-3,13,4,8,8,1,8,0,120
-5,4,7,2,3,5,6,-4,2,9,-4,6,1,-1,1,120
-3,4,1,2,3,1,2,0,9,1,7,7,1,7,0,120
-3,4,3,2,3,2,7,-1,2,7,-1,6,1,-1,0,120
-3,4,5,2,3,4,3,-3,2,5,-3,6,1,-1,1,120
-3,4,7,2,3,6,2,-5,4,6,-3,6,1,-1,1,120
-1,4,1,2,3,1,3,0,2,2,0,6,1,-1,1,120
-1,4,3,2,3,3,2,-2,3,3,-1,6,1,-1,1,120
-1,4,5,2,3,5,2,-4,13,5,7,7,1,7,0,120
-1,4,7,2,3,6,6,-5,2,10,-5,6,1,-1,1,120
1,4,1,2,3,2,2,-1,9,2,6,6,1,6,0,120
1,4,3,2,3,3,7,-2,2,8,-2,6,1,-1,1,120
1,4,5,2,3,5,3,-4,2,6,-4,6,1,-1,1,120
1,4,7,2,3,7,2,-6,4,7,-4,6,1,-1,1,120
3,4,1,2,3,2,3,-1,2,3,-1,6,1,-1,1,120
3,4,3,2,3,4,2,-3,3,4,-2,6,1,-1,1,120
3,4,5,2,3,6,2,-5,13,6,6,6,1,6,0,120
3,4,7,2,3,7,6,-6,2,11,-6,6,1,-1,1,120
5,4,1,2,3,3,2,-2,9,3,5,6,1,-1,0,120
5,4,3,2,3,4,7,-3,2,9,-3,7,1,-1,1,120
5,4,5,2,3,6,3,-5,2,7,-5,6,1,-1,1,120
5,4,7,2,3,8,2,-7,4,8,-5,6,1,-1,1,120
7,4,1,2,3,3,3,-2,2,4,-2,6,1,-1,1,120
7,4,3,2,3,5,2,-4,3,5,-3,6,1,-1,1,120
7,4,5,2,3,7,2,-6,13,7,5,6,1,-1,1,120
7,4,7,2,3,8,6,-7,2,12,-7,6,1,-1,1,120
9,4,1,2,3,4,2,-3,9,4,4,6,1,-1,0,120
9,4,3,2,3,5,7,-4,2,10,-4,6,1,-1,1,120
9,4,5,2,3,7,3,-6,2,8,-6,6,1,-1,1,120
9,4,7,2,3,9,2,-8,4,9,-6,6,1,-1,1,120
11,4,1,2,3,4,3,-3,2,5,-3,6,1,-1,1,120
11,4,3,2,3,6,2,-5,3,6,-4,6,1,-1,1,120
11,4,5,2,3,8,2,-7,13,8,4,6,1,-1,1,120
11,4,7,2,3,9,6,-8,2,13,-8,6,1,-1,1,120
13,4,1,2,3,5,2,-4,9,5,3,6,1,-1,1,120
13,4,3,2,3,6,7,-5,2,11,-5,6,1,-1,1,120
13,4,5,2,3,8,3,-7,2,9,-7,6,1,-1,1,120
13,4,7,2,3,10,2,-9,4,10,-7,6,1,-1,1,120
15,4,1,2,3,5,3,-4,2,6,-4,6,1,-1,1,120
15,4,3,2,3,7,2,-6,3,7,-5,6,1,-1,1,120
15,4,5,2,3,9,2,-8,13,9,3,6,1,-1,1,120
15,4,7,2,3,10,6,-9,2,14,-9,6,1,-1,1,120
17,4,1,2,3,6,2,-5,9,6,2,6,1,-1,1,120
17,4,3,2,3,7,7,-6,2,12,-6,6,1,-1,1,120
17,4,5,2,3,9,3,-8,2,10,-8,6,1,-1,1,120
17,4,7,2,3,11,2,-10,4,11,-8,6,1,-1,1,120
19,4,1,2,3,6,3,-5,2,7,-5,6,1,-1,1,120
19,4,3,2,3,8,2,-7,3,8,-6,6,1,-1,1,120
19,4,5,2,3,10,2,-9,13,10,2,6,1,-1,1,120
19,4,7,2,3,11,6,-10,2,15,-10,6,1,-1,1,120
21,4,1,2,3,7,2,-6,9,7,1,6,1,-1,1,120
21,4,3,2,3,8,7,-7,2,13,-7,6,1,-1,1,120
21,4,5,2,3,10,3,-9,2,11,-9,6,1,-1,1,120
21,4,7,2,3,12,2,-11,4,12,-9,6,1,-1,1,120
23,4,1,2,3,7,3,-6,2,8,-6,6,1,-1,1,120
23,4,3,2,3,9,2,-8,3,9,-7,6,1,-1,1,120
23,4,5,2,3,11,2,-10,13,11,1,6,1,-1,1,120
23,4,7,2,3,12,6,-11,2,16,-11,6,1,-1,1,120
-23,4,1,3,3,-5,6,6,2,-1,6,6,1,-1,1,120
-23,4,2,3,3,-4,2,5,3,-4,6,6,1,-1,1,120
-23,4,4,3,3,-3,3,4,2,-2,4,6,1,-1,1,120
-23,4,5,3,3,-2,2,3,8,-2,9,6,1,-1,0,120
-23,4,7,3,3,-1,2,2,4,-1,4,6,1,-1,1,120
-23,4,8,3,3,-1,8,2,2,5,2,6,1,-1,0,120
-23,4,10,3,3,1,2,0,43,1,41,41,1,41,0,120
-23,4,11,3,3,1,3,0,2,2,0,6,1,-1,1,120
-21,4,1,3,3,-4,2,5,4,-4,7,6,1,-1,1,120
-21,4,2,3,3,-4,11,5,2,5,5,6,1,-1,0,120
-21,4,4,3,3,-2,2,3,17,-2,18,13,1,13,0,120
-21,4,5,3,3,-2,3,3,2,-1,3,6,1,-1,1,120
-21,4,7,3,3,-1,5,2,2,2,2,6,1,-1,0,120
-21,4,8,3,3,0,2,1,3,0,2,6,1,-1,1,120
-21,4,10,3,3,1,3,0,2,2,0,6,1,-1,1,120
-21,4,11,3,3,2,2,-1,10,2,7,7,1,7,0,120
-19,4,1,3,3,-4,6,5,2,0,5,6,1,-1,1,120
-19,4,2,3,3,-3,2,4,3,-3,5,6,1,-1,1,120
-19,4,4,3,3,-2,3,3,2,-1,3,6,1,-1,1,120
-19,4,5,3,3,-1,2,2,8,-1,8,7,1,-1,0,120
-19,4,7,3,3,0,2,1,4,0,3,7,1,-1,0,120
-19,4,8,3,3,0,8,1,2,6,1,6,1,6,0,120
-19,4,10,3,3,2,2,-1,43,2,40,40,1,40,0,120
-19,4,11,3,3,2,3,-1,2,3,-1,6,1,-1,1,120
-17,4,1,3,3,-3,2,4,4,-3,6,6,1,-1,1,120
-17,4,2,3,3,-3,11,4,2,6,4,6,1,6,0,120
-17,4,4,3,3,-1,2,2,17,-1,17,14,1,14,0,120
-17,4,5,3,3,-1,3,2,2,0,2,6,1,-1,1,120
-17,4,7,3,3,0,5,1,2,3,1,6,1,-1,0,120
-17,4,8,3,3,1,2,0,3,1,1,6,1,-1,0,120
-17,4,10,3,3,2,3,-1,2,3,-1,7,1,-1,1,120
-17,4,11,3,3,3,2,-2,10,3,6,6,1,6,0,120
-15,4,1,3,3,-3,6,4,2,1,4,6,1,-1,1,120
-15,4,2,3,3,-2,2,3,3,-2,4,6,1,-1,1,120
-15,4,4,3,3,-1,3,2,2,0,2,6,1,-1,1,120
-15,4,5,3,3,0,2,1,8,0,7,6,1,6,0,120
-15,4,7,3,3,1,2,0,4,1,2,6,1,-1,0,120
-15,4,8,3,3,1,8,0,2,7,0,6,1,6,0,120
-15,4,10,3,3,3,2,-2,43,3,39,39,1,39,0,120
-15,4,11,3,3,3,3,-2,2,4,-2,6,1,-1,1,120
-13,4,1,3,3,-2,2,3,4,-2,5,6,1,-1,1,120
-13,4,2,3,3,-2,11,3,2,7,3,7,1,7,0,120
-13,4,4,3,3,0,2,1,17,0,16,15,1,15,0,120
-13,4,5,3,3,0,3,1,2,1,1,6,1,-1,0,120
-13,4,7,3,3,1,5,0,2,4,0,6,1,-1,0,120
-13,4,8,3,3,2,2,-1,3,2,0,6,1,-1,1,120
-13,4,10,3,3,3,3,-2,2,4,-2,6,1,-1,1,120
-13,4,11,3,3,4,2,-3,10,4,5,6,1,-1,0,120
-11,4,1,3,3,-2,6,3,2,2,3,6,1,-1,0,120
-11,4,2,3,3,-1,2,2,3,-1,3,6,1,-1,1,120
-11,4,4,3,3,0,3,1,2,1,1,6,1,-1,0,120
-11,4,5,3,3,1,2,0,8,1,6,6,1,6,0,120
-11,4,7,3,3,2,2,-1,4,2,1,6,1,-1,0,120
-11,4,8,3,3,2,8,-1,2,8,-1,6,1,-1,0,120
-11,4,10,3,3,4,2,-3,43,4,38,38,1,38,0,120
-11,4,11,3,3,4,3,-3,2,5,-3,6,1,-1,1,120
-9,4,1,3,3,-1,2,2,4,-1,4,6,1,-1,1,120
-9,4,2,3,3,-1,11,2,2,8,2,8,1,8,0,120
-9,4,4,3,3,1,2,0,17,1,15,15,1,15,0,120
-9,4,5,3,3,1,3,0,2,2,0,6,1,-1,1,120
-9,4,7,3,3,2,5,-1,2,5,-1,6,1,-1,1,120
-9,4,8,3,3,3,2,-2,3,3,-1,6,1,-1,1,120
-9,4,10,3,3,4,3,-3,2,5,-3,6,1,-1,1,120
-9,4,11,3,3,5,2,-4,10,5,4,6,1,-1,0,120
-7,4,1,3,3,-1,6,2,2,3,2,6,1,-1,0,120
-7,4,2,3,3,0,2,1,3,0,2,6,1,-1,1,120
-7,4,4,3,3,1,3,0,2,2,0,6,1,-1,1,120
-7,4,5,3,3,2,2,-1,8,2,5,6,1,-1,0,120
-7,4,7,3,3,3,2,-2,4,3,0,6,1,-1,1,120
-7,4,8,3,3,3,8,-2,2,9,-2,6,1,-1,0,120
-7,4,10,3,3,5,2,-4,43,5,37,37,1,37,0,120
-7,4,11,3,3,5,3,-4,2,6,-4,6,1,-1,1,120
-5,4,1,3,3,0,2,1,4,0,3,7,1,-1,0,120
-5,4,2,3,3,0,11,1,2,9,1,9,1,9,0,120
-5,4,4,3,3,2,2,-1,17,2,14,14,1,14,0,120
-5,4,5,3,3,2,3,-1,2,3,-1,6,1,-1,1,120
-5,4,7,3,3,3,5,-2,2,6,-2,6,1,-1,1,120
-5,4,8,3,3,4,2,-3,3,4,-2,6,1,-1,1,120
-5,4,10,3,3,5,3,-4,2,6,-4,6,1,-1,1,120
-5,4,11,3,3,6,2,-5,10,6,3,6,1,-1,1,120
-3,4,1,3,3,0,6,1,2,4,1,6,1,-1,0,120
-3,4,2,3,3,1,2,0,3,1,1,6,1,-1,0,120
-3,4,4,3,3,2,3,-1,2,3,-1,6,1,-1,1,120
-3,4,5,3,3,3,2,-2,8,3,4,7,1,-1,0,120
-3,4,7,3,3,4,2,-3,4,4,-1,6,1,-1,1,120
-3,4,8,3,3,4,8,-3,2,10,-3,6,1,-1,1,120
-3,4,10,3,3,6,2,-5,43,6,36,36,1,36,0,120
-3,4,11,3,3,6,3,-5,2,7,-5,6,1,-1,1,120
-1,4,1,3,3,1,2,0,4,1,2,7,1,-1,0,120
-1,4,2,3,3,1,11,0,2,10,0,9,1,9,0,120
-1,4,4,3,3,3,2,-2,17,3,13,13,1,13,0,120
-1,4,5,3,3,3,3,-2,2,4,-2,6,1,-1,1,120
-1,4,7,3,3,4,5,-3,2,7,-3,6,1,-1,1,120
-1,4,8,3,3,5,2,-4,3,5,-3,6,1,-1,1,120
-1,4,10,3,3,6,3,-5,2,7,-5,6,1,-1,1,120
-1,4,11,3,3,7,2,-6,10,7,2,11,1,-1,1,120
1,4,1,3,3,1,6,0,2,5,0,6,1,-1,0,120
1,4,2,3,3,2,2,-1,3,2,0,6,1,-1,1,120
1,4,4,3,3,3,3,-2,2,4,-2,6,1,-1,1,120
1,4,5,3,3,4,2,-3,8,4,3,6,1,-1,0,120
1,4,7,3,3,5,2,-4,4,5,-2,6,1,-1,1,120
1,4,8,3,3,5,8,-4,2,11,-4,6,1,-1,1,120
1,4,10,3,3,7,2,-6,43,7,35,35,1,35,0,120
1,4,11,3,3,7,3,-6,2,8,-6,6,1,-1,1,120
3,4,1,3,3,2,2,-1,4,2,1,6,1,-1,0,120
3,4,2,3,3,2,11,-1,2,11,-1,8,1,8,0,120
3,4,4,3,3,4,2,-3,17,4,12,12,1,12,0,120
3,4,5,3,3,4,3,-3,2,5,-3,7,1,-1,1,120
3,4,7,3,3,5,5,-4,2,8,-4,6,1,-1,1,120
3,4,8,3,3,6,2,-5,3,6,-4,6,1,-1,1,120
3,4,10,3,3,7,3,-6,2,8,-6,6,1,-1,1,120
3,4,11,3,3,8,2,-7,10,8,1,6,1,-1,1,120
5,4,1,3,3,2,6,-1,2,6,-1,6,1,-1,0,120
5,4,2,3,3,3,2,-2,3,3,-1,6,1,-1,1,120
5,4,4,3,3,4,3,-3,2,5,-3,6,1,-1,1,120
5,4,5,3,3,5,2,-4,8,5,2,6,1,-1,1,120
5,4,7,3,3,6,2,-5,4,6,-3,6,1,-1,1,120
5,4,8,3,3,6,8,-5,2,12,-5,6,1,-1,1,120
5,4,10,3,3,8,2,-7,43,8,34,6,1,6,0,120
5,4,11,3,3,8,3,-7,2,9,-7,6,1,-1,1,120
7,4,1,3,3,3,2,-2,4,3,0,6,1,-1,1,120
7,4,2,3,3,3,11,-2,2,12,-2,7,1,7,0,120
7,4,4,3,3,5,2,-4,17,5,11,11,1,11,0,120
7,4,5,3,3,5,3,-4,2,6,-4,6,1,-1,1,120
7,4,7,3,3,6,5,-5,2,9,-5,6,1,-1,1,120
7,4,8,3,3,7,2,-6,3,7,-5,6,1,-1,1,120
7,4,10,3,3,8,3,-7,2,9,-7,6,1,-1,1,120
7,4,11,3,3,9,2,-8,10,9,0,6,1,-1,1,120
9,4,1,3,3,3,6,-2,2,7,-2,6,1,-1,1,120
9,4,2,3,3,4,2,-3,3,4,-2,6,1,-1,1,120
9,4,4,3,3,5,3,-4,2,6,-4,6,1,-1,1,120
9,4,5,3,3,6,2,-5,8,6,1,7,1,-1,1,120
9,4,7,3,3,7,2,-6,4,7,-4,6,1,-1,1,120
9,4,8,3,3,7,8,-6,2,13,-6,6,1,-1,1,120
9,4,10,3,3,9,2,-8,43,9,33,6,1,6,0,120
9,4,11,3,3,9,3,-8,2,10,-8,7,1,-1,1,120
11,4,1,3,3,4,2,-3,4,4,-1,6,1,-1,1,120
11,4,2,3,3,4,11,-3,2,13,-3,6,1,6,0,120
11,4,4,3,3,6,2,-5,17,6,10,10,1,10,0,120
11,4,5,3,3,6,3,-5,2,7,-5,6,1,-1,1,120
11,4,7,3,3,7,5,-6,2,10,-6,6,1,-1,1,120
11,4,8,3,3,8,2,-7,3,8,-6,6,1,-1,1,120
11,4,10,3,3,9,3,-8,2,10,-8,6,1,-1,1,120
11,4,11,3,3,10,2,-9,10,10,-1,6,1,-1,1,120
13,4,1,3,3,4,6,-3,2,8,-3,6,1,-1,1,120
13,4,2,3,3,5,2,-4,3,5,-3,6,1,-1,1,120
13,4,4,3,3,6,3,-5,2,7,-5,6,1,-1,1,120
13,4,5,3,3,7,2,-6,8,7,0,6,1,-1,1,120
13,4,7,3,3,8,2,-7,4,8,-5,6,1,-1,1,120
13,4,8,3,3,8,8,-7,2,14,-7,6,1,-1,1,120
13,4,10,3,3,10,2,-9,43,10,32,6,1,6,0,120
13,4,11,3,3,10,3,-9,2,11,-9,6,1,-1,1,120
15,4,1,3,3,5,2,-4,4,5,-2,8,1,-1,1,120
15,4,2,3,3,5,11,-4,2,14,-4,7,1,-1,1,120
15,4,4,3,3,7,2,-6,17,7,9,9,1,9,0,120
15,4,5,3,3,7,3,-6,2,8,-6,6,1,-1,1,120
15,4,7,3,3,8,5,-7,2,11,-7,6,1,-1,1,120
15,4,8,3,3,9,2,-8,3,9,-7,6,1,-1,1,120
15,4,10,3,3,10,3,-9,2,11,-9,6,1,-1,1,120
15,4,11,3,3,11,2,-10,10,11,-2,6,1,-1,1,120
17,4,1,3,3,5,6,-4,2,9,-4,6,1,-1,1,120
17,4,2,3,3,6,2,-5,3,6,-4,6,1,-1,1,120
17,4,4,3,3,7,3,-6,2,8,-6,6,1,-1,1,120
17,4,5,3,3,8,2,-7,8,8,-1,6,1,-1,1,120
17,4,7,3,3,9,2,-8,4,9,-6,6,1,-1,1,120
17,4,8,3,3,9,8,-8,2,15,-8,6,1,-1,1,120
17,4,10,3,3,11,2,-10,43,11,31,6,1,6,0,120
17,4,11,3,3,11,3,-10,2,12,-10,6,1,-1,1,120
19,4,1,3,3,6,2,-5,4,6,-3,6,1,-1,1,120
19,4,2,3,3,6,11,-5,2,15,-5,6,1,-1,1,120
19,4,4,3,3,8,2,-7,17,8,8,6,1,6,0,120
19,4,5,3,3,8,3,-7,2,9,-7,6,1,-1,1,120
19,4,7,3,3,9,5,-8,2,12,-8,6,1,-1,1,120
19,4,8,3,3,10,2,-9,3,10,-8,6,1,-1,1,120
19,4,10,3,3,11,3,-10,2,12,-10,6,1,-1,1,120
19,4,11,3,3,12,2,-11,10,12,-3,7,1,-1,1,120
21,4,1,3,3,6,6,-5,2,10,-5,6,1,-1,1,120
21,4,2,3,3,7,2,-6,3,7,-5,6,1,-1,1,120
21,4,4,3,3,8,3,-7,2,9,-7,6,1,-1,1,120
21,4,5,3,3,9,2,-8,8,9,-2,7,1,-1,1,120
21,4,7,3,3,10,2,-9,4,10,-7,7,1,-1,1,120
21,4,8,3,3,10,8,-9,2,16,-9,6,1,-1,1,120
21,4,10,3,3,12,2,-11,43,12,30,6,1,6,0,120
21,4,11,3,3,12,3,-11,2,13,-11,7,1,-1,1,120
23,4,1,3,3,7,2,-6,4,7,-4,6,1,-1,1,120
23,4,2,3,3,7,11,-6,2,16,-6,7,1,-1,1,120
23,4,4,3,3,9,2,-8,17,9,7,6,1,-1,1,120
23,4,5,3,3,9,3,-8,2,10,-8,6,1,-1,1,120
23,4,7,3,3,10,5,-9,2,13,-9,6,1,-1,1,120
23,4,8,3,3,11,2,-10,3,11,-9,6,1,-1,1,120
23,4,10,3,3,12,3,-11,2,13,-11,6,1,-1,1,120
23,4,11,3,3,13,2,-12,10,13,-4,6,1,-1,1,120
-23,4,1,4,3,-5,4,6,2,-3,6,6,1,-1,1,120
-23,4,3,4,3,-4,3,5,2,-3,5,6,1,-1,1,120
-23,4,5,4,3,-3,2,4,3,-3,5,6,1,-1,1,120
-23,4,7,4,3,-2,2,3,4,-2,5,6,1,-1,1,120
-23,4,9,4,3,-1,2,2,7,-1,7,7,1,-1,0,120
-23,4,11,4,3,0,2,1,77,0,76,75,1,75,0,120
-23,4,13,4,3,0,9,1,2,7,1,7,1,7,0,120
-23,4,15,4,3,1,4,0,2,3,0,6,1,-1,0,120
-21,4,1,4,3,-4,2,5,6,-4,9,6,1,-1,1,120
-21,4,3,4,3,-3,2,4,21,-3,23,16,1,16,0,120
-21,4,5,4,3,-3,12,4,2,7,4,7,1,7,0,120
-21,4,7,4,3,-2,5,3,2,1,3,6,1,-1,1,120
-21,4,9,4,3,-1,3,2,2,0,2,6,1,-1,1,120
-21,4,11,4,3,0,3,1,2,1,1,6,1,-1,0,120
-21,4,13,4,3,1,2,0,3,1,1,6,1,-1,0,120
-21,4,15,4,3,2,2,-1,5,2,2,6,1,-1,0,120
-19,4,1,4,3,-4,4,5,2,-2,5,6,1,-1,1,120
-19,4,3,4,3,-3,3,4,2,-2,4,6,1,-1,1,120
-19,4,5,4,3,-2,2,3,3,-2,4,6,1,-1,1,120
-19,4,7,4,3,-1,2,2,4,-1,4,6,1,-1,1,120
-19,4,9,4,3,0,2,1,7,0,6,6,1,-1,0,120
-19,4,11,4,3,1,2,0,77,1,75,75,1,75,0,120
-19,4,13,4,3,1,9,0,2,8,0,7,1,7,0,120
-19,4,15,4,3,2,4,-1,2,4,-1,6,1,-1,1,120
-17,4,1,4,3,-3,2,4,6,-3,8,7,1,-1,1,120
-17,4,3,4,3,-2,2,3,21,-2,22,17,1,17,0,120
-17,4,5,4,3,-2,12,3,2,8,3,8,1,8,0,120
-17,4,7,4,3,-1,5,2,2,2,2,6,1,-1,0,120
-17,4,9,4,3,0,3,1,2,1,1,6,1,-1,0,120
-17,4,11,4,3,1,3,0,2,2,0,6,1,-1,1,120
-17,4,13,4,3,2,2,-1,3,2,0,6,1,-1,1,120
-17,4,15,4,3,3,2,-2,5,3,1,6,1,-1,1,120
-15,4,1,4,3,-3,4,4,2,-1,4,7,1,-1,1,120
-15,4,3,4,3,-2,3,3,2,-1,3,6,1,-1,1,120
-15,4,5,4,3,-1,2,2,3,-1,3,6,1,-1,1,120
-15,4,7,4,3,0,2,1,4,0,3,6,1,-1,0,120
-15,4,9,4,3,1,2,0,7,1,5,6,1,-1,0,120
-15,4,11,4,3,2,2,-1,77,2,74,74,1,74,0,120
-15,4,13,4,3,2,9,-1,2,9,-1,6,1,6,0,120
-15,4,15,4,3,3,4,-2,2,5,-2,6,1,-1,1,120
-13,4,1,4,3,-2,2,3,6,-2,7,6,1,-1,1,120
-13,4,3,4,3,-1,2,2,21,-1,21,18,1,18,0,120
-13,4,5,4,3,-1,12,2,2,9,2,9,1,9,0,120
-13,4,7,4,3,0,5,1,2,3,1,6,1,-1,0,120
-13,4,9,4,3,1,3,0,2,2,0,6,1,-1,1,120
-13,4,11,4,3,2,3,-1,2,3,-1,7,1,-1,1,120
-13,4,13,4,3,3,2,-2,3,3,-1,6,1,-1,1,120
-13,4,15,4,3,4,2,-3,5,4,0,7,1,-1,1,120
-11,4,1,4,3,-2,4,3,2,0,3,7,1,-1,1,120
-11,4,3,4,3,-1,3,2,2,0,2,6,1,-1,1,120
-11,4,5,4,3,0,2,1,3,0,2,6,1,-1,1,120
-11,4,7,4,3,1,2,0,4,1,2,6,1,-1,0,120
-11,4,9,4,3,2,2,-1,7,2,4,6,1,-1,0,120
-11,4,11,4,3,3,2,-2,77,3,73,73,1,73,0,120
-11,4,13,4,3,3,9,-2,2,10,-2,7,1,-1,0,120
-11,4,15,4,3,4,4,-3,2,6,-3,6,1,-1,1,120
-9,4,1,4,3,-1,2,2,6,-1,6,6,1,-1,0,120
-9,4,3,4,3,0,2,1,21,0,20,19,1,19,0,120
-9,4,5,4,3,0,12,1,2,10,1,10,1,10,0,120
-9,4,7,4,3,1,5,0,2,4,0,6,1,-1,0,120
-9,4,9,4,3,2,3,-1,2,3,-1,6,1,-1,1,120
-9,4,11,4,3,3,3,-2,2,4,-2,6,1,-1,1,120
-9,4,13,4,3,4,2,-3,3,4,-2,6,1,-1,1,120
-9,4,15,4,3,5,2,-4,5,5,-1,7,1,-1,1,120
-7,4,1,4,3,-1,4,2,2,1,2,6,1,-1,0,120
-7,4,3,4,3,0,3,1,2,1,1,6,1,-1,0,120
-7,4,5,4,3,1,2,0,3,1,1,6,1,-1,0,120
-7,4,7,4,3,2,2,-1,4,2,1,6,1,-1,0,120
-7,4,9,4,3,3,2,-2,7,3,3,6,1,-1,0,120
-7,4,11,4,3,4,2,-3,77,4,72,72,1,72,0,120
-7,4,13,4,3,4,9,-3,2,11,-3,6,1,-1,1,120
-7,4,15,4,3,5,4,-4,2,7,-4,6,1,-1,1,120
-5,4,1,4,3,0,2,1,6,0,5,6,1,-1,0,120
-5,4,3,4,3,1,2,0,21,1,19,19,1,19,0,120
-5,4,5,4,3,1,12,0,2,11,0,10,1,10,0,120
-5,4,7,4,3,2,5,-1,2,5,-1,6,1,-1,1,120
-5,4,9,4,3,3,3,-2,2,4,-2,6,1,-1,1,120
-5,4,11,4,3,4,3,-3,2,5,-3,6,1,-1,1,120
-5,4,13,4,3,5,2,-4,3,5,-3,6,1,-1,1,120
-5,4,15,4,3,6,2,-5,5,6,-2,6,1,-1,1,120
-3,4,1,4,3,0,4,1,2,2,1,7,1,-1,0,120
-3,4,3,4,3,1,3,0,2,2,0,6,1,-1,1,120
-3,4,5,4,3,2,2,-1,3,2,0,6,1,-1,1,120
-3,4,7,4,3,3,2,-2,4,3,0,6,1,-1,1,120
-3,4,9,4,3,4,2,-3,7,4,2,6,1,-1,1,120
-3,4,11,4,3,5,2,-4,77,5,71,71,1,71,0,120
-3,4,13,4,3,5,9,-4,2,12,-4,6,1,-1,1,120
-3,4,15,4,3,6,4,-5,2,8,-5,8,1,-1,1,120
-1,4,1,4,3,1,2,0,6,1,4,6,1,-1,0,120
-1,4,3,4,3,2,2,-1,21,2,18,18,1,18,0,120
-1,4,5,4,3,2,12,-1,2,12,-1,9,1,9,0,120
-1,4,7,4,3,3,5,-2,2,6,-2,6,1,-1,1,120
-1,4,9,4,3,4,3,-3,2,5,-3,6,1,-1,1,120
-1,4,11,4,3,5,3,-4,2,6,-4,6,1,-1,1,120
-1,4,13,4,3,6,2,-5,3,6,-4,6,1,-1,1,120
-1,4,15,4,3,7,2,-6,5,7,-3,6,1,-1,1,120
1,4,1,4,3,1,4,0,2,3,0,7,1,-1,0,120
1,4,3,4,3,2,3,-1,2,3,-1,6,1,-1,1,120
1,4,5,4,3,3,2,-2,3,3,-1,6,1,-1,1,120
1,4,7,4,3,4,2,-3,4,4,-1,6,1,-1,1,120
1,4,9,4,3,5,2,-4,7,5,1,6,1,-1,1,120
1,4,11,4,3,6,2,-5,77,6,70,70,1,70,0,120
1,4,13,4,3,6,9,-5,2,13,-5,6,1,-1,1,120
1,4,15,4,3,7,4,-6,2,9,-6,7,1,-1,1,120
3,4,1,4,3,2,2,-1,6,2,3,6,1,-1,0,120
3,4,3,4,3,3,2,-2,21,3,17,17,1,17,0,120
3,4,5,4,3,3,12,-2,2,13,-2,8,1,8,0,120
3,4,7,4,3,4,5,-3,2,7,-3,6,1,-1,1,120
3,4,9,4,3,5,3,-4,2,6,-4,6,1,-1,1,120
3,4,11,4,3,6,3,-5,2,7,-5,7,1,-1,1,120
3,4,13,4,3,7,2,-6,3,7,-5,6,1,-1,1,120
3,4,15,4,3,8,2,-7,5,8,-4,6,1,-1,1,120
5,4,1,4,3,2,4,-1,2,4,-1,6,1,-1,1,120
5,4,3,4,3,3,3,-2,2,4,-2,6,1,-1,1,120
5,4,5,4,3,4,2,-3,3,4,-2,6,1,-1,1,120
5,4,7,4,3,5,2,-4,4,5,-2,6,1,-1,1,120
5,4,9,4,3,6,2,-5,7,6,0,6,1,-1,1,120
5,4,11,4,3,7,2,-6,77,7,69,69,1,69,0,120
5,4,13,4,3,7,9,-6,2,14,-6,7,1,-1,1,120
5,4,15,4,3,8,4,-7,2,10,-7,6,1,-1,1,120
7,4,1,4,3,3,2,-2,6,3,2,7,1,-1,0,120
7,4,3,4,3,4,2,-3,21,4,16,16,1,16,0,120
7,4,5,4,3,4,12,-3,2,14,-3,7,1,7,0,120
7,4,7,4,3,5,5,-4,2,8,-4,6,1,-1,1,120
7,4,9,4,3,6,3,-5,2,7,-5,6,1,-1,1,120
7,4,11,4,3,7,3,-6,2,8,-6,7,1,-1,1,120
7,4,13,4,3,8,2,-7,3,8,-6,6,1,-1,1,120
7,4,15,4,3,9,2,-8,5,9,-5,6,1,-1,1,120
9,4,1,4,3,3,4,-2,2,5,-2,7,1,-1,1,120
9,4,3,4,3,4,3,-3,2,5,-3,6,1,-1,1,120
9,4,5,4,3,5,2,-4,3,5,-3,6,1,-1,1,120
9,4,7,4,3,6,2,-5,4,6,-3,6,1,-1,1,120
9,4,9,4,3,7,2,-6,7,7,-1,6,1,-1,1,120
9,4,11,4,3,8,2,-7,77,8,68,6,1,6,0,120
9,4,13,4,3,8,9,-7,2,15,-7,6,1,-1,1,120
9,4,15,4,3,9,4,-8,2,11,-8,6,1,-1,1,120
11,4,1,4,3,4,2,-3,6,4,1,6,1,-1,1,120
11,4,3,4,3,5,2,-4,21,5,15,15,1,15,0,120
11,4,5,4,3,5,12,-4,2,15,-4,6,1,6,0,120
11,4,7,4,3,6,5,-5,2,9,-5,6,1,-1,1,120
11,4,9,4,3,7,3,-6,2,8,-6,7,1,-1,1,120
11,4,11,4,3,8,3,-7,2,9,-7,6,1,-1,1,120
11,4,13,4,3,9,2,-8,3,9,-7,6,1,-1,1,120
11,4,15,4,3,10,2,-9,5,10,-6,6,1,-1,1,120
13,4,1,4,3,4,4,-3,2,6,-3,6,1,-1,1,120
13,4,3,4,3,5,3,-4,2,6,-4,6,1,-1,1,120
13,4,5,4,3,6,2,-5,3,6,-4,6,1,-1,1,120
13,4,7,4,3,7,2,-6,4,7,-4,6,1,-1,1,120
13,4,9,4,3,8,2,-7,7,8,-2,6,1,-1,1,120
13,4,11,4,3,9,2,-8,77,9,67,6,1,6,0,120
13,4,13,4,3,9,9,-8,2,16,-8,6,1,-1,1,120
13,4,15,4,3,10,4,-9,2,12,-9,6,1,-1,1,120
15,4,1,4,3,5,2,-4,6,5,0,6,1,-1,1,120
15,4,3,4,3,6,2,-5,21,6,14,14,1,14,0,120
15,4,5,4,3,6,12,-5,2,16,-5,9,1,-1,1,120
15,4,7,4,3,7,5,-6,2,10,-6,6,1,-1,1,120
15,4,9,4,3,8,3,-7,2,9,-7,6,1,-1,1,120
15,4,11,4,3,9,3,-8,2,10,-8,6,1,-1,1,120
15,4,13,4,3,10,2,-9,3,10,-8,6,1,-1,1,120
15,4,15,4,3,11,2,-10,5,11,-7,6,1,-1,1,120
17,4,1,4,3,5,4,-4,2,7,-4,6,1,-1,1,120
17,4,3,4,3,6,3,-5,2,7,-5,6,1,-1,1,120
17,4,5,4,3,7,2,-6,3,7,-5,6,1,-1,1,120
17,4,7,4,3,8,2,-7,4,8,-5,6,1,-1,1,120
17,4,9,4,3,9,2,-8,7,9,-3,6,1,-1,1,120
17,4,11,4,3,10,2,-9,77,10,66,6,1,6,0,120
17,4,13,4,3,10,9,-9,2,17,-9,6,1,-1,1,120
17,4,15,4,3,11,4,-10,2,13,-10,6,1,-1,1,120
19,4,1,4,3,6,2,-5,6,6,-1,7,1,-1,1,120
19,4,3,4,3,7,2,-6,21,7,13,13,1,13,0,120
19,4,5,4,3,7,12,-6,2,17,-6,7,1,-1,1,120
19,4,7,4,3,8,5,-7,2,11,-7,6,1,-1,1,120
19,4,9,4,3,9,3,-8,2,10,-8,6,1,-1,1,120
19,4,11,4,3,10,3,-9,2,11,-9,7,1,-1,1,120
19,4,13,4,3,11,2,-10,3,11,-9,6,1,-1,1,120
19,4,15,4,3,12,2,-11,5,12,-8,6,1,-1,1,120
21,4,1,4,3,6,4,-5,2,8,-5,6,1,-1,1,120
21,4,3,4,3,7,3,-6,2,8,-6,6,1,-1,1,120
21,4,5,4,3,8,2,-7,3,8,-6,6,1,-1,1,120
21,4,7,4,3,9,2,-8,4,9,-6,6,1,-1,1,120
21,4,9,4,3,10,2,-9,7,10,-4,6,1,-1,1,120
21,4,11,4,3,11,2,-10,77,11,65,6,1,6,0,120
21,4,13,4,3,11,9,-10,2,18,-10,6,1,-1,1,120
21,4,15,4,3,12,4,-11,2,14,-11,6,1,-1,1,120
23,4,1,4,3,7,2,-6,6,7,-2,6,1,-1,1,120
23,4,3,4,3,8,2,-7,21,8,12,6,1,6,0,120
23,4,5,4,3,8,12,-7,2,18,-7,6,1,-1,1,120
23,4,7,4,3,9,5,-8,2,12,-8,6,1,-1,1,120
23,4,9,4,3,10,3,-9,2,11,-9,6,1,-1,1,120
23,4,11,4,3,11,3,-10,2,12,-10,6,1,-1,1,120
23,4,13,4,3,12,2,-11,3,12,-10,6,1,-1,1,120
23,4,15,4,3,13,2,-12,5,13,-9,6,1,-1,1,120
-23,4,1,5,3,-5,3,6,2,-4,6,6,1,-1,1,120
-23,4,2,5,3,-5,18,6,2,11,6,11,1,11,0,120
-23,4,3,5,3,-4,2,5,4,-4,7,6,1,-1,1,120
-23,4,4,5,3,-4,3,5,2,-3,5,6,1,-1,1,120
-23,4,6,5,3,-3,2,4,4,-3,6,6,1,-1,1,120
-23,4,7,5,3,-3,4,4,2,-1,4,6,1,-1,1,120
-23,4,8,5,3,-2,2,3,47,-2,48,43,1,43,0,120
-23,4,9,5,3,-2,2,3,3,-2,4,6,1,-1,1,120
-23,4,11,5,3,-1,2,2,17,-1,17,14,1,14,0,120
-23,4,12,5,3,-1,2,2,3,-1,3,6,1,-1,1,120
-23,4,13,5,3,-1,5,2,2,2,2,6,1,-1,0,120
-23,4,14,5,3,0,2,1,11,0,10,9,1,9,0,120
-23,4,16,5,3,0,5,1,2,3,1,6,1,-1,0,120
-23,4,17,5,3,1,2,0,8,1,6,6,1,6,0,120
-23,4,18,5,3,1,2,0,3,1,1,6,1,-1,0,120
-23,4,19,5,3,1,6,0,2,5,0,6,1,-1,0,120
-21,4,1,5,3,-4,2,5,11,-4,14,7,1,-1,1,120
-21,4,2,5,3,-4,2,5,3,-4,6,6,1,-1,1,120
-21,4,3,5,3,-4,5,5,2,-1,5,6,1,-1,1,120
-21,4,4,5,3,-3,2,4,8,-3,10,6,1,-1,1,120
-21,4,6,5,3,-3,6,4,2,1,4,6,1,-1,1,120
-21,4,7,5,3,-2,2,3,6,-2,7,6,1,-1,1,120
-21,4,8,5,3,-2,3,3,2,-1,3,7,1,-1,1,120
-21,4,9,5,3,-2,8,3,2,4,3,6,1,-1,0,120
-21,4,11,5,3,-1,3,2,2,0,2,6,1,-1,1,120
-21,4,12,5,3,-1,11,2,2,8,2,8,1,8,0,120
-21,4,13,5,3,0,2,1,4,0,3,6,1,-1,0,120
-21,4,14,5,3,0,3,1,2,1,1,6,1,-1,0,120
-21,4,16,5,3,1,2,0,4,1,2,7,1,-1,0,120
-21,4,17,5,3,1,3,0,2,2,0,6,1,-1,1,120
-21,4,18,5,3,1,69,0,2,68,0,67,1,67,0,120
-21,4,19,5,3,2,2,-1,4,2,1,6,1,-1,0,120
-19,4,1,5,3,-4,3,5,2,-3,5,6,1,-1,1,120
-19,4,2,5,3,-4,18,5,2,12,5,12,1,12,0,120
-19,4,3,5,3,-3,2,4,4,-3,6,6,1,-1,1,120
-19,4,4,5,3,-3,3,4,2,-2,4,6,1,-1,1,120
-19,4,6,5,3,-2,2,3,4,-2,5,6,1,-1,1,120
-19,4,7,5,3,-2,4,3,2,0,3,6,1,-1,1,120
-19,4,8,5,3,-1,2,2,47,-1,47,44,1,44,0,120
-19,4,9,5,3,-1,2,2,3,-1,3,6,1,-1,1,120
-19,4,11,5,3,0,2,1,17,0,16,15,1,15,0,120
-19,4,12,5,3,0,2,1,3,0,2,6,1,-1,1,120
-19,4,13,5,3,0,5,1,2,3,1,6,1,-1,0,120
-19,4,14,5,3,1,2,0,11,1,9,9,1,9,0,120
-19,4,16,5,3,1,5,0,2,4,0,6,1,-1,0,120
-19,4,17,5,3,2,2,-1,8,2,5,6,1,-1,0,120
-19,4,18,5,3,2,2,-1,3,2,0,6,1,-1,1,120
-19,4,19,5,3,2,6,-1,2,6,-1,6,1,-1,0,120
-17,4,1,5,3,-3,2,4,11,-3,13,6,1,6,0,120
-17,4,2,5,3,-3,2,4,3,-3,5,6,1,-1,1,120
-17,4,3,5,3,-3,5,4,2,0,4,6,1,-1,1,120
-17,4,4,5,3,-2,2,3,8,-2,9,6,1,-1,0,120
-17,4,6,5,3,-2,6,3,2,2,3,7,1,-1,0,120
-17,4,7,5,3,-1,2,2,6,-1,6,7,1,-1,0,120
-17,4,8,5,3,-1,3,2,2,0,2,6,1,-1,1,120
-17,4,9,5,3,-1,8,2,2,5,2,6,1,-1,0,120
-17,4,11,5,3,0,3,1,2,1,1,6,1,-1,0,120
-17,4,12,5,3,0,11,1,2,9,1,9,1,9,0,120
-17,4,13,5,3,1,2,0,4,1,2,6,1,-1,0,120
-17,4,14,5,3,1,3,0,2,2,0,6,1,-1,1,120
-17,4,16,5,3,2,2,-1,4,2,1,6,1,-1,0,120
-17,4,17,5,3,2,3,-1,2,3,-1,6,1,-1,1,120
-17,4,18,5,3,2,69,-1,2,69,-1,66,1,66,0,120
-17,4,19,5,3,3,2,-2,4,3,0,6,1,-1,1,120
-15,4,1,5,3,-3,3,4,2,-2,4,6,1,-1,1,120
-15,4,2,5,3,-3,18,4,2,13,4,13,1,13,0,120
-15,4,3,5,3,-2,2,3,4,-2,5,6,1,-1,1,120
-15,4,4,5,3,-2,3,3,2,-1,3,6,1,-1,1,120
-15,4,6,5,3,-1,2,2,4,-1,4,6,1,-1,1,120
-15,4,7,5,3,-1,4,2,2,1,2,6,1,-1,0,120
-15,4,8,5,3,0,2,1,47,0,46,45,1,45,0,120
-15,4,9,5,3,0,2,1,3,0,2,6,1,-1,1,120
-15,4,11,5,3,1,2,0,17,1,15,15,1,15,0,120
-15,4,12,5,3,1,2,0,3,1,1,6,1,-1,0,120
-15,4,13,5,3,1,5,0,2,4,0,6,1,-1,0,120
-15,4,14,5,3,2,2,-1,11,2,8,8,1,8,0,120
-15,4,16,5,3,2,5,-1,2,5,-1,6,1,-1,1,120
-15,4,17,5,3,3,2,-2,8,3,4,9,1,-1,0,120
-15,4,18,5,3,3,2,-2,3,3,-1,7,1,-1,1,120
-15,4,19,5,3,3,6,-2,2,7,-2,7,1,-1,1,120
-13,4,1,5,3,-2,2,3,11,-2,12,7,1,7,0,120
-13,4,2,5,3,-2,2,3,3,-2,4,6,1,-1,1,120
-13,4,3,5,3,-2,5,3,2,1,3,6,1,-1,1,120
-13,4,4,5,3,-1,2,2,8,-1,8,7,1,-1,0,120
-13,4,6,5,3,-1,6,2,2,3,2,6,1,-1,0,120
-13,4,7,5,3,0,2,1,6,0,5,6,1,-1,0,120
-13,4,8,5,3,0,3,1,2,1,1,6,1,-1,0,120
-13,4,9,5,3,0,8,1,2,6,1,6,1,6,0,120
-11,4,1,5,3,-2,3,3,2,-1,3,6,1,-1,1,120
-11,4,2,5,3,-2,18,3,2,14,3,14,1,14,0,120
-11,4,3,5,3,-1,2,2,4,-1,4,6,1,-1,1,120
-11,4,4,5,3,-1,3,2,2,0,2,6,1,-1,1,120
-11,4,6,5,3,0,2,1,4,0,3,7,1,-1,0,120
-11,4,7,5,3,0,4,1,2,2,1,7,1,-1,0,120
-11,4,8,5,3,1,2,0,47,1,45,45,1,45,0,120
-11,4,9,5,3,1,2,0,3,1,1,6,1,-1,0,120
-13,4,11,5,3,1,3,0,2,2,0,6,1,-1,1,120
-13,4,12,5,3,1,11,0,2,10,0,9,1,9,0,120
-13,4,13,5,3,2,2,-1,4,2,1,6,1,-1,0,120
-13,4,14,5,3,2,3,-1,2,3,-1,6,1,-1,1,120
-13,4,16,5,3,3,2,-2,4,3,0,6,1,-1,1,120
-13,4,17,5,3,3,3,-2,2,4,-2,6,1,-1,1,120
-13,4,18,5,3,3,69,-2,2,70,-2,65,1,65,0,120
-13,4,19,5,3,4,2,-3,4,4,-1,6,1,-1,1,120
-9,4,1,5,3,-1,2,2,11,-1,11,8,1,8,0,120
-9,4,2,5,3,-1,2,2,3,-1,3,6,1,-1,1,120
-9,4,3,5,3,-1,5,2,2,2,2,6,1,-1,0,120
-9,4,4,5,3,0,2,1,8,0,7,6,1,6,0,120
-9,4,6,5,3,0,6,1,2,4,1,6,1,-1,0,120
-9,4,7,5,3,1,2,0,6,1,4,6,1,-1,0,120
-9,4,8,5,3,1,3,0,2,2,0,6,1,-1,1,120
-9,4,9,5,3,1,8,0,2,7,0,6,1,6,0,120
-11,4,11,5,3,2,2,-1,17,2,14,14,1,14,0,120
-11,4,12,5,3,2,2,-1,3,2,0,6,1,-1,1,120
-11,4,13,5,3,2,5,-1,2,5,-1,6,1,-1,1,120
-11,4,14,5,3,3,2,-2,11,3,7,7,1,7,0,120
-11,4,16,5,3,3,5,-2,2,6,-2,6,1,-1,1,120
-11,4,17,5,3,4,2,-3,8,4,3,8,1,-1,0,120
-11,4,18,5,3,4,2,-3,3,4,-2,6,1,-1,1,120
-11,4,19,5,3,4,6,-3,2,8,-3,7,1,-1,1,120
-7,4,1,5,3,-1,3,2,2,0,2,6,1,-1,1,120
-7,4,2,5,3,-1,18,2,2,15,2,15,1,15,0,120
-7,4,3,5,3,0,2,1,4,0,3,7,1,-1,0,120
-7,4,4,5,3,0,3,1,2,1,1,6,1,-1,0,120
-7,4,6,5,3,1,2,0,4,1,2,7,1,-1,0,120
-7,4,7,5,3,1,4,0,2,3,0,7,1,-1,0,120
-7,4,8,5,3,2,2,-1,47,2,44,44,1,44,0,120
-7,4,9,5,3,2,2,-1,3,2,0,6,1,-1,1,120
-9,4,11,5,3,2,3,-1,2,3,-1,6,1,-1,1,120
-9,4,12,5,3,2,11,-1,2,11,-1,8,1,8,0,120
-9,4,13,5,3,3,2,-2,4,3,0,6,1,-1,1,120
-9,4,14,5,3,3,3,-2,2,4,-2,6,1,-1,1,120
-9,4,16,5,3,4,2,-3,4,4,-1,7,1,-1,1,120
-9,4,17,5,3,4,3,-3,2,5,-3,6,1,-1,1,120
-9,4,18,5,3,4,69,-3,2,71,-3,64,1,64,0,120
-9,4,19,5,3,5,2,-4,4,5,-2,8,1,-1,1,120
-7,4,11,5,3,3,2,-2,17,3,13,13,1,13,0,120
-7,4,12,5,3,3,2,-2,3,3,-1,6,1,-1,1,120
-7,4,13,5,3,3,5,-2,2,6,-2,6,1,-1,1,120
-7,4,14,5,3,4,2,-3,11,4,6,6,1,6,0,120
-7,4,16,5,3,4,5,-3,2,7,-3,6,1,-1,1,120
-7,4,17,5,3,5,2,-4,8,5,2,7,1,-1,1,120
-7,4,18,5,3,5,2,-4,3,5,-3,6,1,-1,1,120
-7,4,19,5,3,5,6,-4,2,9,-4,6,1,-1,1,120
-5,4,1,5,3,0,2,1,11,0,10,9,1,9,0,120
-5,4,2,5,3,0,2,1,3,0,2,6,1,-1,1,120
-5,4,3,5,3,0,5,1,2,3,1,7,1,-1,0,120
-5,4,4,5,3,1,2,0,8,1,6,6,1,6,0,120
-5,4,6,5,3,1,6,0,2,5,0,6,1,-1,0,120
-5,4,7,5,3,2,2,-1,6,2,3,6,1,-1,0,120
-5,4,8,5,3,2,3,-1,2,3,-1,7,1,-1,1,120
-5,4,9,5,3,2,8,-1,2,8,-1,6,1,-1,0,120
-3,4,1,5,3,0,3,1,2,1,1,6,1,-1,0,120
-3,4,2,5,3,0,18,1,2,16,1,16,1,16,0,120
-3,4,3,5,3,1,2,0,4,1,2,6,1,-1,0,120
-3,4,4,5,3,1,3,0,2,2,0,6,1,-1,1,120
-3,4,6,5,3,2,2,-1,4,2,1,6,1,-1,0,120
-3,4,7,5,3,2,4,-1,2,4,-1,6,1,-1,1,120
-3,4,8,5,3,3,2,-2,47,3,43,43,1,43,0,120
-3,4,9,5,3,3,2,-2,3,3,-1,6,1,-1,1,120
-5,4,11,5,3,3,3,-2,2,4,-2,6,1,-1,1,120
-5,4,12,5,3,3,11,-2,2,12,-2,7,1,7,0,120
-5,4,13,5,3,4,2,-3,4,4,-1,6,1,-1,1,120
-5,4,14,5,3,4,3,-3,2,5,-3,6,1,-1,1,120
-5,4,16,5,3,5,2,-4,4,5,-2,6,1,-1,1,120
-5,4,17,5,3,5,3,-4,2,6,-4,6,1,-1,1,120
-5,4,18,5,3,5,69,-4,2,72,-4,63,1,63,0,120
-5,4,19,5,3,6,2,-5,4,6,-3,6,1,-1,1,120
-1,4,1,5,3,1,2,0,11,1,9,9,1,9,0,120
-1,4,2,5,3,1,2,0,3,1,1,6,1,-1,0,120
-1,4,3,5,3,1,5,0,2,4,0,6,1,-1,0,120
-1,4,4,5,3,2,2,-1,8,2,5,6,1,-1,0,120
-1,4,6,5,3,2,6,-1,2,6,-1,6,1,-1,0,120
-1,4,7,5,3,3,2,-2,6,3,2,6,1,-1,0,120
-1,4,8,5,3,3,3,-2,2,4,-2,6,1,-1,1,120
-1,4,9,5,3,3,8,-2,2,9,-2,6,1,-1,0,120
-3,4,11,5,3,4,2,-3,17,4,12,12,1,12,0,120
-3,4,12,5,3,4,2,-3,3,4,-2,6,1,-1,1,120
-3,4,13,5,3,4,5,-3,2,7,-3,6,1,-1,1,120
-3,4,14,5,3,5,2,-4,11,5,5,6,1,-1,0,120
-3,4,16,5,3,5,5,-4,2,8,-4,6,1,-1,1,120
-3,4,17,5,3,6,2,-5,8,6,1,6,1,-1,1,120
-3,4,18,5,3,6,2,-5,3,6,-4,6,1,-1,1,120
-3,4,19,5,3,6,6,-5,2,10,-5,10,1,-1,1,120
1,4,1,5,3,1,3,0,2,2,0,6,1,-1,1,120
1,4,2,5,3,1,18,0,2,17,0,16,1,16,0,120
1,4,3,5,3,2,2,-1,4,2,1,6,1,-1,0,120
1,4,4,5,3,2,3,-1,2,3,-1,6,1,-1,1,120
1,4,6,5,3,3,2,-2,4,3,0,6,1,-1,1,120
1,4,7,5,3,3,4,-2,2,5,-2,6,1,-1,1,120
1,4,8,5,3,4,2,-3,47,4,42,42,1,42,0,120
1,4,9,5,3,4,2,-3,3,4,-2,6,1,-1,1,120
-1,4,11,5,3,4,3,-3,2,5,-3,6,1,-1,1,120
-1,4,12,5,3,4,11,-3,2,13,-3,6,1,6,0,120
-1,4,13,5,3,5,2,-4,4,5,-2,6,1,-1,1,120
-1,4,14,5,3,5,3,-4,2,6,-4,6,1,-1,1,120
-1,4,16,5,3,6,2,-5,4,6,-3,6,1,-1,1,120
-1,4,17,5,3,6,3,-5,2,7,-5,6,1,-1,1,120
-1,4,18,5,3,6,69,-5,2,73,-5,6,1,6,0,120
-1,4,19,5,3,7,2,-6,4,7,-4,6,1,-1,1,120
3,4,1,5,3,2,2,-1,11,2,8,8,1,8,0,120
3,4,2,5,3,2,2,-1,3,2,0,6,1,-1,1,120
3,4,3,5,3,2,5,-1,2,5,-1,6,1,-1,1,120
3,4,4,5,3,3,2,-2,8,3,4,6,1,-1,0,120
3,4,6,5,3,3,6,-2,2,7,-2,12,1,-1,1,120
3,4,7,5,3,4,2,-3,6,4,1,6,1,-1,1,120
3,4,8,5,3,4,3,-3,2,5,-3,6,1,-1,1,120
3,4,9,5,3,4,8,-3,2,10,-3,6,1,-1,1,120
1,4,11,5,3,5,2,-4,17,5,11,11,1,11,0,120
1,4,12,5,3,5,2,-4,3,5,-3,7,1,-1,1,120
1,4,13,5,3,5,5,-4,2,8,-4,6,1,-1,1,120
1,4,14,5,3,6,2,-5,11,6,4,14,1,-1,1,120
1,4,16,5,3,6,5,-5,2,9,-5,6,1,-1,1,120
1,4,17,5,3,7,2,-6,8,7,0,6,1,-1,1,120
1,4,18,5,3,7,2,-6,3,7,-5,6,1,-1,1,120
1,4,19,5,3,7,6,-6,2,11,-6,7,1,-1,1,120
5,4,1,5,3,2,3,-1,2,3,-1,6,1,-1,1,120
5,4,2,5,3,2,18,-1,2,18,-1,15,1,15,0,120
5,4,3,5,3,3,2,-2,4,3,0,6,1,-1,1,120
5,4,4,5,3,3,3,-2,2,4,-2,6,1,-1,1,120
5,4,6,5,3,4,2,-3,4,4,-1,6,1,-1,1,120
5,4,7,5,3,4,4,-3,2,6,-3,6,1,-1,1,120
5,4,8,5,3,5,2,-4,47,5,41,41,1,41,0,120
5,4,9,5,3,5,2,-4,3,5,-3,6,1,-1,1,120
3,4,11,5,3,5,3,-4,2,6,-4,6,1,-1,1,120
3,4,12,5,3,5,11,-4,2,14,-4,6,1,-1,1,120
3,4,13,5,3,6,2,-5,4,6,-3,6,1,-1,1,120
3,4,14,5,3,6,3,-5,2,7,-5,7,1,-1,1,120
3,4,16,5,3,7,2,-6,4,7,-4,6,1,-1,1,120
3,4,17,5,3,7,3,-6,2,8,-6,6,1,-1,1,120
3,4,18,5,3,7,69,-6,2,74,-6,7,1,7,0,120
3,4,19,5,3,8,2,-7,4,8,-5,6,1,-1,1,120
7,4,1,5,3,3,2,-2,11,3,7,7,1,7,0,120
7,4,2,5,3,3,2,-2,3,3,-1,6,1,-1,1,120
7,4,3,5,3,3,5,-2,2,6,-2,6,1,-1,1,120
7,4,4,5,3,4,2,-3,8,4,3,6,1,-1,0,120
7,4,6,5,3,4,6,-3,2,8,-3,6,1,-1,1,120
7,4,7,5,3,5,2,-4,6,5,0,6,1,-1,1,120
7,4,8,5,3,5,3,-4,2,6,-4,6,1,-1,1,120
7,4,9,5,3,5,8,-4,2,11,-4,6,1,-1,1,120
5,4,11,5,3,6,2,-5,17,6,10,10,1,10,0,120
5,4,12,5,3,6,2,-5,3,6,-4,6,1,-1,1,120
5,4,13,5,3,6,5,-5,2,9,-5,6,1,-1,1,120
5,4,14,5,3,7,2,-6,11,7,3,13,1,-1,1,120
5,4,16,5,3,7,5,-6,2,10,-6,6,1,-1,1,120
5,4,17,5,3,8,2,-7,8,8,-1,7,1,-1,1,120
5,4,18,5,3,8,2,-7,3,8,-6,7,1,-1,1,120
5,4,19,5,3,8,6,-7,2,12,-7,6,1,-1,1,120
9,4,1,5,3,3,3,-2,2,4,-2,6,1,-1,1,120
9,4,2,5,3,3,18,-2,2,19,-2,14,1,14,0,120
9,4,3,5,3,4,2,-3,4,4,-1,6,1,-1,1,120
9,4,4,5,3,4,3,-3,2,5,-3,6,1,-1,1,120
9,4,6,5,3,5,2,-4,4,5,-2,8,1,-1,1,120
9,4,7,5,3,5,4,-4,2,7,-4,6,1,-1,1,120
9,4,8,5,3,6,2,-5,47,6,40,40,1,40,0,120
9,4,9,5,3,6,2,-5,3,6,-4,6,1,-1,1,120
7,4,11,5,3,6,3,-5,2,7,-5,6,1,-1,1,120
7,4,12,5,3,6,11,-5,2,15,-5,6,1,-1,1,120
7,4,13,5,3,7,2,-6,4,7,-4,6,1,-1,1,120
7,4,14,5,3,7,3,-6,2,8,-6,6,1,-1,1,120
7,4,16,5,3,8,2,-7,4,8,-5,6,1,-1,1,120
7,4,17,5,3,8,3,-7,2,9,-7,6,1,-1,1,120
7,4,18,5,3,8,69,-7,2,75,-7,6,1,6,0,120
7,4,19,5,3,9,2,-8,4,9,-6,7,1,-1,1,120
11,4,1,5,3,4,2,-3,11,4,6,6,1,6,0,120
11,4,2,5,3,4,2,-3,3,4,-2,6,1,-1,1,120
11,4,3,5,3,4,5,-3,2,7,-3,6,1,-1,1,120
11,4,4,5,3,5,2,-4,8,5,2,6,1,-1,1,120
11,4,6,5,3,5,6,-4,2,9,-4,6,1,-1,1,120
11,4,7,5,3,6,2,-5,6,6,-1,6,1,-1,1,120
11,4,8,5,3,6,3,-5,2,7,-5,7,1,-1,1,120
11,4,9,5,3,6,8,-5,2,12,-5,6,1,-1,1,120
9,4,11,5,3,7,2,-6,17,7,9,9,1,9,0,120
9,4,12,5,3,7,2,-6,3,7,-5,6,1,-1,1,120
9,4,13,5,3,7,5,-6,2,10,-6,6,1,-1,1,120
9,4,14,5,3,8,2,-7,11,8,2,6,1,-1,1,120
9,4,16,5,3,8,5,-7,2,11,-7,6,1,-1,1,120
9,4,17,5,3,9,2,-8,8,9,-2,6,1,-1,1,120
9,4,18,5,3,9,2,-8,3,9,-7,6,1,-1,1,120
9,4,19,5,3,9,6,-8,2,13,-8,6,1,-1,1,120
11,4,11,5,3,7,3,-6,2,8,-6,6,1,-1,1,120
11,4,12,5,3,7,11,-6,2,16,-6,6,1,-1,1,120
11,4,13,5,3,8,2,-7,4,8,-5,6,1,-1,1,120
11,4,14,5,3,8,3,-7,2,9,-7,6,1,-1,1,120
11,4,16,5,3,9,2,-8,4,9,-6,6,1,-1,1,120
11,4,17,5,3,9,3,-8,2,10,-8,6,1,-1,1,120
11,4,18,5,3,9,69,-8,2,76,-8,6,1,6,0,120
11,4,19,5,3,10,2,-9,4,10,-7,6,1,-1,1,120
13,4,1,5,3,4,3,-3,2,5,-3,6,1,-1,1,120
13,4,2,5,3,4,18,-3,2,20,-3,13,1,13,0,120
13,4,3,5,3,5,2,-4,4,5,-2,6,1,-1,1,120
13,4,4,5,3,5,3,-4,2,6,-4,6,1,-1,1,120
13,4,6,5,3,6,2,-5,4,6,-3,6,1,-1,1,120
13,4,7,5,3,6,4,-5,2,8,-5,6,1,-1,1,120
13,4,8,5,3,7,2,-6,47,7,39,39,1,39,0,120
13,4,9,5,3,7,2,-6,3,7,-5,6,1,-1,1,120
15,4,1,5,3,5,2,-4,11,5,5,6,1,-1,0,120
15,4,2,5,3,5,2,-4,3,5,-3,6,1,-1,1,120
15,4,3,5,3,5,5,-4,2,8,-4,6,1,-1,1,120
15,4,4,5,3,6,2,-5,8,6,1,6,1,-1,1,120
15,4,6,5,3,6,6,-5,2,10,-5,6,1,-1,1,120
15,4,7,5,3,7,2,-6,6,7,-2,6,1,-1,1,120
15,4,8,5,3,7,3,-6,2,8,-6,6,1,-1,1,120
15,4,9,5,3,7,8,-6,2,13,-6,6,1,-1,1,120
13,4,11,5,3,8,2,-7,17,8,8,6,1,6,0,120
13,4,12,5,3,8,2,-7,3,8,-6,6,1,-1,1,120
13,4,13,5,3,8,5,-7,2,11,-7,6,1,-1,1,120
13,4,14,5,3,9,2,-8,11,9,1,6,1,-1,1,120
13,4,16,5,3,9,5,-8,2,12,-8,6,1,-1,1,120
13,4,17,5,3,10,2,-9,8,10,-3,6,1,-1,1,120
13,4,18,5,3,10,2,-9,3,10,-8,7,1,-1,1,120
13,4,19,5,3,10,6,-9,2,14,-9,6,1,-1,1,120
17,4,1,5,3,5,3,-4,2,6,-4,6,1,-1,1,120
17,4,2,5,3,5,18,-4,2,21,-4,12,1,12,0,120
17,4,3,5,3,6,2,-5,4,6,-3,6,1,-1,1,120
17,4,4,5,3,6,3,-5,2,7,-5,6,1,-1,1,120
17,4,6,5,3,7,2,-6,4,7,-4,6,1,-1,1,120
17,4,7,5,3,7,4,-6,2,9,-6,6,1,-1,1,120
17,4,8,5,3,8,2,-7,47,8,38,6,1,6,0,120
17,4,9,5,3,8,2,-7,3,8,-6,6,1,-1,1,120
15,4,11,5,3,8,3,-7,2,9,-7,6,1,-1,1,120
15,4,12,5,3,8,11,-7,2,17,-7,6,1,-1,1,120
15,4,13,5,3,9,2,-8,4,9,-6,6,1,-1,1,120
15,4,14,5,3,9,3,-8,2,10,-8,6,1,-1,1,120
15,4,16,5,3,10,2,-9,4,10,-7,6,1,-1,1,120
15,4,17,5,3,10,3,-9,2,11,-9,6,1,-1,1,120
15,4,18,5,3,10,69,-9,2,77,-9,6,1,6,0,120
15,4,19,5,3,11,2,-10,4,11,-8,6,1,-1,1,120
19,4,1,5,3,6,2,-5,11,6,4,6,1,-1,1,120
19,4,2,5,3,6,2,-5,3,6,-4,6,1,-1,1,120
19,4,3,5,3,6,5,-5,2,9,-5,6,1,-1,1,120
19,4,4,5,3,7,2,-6,8,7,0,6,1,-1,1,120
19,4,6,5,3,7,6,-6,2,11,-6,6,1,-1,1,120
19,4,7,5,3,8,2,-7,6,8,-3,6,1,-1,1,120
19,4,8,5,3,8,3,-7,2,9,-7,6,1,-1,1,120
19,4,9,5,3,8,8,-7,2,14,-7,6,1,-1,1,120
17,4,11,5,3,9,2,-8,17,9,7,6,1,-1,1,120
17,4,12,5,3,9,2,-8,3,9,-7,6,1,-1,1,120
17,4,13,5,3,9,5,-8,2,12,-8,6,1,-1,1,120
17,4,14,5,3,10,2,-9,11,10,0,6,1,-1,1,120
17,4,16,5,3,10,5,-9,2,13,-9,6,1,-1,1,120
17,4,17,5,3,11,2,-10,8,11,-4,6,1,-1,1,120
17,4,18,5,3,11,2,-10,3,11,-9,6,1,-1,1,120
17,4,19,5,3,11,6,-10,2,15,-10,6,1,-1,1,120
21,4,1,5,3,6,3,-5,2,7,-5,7,1,-1,1,120
21,4,2,5,3,6,18,-5,2,22,-5,6,1,6,0,120
21,4,3,5,3,7,2,-6,4,7,-4,6,1,-1,1,120
21,4,4,5,3,7,3,-6,2,8,-6,6,1,-1,1,120
21,4,6,5,3,8,2,-7,4,8,-5,6,1,-1,1,120
21,4,7,5,3,8,4,-7,2,10,-7,7,1,-1,1,120
21,4,8,5,3,9,2,-8,47,9,37,6,1,6,0,120
21,4,9,5,3,9,2,-8,3,9,-7,6,1,-1,1,120
19,4,11,5,3,9,3,-8,2,10,-8,6,1,-1,1,120
19,4,12,5,3,9,11,-8,2,18,-8,6,1,-1,1,120
19,4,13,5,3,10,2,-9,4,10,-7,6,1,-1,1,120
19,4,14,5,3,10,3,-9,2,11,-9,6,1,-1,1,120
19,4,16,5,3,11,2,-10,4,11,-8,6,1,-1,1,120
19,4,17,5,3,11,3,-10,2,12,-10,6,1,-1,1,120
19,4,18,5,3,11,69,-10,2,78,-10,6,1,6,0,120
19,4,19,5,3,12,2,-11,4,12,-9,7,1,-1,1,120
21,4,11,5,3,10,2,-9,17,10,6,7,1,-1,1,120
21,4,12,5,3,10,2,-9,3,10,-8,6,1,-1,1,120
21,4,13,5,3,10,5,-9,2,13,-9,6,1,-1,1,120
21,4,14,5,3,11,2,-10,11,11,-1,6,1,-1,1,120
21,4,16,5,3,11,5,-10,2,14,-10,6,1,-1,1,120
21,4,17,5,3,12,2,-11,8,12,-5,6,1,-1,1,120
21,4,18,5,3,12,2,-11,3,12,-10,6,1,-1,1,120
21,4,19,5,3,12,6,-11,2,16,-11,7,1,-1,1,120
23,4,1,5,3,7,2,-6,11,7,3,6,1,-1,1,120
23,4,2,5,3,7,2,-6,3,7,-5,6,1,-1,1,120
23,4,3,5,3,7,5,-6,2,10,-6,6,1,-1,1,120
23,4,4,5,3,8,2,-7,8,8,-1,6,1,-1,1,120
23,4,6,5,3,8,6,-7,2,12,-7,6,1,-1,1,120
23,4,7,5,3,9,2,-8,6,9,-4,6,1,-1,1,120
23,4,8,5,3,9,3,-8,2,10,-8,6,1,-1,1,120
23,4,9,5,3,9,8,-8,2,15,-8,6,1,-1,1,120
-29,5,1,1,3,-4,15,5,2,9,5,9,1,9,0,120
-29,5,2,1,3,-2,3,3,2,-1,3,6,1,-1,1,120
-29,5,3,1,3,0,2,1,3,0,2,6,1,-1,1,120
-29,5,4,1,3,2,2,-1,8,2,5,6,1,-1,0,120
-28,5,1,1,3,-3,2,4,8,-3,10,6,1,-1,1,120
-28,5,2,1,3,-2,8,3,2,4,3,6,1,-1,0,120
-28,5,3,1,3,0,3,1,2,1,1,6,1,-1,0,120
-28,5,4,1,3,2,2,-1,4,2,1,6,1,-1,0,120
23,4,11,5,3,10,3,-9,2,11,-9,6,1,-1,1,120
23,4,12,5,3,10,11,-9,2,19,-9,6,1,-1,1,120
23,4,13,5,3,11,2,-10,4,11,-8,6,1,-1,1,120
23,4,14,5,3,11,3,-10,2,12,-10,6,1,-1,1,120
23,4,16,5,3,12,2,-11,4,12,-9,6,1,-1,1,120
23,4,17,5,3,12,3,-11,2,13,-11,6,1,-1,1,120
23,4,18,5,3,12,69,-11,2,79,-11,6,1,6,0,120
23,4,19,5,3,13,2,-12,4,13,-10,6,1,-1,1,120
-27,5,1,1,3,-3,2,4,4,-3,6,6,1,-1,1,120
-27,5,2,1,3,-1,2,2,16,-1,16,13,1,13,0,120
-27,5,3,1,3,0,5,1,2,3,1,6,1,-1,0,120
-27,5,4,1,3,2,3,-1,2,3,-1,7,1,-1,1,120
-26,5,1,1,3,-3,3,4,2,-2,4,6,1,-1,1,120
-26,5,2,1,3,-1,2,2,4,-1,4,6,1,-1,1,120
-26,5,3,1,3,0,260,1,2,258,1,-1,1,258,0,120
-26,5,4,1,3,2,4,-1,2,4,-1,6,1,-1,1,120
-24,5,1,1,3,-3,15,4,2,10,4,10,1,10,0,120
-24,5,2,1,3,-1,3,2,2,0,2,6,1,-1,1,120
-24,5,3,1,3,1,2,0,3,1,1,6,1,-1,0,120
-24,5,4,1,3,3,2,-2,8,3,4,6,1,-1,0,120
-23,5,1,1,3,-2,2,3,8,-2,9,6,1,-1,0,120
-23,5,2,1,3,-1,8,2,2,5,2,6,1,-1,0,120
-23,5,3,1,3,1,3,0,2,2,0,6,1,-1,1,120
-23,5,4,1,3,3,2,-2,4,3,0,6,1,-1,1,120
-22,5,1,1,3,-2,2,3,4,-2,5,6,1,-1,1,120
-22,5,2,1,3,0,2,1,16,0,15,14,1,14,0,120
-22,5,3,1,3,1,5,0,2,4,0,6,1,-1,0,120
-22,5,4,1,3,3,3,-2,2,4,-2,6,1,-1,1,120
-21,5,1,1,3,-2,3,3,2,-1,3,6,1,-1,1,120
-21,5,2,1,3,0,2,1,4,0,3,6,1,-1,0,120
-21,5,3,1,3,1,260,0,2,259,0,-1,1,258,0,120
-21,5,4,1,3,3,4,-2,2,5,-2,6,1,-1,1,120
-19,5,1,1,3,-2,15,3,2,11,3,11,1,11,0,120
-19,5,2,1,3,0,3,1,2,1,1,6,1,-1,0,120
-19,5,3,1,3,2,2,-1,3,2,0,6,1,-1,1,120
-19,5,4,1,3,4,2,-3,8,4,3,6,1,-1,0,120
-18,5,1,1,3,-1,2,2,8,-1,8,6,1,-1,0,120
-18,5,2,1,3,0,8,1,2,6,1,6,1,6,0,120
-18,5,3,1,3,2,3,-1,2,3,-1,6,1,-1,1,120
-18,5,4,1,3,4,2,-3,4,4,-1,6,1,-1,1,120
-17,5,1,1,3,-1,2,2,4,-1,4,6,1,-1,1,120
-17,5,2,1,3,1,2,0,16,1,14,14,1,14,0,120
-17,5,3,1,3,2,5,-1,2,5,-1,6,1,-1,1,120
-17,5,4,1,3,4,3,-3,2,5,-3,6,1,-1,1,120
-16,5,1,1,3,-1,3,2,2,0,2,6,1,-1,1,120
-16,5,2,1,3,1,2,0,4,1,2,6,1,-1,0,120
-16,5,3,1,3,2,260,-1,2,260,-1,-1,1,257,0,120
-16,5,4,1,3,4,4,-3,2,6,-3,7,1,-1,1,120
-14,5,1,1,3,-1,15,2,2,12,2,12,1,12,0,120
-14,5,2,1,3,1,3,0,2,2,0,6,1,-1,1,120
-14,5,3,1,3,3,2,-2,3,3,-1,6,1,-1,1,120
-14,5,4,1,3,5,2,-4,8,5,2,7,1,-1,1,120
-13,5,1,1,3,0,2,1,8,0,7,6,1,6,0,120
-13,5,2,1,3,1,8,0,2,7,0,6,1,6,0,120
-13,5,3,1,3,3,3,-2,2,4,-2,6,1,-1,1,120
-13,5,4,1,3,5,2,-4,4,5,-2,8,1,-1,1,120
-12,5,1,1,3,0,2,1,4,0,3,7,1,-1,0,120
-12,5,2,1,3,2,2,-1,16,2,13,13,1,13,0,120
-12,5,3,1,3,3,5,-2,2,6,-2,7,1,-1,1,120
-12,5,4,1,3,5,3,-4,2,6,-4,7,1,-1,1,120
-11,5,1,1,3,0,3,1,2,1,1,6,1,-1,0,120
-11,5,2,1,3,2,2,-1,4,2,1,6,1,-1,0,120
-11,5,3,1,3,3,260,-2,2,261,-2,-1,1,256,0,120
-11,5,4,1,3,5,4,-4,2,7,-4,6,1,-1,1,120
-9,5,1,1,3,0,15,1,2,13,1,13,1,13,0,120
-9,5,2,1,3,2,3,-1,2,3,-1,6,1,-1,1,120
-9,5,3,1,3,4,2,-3,3,4,-2,6,1,-1,1,120
-9,5,4,1,3,6,2,-5,8,6,1,6,1,-1,1,120
-8,5,1,1,3,1,2,0,8,1,6,6,1,6,0,120
-8,5,2,1,3,2,8,-1,2,8,-1,7,1,-1,0,120
-8,5,3,1,3,4,3,-3,2,5,-3,6,1,-1,1,120
-8,5,4,1,3,6,2,-5,4,6,-3,6,1,-1,1,120
-7,5,1,1,3,1,2,0,4,1,2,7,1,-1,0,120
-7,5,2,1,3,3,2,-2,16,3,12,12,1,12,0,120
-7,5,3,1,3,4,5,-3,2,7,-3,6,1,-1,1,120
-7,5,4,1,3,6,3,-5,2,7,-5,6,1,-1,1,120
-6,5,1,1,3,1,3,0,2,2,0,6,1,-1,1,120
-6,5,2,1,3,3,2,-2,4,3,0,6,1,-1,1,120
-6,5,3,1,3,4,260,-3,2,262,-3,-1,1,255,0,120
-6,5,4,1,3,6,4,-5,2,8,-5,6,1,-1,1,120
-4,5,1,1,3,1,15,0,2,14,0,13,1,13,0,120
-4,5,2,1,3,3,3,-2,2,4,-2,6,1,-1,1,120
-4,5,3,1,3,5,2,-4,3,5,-3,6,1,-1,1,120
-4,5,4,1,3,7,2,-6,8,7,0,6,1,-1,1,120
-3,5,1,1,3,2,2,-1,8,2,5,6,1,-1,0,120
-3,5,2,1,3,3,8,-2,2,9,-2,6,1,-1,0,120
-3,5,3,1,3,5,3,-4,2,6,-4,6,1,-1,1,120
-3,5,4,1,3,7,2,-6,4,7,-4,6,1,-1,1,120
-2,5,1,1,3,2,2,-1,4,2,1,6,1,-1,0,120
-2,5,2,1,3,4,2,-3,16,4,11,11,1,11,0,120
-2,5,3,1,3,5,5,-4,2,8,-4,8,1,-1,1,120
-2,5,4,1,3,7,3,-6,2,8,-6,6,1,-1,1,120
-1,5,1,1,3,2,3,-1,2,3,-1,7,1,-1,1,120
-1,5,2,1,3,4,2,-3,4,4,-1,6,1,-1,1,120
-1,5,3,1,3,5,260,-4,2,263,-4,-1,1,254,0,120
-1,5,4,1,3,7,4,-6,2,9,-6,6,1,-1,1,120
1,5,1,1,3,2,15,-1,2,15,-1,12,1,12,0,120
1,5,2,1,3,4,3,-3,2,5,-3,6,1,-1,1,120
1,5,3,1,3,6,2,-5,3,6,-4,6,1,-1,1,120
1,5,4,1,3,8,2,-7,8,8,-1,6,1,-1,1,120
2,5,1,1,3,3,2,-2,8,3,4,6,1,-1,0,120
2,5,2,1,3,4,8,-3,2,10,-3,6,1,-1,1,120
2,5,3,1,3,6,3,-5,2,7,-5,7,1,-1,1,120
2,5,4,1,3,8,2,-7,4,8,-5,6,1,-1,1,120
3,5,1,1,3,3,2,-2,4,3,0,6,1,-1,1,120
3,5,2,1,3,5,2,-4,16,5,10,10,1,10,0,120
3,5,3,1,3,6,5,-5,2,9,-5,6,1,-1,1,120
3,5,4,1,3,8,3,-7,2,9,-7,7,1,-1,1,120
4,5,1,1,3,3,3,-2,2,4,-2,6,1,-1,1,120
4,5,2,1,3,5,2,-4,4,5,-2,6,1,-1,1,120
4,5,3,1,3,6,260,-5,2,264,-5,6,1,6,0,120
4,5,4,1,3,8,4,-7,2,10,-7,6,1,-1,1,120
6,5,1,1,3,3,15,-2,2,16,-2,11,1,11,0,120
6,5,2,1,3,5,3,-4,2,6,-4,7,1,-1,1,120
6,5,3,1,3,7,2,-6,3,7,-5,6,1,-1,1,120
6,5,4,1,3,9,2,-8,8,9,-2,6,1,-1,1,120
7,5,1,1,3,4,2,-3,8,4,3,6,1,-1,0,120
7,5,2,1,3,5,8,-4,2,11,-4,7,1,-1,1,120
7,5,3,1,3,7,3,-6,2,8,-6,6,1,-1,1,120
7,5,4,1,3,9,2,-8,4,9,-6,7,1,-1,1,120
8,5,1,1,3,4,2,-3,4,4,-1,6,1,-1,1,120
8,5,2,1,3,6,2,-5,16,6,9,9,1,9,0,120
8,5,3,1,3,7,5,-6,2,10,-6,7,1,-1,1,120
8,5,4,1,3,9,3,-8,2,10,-8,6,1,-1,1,120
9,5,1,1,3,4,3,-3,2,5,-3,6,1,-1,1,120
9,5,2,1,3,6,2,-5,4,6,-3,6,1,-1,1,120
9,5,3,1,3,7,260,-6,2,265,-6,7,1,7,0,120
9,5,4,1,3,9,4,-8,2,11,-8,6,1,-1,1,120
11,5,1,1,3,4,15,-3,2,17,-3,10,1,10,0,120
11,5,2,1,3,6,3,-5,2,7,-5,7,1,-1,1,120
11,5,3,1,3,8,2,-7,3,8,-6,6,1,-1,1,120
11,5,4,1,3,10,2,-9,8,10,-3,6,1,-1,1,120
12,5,1,1,3,5,2,-4,8,5,2,6,1,-1,1,120
12,5,2,1,3,6,8,-5,2,12,-5,7,1,-1,1,120
12,5,3,1,3,8,3,-7,2,9,-7,6,1,-1,1,120
12,5,4,1,3,10,2,-9,4,10,-7,6,1,-1,1,120
13,5,1,1,3,5,2,-4,4,5,-2,8,1,-1,1,120
13,5,2,1,3,7,2,-6,16,7,8,8,1,8,0,120
13,5,3,1,3,8,5,-7,2,11,-7,6,1,-1,1,120
13,5,4,1,3,10,3,-9,2,11,-9,6,1,-1,1,120
14,5,1,1,3,5,3,-4,2,6,-4,6,1,-1,1,120
14,5,2,1,3,7,2,-6,4,7,-4,6,1,-1,1,120
14,5,3,1,3,8,260,-7,2,266,-7,6,1,6,0,120
14,5,4,1,3,10,4,-9,2,12,-9,7,1,-1,1,120
16,5,1,1,3,5,15,-4,2,18,-4,9,1,9,0,120
16,5,2,1,3,7,3,-6,2,8,-6,7,1,-1,1,120
16,5,3,1,3,9,2,-8,3,9,-7,6,1,-1,1,120
16,5,4,1,3,11,2,-10,8,11,-4,6,1,-1,1,120
17,5,1,1,3,6,2,-5,8,6,1,6,1,-1,1,120
17,5,2,1,3,7,8,-6,2,13,-6,6,1,-1,1,120
17,5,3,1,3,9,3,-8,2,10,-8,6,1,-1,1,120
17,5,4,1,3,11,2,-10,4,11,-8,6,1,-1,1,120
21,5,1,1,3,6,15,-5,2,19,-5,6,1,6,0,120
21,5,2,1,3,8,3,-7,2,9,-7,6,1,-1,1,120
21,5,3,1,3,10,2,-9,3,10,-8,6,1,-1,1,120
21,5,4,1,3,12,2,-11,8,12,-5,6,1,-1,1,120
22,5,1,1,3,7,2,-6,8,7,0,6,1,-1,1,120
22,5,2,1,3,8,8,-7,2,14,-7,6,1,-1,1,120
22,5,3,1,3,10,3,-9,2,11,-9,6,1,-1,1,120
22,5,4,1,3,12,2,-11,4,12,-9,7,1,-1,1,120
18,5,1,1,3,6,2,-5,4,6,-3,6,1,-1,1,120
18,5,2,1,3,8,2,-7,16,8,7,6,1,6,0,120
18,5,3,1,3,9,5,-8,2,12,-8,6,1,-1,1,120
18,5,4,1,3,11,3,-10,2,12,-10,6,1,-1,1,120
19,5,1,1,3,6,3,-5,2,7,-5,6,1,-1,1,120
19,5,2,1,3,8,2,-7,4,8,-5,6,1,-1,1,120
19,5,3,1,3,9,260,-8,2,267,-8,6,1,6,0,120
19,5,4,1,3,11,4,-10,2,13,-10,6,1,-1,1,120
23,5,1,1,3,7,2,-6,4,7,-4,6,1,-1,1,120
23,5,2,1,3,9,2,-8,16,9,6,7,1,-1,1,120
23,5,3,1,3,10,5,-9,2,13,-9,6,1,-1,1,120
23,5,4,1,3,12,3,-11,2,13,-11,6,1,-1,1,120
24,5,1,1,3,7,3,-6,2,8,-6,6,1,-1,1,120
24,5,2,1,3,9,2,-8,4,9,-6,6,1,-1,1,120
24,5,3,1,3,10,260,-9,2,268,-9,6,1,6,0,120
24,5,4,1,3,12,4,-11,2,14,-11,6,1,-1,1,120
26,5,1,1,3,7,15,-6,2,20,-6,7,1,-1,1,120
26,5,2,1,3,9,3,-8,2,10,-8,7,1,-1,1,120
26,5,3,1,3,11,2,-10,3,11,-9,6,1,-1,1,120
26,5,4,1,3,13,2,-12,8,13,-6,6,1,-1,1,120
27,5,1,1,3,8,2,-7,8,8,-1,6,1,-1,1,120
27,5,2,1,3,9,8,-8,2,15,-8,6,1,-1,1,120
27,5,3,1,3,11,3,-10,2,12,-10,6,1,-1,1,120
27,5,4,1,3,13,2,-12,4,13,-10,6,1,-1,1,120
-29,5,1,2,3,-4,2,5,16,-4,19,10,1,10,0,120
-29,5,3,2,3,-3,5,4,2,0,4,6,1,-1,1,120
-29,5,5,2,3,-1,3,2,2,0,2,6,1,-1,1,120
-29,5,7,2,3,1,2,0,4,1,2,6,1,-1,0,120
-28,5,1,2,3,-4,2,5,4,-4,7,6,1,-1,1,120
-28,5,3,2,3,-3,520,4,2,515,4,-1,1,515,0,120
-28,5,5,2,3,-1,4,2,2,1,2,6,1,-1,0,120
-28,5,7,2,3,1,2,0,3,1,1,6,1,-1,0,120
28,5,1,1,3,8,2,-7,4,8,-5,6,1,-1,1,120
28,5,2,1,3,10,2,-9,16,10,5,6,1,-1,1,120
28,5,3,1,3,11,5,-10,2,14,-10,6,1,-1,1,120
28,5,4,1,3,13,3,-12,2,14,-12,6,1,-1,1,120
29,5,1,1,3,8,3,-7,2,9,-7,6,1,-1,1,120
29,5,2,1,3,10,2,-9,4,10,-7,6,1,-1,1,120
29,5,3,1,3,11,260,-10,2,269,-10,6,1,6,0,120
29,5,4,1,3,13,4,-12,2,15,-12,6,1,-1,1,120
-27,5,1,2,3,-4,2,5,3,-4,6,6,1,-1,1,120
-27,5,3,2,3,-2,2,3,6,-2,7,8,1,-1,1,120
-27,5,5,2,3,-1,15,2,2,12,2,12,1,12,0,120
-27,5,7,2,3,1,3,0,2,2,0,6,1,-1,1,120
-26,5,1,2,3,-4,3,5,2,-3,5,6,1,-1,1,120
-26,5,3,2,3,-2,2,3,3,-2,4,6,1,-1,1,120
-26,5,5,2,3,0,2,1,8,0,7,6,1,6,0,120
-26,5,7,2,3,1,8,0,2,7,0,6,1,6,0,120
-24,5,1,2,3,-3,2,4,16,-3,18,11,1,11,0,120
-24,5,3,2,3,-2,5,3,2,1,3,6,1,-1,1,120
-24,5,5,2,3,0,3,1,2,1,1,6,1,-1,0,120
-24,5,7,2,3,2,2,-1,4,2,1,6,1,-1,0,120
-23,5,1,2,3,-3,2,4,4,-3,6,7,1,-1,1,120
-23,5,3,2,3,-2,520,3,2,516,3,-1,1,516,0,120
-23,5,5,2,3,0,4,1,2,2,1,6,1,-1,0,120
-23,5,7,2,3,2,2,-1,3,2,0,8,1,-1,1,120
-22,5,1,2,3,-3,2,4,3,-3,5,6,1,-1,1,120
-22,5,3,2,3,-1,2,2,6,-1,6,6,1,-1,0,120
-22,5,5,2,3,0,15,1,2,13,1,13,1,13,0,120
-22,5,7,2,3,2,3,-1,2,3,-1,6,1,-1,1,120
-21,5,1,2,3,-3,3,4,2,-2,4,6,1,-1,1,120
-21,5,3,2,3,-1,2,2,3,-1,3,6,1,-1,1,120
-21,5,5,2,3,1,2,0,8,1,6,6,1,6,0,120
-21,5,7,2,3,2,8,-1,2,8,-1,7,1,-1,0,120
-19,5,1,2,3,-2,2,3,16,-2,17,12,1,12,0,120
-19,5,3,2,3,-1,5,2,2,2,2,6,1,-1,0,120
-19,5,5,2,3,1,3,0,2,2,0,6,1,-1,1,120
-19,5,7,2,3,3,2,-2,4,3,0,6,1,-1,1,120
-18,5,1,2,3,-2,2,3,4,-2,5,6,1,-1,1,120
-18,5,3,2,3,-1,520,2,2,517,2,-1,1,517,0,120
-18,5,5,2,3,1,4,0,2,3,0,6,1,-1,0,120
-18,5,7,2,3,3,2,-2,3,3,-1,6,1,-1,1,120
-17,5,1,2,3,-2,2,3,3,-2,4,6,1,-1,1,120
-17,5,3,2,3,0,2,1,6,0,5,7,1,-1,0,120
-17,5,5,2,3,1,15,0,2,14,0,13,1,13,0,120
-17,5,7,2,3,3,3,-2,2,4,-2,6,1,-1,1,120
-16,5,1,2,3,-2,3,3,2,-1,3,6,1,-1,1,120
-16,5,3,2,3,0,2,1,3,0,2,6,1,-1,1,120
-16,5,5,2,3,2,2,-1,8,2,5,6,1,-1,0,120
-16,5,7,2,3,3,8,-2,2,9,-2,6,1,-1,0,120
-14,5,1,2,3,-1,2,2,16,-1,16,13,1,13,0,120
-14,5,3,2,3,0,5,1,2,3,1,6,1,-1,0,120
-14,5,5,2,3,2,3,-1,2,3,-1,7,1,-1,1,120
-14,5,7,2,3,4,2,-3,4,4,-1,7,1,-1,1,120
-13,5,1,2,3,-1,2,2,4,-1,4,6,1,-1,1,120
-13,5,3,2,3,0,520,1,2,518,1,-1,1,518,0,120
-13,5,5,2,3,2,4,-1,2,4,-1,6,1,-1,1,120
-13,5,7,2,3,4,2,-3,3,4,-2,6,1,-1,1,120
-9,5,1,2,3,0,2,1,16,0,15,14,1,14,0,120
-9,5,3,2,3,1,5,0,2,4,0,6,1,-1,0,120
-9,5,5,2,3,3,3,-2,2,4,-2,6,1,-1,1,120
-9,5,7,2,3,5,2,-4,4,5,-2,6,1,-1,1,120
-8,5,1,2,3,0,2,1,4,0,3,6,1,-1,0,120
-8,5,3,2,3,1,520,0,2,519,0,-1,1,518,0,120
-8,5,5,2,3,3,4,-2,2,5,-2,6,1,-1,1,120
-8,5,7,2,3,5,2,-4,3,5,-3,6,1,-1,1,120
-12,5,1,2,3,-1,2,2,3,-1,3,6,1,-1,1,120
-12,5,3,2,3,1,2,0,6,1,4,7,1,-1,0,120
-12,5,5,2,3,2,15,-1,2,15,-1,12,1,12,0,120
-12,5,7,2,3,4,3,-3,2,5,-3,6,1,-1,1,120
-11,5,1,2,3,-1,3,2,2,0,2,6,1,-1,1,120
-11,5,3,2,3,1,2,0,3,1,1,6,1,-1,0,120
-11,5,5,2,3,3,2,-2,8,3,4,6,1,-1,0,120
-11,5,7,2,3,4,8,-3,2,10,-3,6,1,-1,1,120
-4,5,1,2,3,1,2,0,16,1,14,14,1,14,0,120
-4,5,3,2,3,2,5,-1,2,5,-1,6,1,-1,1,120
-4,5,5,2,3,4,3,-3,2,5,-3,6,1,-1,1,120
-4,5,7,2,3,6,2,-5,4,6,-3,6,1,-1,1,120
-3,5,1,2,3,1,2,0,4,1,2,6,1,-1,0,120
-3,5,3,2,3,2,520,-1,2,520,-1,-1,1,517,0,120
-3,5,5,2,3,4,4,-3,2,6,-3,6,1,-1,1,120
-3,5,7,2,3,6,2,-5,3,6,-4,6,1,-1,1,120
-7,5,1,2,3,0,2,1,3,0,2,6,1,-1,1,120
-7,5,3,2,3,2,2,-1,6,2,3,6,1,-1,0,120
-7,5,5,2,3,3,15,-2,2,16,-2,11,1,11,0,120
-7,5,7,2,3,5,3,-4,2,6,-4,7,1,-1,1,120
-6,5,1,2,3,0,3,1,2,1,1,6,1,-1,0,120
-6,5,3,2,3,2,2,-1,3,2,0,6,1,-1,1,120
-6,5,5,2,3,4,2,-3,8,4,3,7,1,-1,0,120
-6,5,7,2,3,5,8,-4,2,11,-4,6,1,-1,1,120
-2,5,1,2,3,1,2,0,3,1,1,6,1,-1,0,120
-2,5,3,2,3,3,2,-2,6,3,2,8,1,-1,0,120
-2,5,5,2,3,4,15,-3,2,17,-3,10,1,10,0,120
-2,5,7,2,3,6,3,-5,2,7,-5,7,1,-1,1,120
-1,5,1,2,3,1,3,0,2,2,0,6,1,-1,1,120
-1,5,3,2,3,3,2,-2,3,3,-1,6,1,-1,1,120
-1,5,5,2,3,5,2,-4,8,5,2,6,1,-1,1,120
-1,5,7,2,3,6,8,-5,2,12,-5,6,1,-1,1,120
1,5,1,2,3,2,2,-1,16,2,13,13,1,13,0,120
1,5,3,2,3,3,5,-2,2,6,-2,7,1,-1,1,120
1,5,5,2,3,5,3,-4,2,6,-4,6,1,-1,1,120
1,5,7,2,3,7,2,-6,4,7,-4,6,1,-1,1,120
2,5,1,2,3,2,2,-1,4,2,1,6,1,-1,0,120
2,5,3,2,3,3,520,-2,2,521,-2,-1,1,516,0,120
2,5,5,2,3,5,4,-4,2,7,-4,7,1,-1,1,120
2,5,7,2,3,7,2,-6,3,7,-5,6,1,-1,1,120
6,5,1,2,3,3,2,-2,16,3,12,12,1,12,0,120
6,5,3,2,3,4,5,-3,2,7,-3,6,1,-1,1,120
6,5,5,2,3,6,3,-5,2,7,-5,6,1,-1,1,120
6,5,7,2,3,8,2,-7,4,8,-5,6,1,-1,1,120
7,5,1,2,3,3,2,-2,4,3,0,8,1,-1,1,120
7,5,3,2,3,4,520,-3,2,522,-3,-1,1,515,0,120
7,5,5,2,3,6,4,-5,2,8,-5,6,1,-1,1,120
7,5,7,2,3,8,2,-7,3,8,-6,6,1,-1,1,120
3,5,1,2,3,2,2,-1,3,2,0,7,1,-1,1,120
3,5,3,2,3,4,2,-3,6,4,1,6,1,-1,1,120
3,5,5,2,3,5,15,-4,2,18,-4,9,1,9,0,120
3,5,7,2,3,7,3,-6,2,8,-6,7,1,-1,1,120
4,5,1,2,3,2,3,-1,2,3,-1,6,1,-1,1,120
4,5,3,2,3,4,2,-3,3,4,-2,6,1,-1,1,120
4,5,5,2,3,6,2,-5,8,6,1,6,1,-1,1,120
4,5,7,2,3,7,8,-6,2,13,-6,7,1,-1,1,120
8,5,1,2,3,3,2,-2,3,3,-1,6,1,-1,1,120
8,5,3,2,3,5,2,-4,6,5,0,6,1,-1,1,120
8,5,5,2,3,6,15,-5,2,19,-5,6,1,6,0,120
8,5,7,2,3,8,3,-7,2,9,-7,6,1,-1,1,120
9,5,1,2,3,3,3,-2,2,4,-2,6,1,-1,1,120
9,5,3,2,3,5,2,-4,3,5,-3,6,1,-1,1,120
9,5,5,2,3,7,2,-6,8,7,0,7,1,-1,1,120
9,5,7,2,3,8,8,-7,2,14,-7,6,1,-1,1,120
11,5,1,2,3,4,2,-3,16,4,11,11,1,11,0,120
11,5,3,2,3,5,5,-4,2,8,-4,8,1,-1,1,120
11,5,5,2,3,7,3,-6,2,8,-6,7,1,-1,1,120
11,5,7,2,3,9,2,-8,4,9,-6,6,1,-1,1,120
12,5,1,2,3,4,2,-3,4,4,-1,6,1,-1,1,120
12,5,3,2,3,5,520,-4,2,523,-4,-1,1,514,0,120
12,5,5,2,3,7,4,-6,2,9,-6,6,1,-1,1,120
12,5,7,2,3,9,2,-8,3,9,-7,6,1,-1,1,120
13,5,1,2,3,4,2,-3,3,4,-2,6,1,-1,1,120
13,5,3,2,3,6,2,-5,6,6,-1,9,1,-1,1,120
13,5,5,2,3,7,15,-6,2,20,-6,7,1,-1,1,120
13,5,7,2,3,9,3,-8,2,10,-8,7,1,-1,1,120
14,5,1,2,3,4,3,-3,2,5,-3,6,1,-1,1,120
14,5,3,2,3,6,2,-5,3,6,-4,6,1,-1,1,120
14,5,5,2,3,8,2,-7,8,8,-1,6,1,-1,1,120
14,5,7,2,3,9,8,-8,2,15,-8,6,1,-1,1,120
16,5,1,2,3,5,2,-4,16,5,10,10,1,10,0,120
16,5,3,2,3,6,5,-5,2,9,-5,6,1,-1,1,120
16,5,5,2,3,8,3,-7,2,9,-7,6,1,-1,1,120
16,5,7,2,3,10,2,-9,4,10,-7,6,1,-1,1,120
17,5,1,2,3,5,2,-4,4,5,-2,6,1,-1,1,120
17,5,3,2,3,6,520,-5,2,524,-5,6,1,6,0,120
17,5,5,2,3,8,4,-7,2,10,-7,6,1,-1,1,120
17,5,7,2,3,10,2,-9,3,10,-8,6,1,-1,1,120
21,5,1,2,3,6,2,-5,16,6,9,9,1,9,0,120
21,5,3,2,3,7,5,-6,2,10,-6,7,1,-1,1,120
21,5,5,2,3,9,3,-8,2,10,-8,6,1,-1,1,120
21,5,7,2,3,11,2,-10,4,11,-8,6,1,-1,1,120
22,5,1,2,3,6,2,-5,4,6,-3,6,1,-1,1,120
22,5,3,2,3,7,520,-6,2,525,-6,7,1,7,0,120
22,5,5,2,3,9,4,-8,2,11,-8,6,1,-1,1,120
22,5,7,2,3,11,2,-10,3,11,-9,6,1,-1,1,120
18,5,1,2,3,5,2,-4,3,5,-3,6,1,-1,1,120
18,5,3,2,3,7,2,-6,6,7,-2,8,1,-1,1,120
18,5,5,2,3,8,15,-7,2,21,-7,6,1,-1,1,120
18,5,7,2,3,10,3,-9,2,11,-9,6,1,-1,1,120
19,5,1,2,3,5,3,-4,2,6,-4,7,1,-1,1,120
19,5,3,2,3,7,2,-6,3,7,-5,6,1,-1,1,120
19,5,5,2,3,9,2,-8,8,9,-2,6,1,-1,1,120
19,5,7,2,3,10,8,-9,2,16,-9,6,1,-1,1,120
26,5,1,2,3,7,2,-6,16,7,8,8,1,8,0,120
26,5,3,2,3,8,5,-7,2,11,-7,6,1,-1,1,120
26,5,5,2,3,10,3,-9,2,11,-9,6,1,-1,1,120
26,5,7,2,3,12,2,-11,4,12,-9,6,1,-1,1,120
27,5,1,2,3,7,2,-6,4,7,-4,6,1,-1,1,120
27,5,3,2,3,8,520,-7,2,526,-7,6,1,6,0,120
27,5,5,2,3,10,4,-9,2,12,-9,6,1,-1,1,120
27,5,7,2,3,12,2,-11,3,12,-10,6,1,-1,1,120
23,5,1,2,3,6,2,-5,3,6,-4,6,1,-1,1,120
23,5,3,2,3,8,2,-7,6,8,-3,6,1,-1,1,120
23,5,5,2,3,9,15,-8,2,22,-8,6,1,-1,1,120
23,5,7,2,3,11,3,-10,2,12,-10,6,1,-1,1,120
24,5,1,2,3,6,3,-5,2,7,-5,7,1,-1,1,120
24,5,3,2,3,8,2,-7,3,8,-6,6,1,-1,1,120
24,5,5,2,3,10,2,-9,8,10,-3,6,1,-1,1,120
24,5,7,2,3,11,8,-10,2,17,-10,7,1,-1,1,120
-29,5,1,3,3,-5,5,6,2,-2,6,6,1,-1,1,120
-29,5,2,3,3,-4,2,5,3,-4,6,7,1,-1,1,120
-29,5,4,3,3,-3,3,4,2,-2,4,6,1,-1,1,120
-29,5,5,3,3,-2,2,3,12,-2,13,8,1,8,0,120
-29,5,7,3,3,-1,2,2,5,-1,5,6,1,-1,1,120
-29,5,8,3,3,-1,6,2,2,3,2,6,1,-1,0,120
-29,5,10,3,3,0,38,1,2,36,1,36,1,36,0,120
-29,5,11,3,3,1,3,0,2,2,0,6,1,-1,1,120
28,5,1,2,3,7,2,-6,3,7,-5,6,1,-1,1,120
28,5,3,2,3,9,2,-8,6,9,-4,7,1,-1,1,120
28,5,5,2,3,10,15,-9,2,23,-9,7,1,-1,1,120
28,5,7,2,3,12,3,-11,2,13,-11,7,1,-1,1,120
29,5,1,2,3,7,3,-6,2,8,-6,7,1,-1,1,120
29,5,3,2,3,9,2,-8,3,9,-7,6,1,-1,1,120
29,5,5,2,3,11,2,-10,8,11,-4,6,1,-1,1,120
29,5,7,2,3,12,8,-11,2,18,-11,6,1,-1,1,120
-28,5,1,3,3,-5,45,6,2,38,6,38,1,38,0,120
-28,5,2,3,3,-4,3,5,2,-3,5,6,1,-1,1,120
-28,5,4,3,3,-3,4,4,2,-1,4,6,1,-1,1,120
-28,5,5,3,3,-2,2,3,4,-2,5,6,1,-1,1,120
-28,5,7,3,3,-1,2,2,3,-1,3,6,1,-1,1,120
-28,5,8,3,3,0,2,1,54,0,53,52,1,52,0,120
-28,5,10,3,3,1,2,0,6,1,4,6,1,-1,0,120
-28,5,11,3,3,1,5,0,2,4,0,6,1,-1,0,120
-27,5,1,3,3,-4,2,5,6,-4,9,6,1,-1,1,120
-27,5,2,3,3,-4,5,5,2,-1,5,7,1,-1,1,120
-27,5,4,3,3,-3,12,4,2,7,4,7,1,7,0,120
-27,5,5,3,3,-2,2,3,3,-2,4,6,1,-1,1,120
-27,5,7,3,3,-1,3,2,2,0,2,6,1,-1,1,120
-27,5,8,3,3,0,2,1,5,0,4,6,1,-1,0,120
-27,5,10,3,3,1,2,0,3,1,1,6,1,-1,0,120
-27,5,11,3,3,1,21,0,2,20,0,19,1,19,0,120
-26,5,1,3,3,-4,2,5,3,-4,6,6,1,-1,1,120
-26,5,2,3,3,-4,23,5,2,17,5,17,1,17,0,120
-26,5,4,3,3,-2,2,3,10,-2,11,6,1,6,0,120
-26,5,5,3,3,-2,4,3,2,0,3,6,1,-1,1,120
-26,5,7,3,3,-1,7,2,2,4,2,7,1,-1,0,120
-26,5,8,3,3,0,2,1,3,0,2,6,1,-1,1,120
-26,5,10,3,3,1,3,0,2,2,0,7,1,-1,1,120
-26,5,11,3,3,2,2,-1,7,2,4,6,1,-1,0,120
-24,5,1,3,3,-4,5,5,2,-1,5,6,1,-1,1,120
-24,5,2,3,3,-3,2,4,3,-3,5,6,1,-1,1,120
-24,5,4,3,3,-2,3,3,2,-1,3,7,1,-1,1,120
-24,5,5,3,3,-1,2,2,12,-1,12,9,1,9,0,120
-24,5,7,3,3,0,2,1,5,0,4,6,1,-1,0,120
-24,5,8,3,3,0,6,1,2,4,1,6,1,-1,0,120
-24,5,10,3,3,1,38,0,2,37,0,36,1,36,0,120
-24,5,11,3,3,2,3,-1,2,3,-1,6,1,-1,1,120
-23,5,1,3,3,-4,45,5,2,39,5,39,1,39,0,120
-23,5,2,3,3,-3,3,4,2,-2,4,6,1,-1,1,120
-23,5,4,3,3,-2,4,3,2,0,3,6,1,-1,1,120
-23,5,5,3,3,-1,2,2,4,-1,4,6,1,-1,1,120
-23,5,7,3,3,0,2,1,3,0,2,6,1,-1,1,120
-23,5,8,3,3,1,2,0,54,1,52,52,1,52,0,120
-23,5,10,3,3,2,2,-1,6,2,3,6,1,-1,0,120
-23,5,11,3,3,2,5,-1,2,5,-1,6,1,-1,1,120
-22,5,1,3,3,-3,2,4,6,-3,8,6,1,-1,1,120
-22,5,2,3,3,-3,5,4,2,0,4,7,1,-1,1,120
-22,5,4,3,3,-2,12,3,2,8,3,8,1,8,0,120
-22,5,5,3,3,-1,2,2,3,-1,3,7,1,-1,1,120
-22,5,7,3,3,0,3,1,2,1,1,6,1,-1,0,120
-22,5,8,3,3,1,2,0,5,1,3,6,1,-1,0,120
-22,5,10,3,3,2,2,-1,3,2,0,6,1,-1,1,120
-22,5,11,3,3,2,21,-1,2,21,-1,18,1,18,0,120
-21,5,1,3,3,-3,2,4,3,-3,5,6,1,-1,1,120
-21,5,2,3,3,-3,23,4,2,18,4,18,1,18,0,120
-21,5,4,3,3,-1,2,2,10,-1,10,7,1,7,0,120
-21,5,5,3,3,-1,4,2,2,1,2,7,1,-1,0,120
-21,5,7,3,3,0,7,1,2,5,1,6,1,-1,0,120
-21,5,8,3,3,1,2,0,3,1,1,6,1,-1,0,120
-21,5,10,3,3,2,3,-1,2,3,-1,7,1,-1,1,120
-21,5,11,3,3,3,2,-2,7,3,3,6,1,-1,0,120
-19,5,1,3,3,-3,5,4,2,0,4,6,1,-1,1,120
-19,5,2,3,3,-2,2,3,3,-2,4,7,1,-1,1,120
-19,5,4,3,3,-1,3,2,2,0,2,6,1,-1,1,120
-19,5,5,3,3,0,2,1,12,0,11,10,1,10,0,120
-19,5,7,3,3,1,2,0,5,1,3,6,1,-1,0,120
-19,5,8,3,3,1,6,0,2,5,0,6,1,-1,0,120
-19,5,10,3,3,2,38,-1,2,38,-1,35,1,35,0,120
-19,5,11,3,3,3,3,-2,2,4,-2,6,1,-1,1,120
-18,5,1,3,3,-3,45,4,2,40,4,40,1,40,0,120
-18,5,2,3,3,-2,3,3,2,-1,3,6,1,-1,1,120
-18,5,4,3,3,-1,4,2,2,1,2,6,1,-1,0,120
-18,5,5,3,3,0,2,1,4,0,3,7,1,-1,0,120
-18,5,7,3,3,1,2,0,3,1,1,6,1,-1,0,120
-18,5,8,3,3,2,2,-1,54,2,51,51,1,51,0,120
-18,5,10,3,3,3,2,-2,6,3,2,6,1,-1,0,120
-18,5,11,3,3,3,5,-2,2,6,-2,6,1,-1,1,120
-17,5,1,3,3,-2,2,3,6,-2,7,6,1,-1,1,120
-17,5,2,3,3,-2,5,3,2,1,3,6,1,-1,1,120
-17,5,4,3,3,-1,12,2,2,9,2,9,1,9,0,120
-17,5,5,3,3,0,2,1,3,0,2,6,1,-1,1,120
-17,5,7,3,3,1,3,0,2,2,0,6,1,-1,1,120
-17,5,8,3,3,2,2,-1,5,2,2,6,1,-1,0,120
-17,5,10,3,3,3,2,-2,3,3,-1,6,1,-1,1,120
-17,5,11,3,3,3,21,-2,2,22,-2,17,1,17,0,120
-16,5,1,3,3,-2,2,3,3,-2,4,6,1,-1,1,120
-16,5,2,3,3,-2,23,3,2,19,3,19,1,19,0,120
-16,5,4,3,3,0,2,1,10,0,9,8,1,8,0,120
-16,5,5,3,3,0,4,1,2,2,1,7,1,-1,0,120
-16,5,7,3,3,1,7,0,2,6,0,6,1,-1,0,120
-16,5,8,3,3,2,2,-1,3,2,0,6,1,-1,1,120
-16,5,10,3,3,3,3,-2,2,4,-2,6,1,-1,1,120
-16,5,11,3,3,4,2,-3,7,4,2,6,1,-1,1,120
-14,5,1,3,3,-2,5,3,2,1,3,6,1,-1,1,120
-14,5,2,3,3,-1,2,2,3,-1,3,6,1,-1,1,120
-14,5,4,3,3,0,3,1,2,1,1,6,1,-1,0,120
-14,5,5,3,3,1,2,0,12,1,10,10,1,10,0,120
-14,5,7,3,3,2,2,-1,5,2,2,6,1,-1,0,120
-14,5,8,3,3,2,6,-1,2,6,-1,6,1,-1,0,120
-14,5,10,3,3,3,38,-2,2,39,-2,34,1,34,0,120
-14,5,11,3,3,4,3,-3,2,5,-3,6,1,-1,1,120
-13,5,1,3,3,-2,45,3,2,41,3,41,1,41,0,120
-13,5,2,3,3,-1,3,2,2,0,2,6,1,-1,1,120
-13,5,4,3,3,0,4,1,2,2,1,6,1,-1,0,120
-13,5,5,3,3,1,2,0,4,1,2,6,1,-1,0,120
-13,5,7,3,3,2,2,-1,3,2,0,6,1,-1,1,120
-13,5,8,3,3,3,2,-2,54,3,50,50,1,50,0,120
-13,5,10,3,3,4,2,-3,6,4,1,6,1,-1,1,120
-13,5,11,3,3,4,5,-3,2,7,-3,6,1,-1,1,120
-12,5,1,3,3,-1,2,2,6,-1,6,6,1,-1,0,120
-12,5,2,3,3,-1,5,2,2,2,2,6,1,-1,0,120
-12,5,4,3,3,0,12,1,2,10,1,10,1,10,0,120
-12,5,5,3,3,1,2,0,3,1,1,6,1,-1,0,120
-12,5,7,3,3,2,3,-1,2,3,-1,6,1,-1,1,120
-12,5,8,3,3,3,2,-2,5,3,1,6,1,-1,1,120
-12,5,10,3,3,4,2,-3,3,4,-2,6,1,-1,1,120
-12,5,11,3,3,4,21,-3,2,23,-3,16,1,16,0,120
-11,5,1,3,3,-1,2,2,3,-1,3,6,1,-1,1,120
-11,5,2,3,3,-1,23,2,2,20,2,20,1,20,0,120
-11,5,4,3,3,1,2,0,10,1,8,8,1,8,0,120
-11,5,5,3,3,1,4,0,2,3,0,7,1,-1,0,120
-11,5,7,3,3,2,7,-1,2,7,-1,6,1,-1,0,120
-11,5,8,3,3,3,2,-2,3,3,-1,6,1,-1,1,120
-11,5,10,3,3,4,3,-3,2,5,-3,6,1,-1,1,120
-11,5,11,3,3,5,2,-4,7,5,1,6,1,-1,1,120
-9,5,1,3,3,-1,5,2,2,2,2,6,1,-1,0,120
-9,5,2,3,3,0,2,1,3,0,2,6,1,-1,1,120
-9,5,4,3,3,1,3,0,2,2,0,6,1,-1,1,120
-9,5,5,3,3,2,2,-1,12,2,9,9,1,9,0,120
-9,5,7,3,3,3,2,-2,5,3,1,6,1,-1,1,120
-9,5,8,3,3,3,6,-2,2,7,-2,6,1,-1,1,120
-9,5,10,3,3,4,38,-3,2,40,-3,33,1,33,0,120
-9,5,11,3,3,5,3,-4,2,6,-4,6,1,-1,1,120
-8,5,1,3,3,-1,45,2,2,42,2,42,1,42,0,120
-8,5,2,3,3,0,3,1,2,1,1,6,1,-1,0,120
-8,5,4,3,3,1,4,0,2,3,0,7,1,-1,0,120
-8,5,5,3,3,2,2,-1,4,2,1,6,1,-1,0,120
-8,5,7,3,3,3,2,-2,3,3,-1,6,1,-1,1,120
-8,5,8,3,3,4,2,-3,54,4,49,49,1,49,0,120
-8,5,10,3,3,5,2,-4,6,5,0,7,1,-1,1,120
-8,5,11,3,3,5,5,-4,2,8,-4,6,1,-1,1,120
-7,5,1,3,3,0,2,1,6,0,5,6,1,-1,0,120
-7,5,2,3,3,0,5,1,2,3,1,6,1,-1,0,120
-7,5,4,3,3,1,12,0,2,11,0,10,1,10,0,120
-7,5,5,3,3,2,2,-1,3,2,0,6,1,-1,1,120
-7,5,7,3,3,3,3,-2,2,4,-2,6,1,-1,1,120
-7,5,8,3,3,4,2,-3,5,4,0,6,1,-1,1,120
-7,5,10,3,3,5,2,-4,3,5,-3,6,1,-1,1,120
-7,5,11,3,3,5,21,-4,2,24,-4,15,1,15,0,120
-4,5,1,3,3,0,5,1,2,3,1,6,1,-1,0,120
-4,5,2,3,3,1,2,0,3,1,1,6,1,-1,0,120
-4,5,4,3,3,2,3,-1,2,3,-1,7,1,-1,1,120
-4,5,5,3,3,3,2,-2,12,3,8,8,1,8,0,120
-4,5,7,3,3,4,2,-3,5,4,0,7,1,-1,1,120
-4,5,8,3,3,4,6,-3,2,8,-3,6,1,-1,1,120
-4,5,10,3,3,5,38,-4,2,41,-4,32,1,32,0,120
-4,5,11,3,3,6,3,-5,2,7,-5,6,1,-1,1,120
-6,5,1,3,3,0,2,1,3,0,2,6,1,-1,1,120
-6,5,2,3,3,0,23,1,2,21,1,21,1,21,0,120
-6,5,4,3,3,2,2,-1,10,2,7,7,1,7,0,120
-6,5,5,3,3,2,4,-1,2,4,-1,6,1,-1,1,120
-6,5,7,3,3,3,7,-2,2,8,-2,6,1,-1,1,120
-6,5,8,3,3,4,2,-3,3,4,-2,6,1,-1,1,120
-6,5,10,3,3,5,3,-4,2,6,-4,6,1,-1,1,120
-6,5,11,3,3,6,2,-5,7,6,0,6,1,-1,1,120
-3,5,1,3,3,0,45,1,2,43,1,43,1,43,0,120
-3,5,2,3,3,1,3,0,2,2,0,6,1,-1,1,120
-3,5,4,3,3,2,4,-1,2,4,-1,6,1,-1,1,120
-3,5,5,3,3,3,2,-2,4,3,0,6,1,-1,1,120
-3,5,7,3,3,4,2,-3,3,4,-2,6,1,-1,1,120
-3,5,8,3,3,5,2,-4,54,5,48,48,1,48,0,120
-3,5,10,3,3,6,2,-5,6,6,-1,6,1,-1,1,120
-3,5,11,3,3,6,5,-5,2,9,-5,6,1,-1,1,120
-2,5,1,3,3,1,2,0,6,1,4,6,1,-1,0,120
-2,5,2,3,3,1,5,0,2,4,0,6,1,-1,0,120
-2,5,4,3,3,2,12,-1,2,12,-1,9,1,9,0,120
-2,5,5,3,3,3,2,-2,3,3,-1,7,1,-1,1,120
-2,5,7,3,3,4,3,-3,2,5,-3,6,1,-1,1,120
-2,5,8,3,3,5,2,-4,5,5,-1,6,1,-1,1,120
-2,5,10,3,3,6,2,-5,3,6,-4,6,1,-1,1,120
-2,5,11,3,3,6,21,-5,2,25,-5,6,1,6,0,120
1,5,1,3,3,1,5,0,2,4,0,6,1,-1,0,120
1,5,2,3,3,2,2,-1,3,2,0,6,1,-1,1,120
1,5,4,3,3,3,3,-2,2,4,-2,6,1,-1,1,120
1,5,5,3,3,4,2,-3,12,4,7,7,1,7,0,120
1,5,7,3,3,5,2,-4,5,5,-1,6,1,-1,1,120
1,5,8,3,3,5,6,-4,2,9,-4,6,1,-1,1,120
1,5,10,3,3,6,38,-5,2,42,-5,6,1,6,0,120
1,5,11,3,3,7,3,-6,2,8,-6,6,1,-1,1,120
-1,5,1,3,3,1,2,0,3,1,1,6,1,-1,0,120
-1,5,2,3,3,1,23,0,2,22,0,21,1,21,0,120
-1,5,4,3,3,3,2,-2,10,3,6,6,1,6,0,120
-1,5,5,3,3,3,4,-2,2,5,-2,6,1,-1,1,120
-1,5,7,3,3,4,7,-3,2,9,-3,6,1,-1,1,120
-1,5,8,3,3,5,2,-4,3,5,-3,6,1,-1,1,120
-1,5,10,3,3,6,3,-5,2,7,-5,6,1,-1,1,120
-1,5,11,3,3,7,2,-6,7,7,-1,6,1,-1,1,120
2,5,1,3,3,1,45,0,2,44,0,43,1,43,0,120
2,5,2,3,3,2,3,-1,2,3,-1,6,1,-1,1,120
2,5,4,3,3,3,4,-2,2,5,-2,6,1,-1,1,120
2,5,5,3,3,4,2,-3,4,4,-1,6,1,-1,1,120
2,5,7,3,3,5,2,-4,3,5,-3,6,1,-1,1,120
2,5,8,3,3,6,2,-5,54,6,47,47,1,47,0,120
2,5,10,3,3,7,2,-6,6,7,-2,6,1,-1,1,120
2,5,11,3,3,7,5,-6,2,10,-6,6,1,-1,1,120
3,5,1,3,3,2,2,-1,6,2,3,6,1,-1,0,120
3,5,2,3,3,2,5,-1,2,5,-1,6,1,-1,1,120
3,5,4,3,3,3,12,-2,2,13,-2,8,1,8,0,120
3,5,5,3,3,4,2,-3,3,4,-2,6,1,-1,1,120
3,5,7,3,3,5,3,-4,2,6,-4,6,1,-1,1,120
3,5,8,3,3,6,2,-5,5,6,-2,6,1,-1,1,120
3,5,10,3,3,7,2,-6,3,7,-5,6,1,-1,1,120
3,5,11,3,3,7,21,-6,2,26,-6,7,1,7,0,120
4,5,1,3,3,2,2,-1,3,2,0,6,1,-1,1,120
4,5,2,3,3,2,23,-1,2,23,-1,20,1,20,0,120
4,5,4,3,3,4,2,-3,10,4,5,6,1,-1,0,120
4,5,5,3,3,4,4,-3,2,6,-3,6,1,-1,1,120
4,5,7,3,3,5,7,-4,2,10,-4,6,1,-1,1,120
4,5,8,3,3,6,2,-5,3,6,-4,6,1,-1,1,120
4,5,10,3,3,7,3,-6,2,8,-6,6,1,-1,1,120
4,5,11,3,3,8,2,-7,7,8,-2,6,1,-1,1,120
6,5,1,3,3,2,5,-1,2,5,-1,6,1,-1,1,120
6,5,2,3,3,3,2,-2,3,3,-1,6,1,-1,1,120
6,5,4,3,3,4,3,-3,2,5,-3,6,1,-1,1,120
6,5,5,3,3,5,2,-4,12,5,6,6,1,6,0,120
6,5,7,3,3,6,2,-5,5,6,-2,6,1,-1,1,120
6,5,8,3,3,6,6,-5,2,10,-5,6,1,-1,1,120
6,5,10,3,3,7,38,-6,2,43,-6,7,1,7,0,120
6,5,11,3,3,8,3,-7,2,9,-7,6,1,-1,1,120
7,5,1,3,3,2,45,-1,2,45,-1,42,1,42,0,120
7,5,2,3,3,3,3,-2,2,4,-2,6,1,-1,1,120
7,5,4,3,3,4,4,-3,2,6,-3,6,1,-1,1,120
7,5,5,3,3,5,2,-4,4,5,-2,6,1,-1,1,120
7,5,7,3,3,6,2,-5,3,6,-4,6,1,-1,1,120
7,5,8,3,3,7,2,-6,54,7,46,46,1,46,0,120
7,5,10,3,3,8,2,-7,6,8,-3,6,1,-1,1,120
7,5,11,3,3,8,5,-7,2,11,-7,6,1,-1,1,120
8,5,1,3,3,3,2,-2,6,3,2,6,1,-1,0,120
8,5,2,3,3,3,5,-2,2,6,-2,6,1,-1,1,120
8,5,4,3,3,4,12,-3,2,14,-3,7,1,7,0,120
8,5,5,3,3,5,2,-4,3,5,-3,6,1,-1,1,120
8,5,7,3,3,6,3,-5,2,7,-5,6,1,-1,1,120
8,5,8,3,3,7,2,-6,5,7,-3,6,1,-1,1,120
8,5,10,3,3,8,2,-7,3,8,-6,6,1,-1,1,120
8,5,11,3,3,8,21,-7,2,27,-7,6,1,6,0,120
11,5,1,3,3,3,5,-2,2,6,-2,8,1,-1,1,120
11,5,2,3,3,4,2,-3,3,4,-2,6,1,-1,1,120
11,5,4,3,3,5,3,-4,2,6,-4,6,1,-1,1,120
11,5,5,3,3,6,2,-5,12,6,5,6,1,-1,0,120
11,5,7,3,3,7,2,-6,5,7,-3,6,1,-1,1,120
11,5,8,3,3,7,6,-6,2,11,-6,6,1,-1,1,120
11,5,10,3,3,8,38,-7,2,44,-7,6,1,6,0,120
11,5,11,3,3,9,3,-8,2,10,-8,6,1,-1,1,120
9,5,1,3,3,3,2,-2,3,3,-1,6,1,-1,1,120
9,5,2,3,3,3,23,-2,2,24,-2,19,1,19,0,120
9,5,4,3,3,5,2,-4,10,5,4,11,1,-1,0,120
9,5,5,3,3,5,4,-4,2,7,-4,6,1,-1,1,120
9,5,7,3,3,6,7,-5,2,11,-5,6,1,-1,1,120
9,5,8,3,3,7,2,-6,3,7,-5,6,1,-1,1,120
9,5,10,3,3,8,3,-7,2,9,-7,6,1,-1,1,120
9,5,11,3,3,9,2,-8,7,9,-3,6,1,-1,1,120
12,5,1,3,3,3,45,-2,2,46,-2,41,1,41,0,120
12,5,2,3,3,4,3,-3,2,5,-3,6,1,-1,1,120
12,5,4,3,3,5,4,-4,2,7,-4,6,1,-1,1,120
12,5,5,3,3,6,2,-5,4,6,-3,6,1,-1,1,120
12,5,7,3,3,7,2,-6,3,7,-5,6,1,-1,1,120
12,5,8,3,3,8,2,-7,54,8,45,6,1,6,0,120
12,5,10,3,3,9,2,-8,6,9,-4,6,1,-1,1,120
12,5,11,3,3,9,5,-8,2,12,-8,6,1,-1,1,120
13,5,1,3,3,4,2,-3,6,4,1,6,1,-1,1,120
13,5,2,3,3,4,5,-3,2,7,-3,6,1,-1,1,120
13,5,4,3,3,5,12,-4,2,15,-4,6,1,6,0,120
13,5,5,3,3,6,2,-5,3,6,-4,6,1,-1,1,120
13,5,7,3,3,7,3,-6,2,8,-6,6,1,-1,1,120
13,5,8,3,3,8,2,-7,5,8,-4,6,1,-1,1,120
13,5,10,3,3,9,2,-8,3,9,-7,6,1,-1,1,120
13,5,11,3,3,9,21,-8,2,28,-8,6,1,6,0,120
14,5,1,3,3,4,2,-3,3,4,-2,6,1,-1,1,120
14,5,2,3,3,4,23,-3,2,25,-3,18,1,18,0,120
14,5,4,3,3,6,2,-5,10,6,3,10,1,-1,1,120
14,5,5,3,3,6,4,-5,2,8,-5,6,1,-1,1,120
14,5,7,3,3,7,7,-6,2,12,-6,6,1,-1,1,120
14,5,8,3,3,8,2,-7,3,8,-6,6,1,-1,1,120
14,5,10,3,3,9,3,-8,2,10,-8,6,1,-1,1,120
14,5,11,3,3,10,2,-9,7,10,-4,6,1,-1,1,120
16,5,1,3,3,4,5,-3,2,7,-3,6,1,-1,1,120
16,5,2,3,3,5,2,-4,3,5,-3,6,1,-1,1,120
16,5,4,3,3,6,3,-5,2,7,-5,7,1,-1,1,120
16,5,5,3,3,7,2,-6,12,7,4,6,1,-1,1,120
16,5,7,3,3,8,2,-7,5,8,-4,6,1,-1,1,120
16,5,8,3,3,8,6,-7,2,12,-7,6,1,-1,1,120
16,5,10,3,3,9,38,-8,2,45,-8,6,1,6,0,120
16,5,11,3,3,10,3,-9,2,11,-9,6,1,-1,1,120
17,5,1,3,3,4,45,-3,2,47,-3,40,1,40,0,120
17,5,2,3,3,5,3,-4,2,6,-4,6,1,-1,1,120
17,5,4,3,3,6,4,-5,2,8,-5,6,1,-1,1,120
17,5,5,3,3,7,2,-6,4,7,-4,6,1,-1,1,120
17,5,7,3,3,8,2,-7,3,8,-6,6,1,-1,1,120
17,5,8,3,3,9,2,-8,54,9,44,6,1,6,0,120
17,5,10,3,3,10,2,-9,6,10,-5,6,1,-1,1,120
17,5,11,3,3,10,5,-9,2,13,-9,6,1,-1,1,120
18,5,1,3,3,5,2,-4,6,5,0,6,1,-1,1,120
18,5,2,3,3,5,5,-4,2,8,-4,6,1,-1,1,120
18,5,4,3,3,6,12,-5,2,16,-5,6,1,-1,1,120
18,5,5,3,3,7,2,-6,3,7,-5,6,1,-1,1,120
18,5,7,3,3,8,3,-7,2,9,-7,6,1,-1,1,120
18,5,8,3,3,9,2,-8,5,9,-5,6,1,-1,1,120
18,5,10,3,3,10,2,-9,3,10,-8,6,1,-1,1,120
18,5,11,3,3,10,21,-9,2,29,-9,6,1,-1,1,120
21,5,1,3,3,5,5,-4,2,8,-4,6,1,-1,1,120
21,5,2,3,3,6,2,-5,3,6,-4,6,1,-1,1,120
21,5,4,3,3,7,3,-6,2,8,-6,7,1,-1,1,120
21,5,5,3,3,8,2,-7,12,8,3,6,1,-1,1,120
21,5,7,3,3,9,2,-8,5,9,-5,6,1,-1,1,120
21,5,8,3,3,9,6,-8,2,13,-8,6,1,-1,1,120
21,5,10,3,3,10,38,-9,2,46,-9,6,1,6,0,120
21,5,11,3,3,11,3,-10,2,12,-10,6,1,-1,1,120
19,5,1,3,3,5,2,-4,3,5,-3,6,1,-1,1,120
19,5,2,3,3,5,23,-4,2,26,-4,17,1,17,0,120
19,5,4,3,3,7,2,-6,10,7,2,9,1,-1,1,120
19,5,5,3,3,7,4,-6,2,9,-6,6,1,-1,1,120
19,5,7,3,3,8,7,-7,2,13,-7,6,1,-1,1,120
19,5,8,3,3,9,2,-8,3,9,-7,6,1,-1,1,120
19,5,10,3,3,10,3,-9,2,11,-9,6,1,-1,1,120
19,5,11,3,3,11,2,-10,7,11,-5,6,1,-1,1,120
22,5,1,3,3,5,45,-4,2,48,-4,39,1,39,0,120
22,5,2,3,3,6,3,-5,2,7,-5,6,1,-1,1,120
22,5,4,3,3,7,4,-6,2,9,-6,6,1,-1,1,120
22,5,5,3,3,8,2,-7,4,8,-5,6,1,-1,1,120
22,5,7,3,3,9,2,-8,3,9,-7,6,1,-1,1,120
22,5,8,3,3,10,2,-9,54,10,43,6,1,6,0,120
22,5,10,3,3,11,2,-10,6,11,-6,6,1,-1,1,120
22,5,11,3,3,11,5,-10,2,14,-10,6,1,-1,1,120
23,5,1,3,3,6,2,-5,6,6,-1,6,1,-1,1,120
23,5,2,3,3,6,5,-5,2,9,-5,6,1,-1,1,120
23,5,4,3,3,7,12,-6,2,17,-6,6,1,-1,1,120
23,5,5,3,3,8,2,-7,3,8,-6,7,1,-1,1,120
23,5,7,3,3,9,3,-8,2,10,-8,6,1,-1,1,120
23,5,8,3,3,10,2,-9,5,10,-6,6,1,-1,1,120
23,5,10,3,3,11,2,-10,3,11,-9,6,1,-1,1,120
23,5,11,3,3,11,21,-10,2,30,-10,6,1,-1,1,120
24,5,1,3,3,6,2,-5,3,6,-4,6,1,-1,1,120
24,5,2,3,3,6,23,-5,2,27,-5,6,1,6,0,120
24,5,4,3,3,8,2,-7,10,8,1,6,1,-1,1,120
24,5,5,3,3,8,4,-7,2,10,-7,6,1,-1,1,120
24,5,7,3,3,9,7,-8,2,14,-8,6,1,-1,1,120
24,5,8,3,3,10,2,-9,3,10,-8,6,1,-1,1,120
24,5,10,3,3,11,3,-10,2,12,-10,6,1,-1,1,120
24,5,11,3,3,12,2,-11,7,12,-6,6,1,-1,1,120
26,5,1,3,3,6,5,-5,2,9,-5,7,1,-1,1,120
26,5,2,3,3,7,2,-6,3,7,-5,6,1,-1,1,120
26,5,4,3,3,8,3,-7,2,9,-7,6,1,-1,1,120
26,5,5,3,3,9,2,-8,12,9,2,6,1,-1,1,120
26,5,7,3,3,10,2,-9,5,10,-6,6,1,-1,1,120
26,5,8,3,3,10,6,-9,2,14,-9,6,1,-1,1,120
26,5,10,3,3,11,38,-10,2,47,-10,6,1,6,0,120
26,5,11,3,3,12,3,-11,2,13,-11,6,1,-1,1,120
28,5,1,3,3,7,2,-6,6,7,-2,6,1,-1,1,120
28,5,2,3,3,7,5,-6,2,10,-6,6,1,-1,1,120
28,5,4,3,3,8,12,-7,2,18,-7,8,1,-1,1,120
28,5,5,3,3,9,2,-8,3,9,-7,6,1,-1,1,120
28,5,7,3,3,10,3,-9,2,11,-9,6,1,-1,1,120
28,5,8,3,3,11,2,-10,5,11,-7,6,1,-1,1,120
28,5,10,3,3,12,2,-11,3,12,-10,6,1,-1,1,120
28,5,11,3,3,12,21,-11,2,31,-11,6,1,-1,1,120
27,5,1,3,3,6,45,-5,2,49,-5,6,1,6,0,120
27,5,2,3,3,7,3,-6,2,8,-6,7,1,-1,1,120
27,5,4,3,3,8,4,-7,2,10,-7,6,1,-1,1,120
27,5,5,3,3,9,2,-8,4,9,-6,6,1,-1,1,120
27,5,7,3,3,10,2,-9,3,10,-8,6,1,-1,1,120
27,5,8,3,3,11,2,-10,54,11,42,6,1,6,0,120
27,5,10,3,3,12,2,-11,6,12,-7,6,1,-1,1,120
27,5,11,3,3,12,5,-11,2,15,-11,6,1,-1,1,120
29,5,1,3,3,7,2,-6,3,7,-5,6,1,-1,1,120
29,5,2,3,3,7,23,-6,2,28,-6,7,1,7,0,120
29,5,4,3,3,9,2,-8,10,9,0,6,1,-1,1,120
29,5,5,3,3,9,4,-8,2,11,-8,6,1,-1,1,120
29,5,7,3,3,10,7,-9,2,15,-9,6,1,-1,1,120
29,5,8,3,3,11,2,-10,3,11,-9,6,1,-1,1,120
29,5,10,3,3,12,3,-11,2,13,-11,6,1,-1,1,120
29,5,11,3,3,13,2,-12,7,13,-7,6,1,-1,1,120
-29,5,1,4,3,-5,3,6,2,-4,6,6,1,-1,1,120
-29,5,3,4,3,-4,2,5,3,-4,6,6,1,-1,1,120
-29,5,5,4,3,-3,2,4,3,-3,5,6,1,-1,1,120
-29,5,7,4,3,-2,2,3,5,-2,6,6,1,-1,1,120
-29,5,9,4,3,-1,2,2,11,-1,11,8,1,8,0,120
-29,5,11,4,3,-1,28,2,2,25,2,25,1,25,0,120
-29,5,13,4,3,0,6,1,2,4,1,6,1,-1,0,120
-29,5,15,4,3,1,4,0,2,3,0,6,1,-1,0,120
-27,5,1,4,3,-4,2,5,31,-4,34,25,1,25,0,120
-27,5,3,4,3,-4,10,5,2,4,5,6,1,-1,0,120
-27,5,5,4,3,-3,5,4,2,0,4,6,1,-1,1,120
-27,5,7,4,3,-2,3,3,2,-1,3,6,1,-1,1,120
-27,5,9,4,3,-1,2,2,3,-1,3,7,1,-1,1,120
-27,5,11,4,3,0,2,1,3,0,2,6,1,-1,1,120
-27,5,13,4,3,1,2,0,5,1,3,6,1,-1,0,120
-27,5,15,4,3,2,2,-1,11,2,8,8,1,8,0,120
-28,5,1,4,3,-5,6,6,2,-1,6,6,1,-1,1,120
-28,5,3,4,3,-4,4,5,2,-2,5,6,1,-1,1,120
-28,5,5,4,3,-3,3,4,2,-2,4,6,1,-1,1,120
-28,5,7,4,3,-2,2,3,3,-2,4,6,1,-1,1,120
-28,5,9,4,3,-1,2,2,4,-1,4,7,1,-1,1,120
-28,5,11,4,3,0,2,1,7,0,6,6,1,-1,0,120
-28,5,13,4,3,1,2,0,35,1,33,33,1,33,0,120
-28,5,15,4,3,1,10,0,2,9,0,8,1,8,0,120
-26,5,1,4,3,-4,2,5,5,-4,8,6,1,-1,1,120
-26,5,3,4,3,-3,2,4,11,-3,13,6,1,6,0,120
-26,5,5,4,3,-3,29,4,2,24,4,24,1,24,0,120
-26,5,7,4,3,-2,6,3,2,2,3,8,1,-1,0,120
-26,5,9,4,3,-1,4,2,2,1,2,6,1,-1,0,120
-26,5,11,4,3,0,3,1,2,1,1,6,1,-1,0,120
-26,5,13,4,3,1,2,0,3,1,1,6,1,-1,0,120
-26,5,15,4,3,2,2,-1,4,2,1,6,1,-1,0,120
-24,5,1,4,3,-4,3,5,2,-3,5,6,1,-1,1,120
-24,5,3,4,3,-3,2,4,3,-3,5,6,1,-1,1,120
-24,5,5,4,3,-2,2,3,3,-2,4,6,1,-1,1,120
-24,5,7,4,3,-1,2,2,5,-1,5,6,1,-1,1,120
-24,5,9,4,3,0,2,1,11,0,10,9,1,9,0,120
-24,5,11,4,3,0,28,1,2,26,1,26,1,26,0,120
-24,5,13,4,3,1,6,0,2,5,0,6,1,-1,0,120
-24,5,15,4,3,2,4,-1,2,4,-1,6,1,-1,1,120
-22,5,1,4,3,-3,2,4,31,-3,33,26,1,26,0,120
-22,5,3,4,3,-3,10,4,2,5,4,6,1,-1,0,120
-22,5,5,4,3,-2,5,3,2,1,3,6,1,-1,1,120
-22,5,7,4,3,-1,3,2,2,0,2,6,1,-1,1,120
-22,5,9,4,3,0,2,1,3,0,2,6,1,-1,1,120
-22,5,11,4,3,1,2,0,3,1,1,6,1,-1,0,120
-22,5,13,4,3,2,2,-1,5,2,2,6,1,-1,0,120
-22,5,15,4,3,3,2,-2,11,3,7,7,1,7,0,120
-23,5,1,4,3,-4,6,5,2,0,5,6,1,-1,1,120
-23,5,3,4,3,-3,4,4,2,-1,4,7,1,-1,1,120
-23,5,5,4,3,-2,3,3,2,-1,3,6,1,-1,1,120
-23,5,7,4,3,-1,2,2,3,-1,3,6,1,-1,1,120
-23,5,9,4,3,0,2,1,4,0,3,6,1,-1,0,120
-23,5,11,4,3,1,2,0,7,1,5,6,1,-1,0,120
-23,5,13,4,3,2,2,-1,35,2,32,32,1,32,0,120
-23,5,15,4,3,2,10,-1,2,10,-1,7,1,7,0,120
-21,5,1,4,3,-3,2,4,5,-3,7,7,1,-1,1,120
-21,5,3,4,3,-2,2,3,11,-2,12,7,1,7,0,120
-21,5,5,4,3,-2,29,3,2,25,3,25,1,25,0,120
-21,5,7,4,3,-1,6,2,2,3,2,6,1,-1,0,120
-21,5,9,4,3,0,4,1,2,2,1,6,1,-1,0,120
-21,5,11,4,3,1,3,0,2,2,0,7,1,-1,1,120
-21,5,13,4,3,2,2,-1,3,2,0,6,1,-1,1,120
-21,5,15,4,3,3,2,-2,4,3,0,6,1,-1,1,120
-17,5,1,4,3,-2,2,3,31,-2,32,27,1,27,0,120
-17,5,3,4,3,-2,10,3,2,6,3,6,1,6,0,120
-17,5,5,4,3,-1,5,2,2,2,2,6,1,-1,0,120
-17,5,7,4,3,0,3,1,2,1,1,6,1,-1,0,120
-17,5,9,4,3,1,2,0,3,1,1,6,1,-1,0,120
-17,5,11,4,3,2,2,-1,3,2,0,6,1,-1,1,120
-17,5,13,4,3,3,2,-2,5,3,1,6,1,-1,1,120
-17,5,15,4,3,4,2,-3,11,4,6,6,1,6,0,120
-18,5,1,4,3,-3,6,4,2,1,4,6,1,-1,1,120
-18,5,3,4,3,-2,4,3,2,0,3,6,1,-1,1,120
-18,5,5,4,3,-1,3,2,2,0,2,6,1,-1,1,120
-18,5,7,4,3,0,2,1,3,0,2,6,1,-1,1,120
-18,5,9,4,3,1,2,0,4,1,2,6,1,-1,0,120
-18,5,11,4,3,2,2,-1,7,2,4,7,1,-1,0,120
-18,5,13,4,3,3,2,-2,35,3,31,31,1,31,0,120
-18,5,15,4,3,3,10,-2,2,11,-2,6,1,6,0,120
-19,5,1,4,3,-3,3,4,2,-2,4,6,1,-1,1,120
-19,5,3,4,3,-2,2,3,3,-2,4,6,1,-1,1,120
-19,5,5,4,3,-1,2,2,3,-1,3,6,1,-1,1,120
-19,5,7,4,3,0,2,1,5,0,4,6,1,-1,0,120
-19,5,9,4,3,1,2,0,11,1,9,9,1,9,0,120
-19,5,11,4,3,1,28,0,2,27,0,26,1,26,0,120
-19,5,13,4,3,2,6,-1,2,6,-1,6,1,-1,0,120
-19,5,15,4,3,3,4,-2,2,5,-2,6,1,-1,1,120
-16,5,1,4,3,-2,2,3,5,-2,6,6,1,-1,1,120
-16,5,3,4,3,-1,2,2,11,-1,11,8,1,8,0,120
-16,5,5,4,3,-1,29,2,2,26,2,26,1,26,0,120
-16,5,7,4,3,0,6,1,2,4,1,6,1,-1,0,120
-16,5,9,4,3,1,4,0,2,3,0,6,1,-1,0,120
-16,5,11,4,3,2,3,-1,2,3,-1,6,1,-1,1,120
-16,5,13,4,3,3,2,-2,3,3,-1,6,1,-1,1,120
-16,5,15,4,3,4,2,-3,4,4,-1,6,1,-1,1,120
-13,5,1,4,3,-2,6,3,2,2,3,8,1,-1,0,120
-13,5,3,4,3,-1,4,2,2,1,2,6,1,-1,0,120
-13,5,5,4,3,0,3,1,2,1,1,6,1,-1,0,120
-13,5,7,4,3,1,2,0,3,1,1,6,1,-1,0,120
-13,5,9,4,3,2,2,-1,4,2,1,6,1,-1,0,120
-13,5,11,4,3,3,2,-2,7,3,3,8,1,-1,0,120
-13,5,13,4,3,4,2,-3,35,4,30,30,1,30,0,120
-13,5,15,4,3,4,10,-3,2,12,-3,6,1,-1,0,120
-12,5,1,4,3,-1,2,2,31,-1,31,28,1,28,0,120
-12,5,3,4,3,-1,10,2,2,7,2,7,1,7,0,120
-12,5,5,4,3,0,5,1,2,3,1,7,1,-1,0,120
-12,5,7,4,3,1,3,0,2,2,0,6,1,-1,1,120
-12,5,9,4,3,2,2,-1,3,2,0,6,1,-1,1,120
-12,5,11,4,3,3,2,-2,3,3,-1,6,1,-1,1,120
-12,5,13,4,3,4,2,-3,5,4,0,6,1,-1,1,120
-12,5,15,4,3,5,2,-4,11,5,5,6,1,-1,0,120
-14,5,1,4,3,-2,3,3,2,-1,3,6,1,-1,1,120
-14,5,3,4,3,-1,2,2,3,-1,3,7,1,-1,1,120
-14,5,5,4,3,0,2,1,3,0,2,6,1,-1,1,120
-14,5,7,4,3,1,2,0,5,1,3,7,1,-1,0,120
-14,5,9,4,3,2,2,-1,11,2,8,8,1,8,0,120
-14,5,11,4,3,2,28,-1,2,28,-1,25,1,25,0,120
-14,5,13,4,3,3,6,-2,2,7,-2,7,1,-1,1,120
-14,5,15,4,3,4,4,-3,2,6,-3,6,1,-1,1,120
-11,5,1,4,3,-1,2,2,5,-1,5,6,1,-1,1,120
-11,5,3,4,3,0,2,1,11,0,10,9,1,9,0,120
-11,5,5,4,3,0,29,1,2,27,1,27,1,27,0,120
-11,5,7,4,3,1,6,0,2,5,0,6,1,-1,0,120
-11,5,9,4,3,2,4,-1,2,4,-1,6,1,-1,1,120
-11,5,11,4,3,3,3,-2,2,4,-2,6,1,-1,1,120
-11,5,13,4,3,4,2,-3,3,4,-2,6,1,-1,1,120
-11,5,15,4,3,5,2,-4,4,5,-2,6,1,-1,1,120
-8,5,1,4,3,-1,6,2,2,3,2,6,1,-1,0,120
-8,5,3,4,3,0,4,1,2,2,1,6,1,-1,0,120
-8,5,5,4,3,1,3,0,2,2,0,7,1,-1,1,120
-8,5,7,4,3,2,2,-1,3,2,0,6,1,-1,1,120
-8,5,9,4,3,3,2,-2,4,3,0,6,1,-1,1,120
-8,5,11,4,3,4,2,-3,7,4,2,8,1,-1,1,120
-8,5,13,4,3,5,2,-4,35,5,29,29,1,29,0,120
-8,5,15,4,3,5,10,-4,2,13,-4,6,1,-1,1,120
-7,5,1,4,3,0,2,1,31,0,30,29,1,29,0,120
-7,5,3,4,3,0,10,1,2,8,1,8,1,8,0,120
-7,5,5,4,3,1,5,0,2,4,0,6,1,-1,0,120
-7,5,7,4,3,2,3,-1,2,3,-1,6,1,-1,1,120
-7,5,9,4,3,3,2,-2,3,3,-1,7,1,-1,1,120
-7,5,11,4,3,4,2,-3,3,4,-2,6,1,-1,1,120
-7,5,13,4,3,5,2,-4,5,5,-1,6,1,-1,1,120
-7,5,15,4,3,6,2,-5,11,6,4,6,1,-1,1,120
-9,5,1,4,3,-1,3,2,2,0,2,6,1,-1,1,120
-9,5,3,4,3,0,2,1,3,0,2,6,1,-1,1,120
-9,5,5,4,3,1,2,0,3,1,1,6,1,-1,0,120
-9,5,7,4,3,2,2,-1,5,2,2,6,1,-1,0,120
-9,5,9,4,3,3,2,-2,11,3,7,7,1,7,0,120
-9,5,11,4,3,3,28,-2,2,29,-2,24,1,24,0,120
-9,5,13,4,3,4,6,-3,2,8,-3,7,1,-1,1,120
-9,5,15,4,3,5,4,-4,2,7,-4,6,1,-1,1,120
-6,5,1,4,3,0,2,1,5,0,4,6,1,-1,0,120
-6,5,3,4,3,1,2,0,11,1,9,9,1,9,0,120
-6,5,5,4,3,1,29,0,2,28,0,27,1,27,0,120
-6,5,7,4,3,2,6,-1,2,6,-1,6,1,-1,0,120
-6,5,9,4,3,3,4,-2,2,5,-2,6,1,-1,1,120
-6,5,11,4,3,4,3,-3,2,5,-3,6,1,-1,1,120
-6,5,13,4,3,5,2,-4,3,5,-3,6,1,-1,1,120
-6,5,15,4,3,6,2,-5,4,6,-3,6,1,-1,1,120
-3,5,1,4,3,0,6,1,2,4,1,6,1,-1,0,120
-3,5,3,4,3,1,4,0,2,3,0,6,1,-1,0,120
-3,5,5,4,3,2,3,-1,2,3,-1,6,1,-1,1,120
-3,5,7,4,3,3,2,-2,3,3,-1,6,1,-1,1,120
-3,5,9,4,3,4,2,-3,4,4,-1,6,1,-1,1,120
-3,5,11,4,3,5,2,-4,7,5,1,7,1,-1,1,120
-3,5,13,4,3,6,2,-5,35,6,28,28,1,28,0,120
-3,5,15,4,3,6,10,-5,2,14,-5,6,1,-1,1,120
-2,5,1,4,3,1,2,0,31,1,29,29,1,29,0,120
-2,5,3,4,3,1,10,0,2,9,0,8,1,8,0,120
-2,5,5,4,3,2,5,-1,2,5,-1,6,1,-1,1,120
-2,5,7,4,3,3,3,-2,2,4,-2,6,1,-1,1,120
-2,5,9,4,3,4,2,-3,3,4,-2,6,1,-1,1,120
-2,5,11,4,3,5,2,-4,3,5,-3,6,1,-1,1,120
-2,5,13,4,3,6,2,-5,5,6,-2,6,1,-1,1,120
-2,5,15,4,3,7,2,-6,11,7,3,6,1,-1,1,120
-4,5,1,4,3,0,3,1,2,1,1,6,1,-1,0,120
-4,5,3,4,3,1,2,0,3,1,1,6,1,-1,0,120
-4,5,5,4,3,2,2,-1,3,2,0,6,1,-1,1,120
-4,5,7,4,3,3,2,-2,5,3,1,6,1,-1,1,120
-4,5,9,4,3,4,2,-3,11,4,6,6,1,6,0,120
-4,5,11,4,3,4,28,-3,2,30,-3,23,1,23,0,120
-4,5,13,4,3,5,6,-4,2,9,-4,6,1,-1,1,120
-4,5,15,4,3,6,4,-5,2,8,-5,6,1,-1,1,120
-1,5,1,4,3,1,2,0,5,1,3,7,1,-1,0,120
-1,5,3,4,3,2,2,-1,11,2,8,8,1,8,0,120
-1,5,5,4,3,2,29,-1,2,29,-1,26,1,26,0,120
-1,5,7,4,3,3,6,-2,2,7,-2,7,1,-1,1,120
-1,5,9,4,3,4,4,-3,2,6,-3,6,1,-1,1,120
-1,5,11,4,3,5,3,-4,2,6,-4,6,1,-1,1,120
-1,5,13,4,3,6,2,-5,3,6,-4,6,1,-1,1,120
-1,5,15,4,3,7,2,-6,4,7,-4,6,1,-1,1,120
2,5,1,4,3,1,6,0,2,5,0,6,1,-1,0,120
2,5,3,4,3,2,4,-1,2,4,-1,6,1,-1,1,120
2,5,5,4,3,3,3,-2,2,4,-2,6,1,-1,1,120
2,5,7,4,3,4,2,-3,3,4,-2,6,1,-1,1,120
2,5,9,4,3,5,2,-4,4,5,-2,6,1,-1,1,120
2,5,11,4,3,6,2,-5,7,6,0,6,1,-1,1,120
2,5,13,4,3,7,2,-6,35,7,27,27,1,27,0,120
2,5,15,4,3,7,10,-6,2,15,-6,6,1,-1,1,120
3,5,1,4,3,2,2,-1,31,2,28,28,1,28,0,120
3,5,3,4,3,2,10,-1,2,10,-1,7,1,7,0,120
3,5,5,4,3,3,5,-2,2,6,-2,6,1,-1,1,120
3,5,7,4,3,4,3,-3,2,5,-3,6,1,-1,1,120
3,5,9,4,3,5,2,-4,3,5,-3,6,1,-1,1,120
3,5,11,4,3,6,2,-5,3,6,-4,6,1,-1,1,120
3,5,13,4,3,7,2,-6,5,7,-3,6,1,-1,1,120
3,5,15,4,3,8,2,-7,11,8,2,6,1,-1,1,120
1,5,1,4,3,1,3,0,2,2,0,6,1,-1,1,120
1,5,3,4,3,2,2,-1,3,2,0,6,1,-1,1,120
1,5,5,4,3,3,2,-2,3,3,-1,6,1,-1,1,120
1,5,7,4,3,4,2,-3,5,4,0,6,1,-1,1,120
1,5,9,4,3,5,2,-4,11,5,5,6,1,-1,0,120
1,5,11,4,3,5,28,-4,2,31,-4,22,1,22,0,120
1,5,13,4,3,6,6,-5,2,10,-5,6,1,-1,1,120
1,5,15,4,3,7,4,-6,2,9,-6,6,1,-1,1,120
4,5,1,4,3,2,2,-1,5,2,2,6,1,-1,0,120
4,5,3,4,3,3,2,-2,11,3,7,7,1,7,0,120
4,5,5,4,3,3,29,-2,2,30,-2,25,1,25,0,120
4,5,7,4,3,4,6,-3,2,8,-3,7,1,-1,1,120
4,5,9,4,3,5,4,-4,2,7,-4,6,1,-1,1,120
4,5,11,4,3,6,3,-5,2,7,-5,6,1,-1,1,120
4,5,13,4,3,7,2,-6,3,7,-5,6,1,-1,1,120
4,5,15,4,3,8,2,-7,4,8,-5,6,1,-1,1,120
7,5,1,4,3,2,6,-1,2,6,-1,6,1,-1,0,120
7,5,3,4,3,3,4,-2,2,5,-2,6,1,-1,1,120
7,5,5,4,3,4,3,-3,2,5,-3,6,1,-1,1,120
7,5,7,4,3,5,2,-4,3,5,-3,6,1,-1,1,120
7,5,9,4,3,6,2,-5,4,6,-3,6,1,-1,1,120
7,5,11,4,3,7,2,-6,7,7,-1,6,1,-1,1,120
7,5,13,4,3,8,2,-7,35,8,26,6,1,6,0,120
7,5,15,4,3,8,10,-7,2,16,-7,7,1,-1,1,120
6,5,1,4,3,2,3,-1,2,3,-1,6,1,-1,1,120
6,5,3,4,3,3,2,-2,3,3,-1,7,1,-1,1,120
6,5,5,4,3,4,2,-3,3,4,-2,6,1,-1,1,120
6,5,7,4,3,5,2,-4,5,5,-1,6,1,-1,1,120
6,5,9,4,3,6,2,-5,11,6,4,7,1,-1,1,120
6,5,11,4,3,6,28,-5,2,32,-5,6,1,6,0,120
6,5,13,4,3,7,6,-6,2,11,-6,6,1,-1,1,120
6,5,15,4,3,8,4,-7,2,10,-7,6,1,-1,1,120
8,5,1,4,3,3,2,-2,31,3,27,27,1,27,0,120
8,5,3,4,3,3,10,-2,2,11,-2,6,1,6,0,120
8,5,5,4,3,4,5,-3,2,7,-3,6,1,-1,1,120
8,5,7,4,3,5,3,-4,2,6,-4,6,1,-1,1,120
8,5,9,4,3,6,2,-5,3,6,-4,6,1,-1,1,120
8,5,11,4,3,7,2,-6,3,7,-5,6,1,-1,1,120
8,5,13,4,3,8,2,-7,5,8,-4,6,1,-1,1,120
8,5,15,4,3,9,2,-8,11,9,1,6,1,-1,1,120
9,5,1,4,3,3,2,-2,5,3,1,6,1,-1,1,120
9,5,3,4,3,4,2,-3,11,4,6,6,1,6,0,120
9,5,5,4,3,4,29,-3,2,31,-3,24,1,24,0,120
9,5,7,4,3,5,6,-4,2,9,-4,6,1,-1,1,120
9,5,9,4,3,6,4,-5,2,8,-5,6,1,-1,1,120
9,5,11,4,3,7,3,-6,2,8,-6,6,1,-1,1,120
9,5,13,4,3,8,2,-7,3,8,-6,6,1,-1,1,120
9,5,15,4,3,9,2,-8,4,9,-6,6,1,-1,1,120
12,5,1,4,3,3,6,-2,2,7,-2,7,1,-1,1,120
12,5,3,4,3,4,4,-3,2,6,-3,6,1,-1,1,120
12,5,5,4,3,5,3,-4,2,6,-4,6,1,-1,1,120
12,5,7,4,3,6,2,-5,3,6,-4,6,1,-1,1,120
12,5,9,4,3,7,2,-6,4,7,-4,6,1,-1,1,120
12,5,11,4,3,8,2,-7,7,8,-2,6,1,-1,1,120
12,5,13,4,3,9,2,-8,35,9,25,6,1,6,0,120
12,5,15,4,3,9,10,-8,2,17,-8,6,1,-1,1,120
13,5,1,4,3,4,2,-3,31,4,26,26,1,26,0,120
13,5,3,4,3,4,10,-3,2,12,-3,6,1,-1,0,120
13,5,5,4,3,5,5,-4,2,8,-4,6,1,-1,1,120
13,5,7,4,3,6,3,-5,2,7,-5,6,1,-1,1,120
13,5,9,4,3,7,2,-6,3,7,-5,6,1,-1,1,120
13,5,11,4,3,8,2,-7,3,8,-6,6,1,-1,1,120
13,5,13,4,3,9,2,-8,5,9,-5,6,1,-1,1,120
13,5,15,4,3,10,2,-9,11,10,0,6,1,-1,1,120
14,5,1,4,3,4,2,-3,5,4,0,6,1,-1,1,120
14,5,3,4,3,5,2,-4,11,5,5,6,1,-1,0,120
14,5,5,4,3,5,29,-4,2,32,-4,23,1,23,0,120
14,5,7,4,3,6,6,-5,2,10,-5,10,1,-1,1,120
14,5,9,4,3,7,4,-6,2,9,-6,6,1,-1,1,120
14,5,11,4,3,8,3,-7,2,9,-7,6,1,-1,1,120
14,5,13,4,3,9,2,-8,3,9,-7,6,1,-1,1,120
14,5,15,4,3,10,2,-9,4,10,-7,6,1,-1,1,120
11,5,1,4,3,3,3,-2,2,4,-2,6,1,-1,1,120
11,5,3,4,3,4,2,-3,3,4,-2,6,1,-1,1,120
11,5,5,4,3,5,2,-4,3,5,-3,6,1,-1,1,120
11,5,7,4,3,6,2,-5,5,6,-2,6,1,-1,1,120
11,5,9,4,3,7,2,-6,11,7,3,6,1,-1,1,120
11,5,11,4,3,7,28,-6,2,33,-6,7,1,7,0,120
11,5,13,4,3,8,6,-7,2,12,-7,8,1,-1,1,120
11,5,15,4,3,9,4,-8,2,11,-8,6,1,-1,1,120
17,5,1,4,3,4,6,-3,2,8,-3,7,1,-1,1,120
17,5,3,4,3,5,4,-4,2,7,-4,6,1,-1,1,120
17,5,5,4,3,6,3,-5,2,7,-5,6,1,-1,1,120
17,5,7,4,3,7,2,-6,3,7,-5,6,1,-1,1,120
17,5,9,4,3,8,2,-7,4,8,-5,6,1,-1,1,120
17,5,11,4,3,9,2,-8,7,9,-3,6,1,-1,1,120
17,5,13,4,3,10,2,-9,35,10,24,6,1,6,0,120
17,5,15,4,3,10,10,-9,2,18,-9,6,1,-1,1,120
18,5,1,4,3,5,2,-4,31,5,25,25,1,25,0,120
18,5,3,4,3,5,10,-4,2,13,-4,13,1,-1,1,120
18,5,5,4,3,6,5,-5,2,9,-5,6,1,-1,1,120
18,5,7,4,3,7,3,-6,2,8,-6,6,1,-1,1,120
18,5,9,4,3,8,2,-7,3,8,-6,7,1,-1,1,120
18,5,11,4,3,9,2,-8,3,9,-7,6,1,-1,1,120
18,5,13,4,3,10,2,-9,5,10,-6,6,1,-1,1,120
18,5,15,4,3,11,2,-10,11,11,-1,6,1,-1,1,120
16,5,1,4,3,4,3,-3,2,5,-3,6,1,-1,1,120
16,5,3,4,3,5,2,-4,3,5,-3,6,1,-1,1,120
16,5,5,4,3,6,2,-5,3,6,-4,6,1,-1,1,120
16,5,7,4,3,7,2,-6,5,7,-3,6,1,-1,1,120
16,5,9,4,3,8,2,-7,11,8,2,6,1,-1,1,120
16,5,11,4,3,8,28,-7,2,34,-7,6,1,6,0,120
16,5,13,4,3,9,6,-8,2,13,-8,6,1,-1,1,120
16,5,15,4,3,10,4,-9,2,12,-9,6,1,-1,1,120
19,5,1,4,3,5,2,-4,5,5,-1,6,1,-1,1,120
19,5,3,4,3,6,2,-5,11,6,4,17,1,-1,1,120
19,5,5,4,3,6,29,-5,2,33,-5,6,1,6,0,120
19,5,7,4,3,7,6,-6,2,11,-6,7,1,-1,1,120
19,5,9,4,3,8,4,-7,2,10,-7,6,1,-1,1,120
19,5,11,4,3,9,3,-8,2,10,-8,6,1,-1,1,120
19,5,13,4,3,10,2,-9,3,10,-8,6,1,-1,1,120
19,5,15,4,3,11,2,-10,4,11,-8,6,1,-1,1,120
22,5,1,4,3,5,6,-4,2,9,-4,6,1,-1,1,120
22,5,3,4,3,6,4,-5,2,8,-5,6,1,-1,1,120
22,5,5,4,3,7,3,-6,2,8,-6,6,1,-1,1,120
22,5,7,4,3,8,2,-7,3,8,-6,6,1,-1,1,120
22,5,9,4,3,9,2,-8,4,9,-6,6,1,-1,1,120
22,5,11,4,3,10,2,-9,7,10,-4,6,1,-1,1,120
22,5,13,4,3,11,2,-10,35,11,23,6,1,6,0,120
22,5,15,4,3,11,10,-10,2,19,-10,6,1,-1,1,120
23,5,1,4,3,6,2,-5,31,6,24,24,1,24,0,120
23,5,3,4,3,6,10,-5,2,14,-5,6,1,-1,1,120
23,5,5,4,3,7,5,-6,2,10,-6,7,1,-1,1,120
23,5,7,4,3,8,3,-7,2,9,-7,6,1,-1,1,120
23,5,9,4,3,9,2,-8,3,9,-7,6,1,-1,1,120
23,5,11,4,3,10,2,-9,3,10,-8,6,1,-1,1,120
23,5,13,4,3,11,2,-10,5,11,-7,6,1,-1,1,120
23,5,15,4,3,12,2,-11,11,12,-2,6,1,-1,1,120
24,5,1,4,3,6,2,-5,5,6,-2,6,1,-1,1,120
24,5,3,4,3,7,2,-6,11,7,3,14,1,-1,1,120
24,5,5,4,3,7,29,-6,2,34,-6,7,1,7,0,120
24,5,7,4,3,8,6,-7,2,12,-7,6,1,-1,1,120
24,5,9,4,3,9,4,-8,2,11,-8,6,1,-1,1,120
24,5,11,4,3,10,3,-9,2,11,-9,6,1,-1,1,120
24,5,13,4,3,11,2,-10,3,11,-9,6,1,-1,1,120
24,5,15,4,3,12,2,-11,4,12,-9,6,1,-1,1,120
21,5,1,4,3,5,3,-4,2,6,-4,6,1,-1,1,120
21,5,3,4,3,6,2,-5,3,6,-4,6,1,-1,1,120
21,5,5,4,3,7,2,-6,3,7,-5,6,1,-1,1,120
21,5,7,4,3,8,2,-7,5,8,-4,6,1,-1,1,120
21,5,9,4,3,9,2,-8,11,9,1,7,1,-1,1,120
21,5,11,4,3,9,28,-8,2,35,-8,6,1,6,0,120
21,5,13,4,3,10,6,-9,2,14,-9,6,1,-1,1,120
21,5,15,4,3,11,4,-10,2,13,-10,6,1,-1,1,120
27,5,1,4,3,6,6,-5,2,10,-5,10,1,-1,1,120
27,5,3,4,3,7,4,-6,2,9,-6,6,1,-1,1,120
27,5,5,4,3,8,3,-7,2,9,-7,6,1,-1,1,120
27,5,7,4,3,9,2,-8,3,9,-7,6,1,-1,1,120
27,5,9,4,3,10,2,-9,4,10,-7,6,1,-1,1,120
27,5,11,4,3,11,2,-10,7,11,-5,6,1,-1,1,120
27,5,13,4,3,12,2,-11,35,12,22,6,1,6,0,120
27,5,15,4,3,12,10,-11,2,20,-11,6,1,-1,1,120
28,5,1,4,3,7,2,-6,31,7,23,23,1,23,0,120
28,5,3,4,3,7,10,-6,2,15,-6,7,1,-1,1,120
28,5,5,4,3,8,5,-7,2,11,-7,6,1,-1,1,120
28,5,7,4,3,9,3,-8,2,10,-8,6,1,-1,1,120
28,5,9,4,3,10,2,-9,3,10,-8,7,1,-1,1,120
28,5,11,4,3,11,2,-10,3,11,-9,6,1,-1,1,120
28,5,13,4,3,12,2,-11,5,12,-8,6,1,-1,1,120
28,5,15,4,3,13,2,-12,11,13,-3,6,1,-1,1,120
29,5,1,4,3,7,2,-6,5,7,-3,6,1,-1,1,120
29,5,3,4,3,8,2,-7,11,8,2,6,1,-1,1,120
29,5,5,4,3,8,29,-7,2,35,-7,6,1,6,0,120
29,5,7,4,3,9,6,-8,2,13,-8,6,1,-1,1,120
29,5,9,4,3,10,4,-9,2,12,-9,6,1,-1,1,120
29,5,11,4,3,11,3,-10,2,12,-10,6,1,-1,1,120
29,5,13,4,3,12,2,-11,3,12,-10,6,1,-1,1,120
29,5,15,4,3,13,2,-12,4,13,-10,6,1,-1,1,120
26,5,1,4,3,6,3,-5,2,7,-5,6,1,-1,1,120
26,5,3,4,3,7,2,-6,3,7,-5,6,1,-1,1,120
26,5,5,4,3,8,2,-7,3,8,-6,6,1,-1,1,120
26,5,7,4,3,9,2,-8,5,9,-5,6,1,-1,1,120
26,5,9,4,3,10,2,-9,11,10,0,6,1,-1,1,120
26,5,11,4,3,10,28,-9,2,36,-9,6,1,6,0,120
26,5,13,4,3,11,6,-10,2,15,-10,8,1,-1,1,120
26,5,15,4,3,12,4,-11,2,14,-11,6,1,-1,1,120
-29,5,1,5,3,-5,3,6,2,-4,6,6,1,-1,1,120
-29,5,2,5,3,-5,10,6,2,3,6,6,1,-1,1,120
-29,5,3,5,3,-4,2,5,5,-4,8,6,1,-1,1,120
-29,5,4,5,3,-4,3,5,2,-3,5,6,1,-1,1,120
-29,5,6,5,3,-3,2,4,4,-3,6,6,1,-1,1,120
-29,5,7,5,3,-3,3,4,2,-2,4,6,1,-1,1,120
-29,5,8,5,3,-3,35,4,2,30,4,30,1,30,0,120
-29,5,9,5,3,-2,2,3,4,-2,5,7,1,-1,1,120
-29,5,11,5,3,-1,2,2,96,-1,96,93,1,93,0,120
-29,5,12,5,3,-1,2,2,3,-1,3,6,1,-1,1,120
-29,5,13,5,3,-1,4,2,2,1,2,6,1,-1,0,120
-29,5,14,5,3,0,2,1,21,0,20,19,1,19,0,120
-29,5,16,5,3,0,4,1,2,2,1,6,1,-1,0,120
-29,5,17,5,3,1,2,0,12,1,10,10,1,10,0,120
-29,5,18,5,3,1,2,0,3,1,1,6,1,-1,0,120
-29,5,19,5,3,1,5,0,2,4,0,6,1,-1,0,120
-28,5,11,5,3,-1,2,2,5,-1,5,6,1,-1,1,120
-28,5,12,5,3,-1,3,2,2,0,2,6,1,-1,1,120
-28,5,13,5,3,-1,11,2,2,8,2,8,1,8,0,120
-28,5,14,5,3,0,2,1,5,0,4,6,1,-1,0,120
-28,5,16,5,3,0,18,1,2,16,1,16,1,16,0,120
-28,5,17,5,3,1,2,0,4,1,2,6,1,-1,0,120
-28,5,18,5,3,1,3,0,2,2,0,6,1,-1,1,120
-28,5,19,5,3,1,55,0,2,54,0,53,1,53,0,120
-28,5,1,5,3,-5,4,6,2,-3,6,6,1,-1,1,120
-28,5,2,5,3,-4,2,5,11,-4,14,6,1,-1,1,120
-28,5,3,5,3,-4,2,5,3,-4,6,6,1,-1,1,120
-28,5,4,5,3,-4,5,5,2,-1,5,6,1,-1,1,120
-28,5,6,5,3,-3,2,4,3,-3,5,6,1,-1,1,120
-28,5,7,5,3,-3,6,4,2,1,4,6,1,-1,1,120
-28,5,8,5,3,-2,2,3,6,-2,7,7,1,-1,1,120
-28,5,9,5,3,-2,3,3,2,-1,3,7,1,-1,1,120
-27,5,1,5,3,-5,19,6,2,12,6,12,1,12,0,120
-27,5,2,5,3,-4,2,5,4,-4,7,6,1,-1,1,120
-27,5,3,5,3,-4,3,5,2,-3,5,6,1,-1,1,120
-27,5,4,5,3,-4,70,5,2,64,5,64,1,64,0,120
-27,5,6,5,3,-3,4,4,2,-1,4,6,1,-1,1,120
-27,5,7,5,3,-2,2,3,41,-2,42,37,1,37,0,120
-27,5,8,5,3,-2,2,3,3,-2,4,6,1,-1,1,120
-27,5,9,5,3,-2,4,3,2,0,3,6,1,-1,1,120
-27,5,11,5,3,-1,2,2,3,-1,3,6,1,-1,1,120
-27,5,12,5,3,-1,5,2,2,2,2,6,1,-1,0,120
-27,5,13,5,3,0,2,1,10,0,9,8,1,8,0,120
-27,5,14,5,3,0,2,1,3,0,2,6,1,-1,1,120
-27,5,16,5,3,1,2,0,8,1,6,6,1,6,0,120
-27,5,17,5,3,1,2,0,3,1,1,6,1,-1,0,120
-27,5,18,5,3,1,7,0,2,6,0,6,1,-1,0,120
-27,5,19,5,3,2,2,-1,6,2,3,6,1,-1,0,120
-26,5,1,5,3,-4,2,5,7,-4,10,6,1,-1,1,120
-26,5,2,5,3,-4,2,5,3,-4,6,6,1,-1,1,120
-26,5,3,5,3,-4,7,5,2,1,5,6,1,-1,1,120
-26,5,4,5,3,-3,2,4,6,-3,8,6,1,-1,1,120
-26,5,6,5,3,-3,9,4,2,4,4,8,1,-1,0,120
-26,5,7,5,3,-2,2,3,5,-2,6,7,1,-1,1,120
-26,5,8,5,3,-2,3,3,2,-1,3,6,1,-1,1,120
-26,5,9,5,3,-2,13,3,2,9,3,9,1,9,0,120
-26,5,11,5,3,-1,3,2,2,0,2,6,1,-1,1,120
-26,5,12,5,3,-1,24,2,2,21,2,21,1,21,0,120
-26,5,13,5,3,0,2,1,4,0,3,6,1,-1,0,120
-26,5,14,5,3,0,3,1,2,1,1,6,1,-1,0,120
-26,5,16,5,3,1,2,0,3,1,1,6,1,-1,0,120
-26,5,17,5,3,1,4,0,2,3,0,6,1,-1,0,120
-26,5,18,5,3,2,2,-1,29,2,26,26,1,26,0,120
-26,5,19,5,3,2,2,-1,3,2,0,6,1,-1,1,120
-24,5,1,5,3,-4,3,5,2,-3,5,6,1,-1,1,120
-24,5,2,5,3,-4,10,5,2,4,5,7,1,-1,0,120
-24,5,3,5,3,-3,2,4,5,-3,7,6,1,-1,1,120
-24,5,4,5,3,-3,3,4,2,-2,4,6,1,-1,1,120
-24,5,6,5,3,-2,2,3,4,-2,5,6,1,-1,1,120
-24,5,7,5,3,-2,3,3,2,-1,3,6,1,-1,1,120
-24,5,8,5,3,-2,35,3,2,31,3,31,1,31,0,120
-24,5,9,5,3,-1,2,2,4,-1,4,6,1,-1,1,120
-23,5,1,5,3,-4,4,5,2,-2,5,6,1,-1,1,120
-23,5,2,5,3,-3,2,4,11,-3,13,6,1,6,0,120
-23,5,3,5,3,-3,2,4,3,-3,5,6,1,-1,1,120
-23,5,4,5,3,-3,5,4,2,0,4,6,1,-1,1,120
-23,5,6,5,3,-2,2,3,3,-2,4,6,1,-1,1,120
-23,5,7,5,3,-2,6,3,2,2,3,6,1,-1,0,120
-23,5,8,5,3,-1,2,2,6,-1,6,6,1,-1,0,120
-23,5,9,5,3,-1,3,2,2,0,2,6,1,-1,1,120
-24,5,11,5,3,0,2,1,96,0,95,94,1,94,0,120
-24,5,12,5,3,0,2,1,3,0,2,6,1,-1,1,120
-24,5,13,5,3,0,4,1,2,2,1,6,1,-1,0,120
-24,5,14,5,3,1,2,0,21,1,19,19,1,19,0,120
-24,5,16,5,3,1,4,0,2,3,0,6,1,-1,0,120
-24,5,17,5,3,2,2,-1,12,2,9,9,1,9,0,120
-24,5,18,5,3,2,2,-1,3,2,0,6,1,-1,1,120
-24,5,19,5,3,2,5,-1,2,5,-1,6,1,-1,1,120
-23,5,11,5,3,0,2,1,5,0,4,6,1,-1,0,120
-23,5,12,5,3,0,3,1,2,1,1,6,1,-1,0,120
-23,5,13,5,3,0,11,1,2,9,1,9,1,9,0,120
-23,5,14,5,3,1,2,0,5,1,3,6,1,-1,0,120
-23,5,16,5,3,1,18,0,2,17,0,16,1,16,0,120
-23,5,17,5,3,2,2,-1,4,2,1,6,1,-1,0,120
-23,5,18,5,3,2,3,-1,2,3,-1,6,1,-1,1,120
-23,5,19,5,3,2,55,-1,2,55,-1,52,1,52,0,120
-22,5,1,5,3,-4,19,5,2,13,5,13,1,13,0,120
-22,5,2,5,3,-3,2,4,4,-3,6,6,1,-1,1,120
-22,5,3,5,3,-3,3,4,2,-2,4,6,1,-1,1,120
-22,5,4,5,3,-3,70,4,2,65,4,65,1,65,0,120
-22,5,6,5,3,-2,4,3,2,0,3,6,1,-1,1,120
-22,5,7,5,3,-1,2,2,41,-1,41,38,1,38,0,120
-22,5,8,5,3,-1,2,2,3,-1,3,6,1,-1,1,120
-22,5,9,5,3,-1,4,2,2,1,2,6,1,-1,0,120
-21,5,1,5,3,-3,2,4,7,-3,9,7,1,-1,1,120
-21,5,2,5,3,-3,2,4,3,-3,5,6,1,-1,1,120
-21,5,3,5,3,-3,7,4,2,2,4,6,1,-1,1,120
-21,5,4,5,3,-2,2,3,6,-2,7,6,1,-1,1,120
-21,5,6,5,3,-2,9,3,2,5,3,6,1,-1,0,120
-21,5,7,5,3,-1,2,2,5,-1,5,6,1,-1,1,120
-21,5,8,5,3,-1,3,2,2,0,2,6,1,-1,1,120
-21,5,9,5,3,-1,13,2,2,10,2,10,1,10,0,120
-22,5,11,5,3,0,2,1,3,0,2,6,1,-1,1,120
-22,5,12,5,3,0,5,1,2,3,1,6,1,-1,0,120
-22,5,13,5,3,1,2,0,10,1,8,8,1,8,0,120
-22,5,14,5,3,1,2,0,3,1,1,6,1,-1,0,120
-22,5,16,5,3,2,2,-1,8,2,5,6,1,-1,0,120
-22,5,17,5,3,2,2,-1,3,2,0,6,1,-1,1,120
-22,5,18,5,3,2,7,-1,2,7,-1,6,1,-1,0,120
-22,5,19,5,3,3,2,-2,6,3,2,6,1,-1,0,120
-21,5,11,5,3,0,3,1,2,1,1,6,1,-1,0,120
-21,5,12,5,3,0,24,1,2,22,1,22,1,22,0,120
-21,5,13,5,3,1,2,0,4,1,2,6,1,-1,0,120
-21,5,14,5,3,1,3,0,2,2,0,6,1,-1,1,120
-21,5,16,5,3,2,2,-1,3,2,0,6,1,-1,1,120
-21,5,17,5,3,2,4,-1,2,4,-1,6,1,-1,1,120
-21,5,18,5,3,3,2,-2,29,3,25,25,1,25,0,120
-21,5,19,5,3,3,2,-2,3,3,-1,6,1,-1,1,120
-19,5,1,5,3,-3,3,4,2,-2,4,6,1,-1,1,120
-19,5,2,5,3,-3,10,4,2,5,4,6,1,-1,0,120
-19,5,3,5,3,-2,2,3,5,-2,6,7,1,-1,1,120
-19,5,4,5,3,-2,3,3,2,-1,3,6,1,-1,1,120
-19,5,6,5,3,-1,2,2,4,-1,4,6,1,-1,1,120
-19,5,7,5,3,-1,3,2,2,0,2,6,1,-1,1,120
-19,5,8,5,3,-1,35,2,2,32,2,32,1,32,0,120
-19,5,9,5,3,0,2,1,4,0,3,7,1,-1,0,120
-18,5,1,5,3,-3,4,4,2,-1,4,6,1,-1,1,120
-18,5,2,5,3,-2,2,3,11,-2,12,7,1,7,0,120
-18,5,3,5,3,-2,2,3,3,-2,4,6,1,-1,1,120
-18,5,4,5,3,-2,5,3,2,1,3,6,1,-1,1,120
-18,5,6,5,3,-1,2,2,3,-1,3,7,1,-1,1,120
-18,5,7,5,3,-1,6,2,2,3,2,6,1,-1,0,120
-18,5,8,5,3,0,2,1,6,0,5,6,1,-1,0,120
-18,5,9,5,3,0,3,1,2,1,1,6,1,-1,0,120
-19,5,11,5,3,1,2,0,96,1,94,94,1,94,0,120
-19,5,12,5,3,1,2,0,3,1,1,6,1,-1,0,120
-19,5,13,5,3,1,4,0,2,3,0,6,1,-1,0,120
-19,5,14,5,3,2,2,-1,21,2,18,18,1,18,0,120
-19,5,16,5,3,2,4,-1,2,4,-1,6,1,-1,1,120
-19,5,17,5,3,3,2,-2,12,3,8,8,1,8,0,120
-19,5,18,5,3,3,2,-2,3,3,-1,6,1,-1,1,120
-19,5,19,5,3,3,5,-2,2,6,-2,6,1,-1,1,120
-18,5,11,5,3,1,2,0,5,1,3,6,1,-1,0,120
-18,5,12,5,3,1,3,0,2,2,0,6,1,-1,1,120
-18,5,13,5,3,1,11,0,2,10,0,9,1,9,0,120
-18,5,14,5,3,2,2,-1,5,2,2,6,1,-1,0,120
-18,5,16,5,3,2,18,-1,2,18,-1,15,1,15,0,120
-18,5,17,5,3,3,2,-2,4,3,0,6,1,-1,1,120
-18,5,18,5,3,3,3,-2,2,4,-2,6,1,-1,1,120
-18,5,19,5,3,3,55,-2,2,56,-2,51,1,51,0,120
-17,5,1,5,3,-3,19,4,2,14,4,14,1,14,0,120
-17,5,2,5,3,-2,2,3,4,-2,5,6,1,-1,1,120
-17,5,3,5,3,-2,3,3,2,-1,3,6,1,-1,1,120
-17,5,4,5,3,-2,70,3,2,66,3,66,1,66,0,120
-17,5,6,5,3,-1,4,2,2,1,2,6,1,-1,0,120
-17,5,7,5,3,0,2,1,41,0,40,39,1,39,0,120
-17,5,8,5,3,0,2,1,3,0,2,6,1,-1,1,120
-17,5,9,5,3,0,4,1,2,2,1,6,1,-1,0,120
-16,5,1,5,3,-2,2,3,7,-2,8,9,1,-1,1,120
-16,5,2,5,3,-2,2,3,3,-2,4,6,1,-1,1,120
-16,5,3,5,3,-2,7,3,2,3,3,7,1,-1,0,120
-16,5,4,5,3,-1,2,2,6,-1,6,8,1,-1,0,120
-16,5,6,5,3,-1,9,2,2,6,2,6,1,6,0,120
-16,5,7,5,3,0,2,1,5,0,4,6,1,-1,0,120
-16,5,8,5,3,0,3,1,2,1,1,6,1,-1,0,120
-16,5,9,5,3,0,13,1,2,11,1,11,1,11,0,120
-17,5,11,5,3,1,2,0,3,1,1,6,1,-1,0,120
-17,5,12,5,3,1,5,0,2,4,0,6,1,-1,0,120
-17,5,13,5,3,2,2,-1,10,2,7,7,1,7,0,120
-17,5,14,5,3,2,2,-1,3,2,0,7,1,-1,1,120
-17,5,16,5,3,3,2,-2,8,3,4,9,1,-1,0,120
-17,5,17,5,3,3,2,-2,3,3,-1,7,1,-1,1,120
-17,5,18,5,3,3,7,-2,2,8,-2,6,1,-1,1,120
-17,5,19,5,3,4,2,-3,6,4,1,6,1,-1,1,120
-16,5,11,5,3,1,3,0,2,2,0,6,1,-1,1,120
-16,5,12,5,3,1,24,0,2,23,0,22,1,22,0,120
-16,5,13,5,3,2,2,-1,4,2,1,6,1,-1,0,120
-16,5,14,5,3,2,3,-1,2,3,-1,6,1,-1,1,120
-16,5,16,5,3,3,2,-2,3,3,-1,6,1,-1,1,120
-16,5,17,5,3,3,4,-2,2,5,-2,8,1,-1,1,120
-16,5,18,5,3,4,2,-3,29,4,24,24,1,24,0,120
-16,5,19,5,3,4,2,-3,3,4,-2,6,1,-1,1,120
-14,5,1,5,3,-2,3,3,2,-1,3,6,1,-1,1,120
-14,5,2,5,3,-2,10,3,2,6,3,6,1,6,0,120
-14,5,3,5,3,-1,2,2,5,-1,5,6,1,-1,1,120
-14,5,4,5,3,-1,3,2,2,0,2,7,1,-1,1,120
-14,5,6,5,3,0,2,1,4,0,3,6,1,-1,0,120
-14,5,7,5,3,0,3,1,2,1,1,6,1,-1,0,120
-14,5,8,5,3,0,35,1,2,33,1,33,1,33,0,120
-14,5,9,5,3,1,2,0,4,1,2,7,1,-1,0,120
-14,5,11,5,3,2,2,-1,96,2,93,93,1,93,0,120
-14,5,12,5,3,2,2,-1,3,2,0,6,1,-1,1,120
-14,5,13,5,3,2,4,-1,2,4,-1,7,1,-1,1,120
-14,5,14,5,3,3,2,-2,21,3,17,17,1,17,0,120
-14,5,16,5,3,3,4,-2,2,5,-2,6,1,-1,1,120
-14,5,17,5,3,4,2,-3,12,4,7,7,1,7,0,120
-14,5,18,5,3,4,2,-3,3,4,-2,7,1,-1,1,120
-14,5,19,5,3,4,5,-3,2,7,-3,6,1,-1,1,120
-13,5,1,5,3,-2,4,3,2,0,3,6,1,-1,1,120
-13,5,2,5,3,-1,2,2,11,-1,11,8,1,8,0,120
-13,5,3,5,3,-1,2,2,3,-1,3,6,1,-1,1,120
-13,5,4,5,3,-1,5,2,2,2,2,6,1,-1,0,120
-13,5,6,5,3,0,2,1,3,0,2,6,1,-1,1,120
-13,5,7,5,3,0,6,1,2,4,1,6,1,-1,0,120
-13,5,8,5,3,1,2,0,6,1,4,6,1,-1,0,120
-13,5,9,5,3,1,3,0,2,2,0,6,1,-1,1,120
-13,5,11,5,3,2,2,-1,5,2,2,6,1,-1,0,120
-13,5,12,5,3,2,3,-1,2,3,-1,6,1,-1,1,120
-13,5,13,5,3,2,11,-1,2,11,-1,8,1,8,0,120
-13,5,14,5,3,3,2,-2,5,3,1,6,1,-1,1,120
-13,5,16,5,3,3,18,-2,2,19,-2,14,1,14,0,120
-13,5,17,5,3,4,2,-3,4,4,-1,6,1,-1,1,120
-13,5,18,5,3,4,3,-3,2,5,-3,6,1,-1,1,120
-13,5,19,5,3,4,55,-3,2,57,-3,50,1,50,0,120
-12,5,1,5,3,-2,19,3,2,15,3,15,1,15,0,120
-12,5,2,5,3,-1,2,2,4,-1,4,7,1,-1,1,120
-12,5,3,5,3,-1,3,2,2,0,2,6,1,-1,1,120
-12,5,4,5,3,-1,70,2,2,67,2,67,1,67,0,120
-12,5,6,5,3,0,4,1,2,2,1,7,1,-1,0,120
-12,5,7,5,3,1,2,0,41,1,39,39,1,39,0,120
-12,5,8,5,3,1,2,0,3,1,1,6,1,-1,0,120
-12,5,9,5,3,1,4,0,2,3,0,6,1,-1,0,120
-11,5,1,5,3,-1,2,2,7,-1,7,7,1,-1,0,120
-11,5,2,5,3,-1,2,2,3,-1,3,7,1,-1,1,120
-11,5,3,5,3,-1,7,2,2,4,2,7,1,-1,0,120
-11,5,4,5,3,0,2,1,6,0,5,6,1,-1,0,120
-11,5,6,5,3,0,9,1,2,7,1,7,1,7,0,120
-11,5,7,5,3,1,2,0,5,1,3,6,1,-1,0,120
-11,5,8,5,3,1,3,0,2,2,0,6,1,-1,1,120
-11,5,9,5,3,1,13,0,2,12,0,11,1,11,0,120
-12,5,11,5,3,2,2,-1,3,2,0,6,1,-1,1,120
-12,5,12,5,3,2,5,-1,2,5,-1,6,1,-1,1,120
-12,5,13,5,3,3,2,-2,10,3,6,6,1,6,0,120
-12,5,14,5,3,3,2,-2,3,3,-1,9,1,-1,1,120
-12,5,16,5,3,4,2,-3,8,4,3,11,1,-1,0,120
-12,5,17,5,3,4,2,-3,3,4,-2,6,1,-1,1,120
-12,5,18,5,3,4,7,-3,2,9,-3,7,1,-1,1,120
-12,5,19,5,3,5,2,-4,6,5,0,6,1,-1,1,120
-11,5,11,5,3,2,3,-1,2,3,-1,6,1,-1,1,120
-11,5,12,5,3,2,24,-1,2,24,-1,21,1,21,0,120
-11,5,13,5,3,3,2,-2,4,3,0,6,1,-1,1,120
-11,5,14,5,3,3,3,-2,2,4,-2,6,1,-1,1,120
-11,5,16,5,3,4,2,-3,3,4,-2,6,1,-1,1,120
-11,5,17,5,3,4,4,-3,2,6,-3,6,1,-1,1,120
-11,5,18,5,3,5,2,-4,29,5,23,23,1,23,0,120
-11,5,19,5,3,5,2,-4,3,5,-3,6,1,-1,1,120
-9,5,1,5,3,-1,3,2,2,0,2,6,1,-1,1,120
-9,5,2,5,3,-1,10,2,2,7,2,7,1,7,0,120
-9,5,3,5,3,0,2,1,5,0,4,6,1,-1,0,120
-9,5,4,5,3,0,3,1,2,1,1,6,1,-1,0,120
-9,5,6,5,3,1,2,0,4,1,2,6,1,-1,0,120
-9,5,7,5,3,1,3,0,2,2,0,6,1,-1,1,120
-9,5,8,5,3,1,35,0,2,34,0,33,1,33,0,120
-9,5,9,5,3,2,2,-1,4,2,1,6,1,-1,0,120
-8,5,1,5,3,-1,4,2,2,1,2,6,1,-1,0,120
-8,5,2,5,3,0,2,1,11,0,10,9,1,9,0,120
-8,5,3,5,3,0,2,1,3,0,2,6,1,-1,1,120
-8,5,4,5,3,0,5,1,2,3,1,6,1,-1,0,120
-8,5,6,5,3,1,2,0,3,1,1,6,1,-1,0,120
-8,5,7,5,3,1,6,0,2,5,0,6,1,-1,0,120
-8,5,8,5,3,2,2,-1,6,2,3,6,1,-1,0,120
-8,5,9,5,3,2,3,-1,2,3,-1,7,1,-1,1,120
-9,5,11,5,3,3,2,-2,96,3,92,92,1,92,0,120
-9,5,12,5,3,3,2,-2,3,3,-1,6,1,-1,1,120
-9,5,13,5,3,3,4,-2,2,5,-2,6,1,-1,1,120
-9,5,14,5,3,4,2,-3,21,4,16,16,1,16,0,120
-9,5,16,5,3,4,4,-3,2,6,-3,6,1,-1,1,120
-9,5,17,5,3,5,2,-4,12,5,6,6,1,6,0,120
-9,5,18,5,3,5,2,-4,3,5,-3,6,1,-1,1,120
-9,5,19,5,3,5,5,-4,2,8,-4,6,1,-1,1,120
-8,5,11,5,3,3,2,-2,5,3,1,6,1,-1,1,120
-8,5,12,5,3,3,3,-2,2,4,-2,6,1,-1,1,120
-8,5,13,5,3,3,11,-2,2,12,-2,7,1,7,0,120
-8,5,14,5,3,4,2,-3,5,4,0,7,1,-1,1,120
-8,5,16,5,3,4,18,-3,2,20,-3,13,1,13,0,120
-8,5,17,5,3,5,2,-4,4,5,-2,6,1,-1,1,120
-8,5,18,5,3,5,3,-4,2,6,-4,6,1,-1,1,120
-8,5,19,5,3,5,55,-4,2,58,-4,49,1,49,0,120
-7,5,1,5,3,-1,19,2,2,16,2,16,1,16,0,120
-7,5,2,5,3,0,2,1,4,0,3,6,1,-1,0,120
-7,5,3,5,3,0,3,1,2,1,1,6,1,-1,0,120
-7,5,4,5,3,0,70,1,2,68,1,68,1,68,0,120
-7,5,6,5,3,1,4,0,2,3,0,7,1,-1,0,120
-7,5,7,5,3,2,2,-1,41,2,38,38,1,38,0,120
-7,5,8,5,3,2,2,-1,3,2,0,6,1,-1,1,120
-7,5,9,5,3,2,4,-1,2,4,-1,6,1,-1,1,120
-6,5,1,5,3,0,2,1,7,0,6,6,1,-1,0,120
-6,5,2,5,3,0,2,1,3,0,2,6,1,-1,1,120
-6,5,3,5,3,0,7,1,2,5,1,6,1,-1,0,120
-6,5,4,5,3,1,2,0,6,1,4,6,1,-1,0,120
-6,5,6,5,3,1,9,0,2,8,0,7,1,7,0,120
-6,5,7,5,3,2,2,-1,5,2,2,6,1,-1,0,120
-6,5,8,5,3,2,3,-1,2,3,-1,6,1,-1,1,120
-6,5,9,5,3,2,13,-1,2,13,-1,10,1,10,0,120
-7,5,11,5,3,3,2,-2,3,3,-1,6,1,-1,1,120
-7,5,12,5,3,3,5,-2,2,6,-2,6,1,-1,1,120
-7,5,13,5,3,4,2,-3,10,4,5,6,1,-1,0,120
-7,5,14,5,3,4,2,-3,3,4,-2,7,1,-1,1,120
-7,5,16,5,3,5,2,-4,8,5,2,9,1,-1,1,120
-7,5,17,5,3,5,2,-4,3,5,-3,6,1,-1,1,120
-7,5,18,5,3,5,7,-4,2,10,-4,6,1,-1,1,120
-7,5,19,5,3,6,2,-5,6,6,-1,6,1,-1,1,120
-6,5,11,5,3,3,3,-2,2,4,-2,6,1,-1,1,120
-6,5,12,5,3,3,24,-2,2,25,-2,20,1,20,0,120
-6,5,13,5,3,4,2,-3,4,4,-1,6,1,-1,1,120
-6,5,14,5,3,4,3,-3,2,5,-3,6,1,-1,1,120
-6,5,16,5,3,5,2,-4,3,5,-3,6,1,-1,1,120
-6,5,17,5,3,5,4,-4,2,7,-4,6,1,-1,1,120
-6,5,18,5,3,6,2,-5,29,6,22,22,1,22,0,120
-6,5,19,5,3,6,2,-5,3,6,-4,6,1,-1,1,120
-4,5,1,5,3,0,3,1,2,1,1,6,1,-1,0,120
-4,5,2,5,3,0,10,1,2,8,1,8,1,8,0,120
-4,5,3,5,3,1,2,0,5,1,3,6,1,-1,0,120
-4,5,4,5,3,1,3,0,2,2,0,6,1,-1,1,120
-4,5,6,5,3,2,2,-1,4,2,1,6,1,-1,0,120
-4,5,7,5,3,2,3,-1,2,3,-1,6,1,-1,1,120
-4,5,8,5,3,2,35,-1,2,35,-1,32,1,32,0,120
-4,5,9,5,3,3,2,-2,4,3,0,7,1,-1,1,120
-3,5,1,5,3,0,4,1,2,2,1,6,1,-1,0,120
-3,5,2,5,3,1,2,0,11,1,9,9,1,9,0,120
-3,5,3,5,3,1,2,0,3,1,1,6,1,-1,0,120
-3,5,4,5,3,1,5,0,2,4,0,6,1,-1,0,120
-3,5,6,5,3,2,2,-1,3,2,0,6,1,-1,1,120
-3,5,7,5,3,2,6,-1,2,6,-1,8,1,-1,0,120
-3,5,8,5,3,3,2,-2,6,3,2,8,1,-1,0,120
-3,5,9,5,3,3,3,-2,2,4,-2,6,1,-1,1,120
-4,5,11,5,3,4,2,-3,96,4,91,91,1,91,0,120
-4,5,12,5,3,4,2,-3,3,4,-2,6,1,-1,1,120
-4,5,13,5,3,4,4,-3,2,6,-3,6,1,-1,1,120
-4,5,14,5,3,5,2,-4,21,5,15,15,1,15,0,120
-4,5,16,5,3,5,4,-4,2,7,-4,6,1,-1,1,120
-4,5,17,5,3,6,2,-5,12,6,5,6,1,-1,0,120
-4,5,18,5,3,6,2,-5,3,6,-4,6,1,-1,1,120
-4,5,19,5,3,6,5,-5,2,9,-5,6,1,-1,1,120
-3,5,11,5,3,4,2,-3,5,4,0,6,1,-1,1,120
-3,5,12,5,3,4,3,-3,2,5,-3,6,1,-1,1,120
-3,5,13,5,3,4,11,-3,2,13,-3,6,1,6,0,120
-3,5,14,5,3,5,2,-4,5,5,-1,7,1,-1,1,120
-3,5,16,5,3,5,18,-4,2,21,-4,12,1,12,0,120
-3,5,17,5,3,6,2,-5,4,6,-3,6,1,-1,1,120
-3,5,18,5,3,6,3,-5,2,7,-5,6,1,-1,1,120
-3,5,19,5,3,6,55,-5,2,59,-5,6,1,6,0,120
-2,5,1,5,3,0,19,1,2,17,1,17,1,17,0,120
-2,5,2,5,3,1,2,0,4,1,2,7,1,-1,0,120
-2,5,3,5,3,1,3,0,2,2,0,6,1,-1,1,120
-2,5,4,5,3,1,70,0,2,69,0,68,1,68,0,120
-2,5,6,5,3,2,4,-1,2,4,-1,6,1,-1,1,120
-2,5,7,5,3,3,2,-2,41,3,37,37,1,37,0,120
-2,5,8,5,3,3,2,-2,3,3,-1,7,1,-1,1,120
-2,5,9,5,3,3,4,-2,2,5,-2,6,1,-1,1,120
-1,5,1,5,3,1,2,0,7,1,5,6,1,-1,0,120
-1,5,2,5,3,1,2,0,3,1,1,6,1,-1,0,120
-1,5,3,5,3,1,7,0,2,6,0,6,1,-1,0,120
-1,5,4,5,3,2,2,-1,6,2,3,6,1,-1,0,120
-1,5,6,5,3,2,9,-1,2,9,-1,6,1,6,0,120
-1,5,7,5,3,3,2,-2,5,3,1,6,1,-1,1,120
-1,5,8,5,3,3,3,-2,2,4,-2,6,1,-1,1,120
-1,5,9,5,3,3,13,-2,2,14,-2,9,1,9,0,120
-2,5,11,5,3,4,2,-3,3,4,-2,6,1,-1,1,120
-2,5,12,5,3,4,5,-3,2,7,-3,6,1,-1,1,120
-2,5,13,5,3,5,2,-4,10,5,4,6,1,-1,0,120
-2,5,14,5,3,5,2,-4,3,5,-3,6,1,-1,1,120
-2,5,16,5,3,6,2,-5,8,6,1,8,1,-1,1,120
-2,5,17,5,3,6,2,-5,3,6,-4,6,1,-1,1,120
-2,5,18,5,3,6,7,-5,2,11,-5,6,1,-1,1,120
-2,5,19,5,3,7,2,-6,6,7,-2,6,1,-1,1,120
-1,5,11,5,3,4,3,-3,2,5,-3,6,1,-1,1,120
-1,5,12,5,3,4,24,-3,2,26,-3,19,1,19,0,120
-1,5,13,5,3,5,2,-4,4,5,-2,6,1,-1,1,120
-1,5,14,5,3,5,3,-4,2,6,-4,6,1,-1,1,120
-1,5,16,5,3,6,2,-5,3,6,-4,6,1,-1,1,120
-1,5,17,5,3,6,4,-5,2,8,-5,6,1,-1,1,120
-1,5,18,5,3,7,2,-6,29,7,21,21,1,21,0,120
-1,5,19,5,3,7,2,-6,3,7,-5,6,1,-1,1,120
1,5,1,5,3,1,3,0,2,2,0,6,1,-1,1,120
1,5,2,5,3,1,10,0,2,9,0,8,1,8,0,120
1,5,3,5,3,2,2,-1,5,2,2,6,1,-1,0,120
1,5,4,5,3,2,3,-1,2,3,-1,6,1,-1,1,120
1,5,6,5,3,3,2,-2,4,3,0,6,1,-1,1,120
1,5,7,5,3,3,3,-2,2,4,-2,6,1,-1,1,120
1,5,8,5,3,3,35,-2,2,36,-2,31,1,31,0,120
1,5,9,5,3,4,2,-3,4,4,-1,6,1,-1,1,120
1,5,11,5,3,5,2,-4,96,5,90,90,1,90,0,120
1,5,12,5,3,5,2,-4,3,5,-3,6,1,-1,1,120
1,5,13,5,3,5,4,-4,2,7,-4,6,1,-1,1,120
1,5,14,5,3,6,2,-5,21,6,14,14,1,14,0,120
1,5,16,5,3,6,4,-5,2,8,-5,6,1,-1,1,120
1,5,17,5,3,7,2,-6,12,7,4,8,1,-1,1,120
1,5,18,5,3,7,2,-6,3,7,-5,6,1,-1,1,120
1,5,19,5,3,7,5,-6,2,10,-6,6,1,-1,1,120
2,5,1,5,3,1,4,0,2,3,0,6,1,-1,0,120
2,5,2,5,3,2,2,-1,11,2,8,8,1,8,0,120
2,5,3,5,3,2,2,-1,3,2,0,6,1,-1,1,120
2,5,4,5,3,2,5,-1,2,5,-1,6,1,-1,1,120
2,5,6,5,3,3,2,-2,3,3,-1,7,1,-1,1,120
2,5,7,5,3,3,6,-2,2,7,-2,6,1,-1,1,120
2,5,8,5,3,4,2,-3,6,4,1,6,1,-1,1,120
2,5,9,5,3,4,3,-3,2,5,-3,6,1,-1,1,120
3,5,1,5,3,1,19,0,2,18,0,17,1,17,0,120
3,5,2,5,3,2,2,-1,4,2,1,6,1,-1,0,120
3,5,3,5,3,2,3,-1,2,3,-1,6,1,-1,1,120
3,5,4,5,3,2,70,-1,2,70,-1,67,1,67,0,120
3,5,6,5,3,3,4,-2,2,5,-2,6,1,-1,1,120
3,5,7,5,3,4,2,-3,41,4,36,36,1,36,0,120
3,5,8,5,3,4,2,-3,3,4,-2,6,1,-1,1,120
3,5,9,5,3,4,4,-3,2,6,-3,6,1,-1,1,120
2,5,11,5,3,5,2,-4,5,5,-1,6,1,-1,1,120
2,5,12,5,3,5,3,-4,2,6,-4,6,1,-1,1,120
2,5,13,5,3,5,11,-4,2,14,-4,7,1,-1,1,120
2,5,14,5,3,6,2,-5,5,6,-2,6,1,-1,1,120
2,5,16,5,3,6,18,-5,2,22,-5,6,1,6,0,120
2,5,17,5,3,7,2,-6,4,7,-4,6,1,-1,1,120
2,5,18,5,3,7,3,-6,2,8,-6,6,1,-1,1,120
2,5,19,5,3,7,55,-6,2,60,-6,7,1,7,0,120
4,5,1,5,3,2,2,-1,7,2,4,6,1,-1,0,120
4,5,2,5,3,2,2,-1,3,2,0,6,1,-1,1,120
4,5,3,5,3,2,7,-1,2,7,-1,6,1,-1,0,120
4,5,4,5,3,3,2,-2,6,3,2,6,1,-1,0,120
4,5,6,5,3,3,9,-2,2,10,-2,7,1,-1,0,120
4,5,7,5,3,4,2,-3,5,4,0,6,1,-1,1,120
4,5,8,5,3,4,3,-3,2,5,-3,6,1,-1,1,120
4,5,9,5,3,4,13,-3,2,15,-3,8,1,8,0,120
3,5,11,5,3,5,2,-4,3,5,-3,6,1,-1,1,120
3,5,12,5,3,5,5,-4,2,8,-4,6,1,-1,1,120
3,5,13,5,3,6,2,-5,10,6,3,7,1,-1,1,120
3,5,14,5,3,6,2,-5,3,6,-4,6,1,-1,1,120
3,5,16,5,3,7,2,-6,8,7,0,7,1,-1,1,120
3,5,17,5,3,7,2,-6,3,7,-5,6,1,-1,1,120
3,5,18,5,3,7,7,-6,2,12,-6,6,1,-1,1,120
3,5,19,5,3,8,2,-7,6,8,-3,6,1,-1,1,120
4,5,11,5,3,5,3,-4,2,6,-4,6,1,-1,1,120
4,5,12,5,3,5,24,-4,2,27,-4,18,1,18,0,120
4,5,13,5,3,6,2,-5,4,6,-3,6,1,-1,1,120
4,5,14,5,3,6,3,-5,2,7,-5,6,1,-1,1,120
4,5,16,5,3,7,2,-6,3,7,-5,6,1,-1,1,120
4,5,17,5,3,7,4,-6,2,9,-6,7,1,-1,1,120
